order_id,order_item_id,product_id,quantity,unit_price,discount_pct,freight_value,item_total
O000001,1,P0115,1,602.48,0,2,604.48
O000002,1,P0089,1,625.43,0,11.81,637.24
O000003,1,P0076,1,1058.97,0.1,20.39,973.46
O000003,2,P0313,1,555.72,0,21.77,577.49
O000003,3,P0115,2,602.48,0,20.6,1225.56
O000004,1,P0185,1,8.75,0,9.31,18.06
O000005,1,P0070,2,298.91,0,7.09,604.91
O000005,2,P0018,1,598.9,0,13.34,612.24
O000006,1,P0250,1,375.47,0,10.83,386.3
O000007,1,P0082,1,362.46,0,15.42,377.88
O000008,1,P0063,2,310.44,0,19.75,640.63
O000008,2,P0220,1,103.24,0.1,6.3,99.22
O000009,1,P0068,1,148.48,0,31.48,179.96
O000009,2,P0024,5,832.14,0.1,20.89,3765.52
O000010,1,P0134,1,574.47,0.05,4.07,549.82
O000011,1,P0021,2,806.92,0.05,9.01,1542.16
O000012,1,P0096,1,224.82,0,16.0,240.82
O000013,1,P0019,2,618.71,0.15,5.92,1057.73
O000014,1,P0131,1,185.19,0,27.64,212.83
O000014,2,P0128,1,835.43,0.05,14.12,807.78
O000014,3,P0113,2,814.98,0,325.69,1955.65
O000015,1,P0170,1,444.66,0,7.45,452.11
O000015,2,P0007,1,306.83,0,4.59,311.42
O000016,1,P0163,1,825.28,0,4.99,830.27
O000016,2,P0213,1,693.96,0,12.09,706.05
O000016,3,P0120,1,62.98,0,10.5,73.48
O000017,1,P0238,1,645.9,0.1,9.0,590.31
O000018,1,P0021,1,806.92,0.05,15.4,781.97
O000019,1,P0058,1,156.02,0,3.83,159.85
O000019,2,P0191,1,654.69,0.05,16.68,638.64
O000019,3,P0276,1,820.81,0,25.29,846.1
O000020,1,P0199,1,324.1,0.15,11.91,287.4
O000020,2,P0206,1,75.89,0,2,77.89
O000021,1,P0291,1,657.02,0.05,8.25,632.42
O000021,2,P0058,1,156.02,0.05,4.06,152.28
O000021,3,P0047,1,224.37,0,5.18,229.55
O000022,1,P0092,1,901.51,0.15,15.34,781.62
O000023,1,P0117,1,794.64,0.05,19.59,774.5
O000024,1,P0091,1,86.5,0,7.98,94.48
O000024,2,P0204,1,387.0,0.2,16.36,325.96
O000025,1,P0011,4,363.12,0,3.27,1455.75
O000025,2,P0208,1,723.84,0.05,19.64,707.29
O000026,1,P0278,1,480.16,0,10.43,490.59
O000026,2,P0154,2,25.6,0.1,9.67,55.75
O000027,1,P0005,2,9999.99,0.15,2.39,17002.37
O000027,2,P0228,1,539.71,0.05,6.77,519.49
O000028,1,P0312,2,681.66,0.1,18.28,1245.27
O000029,1,P0264,2,502.16,0,13.09,1017.41
O000029,2,P0202,5,115.37,0,17.67,594.52
O000030,1,P0022,1,623.29,0.1,18.81,579.77
O000030,2,P0169,2,410.06,0,27.86,847.98
O000030,3,P0248,2,363.73,0,2,729.46
O000031,1,P0105,3,18.23,0.2,18.12,61.87
O000031,2,P0009,1,17.8,0.05,22.14,39.05
O000032,1,P0018,1,598.9,0.1,2,541.01
O000032,2,P0016,3,576.57,0,19.35,1749.06
O000033,1,P0060,3,27.23,0.05,3.61,81.22
O000033,2,P0166,1,20.64,0.15,15.56,33.1
O000034,1,P0167,1,9.0,0.05,12.98,21.53
O000034,2,P0191,2,654.69,0,12.14,1321.52
O000035,1,P0242,1,722.98,0.1,25.17,675.85
O000036,1,P0052,4,782.48,0,9.73,3139.65
O000036,2,P0208,1,723.84,0.15,14.47,629.73
O000036,3,P0060,1,27.23,0,8.82,36.05
O000037,1,P0309,1,541.39,0,2.14,543.53
O000038,1,P0181,1,364.59,0,26.96,391.55
O000038,2,P0090,1,907.45,0,12.91,920.36
O000039,1,P0246,1,236.21,0,12.9,249.11
O000040,1,P0019,1,618.71,0,15.46,634.17
O000041,1,P0151,1,785.65,0.1,5.4,712.49
O000042,1,P0304,1,396.52,0,19.89,416.41
O000042,2,P0027,1,406.86,0.05,6.1,392.62
O000043,1,P0169,1,410.06,0.1,25.95,395.0
O000043,2,P0051,1,371.95,0,33.94,405.89
O000043,3,P0137,1,168.37,0,2,170.37
O000043,4,P0106,5,236.99,0.1,8.87,1075.33
O000044,1,P0107,1,435.88,0.1,21.4,413.69
O000045,1,P0065,1,492.73,0.05,8.83,476.92
O000045,2,P0294,2,73.38,0,21.18,167.94
O000045,3,P0243,2,711.65,0.1,15.57,1296.54
O000046,1,P0307,1,69.12,0,10.35,79.47
O000047,1,P0096,1,224.82,0.1,2,204.34
O000048,1,P0128,1,835.43,0,11.76,847.19
O000049,1,P0136,1,784.55,0,312.41,1096.96
O000050,1,P0233,1,84.69,0.05,15.65,96.11
O000050,2,P0060,3,27.23,0.05,9.84,87.45
O000051,1,P0315,1,174.01,0.1,21.25,177.86
O000052,1,P0197,2,756.59,0.1,18.66,1380.52
O000052,2,P0139,1,531.18,0,13.49,544.67
O000053,1,P0215,4,1003.36,0,2.09,4015.53
O000054,1,P0303,1,483.69,0,9.04,492.73
O000054,2,P0140,1,227.4,0.05,21.93,237.96
O000055,1,P0192,1,951.76,0,10.66,962.42
O000056,1,P0077,1,20.98,0,10.44,31.42
O000057,1,P0016,1,576.57,0,4.83,581.4
O000057,2,P0031,1,397.25,0.05,24.38,401.77
O000058,1,P0144,5,649.77,0,21.89,3270.74
O000058,2,P0209,4,690.43,0,18.16,2779.88
O000058,3,P0058,4,156.02,0.1,12.24,573.91
O000059,1,P0140,1,227.4,0.1,6.99,211.65
O000060,1,P0069,0,423.73,0,2,425.73
O000060,2,P0139,1,531.18,0.05,4.18,508.8
O000060,3,P0177,1,95.11,0,28.72,123.83
O000060,4,P0184,2,112.13,0.1,17.37,219.2
O000061,1,P0225,4,84.06,0.2,13.59,282.58
O000061,2,P0286,1,518.79,0,13.31,532.1
O000062,1,P0021,1,806.92,0.05,9.6,776.17
O000062,2,P0259,1,849.86,0,14.99,864.85
O000062,3,P0081,2,312.38,0.05,8.18,601.7
O000063,1,P0291,1,657.02,0,12.51,669.53
O000063,2,P0047,4,224.37,0.15,2,764.86
O000064,1,P0043,5,118.53,0,13.67,606.32
O000064,2,P0281,1,372.41,0,12.44,384.85
O000064,3,P0218,3,363.84,0.1,12.31,994.68
O000064,4,P0246,1,236.21,0,20.68,256.89
O000065,1,P0165,1,27.21,0.05,17.29,43.14
O000066,1,P0071,1,250.08,0,2.42,252.5
O000067,1,P0099,1,458.56,0.15,7.08,396.86
O000067,2,P0211,1,980.09,0.2,19.3,803.37
O000067,3,P0160,2,413.02,0,18.21,844.25
O000068,1,P0113,1,814.98,0,15.95,830.93
O000068,2,P0029,1,490.19,0,13.39,503.58
O000069,1,P0133,1,17.03,0,14.81,31.84
O000069,2,P0160,3,413.02,0.2,7.09,998.34
O000070,1,P0252,5,259.81,0,15.63,1314.68
O000071,1,P0319,2,702.73,0.15,17.98,1212.62
O000072,1,P0056,2,581.05,0,14.01,1176.11
O000073,1,P0222,1,182.56,0.1,15.18,179.48
O000073,2,P0130,1,491.43,0.05,17.28,484.14
O000074,1,P0116,1,339.23,0.05,12.13,334.4
O000075,1,P0190,1,449.88,0.05,2,429.39
O000076,1,P0032,5,577.34,0,6.33,2893.03
O000077,1,P0213,2,693.96,0,2,1389.92
O000077,2,P0024,3,832.14,0.1,23.28,2270.06
O000078,1,P0085,2,554.3,0,21.04,1129.64
O000079,1,P0080,3,194.14,0.05,19.73,573.03
O000079,2,P0067,1,355.88,0,4.66,360.54
O000080,1,P0257,1,486.52,0,2.05,488.57
O000081,1,P0183,1,808.84,0.05,23.83,792.23
O000081,2,P0034,3,293.49,0,11.85,892.32
O000082,1,P0081,1,312.38,0,11.95,324.33
O000083,1,P0244,2,316.68,0.1,6.65,576.67
O000084,1,P0080,1,194.14,0.1,2,176.73
O000085,1,P0120,1,62.98,0.1,2.26,58.94
O000086,1,P0237,1,956.17,0,2,958.17
O000087,1,P0227,2,292.14,0.1,32.2,558.05
O000087,2,P0152,1,817.49,0,21.79,839.28
O000088,1,P0106,1,236.99,0.15,19.96,221.4
O000089,1,P0265,5,240.13,0.05,12.28,1152.9
O000089,2,P0268,1,214.47,0,14.74,229.21
O000090,1,P0211,1,980.09,0,5.15,985.24
O000090,2,P0231,2,766.78,0,20.46,1554.02
O000091,1,P0053,1,360.49,0,4.48,364.97
O000092,1,P0054,2,429.08,0.2,22.59,709.12
O000093,1,P0254,2,824.63,0,2,1651.26
O000094,1,P0212,2,486.38,0,7.37,980.13
O000095,1,P0204,1,387.0,0,11.58,398.58
O000095,2,P0167,2,9.0,0.05,20.44,37.54
O000096,1,P0221,2,188.81,0,2.92,380.54
O000097,1,P0215,5,1003.36,0.1,12.95,4528.07
O000097,2,P0254,2,824.63,0,10.62,1659.88
O000098,1,P0081,1,312.38,0,22.41,334.79
O000099,1,P0018,2,598.9,0.05,11.56,1149.47
O000099,2,P0116,1,339.23,0.1,2.44,307.75
O000100,1,P0297,1,38.06,0.1,2.58,36.83
O000101,1,P0143,1,110.16,0,13.84,124.0
O000101,2,P0082,1,362.46,0,14.53,376.99
O000102,1,P0205,1,468.82,0,22.32,491.14
O000103,1,P0170,1,444.66,0,15.43,460.09
O000103,2,P0182,1,150.43,0.05,25.32,168.23
O000104,1,P0057,1,286.31,0.1,3.34,261.02
O000105,1,P0278,1,480.16,0.2,20.64,404.77
O000106,1,P0300,2,398.18,0,13.07,809.43
O000107,1,P0154,1,25.6,0.05,2,26.32
O000108,1,P0214,1,42.92,0.05,7.22,47.99
O000108,2,P0202,1,115.37,0.15,23.68,121.74
O000109,1,P0083,1,594.36,0,21.16,615.52
O000110,1,P0112,2,400.76,0.1,11.16,732.53
O000111,1,P0223,1,72.48,0,18.02,90.5
O000111,2,P0154,3,25.6,0,16.32,93.12
O000112,1,P0175,1,568.15,0.05,2,541.74
O000113,1,P0172,2,461.92,0,16.4,940.24
O000114,1,P0137,1,168.37,0.2,7.44,142.14
O000114,2,P0033,1,310.62,0,18.9,329.52
O000115,1,P0211,1,980.09,0,17.19,997.28
O000115,2,P0049,2,841.2,0,8.55,1690.95
O000115,3,P0151,4,785.65,0,2,3144.6
O000116,1,P0312,1,681.66,0,2,683.66
O000116,2,P0293,1,564.26,0,17.31,581.57
O000117,1,P0014,1,187.84,0.05,18.1,196.55
O000118,1,P0263,1,574.22,0,5.93,580.15
O000118,2,P0232,1,295.67,0.05,15.66,296.55
O000119,1,P0293,1,564.26,0,6.0,570.26
O000119,2,P0071,2,250.08,0,13.73,513.89
O000120,1,P0082,1,362.46,0,9.23,371.69
O000120,2,P0252,2,259.81,0.1,12.36,480.02
O000121,1,P0308,2,109.62,0,5.48,224.72
O000122,1,P0143,2,110.16,0.1,20.01,218.3
O000122,2,P0126,1,311.62,0.1,18.9,299.36
O000122,3,P0028,1,305.36,0.2,17.83,262.12
O000123,1,P0262,1,519.27,0,4.9,524.17
O000124,1,P0213,1,693.96,0.15,14.3,604.17
O000124,2,P0282,1,856.4,0.1,27.32,798.08
O000125,1,P0198,1,764.66,0,10.9,775.56
O000125,2,P0057,1,286.31,0.05,12.89,284.88
O000126,1,P0004,1,803.36,0.1,40.59,763.61
O000126,2,P0042,1,584.05,0,15.98,600.03
O000126,3,P0092,3,901.51,0,8.11,2712.64
O000127,1,P0158,1,130.71,0,9.32,140.03
O000128,1,P0280,1,128.6,0.1,4.02,119.76
O000128,2,P0076,1,1058.97,0,10.07,1069.04
O000128,3,P0061,1,776.86,0,4.0,780.86
O000129,1,P0090,4,907.45,0,8.24,3638.04
O000129,2,P0070,4,298.91,0.05,17.43,1153.29
O000129,3,P0026,3,659.65,0.05,17.7,1897.7
O000130,1,P0231,1,766.78,0.15,5.94,657.7
O000130,2,P0313,1,555.72,0,30.52,586.24
O000131,1,P0239,3,873.44,0,2.16,2622.48
O000132,1,P0279,1,489.87,0,5.52,495.39
O000133,1,P0219,3,553.58,0,21.59,1682.33
O000133,2,P0220,3,103.24,0.15,8.43,271.69
O000133,3,P0312,4,681.66,0.1,2.64,2456.62
O000134,1,P0149,1,858.19,0.1,9.82,782.19
O000134,2,P0004,4,803.36,0.05,17.78,3070.55
O000135,1,P0319,1,702.73,0,6.98,709.71
O000135,2,P0299,1,28.85,0,10.48,39.33
O000136,1,P0003,1,146.76,0.1,2,134.08
O000136,2,P0241,2,307.92,0.15,3.16,526.62
O000136,3,P0212,2,486.38,0.2,16.98,795.19
O000137,1,P0318,1,432.06,0,2.94,435.0
O000137,2,P0201,1,583.78,0,2,585.78
O000138,1,P0277,1,49.26,0,3.41,52.67
O000139,1,P0196,1,753.97,0,17.74,771.71
O000140,1,P0259,2,849.86,0.05,4.03,1618.76
O000141,1,P0284,1,501.64,0,4.76,506.4
O000142,1,P0143,1,110.16,0.1,3.82,102.96
O000143,1,P0216,2,823.56,0.2,2.65,1320.35
O000143,2,P0249,1,575.36,0.1,2,519.82
O000144,1,P0122,1,149.46,0,11.05,160.51
O000145,1,P0015,1,284.04,0,11.64,295.68
O000145,2,P0074,2,81.29,0.05,16.68,171.13
O000146,1,P0253,1,162.64,0,16.26,178.9
O000146,2,P0152,1,817.49,0,2,819.49
O000146,3,P0165,1,27.21,0,8.19,35.4
O000147,1,P0209,1,690.43,0,14.97,705.4
O000148,1,P0003,1,146.76,0.05,17.69,157.11
O000148,2,P0035,1,544.32,0,7.07,551.39
O000148,3,P0226,1,706.04,0,19.07,725.11
O000148,4,P0118,1,588.11,0,6.72,594.83
O000149,1,P0208,1,723.84,0,16.19,740.03
O000149,2,P0298,1,410.7,0.05,16.09,406.25
O000149,3,P0110,4,1039.88,0,2,4161.52
O000150,1,P0098,2,701.13,0,8.65,1410.91
O000151,1,P0225,1,84.06,0,16.3,100.36
O000152,1,P0109,4,194.26,0,21.66,798.7
O000153,1,P0104,4,521.9,0,27.11,2114.71
O000153,2,P0283,1,433.94,0,12.36,446.3
O000154,1,P0227,1,292.14,0.05,9.73,287.26
O000155,1,P0243,1,711.65,0,8.2,719.85
O000155,2,P0188,1,480.75,0.15,12.65,421.29
O000155,3,P0260,1,623.36,0,10.83,634.19
O000156,1,P0293,2,564.26,0.1,21.41,1037.08
O000156,2,P0249,1,575.36,0,2,577.36
O000157,1,P0196,1,753.97,0,9.92,763.89
O000158,1,P0084,3,294.21,0.1,24.28,818.65
O000158,2,P0071,1,250.08,0.15,9.83,222.4
O000159,1,P0035,1,544.32,0.05,12.76,529.86
O000159,2,P0199,2,324.1,0.05,7.32,623.11
O000159,3,P0268,1,214.47,0.15,16.98,199.28
O000160,1,P0062,1,673.39,0,8.06,681.45
O000161,1,P0268,1,214.47,0.1,6.12,199.14
O000161,2,P0205,1,468.82,0,19.25,488.07
O000162,1,P0263,1,574.22,0,25.89,600.11
O000163,1,P0126,1,311.62,0,2,313.62
O000164,1,P0222,1,182.56,0.1,6.47,170.77
O000165,1,P0105,1,18.23,0.1,13.29,29.7
O000166,1,P0129,1,104.68,0.15,29.58,118.56
O000166,2,P0139,4,531.18,0,2,2126.72
O000167,1,P0059,1,953.24,0,22.56,975.8
O000168,1,P0126,1,311.62,0,20.33,331.95
O000169,1,P0045,1,72.1,0.2,2,59.68
O000170,1,P0074,1,81.29,0,8.87,90.16
O000171,1,P0230,1,438.21,0.15,17.84,390.32
O000172,1,P0181,1,364.59,0,14.17,378.76
O000173,1,P0041,1,126.39,0.05,12.67,132.74
O000174,1,P0262,2,519.27,0,10.86,1049.4
O000174,2,P0069,1,423.73,0.1,18.32,399.68
O000175,1,P0233,1,84.69,0,5.73,90.42
O000175,2,P0024,1,832.14,0.1,15.41,764.34
O000176,1,P0184,1,112.13,0.05,2,108.52
O000176,2,P0066,1,451.94,0.1,11.54,418.29
O000176,3,P0048,1,920.6,0.2,14.38,750.86
O000177,1,P0309,2,541.39,0.05,23.9,1052.54
O000177,2,P0039,1,205.22,0,15.11,220.33
O000178,1,P0153,2,339.5,0,8.84,687.84
O000179,1,P0308,1,109.62,0,25.4,135.02
O000179,2,P0076,1,1058.97,0,8.71,1067.68
O000179,3,P0225,1,84.06,0.05,17.74,97.6
O000180,1,P0239,3,873.44,0,16.29,2636.61
O000181,1,P0083,3,594.36,0,7.83,1790.91
O000182,1,P0231,1,766.78,0.1,22.09,712.19
O000183,1,P0197,1,756.59,0.15,4.43,647.53
O000183,2,P0096,5,224.82,0,449.29,1573.39
O000184,1,P0217,1,390.23,0,11.15,401.38
O000184,2,P0284,1,501.64,0.15,6.63,433.02
O000185,1,P0197,1,756.59,0.1,9.84,690.77
O000186,1,P0281,1,372.41,0.2,14.04,311.97
O000187,1,P0073,1,139.62,0.15,12.04,130.72
O000188,1,P0134,2,574.47,0.05,3.15,1094.64
O000189,1,P0275,1,515.35,0,7.98,523.33
O000190,1,P0217,1,390.23,0,9.47,399.7
O000191,1,P0095,4,97.16,0,6.11,394.75
O000192,1,P0073,1,139.62,0.15,6.61,125.29
O000192,2,P0010,1,362.93,0.15,14.77,323.26
O000193,1,P0117,1,794.64,0,18.84,813.48
O000194,1,P0089,1,625.43,0,5.34,630.77
O000194,2,P0136,1,784.55,0.1,17.75,723.85
O000195,1,P0197,5,756.59,0,10.16,3793.11
O000196,1,P0214,1,42.92,0.1,7.87,46.5
O000196,2,P0154,1,25.6,0.15,16.43,38.19
O000196,3,P0054,3,429.08,0,9.75,1296.99
O000197,1,P0199,1,324.1,0,7.39,331.49
O000197,2,P0253,3,162.64,0.2,12.74,403.08
O000197,3,P0304,1,396.52,0,18.12,414.64
O000198,1,P0115,1,602.48,0,25.7,628.18
O000199,1,P0010,1,362.93,0,13.11,376.04
O000199,2,P0285,2,53.42,0.05,16.11,117.61
O000199,3,P0072,1,38.74,0,11.22,49.96
O000200,1,P0294,1,73.38,0.1,22.41,88.45
O000201,1,P0056,1,581.05,0,9.96,591.01
O000201,2,P0087,2,118.02,0,2,238.04
O000201,3,P0180,1,358.61,0,4.36,362.97
O000201,4,P0293,2,564.26,0,2,1130.52
O000202,1,P0145,1,247.46,0.1,10.27,232.98
O000203,1,P0207,2,469.0,0,10.35,948.35
O000203,2,P0279,2,489.87,0,10.44,990.18
O000203,3,P0017,1,237.22,0.05,32.49,257.85
O000204,1,P0045,1,72.1,0.15,12.74,74.02
O000204,2,P0254,2,824.63,0.2,8.45,1327.86
O000205,1,P0110,2,1039.88,0,2,2081.76
O000205,2,P0224,1,355.54,0,2,357.54
O000205,3,P0244,1,316.68,0.2,5.12,258.46
O000206,1,P0035,1,544.32,0,18.27,562.59
O000207,1,P0310,1,8.5,0.05,21.64,29.71
O000208,1,P0045,1,72.1,0,2,74.1
O000208,2,P0234,1,354.24,0,18.39,372.63
O000209,1,P0003,4,146.76,0.2,3.5,473.13
O000209,2,P0002,4,556.12,0.1,17.25,2019.28
O000210,1,P0080,1,194.14,0,13.08,207.22
O000211,1,P0085,1,554.3,0.1,31.64,530.51
O000211,2,P0272,1,724.17,0.75,2,653.75
O000211,3,P0304,2,396.52,0,2,795.04
O000212,1,P0285,1,53.42,0,8.42,61.84
O000213,1,P0075,1,233.38,0.05,6.9,228.61
O000213,2,P0050,1,745.53,0.15,12.84,646.54
O000214,1,P0295,3,164.98,0,2,496.94
O000215,1,P0043,1,118.53,0,19.45,137.98
O000215,2,P0205,3,468.82,0,8.29,1414.75
O000215,3,P0163,1,825.28,0,10.12,835.4
O000216,1,P0017,1,237.22,0,2,239.22
O000217,1,P0256,1,847.43,0,3.26,850.69
O000218,1,P0011,3,363.12,0,9.93,1099.29
O000219,1,P0303,3,483.69,0,9.81,1460.88
O000219,2,P0091,2,86.5,0,26.75,199.75
O000220,1,P0125,1,329.73,0.05,2.77,316.01
O000221,1,P0308,1,109.62,0.1,2.2,100.86
O000222,1,P0148,2,188.16,0,12.81,389.13
O000223,1,P0035,1,544.32,0.05,2,519.1
O000223,2,P0065,1,492.73,0.05,7.08,475.17
O000224,1,P0037,1,1028.12,0.05,20.75,997.46
O000224,2,P0071,1,250.08,0,8.67,258.75
O000225,1,P0177,1,95.11,0.05,12.04,102.39
O000226,1,P0175,3,568.15,0.15,3.11,1451.89
O000227,1,P0074,1,81.29,0.2,9.04,74.07
O000228,1,P0302,1,340.59,0,16.12,356.71
O000229,1,P0065,2,492.73,0.15,10.78,848.42
O000230,1,P0076,2,1058.97,0,2,2119.94
O000231,1,P0150,1,23.53,0,8.71,32.24
O000231,2,P0027,2,406.86,0.15,9.25,700.91
O000231,3,P0235,1,6.83,0.05,21.01,27.5
O000232,1,P0078,1,314.17,0.15,22.33,289.37
O000232,2,P0014,1,187.84,0.2,22.53,172.8
O000232,3,P0026,1,659.65,0,21.02,680.67
O000232,4,P0266,1,242.67,0,8.88,251.55
O000233,1,P0059,1,953.24,0,23.74,976.98
O000233,2,P0097,2,267.08,0.2,2,429.33
O000233,3,P0075,3,233.38,0,17.68,717.82
O000234,1,P0019,1,618.71,0,10.73,629.44
O000234,2,P0147,3,535.43,0,18.25,1624.54
O000235,1,P0057,1,286.31,0.1,7.47,265.15
O000236,1,P0265,4,240.13,0,13.49,974.01
O000237,1,P0183,1,808.84,0,31.3,840.14
O000238,1,P0240,3,237.45,0.1,16.03,657.14
O000239,1,P0197,1,756.59,0.05,28.51,747.27
O000240,1,P0242,1,722.98,0.1,2,652.68
O000240,2,P0065,2,492.73,0.2,14.42,802.79
O000240,3,P0005,1,9999.99,0.15,3.33,8503.32
O000241,1,P0149,1,858.19,0.15,19.22,748.68
O000242,1,P0313,1,555.72,0.1,4.78,504.93
O000243,1,P0101,1,92.83,0.2,17.06,91.32
O000243,2,P0235,1,6.83,0.1,12.43,18.58
O000244,1,P0169,1,410.06,0.1,19.74,388.79
O000245,1,P0257,2,486.52,0,14.19,987.23
O000246,1,P0123,2,202.44,0,2,406.88
O000247,1,P0256,1,847.43,0,20.78,868.21
O000247,2,P0066,1,451.94,0,3.82,455.76
O000247,3,P0149,1,858.19,0,25.47,883.66
O000247,4,P0002,1,556.12,0,14.05,570.17
O000248,1,P0103,1,158.36,0,10.16,168.52
O000248,2,P0007,1,306.83,0.05,2,293.49
O000249,1,P0308,2,109.62,0.05,28.9,237.18
O000250,1,P0293,3,564.26,0.2,4.47,1358.69
O000250,2,P0156,2,90.87,0.15,16.71,171.19
O000250,3,P0235,4,6.83,0.05,36.95,62.9
O000251,1,P0209,2,690.43,0,7.61,1388.47
O000252,1,P0204,1,387.0,0,5.4,392.4
O000252,2,P0083,1,594.36,0,16.68,611.04
O000253,1,P0275,1,515.35,0,5.43,520.78
O000254,1,P0199,1,324.1,0.05,5.63,313.52
O000255,1,P0158,1,130.71,0.15,10.15,121.25
O000255,2,P0270,2,949.79,0,10.45,1910.03
O000255,3,P0220,1,103.24,0.15,24.39,112.14
O000256,1,P0206,5,75.89,0,13.44,392.89
O000256,2,P0308,1,109.62,0,4.69,114.31
O000256,3,P0177,4,95.11,0.05,9.06,370.48
O000256,4,P0077,1,20.98,0,2.56,23.54
O000257,1,P0306,1,219.19,0.15,11.54,197.85
O000257,2,P0189,1,630.91,0.05,24.76,624.12
O000257,3,P0209,1,690.43,0.1,9.76,631.15
O000258,1,P0082,1,362.46,0.2,16.65,306.62
O000258,2,P0214,1,42.92,0,3.53,46.45
O000258,3,P0254,3,824.63,0.15,10.81,2113.62
O000259,1,P0017,1,237.22,0,8.1,245.32
O000260,1,P0003,1,146.76,0.15,16.01,140.76
O000261,1,P0136,2,784.55,0.05,6.04,1496.68
O000262,1,P0236,2,397.11,0,2,796.22
O000263,1,P0042,1,584.05,0,2,586.05
O000263,2,P0300,1,398.18,0.05,14.52,392.79
O000264,1,P0217,2,390.23,0.1,2.21,704.62
O000265,1,P0221,1,188.81,0.1,13.05,182.98
O000266,1,P0065,1,492.73,0.1,30.67,474.13
O000266,2,P0215,2,1003.36,0,5.62,2012.34
O000266,3,P0226,1,706.04,0,22.77,728.81
O000267,1,P0239,1,873.44,0.05,17.52,847.29
O000268,1,P0300,1,398.18,0,16.58,414.76
O000269,1,P0058,2,156.02,0,2,314.04
O000270,1,P0264,2,502.16,0,8.13,1012.45
O000271,1,P0314,1,745.22,0,22.11,767.33
O000272,1,P0036,1,67.34,0.1,24.03,84.64
O000273,1,P0275,1,515.35,0,16.07,531.42
O000274,1,P0126,1,311.62,0,2,313.62
O000274,2,P0195,1,256.53,0,12.95,269.48
O000275,1,P0054,1,429.08,0,2.6,431.68
O000275,2,P0093,1,952.7,0,21.84,974.54
O000276,1,P0257,2,486.52,0.1,16.03,891.77
O000276,2,P0213,1,693.96,0.1,12.73,637.29
O000277,1,P0148,4,188.16,0,15.89,768.53
O000277,2,P0195,2,256.53,0,2,515.06
O000278,1,P0014,2,187.84,0,6.57,382.25
O000279,1,P0177,1,95.11,0,24.8,119.91
O000280,1,P0075,1,233.38,0,15.24,248.62
O000280,2,P0297,1,38.06,0,15.37,53.43
O000280,3,P0049,5,841.2,0,26.16,4232.16
O000281,1,P0308,1,109.62,0,14.57,124.19
O000282,1,P0161,1,67.49,0,14.31,81.8
O000282,2,P0209,2,690.43,0,7.73,1388.59
O000282,3,P0125,1,329.73,0,9.21,338.94
O000283,1,P0007,1,306.83,0.2,3.77,249.23
O000283,2,P0256,1,847.43,0.2,23.63,701.57
O000284,1,P0183,2,808.84,0,13.57,1631.25
O000285,1,P0079,1,165.37,0,19.1,184.47
O000286,1,P0097,2,267.08,0,10.23,544.39
O000286,2,P0208,1,723.84,0.1,10.3,661.76
O000286,3,P0020,1,1036.19,0.1,2,934.57
O000286,4,P0063,2,310.44,0,2.48,623.36
O000287,1,P0313,1,555.72,0,19.17,574.89
O000288,1,P0151,2,785.65,0,15.3,1586.6
O000288,2,P0006,1,202.12,0.05,15.63,207.64
O000289,1,P0138,1,870.78,0.1,2,785.7
O000290,1,P0047,1,224.37,0,2,226.37
O000290,2,P0061,1,776.86,0,32.72,809.58
O000290,3,P0264,1,502.16,0,12.8,514.96
O000291,1,P0296,1,428.51,0,8.7,437.21
O000292,1,P0099,1,458.56,0,7.81,466.37
O000293,1,P0122,1,149.46,0,24.14,173.6
O000293,2,P0132,1,107.93,0,7.11,115.04
O000294,1,P0287,1,756.46,0.15,24.78,667.77
O000295,1,P0064,2,145.78,0,4.37,295.93
O000296,1,P0055,1,237.15,0.15,9.45,211.03
O000297,1,P0174,1,845.79,0.1,12.92,774.13
O000298,1,P0210,2,949.92,0,27.66,1927.5
O000298,2,P0296,2,428.51,0.1,11.55,782.87
O000299,1,P0193,2,216.15,0,15.07,447.37
O000300,1,P0073,1,139.62,0.05,9.3,141.94
O000301,1,P0027,3,406.86,0.1,13.46,1111.98
O000302,1,P0025,3,343.24,0.1,17.11,943.86
O000302,2,P0230,3,438.21,0,7.55,1322.18
O000303,1,P0258,1,81.39,0.1,4.07,77.32
O000303,2,P0172,1,461.92,0.1,25.18,440.91
O000303,3,P0071,1,250.08,0,14.3,264.38
O000304,1,P0024,2,832.14,0.1,9.24,1507.09
O000304,2,P0293,1,564.26,0,12.33,576.59
O000305,1,P0019,1,618.71,0.2,11.75,506.72
O000305,2,P0134,1,574.47,0.1,8.96,525.98
O000305,3,P0239,1,873.44,0.05,3.54,833.31
O000306,1,P0157,1,807.11,0,21.57,828.68
O000307,1,P0189,1,630.91,0.05,5.08,604.44
O000307,2,P0207,1,469.0,0,18.92,487.92
O000308,1,P0111,2,127.38,0,7.11,261.87
O000309,1,P0002,1,556.12,0,26.71,582.83
O000309,2,P0097,3,267.08,0,23.13,824.37
O000310,1,P0182,1,150.43,0,10.44,160.87
O000311,1,P0296,1,428.51,0.1,26.45,412.11
O000312,1,P0160,2,413.02,0.05,17.3,802.04
O000312,2,P0273,1,75.24,0,15.28,90.52
O000313,1,P0053,1,360.49,0,6.84,367.33
O000313,2,P0089,2,625.43,0,12.91,1263.77
O000314,1,P0052,1,782.48,0.15,20.37,685.48
O000314,2,P0025,1,343.24,0.1,8.53,317.45
O000315,1,P0214,1,42.92,0,19.4,62.32
O000316,1,P0270,1,949.79,0,13.84,963.63
O000316,2,P0068,1,148.48,0.1,16.09,149.72
O000316,3,P0082,1,362.46,0.05,9.92,354.26
O000317,1,P0181,2,364.59,0.05,2.34,695.06
O000317,2,P0253,1,162.64,0,23.4,186.04
O000317,3,P0067,1,355.88,0,9.09,364.97
O000318,1,P0265,2,240.13,0,7.33,487.59
O000318,2,P0205,1,468.82,0.1,10.4,432.34
O000318,3,P0009,1,17.8,0.2,2,16.24
O000319,1,P0105,1,18.23,0,6.77,25.0
O000319,2,P0019,1,618.71,0,6.64,625.35
O000320,1,P0012,2,529.58,0.15,14.09,914.38
O000320,2,P0046,1,190.18,0.1,9.73,180.89
O000320,3,P0051,1,371.95,0,25.19,397.14
O000321,1,P0025,1,343.24,0,4.89,348.13
O000321,2,P0186,3,638.99,0.2,7.32,1540.9
O000322,1,P0077,1,20.98,0,14.88,35.86
O000323,1,P0153,2,339.5,0.1,3.83,614.93
O000324,1,P0245,1,489.42,0,13.66,503.08
O000325,1,P0061,1,776.86,0,13.79,790.65
O000325,2,P0316,2,419.97,0.1,22.88,778.83
O000325,3,P0317,1,811.43,0,7.21,818.64
O000326,1,P0144,1,649.77,0,12.83,662.6
O000327,1,P0101,1,92.83,0,2,94.83
O000327,2,P0154,1,25.6,0,14.71,40.31
O000328,1,P0249,1,575.36,0,19.4,594.76
O000328,2,P0137,2,168.37,0.1,20.5,323.57
O000328,3,P0207,1,469.0,0,2,471.0
O000329,1,P0255,2,854.74,0,7.67,1717.15
O000329,2,P0233,1,84.69,0,19.2,103.89
O000329,3,P0175,1,568.15,0,9.27,577.42
O000330,1,P0079,1,165.37,0.05,10.18,167.28
O000331,1,P0164,1,13.57,0,13.3,26.87
O000332,1,P0002,2,556.12,0,2,1114.24
O000333,1,P0315,1,174.01,0,5.01,179.02
O000333,2,P0135,1,504.23,0,7.42,511.65
O000334,1,P0188,4,480.75,0,25.74,1948.74
O000335,1,P0061,2,776.86,0,12.96,1566.68
O000336,1,P0126,1,311.62,0,8.92,320.54
O000336,2,P0149,1,858.19,0,18.61,876.8
O000337,1,P0295,1,164.98,0,2,166.98
O000337,2,P0018,1,598.9,0.1,2,541.01
O000338,1,P0189,1,630.91,0,16.24,647.15
O000338,2,P0183,1,808.84,0,16.77,825.61
O000338,3,P0270,2,949.79,0.05,14.83,1819.43
O000338,4,P0305,1,330.82,0.15,8.58,289.78
O000339,1,P0234,1,354.24,0,4.59,358.83
O000340,1,P0220,3,103.24,0,16.42,326.14
O000341,1,P0164,1,13.57,0,2,15.57
O000342,1,P0176,1,265.34,0.15,2,227.54
O000342,2,P0044,2,456.63,0,16.07,929.33
O000343,1,P0134,1,574.47,0,28.93,603.4
O000343,2,P0268,1,214.47,0.15,310.05,492.35
O000343,3,P0125,2,329.73,0.15,2.99,563.53
O000344,1,P0049,1,841.2,0,2,843.2
O000345,1,P0314,1,745.22,0,9.57,754.79
O000346,1,P0059,1,953.24,0,2,955.24
O000346,2,P0306,1,219.19,0.2,7.78,183.13
O000347,1,P0002,1,556.12,0,2,558.12
O000348,1,P0043,1,118.53,0,17.34,135.87
O000348,2,P0003,3,146.76,0,7.31,447.59
O000349,1,P0299,2,28.85,0.05,15.41,70.22
O000350,1,P0196,1,753.97,0,7.77,761.74
O000350,2,P0003,1,146.76,0.05,9.46,148.88
O000350,3,P0169,2,410.06,0,17.34,837.46
O000351,1,P0216,2,823.56,0.1,9.59,1492.0
O000352,1,P0177,1,95.11,0.15,6.47,87.31
O000353,1,P0180,1,358.61,0,13.17,371.78
O000354,1,P0223,1,72.48,0.05,22.81,91.67
O000355,1,P0021,2,806.92,0,2,1615.84
O000356,1,P0064,1,145.78,0,14.18,159.96
O000356,2,P0067,1,355.88,0,4.12,360.0
O000356,3,P0284,2,501.64,0,18.9,1022.18
O000356,4,P0306,1,219.19,0.1,20.67,217.94
O000357,1,P0276,2,820.81,0,16.36,1657.98
O000358,1,P0267,1,1088.78,0,15.98,1104.76
O000358,2,P0006,1,202.12,0,12.13,214.25
O000359,1,P0093,1,952.7,0.1,16.64,874.07
O000360,1,P0277,1,49.26,0.1,10.52,54.85
O000360,2,P0242,1,722.98,0.1,10.11,660.79
O000361,1,P0094,1,756.84,0,10.44,767.28
O000362,1,P0142,1,483.04,0.05,5.29,464.18
O000363,1,P0247,1,315.54,0.1,2,285.99
O000364,1,P0219,2,553.58,0.15,6.82,947.91
O000364,2,P0026,1,659.65,0,5.71,665.36
O000365,1,P0293,1,564.26,0,2.66,566.92
O000366,1,P0191,1,654.69,0.1,8.14,597.36
O000366,2,P0166,1,20.64,0.05,29.08,48.69
O000366,3,P0064,1,145.78,0.05,9.14,147.63
O000367,1,P0036,1,67.34,0.05,14.69,78.66
O000368,1,P0156,1,90.87,0,22.87,113.74
O000368,2,P0319,1,702.73,0,2,704.73
O000368,3,P0237,2,956.17,0.05,19.01,1835.73
O000369,1,P0026,1,659.65,0,7.93,667.58
O000370,1,P0044,3,456.63,0.05,25.73,1327.13
O000370,2,P0138,1,870.78,0,21.77,892.55
O000371,1,P0271,5,775.17,0,19.95,3895.8
O000372,1,P0305,1,330.82,0,2,332.82
O000373,1,P0155,1,88.23,0,5.17,93.4
O000373,2,P0075,1,233.38,0.05,29.06,250.77
O000374,1,P0010,1,362.93,0.15,11.2,319.69
O000375,1,P0107,1,435.88,0.2,8.72,357.42
O000376,1,P0068,1,148.48,0.1,13.72,147.35
O000377,1,P0140,1,227.4,0.05,9.4,225.43
O000377,2,P0078,1,314.17,0.05,5.77,304.23
O000378,1,P0011,2,363.12,0,2,728.24
O000378,2,P0179,4,159.25,0.05,14.72,619.87
O000378,3,P0115,1,602.48,0,9.26,611.74
O000379,1,P0222,30,182.56,0.15,2,4657.28
O000379,2,P0122,1,149.46,0,22.3,171.76
O000379,3,P0162,1,529.22,0.05,15.69,518.45
O000380,1,P0111,1,127.38,0,8.36,135.74
O000380,2,P0308,2,109.62,0.15,11.98,198.33
O000380,3,P0077,1,20.98,0,4.03,25.01
O000381,1,P0205,2,468.82,0,16.88,954.52
O000382,1,P0239,1,873.44,0.1,11.54,797.64
O000383,1,P0199,1,324.1,0.05,19.33,327.22
O000384,1,P0046,1,190.18,0.15,9.3,170.95
O000385,1,P0010,1,362.93,0,20.99,383.92
O000385,2,P0103,2,158.36,0.1,17.09,302.14
O000386,1,P0019,1,618.71,0.05,15.97,603.74
O000386,2,P0289,1,88.04,0,26.98,115.02
O000387,1,P0143,1,110.16,0.05,8.12,112.77
O000387,2,P0055,5,237.15,0,4.71,1190.46
O000388,1,P0191,1,654.69,0,25.16,679.85
O000389,1,P0278,2,480.16,0.1,12.85,877.14
O000390,1,P0075,1,233.38,0.2,16.08,202.78
O000391,1,P0273,1,75.24,0,16.94,92.18
O000391,2,P0017,1,237.22,0,12.91,250.13
O000391,3,P0079,1,165.37,0,2,167.37
O000392,1,P0024,1,832.14,0,7.61,839.75
O000393,1,P0213,1,693.96,0.1,6.0,630.56
O000394,1,P0168,1,45.44,0,20.98,66.42
O000395,1,P0118,1,588.11,0.1,2,531.3
O000395,2,P0127,1,597.61,0,15.27,612.88
O000396,1,P0274,1,832.77,0.05,8.05,799.18
O000397,1,P0265,1,240.13,0,7.19,247.32
O000398,1,P0228,1,539.71,0.15,2.23,460.98
O000398,2,P0271,5,775.17,0,15.7,3891.55
O000398,3,P0053,1,360.49,0,25.72,386.21
O000399,1,P0109,1,194.26,0.15,21.6,186.72
O000399,2,P0120,1,62.98,0,2.57,65.55
O000400,1,P0101,2,92.83,0,21.26,206.92
O000400,2,P0287,2,756.46,0,2,1514.92
O000400,3,P0179,1,159.25,0,13.91,173.16
O000401,1,P0061,1,776.86,0,12.81,789.67
O000401,2,P0063,1,310.44,0,21.53,331.97
O000402,1,P0068,1,148.48,0.1,2.69,136.32
O000403,1,P0089,1,625.43,0,15.12,640.55
O000404,1,P0130,50,491.43,0,26.89,24598.39
O000404,2,P0320,1,907.09,0.05,6.91,868.65
O000405,1,P0239,3,873.44,0,14.79,2635.11
O000406,1,P0063,1,310.44,0.05,2.22,297.14
O000406,2,P0247,2,315.54,0,2,633.08
O000407,1,P0117,4,794.64,0,15.67,3194.23
O000407,2,P0092,2,901.51,0.15,9.32,1541.89
O000408,1,P0278,1,480.16,0.15,5.97,414.11
O000408,2,P0223,2,72.48,0,17.91,162.87
O000409,1,P0088,1,259.63,0.05,24.88,271.53
O000409,2,P0183,1,808.84,0,13.28,822.12
O000410,1,P0293,2,564.26,0.2,13.13,915.95
O000410,2,P0101,1,92.83,0.05,9.21,97.4
O000410,3,P0309,1,541.39,0,8.47,549.86
O000411,1,P0008,1,193.75,0,27.06,220.81
O000412,1,P0088,1,259.63,0,4.15,263.78
O000413,1,P0314,2,745.22,0.1,9.34,1350.74
O000414,1,P0107,1,435.88,0,2,437.88
O000414,2,P0025,1,343.24,0,8.72,351.96
O000414,3,P0007,1,306.83,0,7.22,314.05
O000415,1,P0219,2,553.58,0,6.53,1113.69
O000415,2,P0314,1,745.22,0,2,747.22
O000415,3,P0198,1,764.66,0,24.5,789.16
O000416,1,P0050,1,745.53,0,7.72,753.25
O000417,1,P0283,1,433.94,0.1,17.05,407.6
O000417,2,P0025,1,343.24,0,8.27,351.51
O000418,1,P0082,1,362.46,0,15.62,378.08
O000418,2,P0167,1,9.0,0,19.9,28.9
O000418,3,P0164,1,13.57,0.2,29.36,40.22
O000419,1,P0152,1,817.49,0,5.47,822.96
O000419,2,P0187,1,106.77,0.05,24.62,126.05
O000420,1,P0001,4,342.26,0.05,26.34,1326.93
O000420,2,P0282,2,856.4,0.15,2,1457.88
O000420,3,P0292,1,386.72,0.1,2,350.05
O000420,4,P0183,1,808.84,0,10.81,819.65
O000421,1,P0296,1,428.51,0,17.94,446.45
O000421,2,P0305,2,330.82,0.1,8.04,603.52
O000422,1,P0133,2,17.03,0.2,4.65,31.9
O000423,1,P0023,1,587.39,0.05,2,560.02
O000424,1,P0291,2,657.02,0,4.13,1318.17
O000425,1,P0108,1,957.8,0,11.86,969.66
O000426,1,P0077,1,20.98,0.1,12.16,31.04
O000426,2,P0098,3,701.13,0,5.79,2109.18
O000427,1,P0146,1,288.94,0,10.1,299.04
O000427,2,P0320,1,907.09,0,7.19,914.28
O000428,1,P0185,1,8.75,0.1,17.26,25.14
O000429,1,P0278,1,480.16,0,14.8,494.96
O000429,2,P0122,1,149.46,0,11.68,161.14
O000429,3,P0014,1,187.84,0,19.68,207.52
O000430,1,P0092,2,901.51,0.1,16.56,1639.28
O000431,1,P0192,1,951.76,0,2,953.76
O000431,2,P0173,1,758.26,0.15,14.85,659.37
O000432,1,P0038,1,778.2,0,2.11,780.31
O000433,1,P0287,1,756.46,0.05,14.51,733.15
O000433,2,P0065,1,492.73,0,9.7,502.43
O000433,3,P0075,3,233.38,0.1,21.98,652.11
O000434,1,P0071,1,250.08,0,24.46,274.54
O000434,2,P0139,2,531.18,0.05,26.82,1036.06
O000435,1,P0140,1,227.4,0,12.42,239.82
O000435,2,P0214,1,42.92,0,9.4,52.32
O000436,1,P0218,1,363.84,0,25.45,389.29
O000437,1,P0069,5,423.73,0.05,2.11,2014.83
O000437,2,P0286,2,518.79,0,2,1039.58
O000437,3,P0185,1,8.75,0,2,10.75
O000437,4,P0122,1,149.46,0,10.68,160.14
O000438,1,P0078,1,314.17,0,14.3,328.47
O000439,1,P0290,1,617.79,0.1,3.28,559.29
O000439,2,P0243,1,711.65,0.05,3.09,679.16
O000440,1,P0086,1,579.39,0,2,581.39
O000441,1,P0097,1,267.08,0.15,25.59,252.61
O000442,1,P0003,1,146.76,0,24.11,170.87
O000442,2,P0272,2,724.17,0,19.52,1467.86
O000443,1,P0224,1,355.54,0,19.16,374.7
O000443,2,P0108,1,957.8,0.05,15.26,925.17
O000444,1,P0296,1,428.51,0,15.71,444.22
O000445,1,P0172,2,461.92,0,18.86,942.7
O000446,1,P0299,1,28.85,0,22.17,51.02
O000447,1,P0220,1,103.24,0.05,3.55,101.63
O000447,2,P0318,1,432.06,0,6.66,438.72
O000447,3,P0258,1,81.39,0,11.32,92.71
O000448,1,P0129,3,104.68,0,16.55,330.59
O000448,2,P0193,1,216.15,0,12.79,228.94
O000449,1,P0239,1,873.44,0,2,875.44
O000449,2,P0015,1,284.04,0,14.87,298.91
O000449,3,P0215,1,1003.36,0,15.11,1018.47
O000450,1,P0033,2,310.62,0,20.63,641.87
O000451,1,P0152,1,817.49,0.15,19.07,713.94
O000452,1,P0200,3,499.63,0.05,16.7,1440.65
O000452,2,P0302,1,340.59,0,8.52,349.11
O000453,1,P0222,3,182.56,0,16.13,563.81
O000454,1,P0288,1,898.37,0,31.68,930.05
O000455,1,P0232,1,295.67,0.1,18.73,284.83
O000455,2,P0256,1,847.43,0,14.47,861.9
O000456,1,P0211,1,980.09,0.1,2,884.08
O000457,1,P0236,1,397.11,0.1,18.65,376.05
O000457,2,P0120,1,62.98,0.2,9.87,60.25
O000457,3,P0271,1,775.17,0.1,23.74,721.39
O000458,1,P0161,1,67.49,0.05,23.03,87.15
O000459,1,P0061,1,776.86,0.15,2,662.33
O000460,1,P0235,1,6.83,0.1,7.92,14.07
O000461,1,P0152,1,817.49,0,2,819.49
O000461,2,P0181,3,364.59,0,2.68,1096.45
O000461,3,P0254,2,824.63,0,19.22,1668.48
O000462,1,P0257,2,486.52,0,18.34,991.38
O000462,2,P0084,1,294.21,0.05,14.68,294.18
O000463,1,P0238,1,645.9,0.1,24.38,605.69
O000463,2,P0104,2,521.9,0,27.26,1071.06
O000463,3,P0014,1,187.84,0.2,16.73,167.0
O000464,1,P0163,1,825.28,0,29.95,855.23
O000465,1,P0188,1,480.75,0,2.19,482.94
O000466,1,P0157,1,807.11,0,2,809.11
O000467,1,P0165,1,27.21,0.05,14.21,40.06
O000468,1,P0048,3,920.6,0.1,7.02,2492.64
O000468,2,P0317,2,811.43,0,12.37,1635.23
O000468,3,P0059,5,953.24,0,17.42,4783.62
O000469,1,P0236,1,397.11,0.1,15.82,373.22
O000469,2,P0078,1,314.17,0.1,2,284.75
O000470,1,P0237,1,956.17,0,5.66,961.83
O000471,1,P0268,2,214.47,0.05,13.97,421.46
O000471,2,P0005,1,9999.99,0,9.81,10009.8
O000472,1,P0003,2,146.76,0,21.79,315.31
O000473,1,P0295,2,164.98,0.2,20.47,284.44
O000473,2,P0216,1,823.56,0,7.3,830.86
O000474,1,P0246,3,236.21,0,20.87,729.5
O000475,1,P0041,1,126.39,0,11.69,138.08
O000476,1,P0139,1,531.18,0,19.83,551.01
O000477,1,P0291,1,657.02,0,24.05,681.07
O000478,1,P0065,2,492.73,0.1,10.48,897.39
O000478,2,P0051,1,371.95,0.05,25.49,378.84
O000478,3,P0228,1,539.71,0.2,2,433.77
O000479,1,P0129,1,104.68,0.15,26.22,115.2
O000479,2,P0288,1,898.37,0,8.46,906.83
O000480,1,P0044,5,456.63,0.1,3.55,2058.39
O000481,1,P0120,1,62.98,0.1,6.42,63.1
O000481,2,P0161,2,67.49,0,20.1,155.08
O000482,1,P0290,1,617.79,0,6.82,624.61
O000483,1,P0242,2,722.98,0.15,17.29,1246.36
O000484,1,P0240,2,237.45,0,21.41,496.31
O000484,2,P0020,1,1036.19,0.05,18.19,1002.57
O000484,3,P0268,1,214.47,0,17.53,232.0
O000485,1,P0095,4,97.16,0.05,18.83,388.04
O000485,2,P0124,1,336.97,0.15,2,288.42
O000485,3,P0255,1,854.74,0.15,19.37,745.9
O000485,4,P0248,1,363.73,0.2,23.12,314.1
O000486,1,P0293,1,564.26,0,21.79,586.05
O000486,2,P0185,4,8.75,0.1,13.34,44.84
O000486,3,P0236,1,397.11,0.1,12.01,369.41
O000486,4,P0033,1,310.62,0.1,2,281.56
O000487,1,P0305,1,330.82,0.05,2,316.28
O000488,1,P0142,1,483.04,0.05,14.0,472.89
O000489,1,P0200,1,499.63,0.15,2,426.69
O000490,1,P0176,1,265.34,0,2,267.34
O000491,1,P0119,1,229.62,0,23.33,252.95
O000492,1,P0118,2,588.11,0.1,10.68,1069.28
O000493,1,P0101,3,92.83,0,4.52,283.01
O000493,2,P0064,1,145.78,0.05,10.41,148.9
O000493,3,P0276,1,820.81,0,2.04,822.85
O000494,1,P0277,2,49.26,0,7.82,106.34
O000495,1,P0270,1,949.79,0.05,3.73,906.03
O000495,2,P0285,1,53.42,0,4.84,58.26
O000495,3,P0110,1,1039.88,0,5.56,1045.44
O000495,4,P0293,4,564.26,0.1,7.69,2039.03
O000496,1,P0296,1,428.51,0,12.33,440.84
O000496,2,P0273,1,75.24,0.1,12.86,80.58
O000497,1,P0103,1,158.36,0,13.55,171.91
O000498,1,P0193,1,216.15,0.1,18.45,212.98
O000499,1,P0018,1,598.9,0,2,600.9
O000499,2,P0309,1,541.39,0.15,17.38,477.56
O000500,1,P0030,1,122.57,0,26.36,148.93
O000500,2,P0316,2,419.97,0.05,2,799.94
O000500,3,P0012,2,529.58,0.1,26.61,979.85
O000500,4,P0307,4,69.12,0.1,11.71,260.54
O000501,1,P0098,1,701.13,0.1,9.15,640.17
O000502,1,P0030,1,122.57,0,2.33,124.9
O000502,2,P0077,2,20.98,0.2,7.4,40.97
O000503,1,P0280,1,128.6,0,260.91,389.51
O000504,1,P0042,1,584.05,0,12.92,596.97
O000504,2,P0219,2,553.58,0,9.78,1116.94
O000505,1,P0206,1,75.89,0,16.15,92.04
O000505,2,P0001,2,342.26,0,2,686.52
O000506,1,P0312,2,681.66,0,21.59,1384.91
O000506,2,P0291,1,657.02,0,6.19,663.21
O000507,1,P0084,2,294.21,0.15,30.03,530.19
O000508,1,P0070,1,298.91,0.15,14.37,268.44
O000509,1,P0093,3,952.7,0.1,12.94,2585.23
O000510,1,P0068,2,148.48,0.15,15.42,267.84
O000510,2,P0118,1,588.11,0.15,2.66,502.55
O000510,3,P0315,1,174.01,0,11.53,185.54
O000511,1,P0177,1,95.11,0,12.44,107.55
O000512,1,P0039,3,205.22,0,15.4,631.06
O000512,2,P0313,1,555.72,0,2.45,558.17
O000512,3,P0256,1,847.43,0.05,16.95,822.01
O000513,1,P0041,1,126.39,0,2,128.39
O000513,2,P0157,1,807.11,0,26.28,833.39
O000513,3,P0074,1,81.29,0,12.19,93.48
O000513,4,P0317,1,811.43,0,2,813.43
O000514,1,P0229,4,81.64,0,22.46,349.02
O000515,1,P0081,2,312.38,0.1,18.03,580.31
O000516,1,P0318,1,432.06,0,11.74,443.8
O000516,2,P0159,2,343.13,0,18.58,704.84
O000516,3,P0308,1,109.62,0.1,21.08,119.74
O000517,1,P0116,3,339.23,0.05,2,968.81
O000517,2,P0056,2,581.05,0,14.38,1176.48
O000517,3,P0142,2,483.04,0.05,2.72,920.5
O000518,1,P0258,1,81.39,0,6.13,87.52
O000519,1,P0145,2,247.46,0.15,2,422.68
O000520,1,P0270,1,949.79,0,7.87,957.66
O000520,2,P0286,1,518.79,0.05,2.57,495.42
O000520,3,P0096,1,224.82,0,10.37,235.19
O000521,1,P0111,2,127.38,0,20.15,274.91
O000522,1,P0147,1,535.43,0.05,10.73,519.39
O000523,1,P0222,2,182.56,0,2.86,367.98
O000524,1,P0244,1,316.68,0.1,16.12,301.13
O000524,2,P0263,1,574.22,0.05,18.23,563.74
O000524,3,P0207,3,469.0,0,20.98,1427.98
O000525,1,P0061,5,776.86,0.1,23.84,3519.71
O000526,1,P0181,1,364.59,0,19.62,384.21
O000527,1,P0276,1,820.81,0.05,11.37,791.14
O000528,1,P0140,1,227.4,0.2,20.6,202.52
O000529,1,P0222,4,182.56,0,23.35,753.59
O000529,2,P0180,1,358.61,0.05,23.44,364.12
O000529,3,P0051,2,371.95,0,19.09,762.99
O000529,4,P0079,1,165.37,0,5.85,171.22
O000530,1,P0202,1,115.37,0,15.86,131.23
O000531,1,P0113,1,814.98,0,15.28,830.26
O000531,2,P0285,1,53.42,0,15.66,69.08
O000532,1,P0317,1,811.43,0,22.87,834.3
O000533,1,P0176,1,265.34,0,2,267.34
O000533,2,P0247,1,315.54,0,17.37,332.91
O000533,3,P0115,1,602.48,0.1,12.65,554.88
O000533,4,P0272,1,724.17,0,3.17,727.34
O000534,1,P0004,1,803.36,0.05,-5.0,777.01
O000535,1,P0269,1,256.16,0.05,2.98,246.33
O000536,1,P0251,1,266.39,0,2,268.39
O000537,1,P0136,2,784.55,0,19.95,1589.05
O000537,2,P0227,3,292.14,0.15,2,746.96
O000538,1,P0144,2,649.77,0,13.62,1313.16
O000538,2,P0284,1,501.64,0,15.13,516.77
O000539,1,P0045,2,72.1,0,22.73,166.93
O000539,2,P0181,1,364.59,0.1,33.62,361.75
O000539,3,P0001,1,342.26,0.15,2,292.92
O000540,1,P0243,1,711.65,0.05,15.14,691.21
O000540,2,P0136,2,784.55,0,13.06,1582.16
O000541,1,P0244,1,316.68,0,13.33,330.01
O000541,2,P0290,1,617.79,0,27.12,644.91
O000541,3,P0241,2,307.92,0,2,617.84
O000542,1,P0278,3,480.16,0.05,12.87,1381.33
O000542,2,P0062,1,673.39,0,24.71,698.1
O000543,1,P0229,3,81.64,0,21.2,266.12
O000543,2,P0005,2,9999.99,0,10.79,20010.77
O000543,3,P0172,1,461.92,0,14.09,476.01
O000544,1,P0110,1,1039.88,0.15,5.43,889.33
O000545,1,P0220,1,103.24,0.05,21.23,119.31
O000545,2,P0253,1,162.64,0.05,2,156.51
O000545,3,P0266,1,242.67,0,33.36,276.03
O000546,1,P0319,1,702.73,0,26.39,729.12
O000546,2,P0206,2,75.89,0,8.25,160.03
O000547,1,P0003,1,146.76,0,8.47,155.23
O000547,2,P0012,1,529.58,0.2,23.35,447.01
O000547,3,P0150,1,23.53,0.15,2,22.0
O000548,1,P0169,1,410.06,0,6.93,416.99
O000549,1,P0215,2,1003.36,0.05,11.86,1918.24
O000549,2,P0271,1,775.17,0,15.8,790.97
O000550,1,P0167,2,9.0,0,16.03,34.03
O000551,1,P0069,1,423.73,0,13.1,436.83
O000552,1,P0020,1,1036.19,0,10.43,1046.62
O000553,1,P0251,1,266.39,0,15.12,281.51
O000553,2,P0061,1,776.86,0,28.94,805.8
O000554,1,P0026,1,659.65,0,5.28,664.93
O000555,1,P0110,2,1039.88,0.15,19.66,1787.46
O000555,2,P0105,1,18.23,0.1,11.38,27.79
O000555,3,P0191,1,654.69,0,12.79,667.48
O000555,4,P0248,1,363.73,0,7.08,370.81
O000556,1,P0125,1,329.73,0,2,331.73
O000556,2,P0036,1,67.34,0.05,9.06,73.03
O000557,1,P0222,1,182.56,0,2,184.56
O000557,2,P0125,1,329.73,0.05,7.39,320.63
O000557,3,P0256,1,847.43,0.05,13.58,818.64
O000558,1,P0208,1,723.84,0,11.72,735.56
O000558,2,P0223,1,72.48,0,2.04,74.52
O000559,1,P0160,1,413.02,0.05,14.35,406.72
O000559,2,P0199,1,324.1,0.05,22.32,330.21
O000560,1,P0194,2,140.84,0.05,22.16,289.76
O000561,1,P0070,1,298.91,0,13.03,311.94
O000561,2,P0137,2,168.37,0.1,14.41,317.48
O000562,1,P0167,1,9.0,0,5.87,14.87
O000563,1,P0134,3,574.47,0,29.43,1752.84
O000563,2,P0131,1,185.19,0,8.46,193.65
O000564,1,P0167,1,9.0,0.05,13.0,21.55
O000565,1,P0257,3,486.52,0,10.77,1470.33
O000565,2,P0244,1,316.68,0.05,9.11,309.96
O000566,1,P0152,1,817.49,0.1,5.01,740.75
O000567,1,P0004,1,803.36,0,20.25,823.61
O000568,1,P0236,1,397.11,0.2,8.55,326.24
O000569,1,P0012,1,529.58,0,22.04,551.62
O000570,1,P0224,1,355.54,0.05,7.19,344.95
O000570,2,P0282,2,856.4,0.2,20.43,1390.67
O000570,3,P0250,2,375.47,0,16.86,767.8
O000571,1,P0029,3,490.19,0.05,8.8,1405.84
O000572,1,P0034,2,293.49,0,5.3,592.28
O000572,2,P0166,1,20.64,0,9.04,29.68
O000573,1,P0135,1,504.23,0,25.49,529.72
O000573,2,P0120,2,62.98,0,18.2,144.16
O000574,1,P0048,1,920.6,0.1,10.68,839.22
O000574,2,P0230,1,438.21,0.05,6.71,423.01
O000575,1,P0281,1,372.41,0.1,21.54,356.71
O000576,1,P0189,1,630.91,0.15,27.98,564.25
O000576,2,P0240,1,237.45,0,11.04,248.49
O000576,3,P0011,1,363.12,0.05,10.43,355.39
O000577,1,P0113,1,814.98,0,10.15,825.13
O000577,2,P0224,1,355.54,0,22.25,377.79
O000577,3,P0002,2,556.12,0.05,4.75,1061.38
O000578,1,P0308,3,109.62,0,21.15,350.01
O000579,1,P0145,2,247.46,0.05,10.49,480.66
O000579,2,P0272,2,724.17,0.15,14.03,1245.12
O000580,1,P0158,1,130.71,0,6.85,137.56
O000580,2,P0111,2,127.38,0,13.33,268.09
O000581,1,P0109,1,194.26,0.05,9.87,194.42
O000581,2,P0040,1,354.01,0.1,11.21,329.82
O000582,1,P0149,1,858.19,0,9.08,867.27
O000582,2,P0189,1,630.91,0,3.73,634.64
O000583,1,P0038,3,778.2,0.05,14.73,2232.6
O000584,1,P0303,2,483.69,0,2,969.38
O000585,1,P0140,1,227.4,0.1,16.47,221.13
O000585,2,P0137,1,168.37,0.05,12.44,172.39
O000585,3,P0055,1,237.15,0.15,27.6,229.18
O000586,1,P0165,1,27.21,0,2,29.21
O000587,1,P0084,1,294.21,0,11.8,306.01
O000588,1,P0152,1,817.49,0,12.98,830.47
O000589,1,P0227,1,292.14,0.1,16.03,278.96
O000590,1,P0264,1,502.16,0.05,2,479.05
O000591,1,P0221,2,188.81,0.15,3.85,324.83
O000592,1,P0082,1,362.46,0.05,9.24,353.58
O000592,2,P0293,1,564.26,0.1,14.01,521.84
O000593,1,P0084,2,294.21,0,2,590.42
O000594,1,P0127,1,597.61,0.05,30.71,598.44
O000594,2,P0198,1,764.66,0.05,5.85,732.28
O000595,1,P0129,3,104.68,0.2,2,253.23
O000596,1,P0230,1,438.21,0,20.35,458.56
O000597,1,P0039,1,205.22,0,2,207.22
O000597,2,P0021,1,806.92,0.1,6.78,733.01
O000597,3,P0230,2,438.21,0.1,2,790.78
O000598,1,P0304,5,396.52,0,6.34,1988.94
O000598,2,P0107,2,435.88,0.05,9.85,838.02
O000598,3,P0092,1,901.51,0.1,16.65,828.01
O000598,4,P0249,1,575.36,0,9.69,585.05
O000599,1,P0042,2,584.05,0.05,2.01,1111.7
O000600,1,P0313,2,555.72,0,13.78,1125.22
O000600,2,P0314,1,745.22,0.1,3.35,674.05
O000601,1,P0097,1,267.08,0,8.4,275.48
O000601,2,P0018,1,598.9,0,22.97,621.87
O000601,3,P0168,1,45.44,0,6.04,51.48
O000602,1,P0215,2,1003.36,0,2,2008.72
O000603,1,P0292,1,386.72,0.15,2,330.71
O000603,2,P0118,2,588.11,0,21.53,1197.75
O000604,1,P0258,1,81.39,0,13.47,94.86
O000604,2,P0207,2,469.0,0,2,940.0
O000604,3,P0083,1,594.36,0,10.12,604.48
O000604,4,P0124,1,336.97,0.15,5.54,291.96
O000605,1,P0245,1,489.42,0,24.61,514.03
O000605,2,P0006,1,202.12,0,13.25,215.37
O000606,1,P0156,1,90.87,0.1,13.78,95.56
O000607,1,P0284,1,501.64,0,2,503.64
O000607,2,P0233,1,84.69,0,8.89,93.58
O000608,1,P0301,1,263.33,0,2,265.33
O000609,1,P0249,2,575.36,0,2,1152.72
O000610,1,P0211,1,980.09,0,4.25,984.34
O000611,1,P0137,3,168.37,0.1,2,456.6
O000611,2,P0145,1,247.46,0,17.83,265.29
O000612,1,P0035,5,544.32,0.1,11.25,2460.69
O000613,1,P0042,1,584.05,0,9.02,593.07
O000614,1,P0061,1,776.86,0,17.94,794.8
O000615,1,P0132,2,107.93,0.05,12.34,217.41
O000615,2,P0308,1,109.62,0.2,2,89.7
O000616,1,P0126,2,311.62,0.15,15.3,545.05
O000616,2,P0070,1,298.91,0.1,15.85,284.87
O000616,3,P0127,1,597.61,0,18.61,616.22
O000616,4,P0043,1,118.53,0.1,21.45,128.13
O000617,1,P0304,2,396.52,0.15,25.83,699.91
O000618,1,P0218,2,363.84,0,31.76,759.44
O000619,1,P0044,1,456.63,0.15,7.26,395.4
O000620,1,P0160,1,413.02,0,19.26,432.28
O000620,2,P0017,1,237.22,0.1,2,215.5
O000621,1,P0185,2,8.75,0.1,18.41,34.16
O000621,2,P0133,1,17.03,0,8.05,25.08
O000622,1,P0065,4,492.73,0.05,6.99,1879.36
O000623,1,P0131,1,185.19,0,2.68,187.87
O000624,1,P0204,1,387.0,0.15,15.42,344.37
O000624,2,P0070,1,298.91,0,2,300.91
O000625,1,P0125,1,329.73,0.1,2,298.76
O000626,1,P0089,2,625.43,0,20.5,1271.36
O000626,2,P0230,1,438.21,0,3.4,441.61
O000626,3,P0099,3,458.56,0,17.48,1393.16
O000627,1,P0194,1,140.84,0,13.03,153.87
O000628,1,P0227,1,292.14,0,13.49,305.63
O000628,2,P0216,2,823.56,0.1,17.29,1499.7
O000628,3,P0252,2,259.81,0,2,521.62
O000629,1,P0268,4,214.47,0.15,2.98,732.18
O000629,2,P0198,1,764.66,0,25.58,790.24
O000629,3,P0292,1,386.72,0.05,20.06,387.44
O000629,4,P0196,5,753.97,0,15.52,3785.37
O000630,1,P0192,1,951.76,0.1,3.54,860.12
O000631,1,P0143,1,110.16,0.2,8.77,96.9
O000631,2,P0178,1,294.67,0.1,2.12,267.32
O000631,3,P0093,3,952.7,0,4.75,2862.85
O000632,1,P0145,1,247.46,0,13.82,261.28
O000632,2,P0035,1,544.32,0,5.78,550.1
O000632,3,P0239,1,873.44,0.1,4.73,790.83
O000633,1,P0220,4,103.24,0,17.6,430.56
O000634,1,P0152,1,817.49,0,6.12,823.61
O000635,1,P0318,1,432.06,0.1,22.85,411.7
O000636,1,P0057,1,286.31,0,7.15,293.46
O000637,1,P0092,3,901.51,0.15,13.64,2312.49
O000637,2,P0222,4,182.56,0.05,13.97,707.7
O000638,1,P0301,1,263.33,0,3.31,266.64
O000638,2,P0059,1,953.24,0,2,955.24
O000639,1,P0302,1,340.59,0,5.22,345.81
O000640,1,P0143,2,110.16,0,12.8,233.12
O000641,1,P0235,1,6.83,0.15,2,7.81
O000642,1,P0186,3,638.99,0.05,5.23,1826.35
O000643,1,P0063,2,310.44,0,3.59,624.47
O000643,2,P0161,2,67.49,0,9.8,144.78
O000643,3,P0289,3,88.04,0,5.76,269.88
O000644,1,P0206,1,75.89,0,7.46,83.35
O000644,2,P0159,3,343.13,0.1,5.77,932.22
O000644,3,P0190,1,449.88,0,16.56,466.44
O000645,1,P0286,1,518.79,0.2,7.59,422.62
O000646,1,P0032,1,577.34,0,21.72,599.06
O000647,1,P0135,1,504.23,0,9.69,513.92
O000647,2,P0011,1,363.12,0,10.86,373.98
O000647,3,P0206,1,75.89,0,16.48,92.37
O000648,1,P0127,2,597.61,0,18.54,1213.76
O000648,2,P0105,3,18.23,0,10.46,65.15
O000649,1,P0087,1,118.02,0,9.42,127.44
O000650,1,P0003,1,146.76,0.2,5.97,123.38
O000651,1,P0022,1,623.29,0.15,23.17,552.97
O000652,1,P0148,1,188.16,0,2,190.16
O000653,1,P0153,1,339.5,0.15,18.18,306.75
O000654,1,P0239,1,873.44,0,13.98,887.42
O000654,2,P0013,1,110.57,0.15,21.18,115.16
O000655,1,P0176,1,265.34,0,3.99,269.33
O000656,1,P0137,1,168.37,0.1,22.1,173.63
O000657,1,P0290,1,617.79,0,2,619.79
O000658,1,P0093,1,952.7,0.1,22.9,880.33
O000659,1,P0201,1,583.78,0.1,11.92,537.32
O000659,2,P0137,1,168.37,0,2,170.37
O000659,3,P0149,1,858.19,0,8.69,866.88
O000660,1,P0247,1,315.54,0.05,13.97,313.73
O000661,1,P0085,1,554.3,0,10.15,564.45
O000662,1,P0239,1,873.44,0,25.25,898.69
O000663,1,P0118,2,588.11,0,4.73,1180.95
O000663,2,P0113,1,814.98,0,8.61,823.59
O000663,3,P0230,1,438.21,0,11.27,449.48
O000664,1,P0280,1,128.6,0.1,17.99,133.73
O000665,1,P0291,1,657.02,0,16.09,673.11
O000665,2,P0202,1,115.37,0,2,117.37
O000665,3,P0069,1,423.73,0.2,9.43,348.41
O000666,1,P0210,1,949.92,0.15,11.28,818.71
O000667,1,P0156,3,90.87,0.1,8.21,253.56
O000667,2,P0212,1,486.38,0,9.03,495.41
O000668,1,P0282,1,856.4,0.1,10.01,780.77
O000669,1,P0045,1,72.1,0,21.83,93.93
O000670,1,P0105,4,18.23,0.05,14.47,83.74
O000670,2,P0253,1,162.64,0.05,2,156.51
O000671,1,P0035,2,544.32,0.05,26.94,1061.15
O000671,2,P0150,1,23.53,0,2,25.53
O000672,1,P0008,2,193.75,0.05,5.65,373.77
O000672,2,P0004,1,803.36,0.15,2.51,685.37
O000673,1,P0223,1,72.48,0,14.75,87.23
O000674,1,P0267,1,1088.78,0.1,8.84,988.74
O000674,2,P0005,1,9999.99,0,8.1,10008.09
O000674,3,P0280,2,128.6,0,8.77,265.97
O000674,4,P0104,1,521.9,0.1,2.48,472.19
O000675,1,P0229,1,81.64,0,12.07,93.71
O000676,1,P0009,1,17.8,0,9.0,26.8
O000677,1,P0176,1,265.34,0,7.84,273.18
O000678,1,P0151,2,785.65,0,4.96,1576.26
O000679,1,P0281,1,372.41,0,12.03,384.44
O000679,2,P0121,3,97.09,0.1,9.11,271.25
O000679,3,P0067,1,355.88,0,18.68,374.56
O000680,1,P0291,1,657.02,0.2,9.64,535.26
O000680,2,P0224,1,355.54,0,9.46,365.0
O000680,3,P0262,1,519.27,0,4.43,523.7
O000681,1,P0225,1,84.06,0,14.69,98.75
O000682,1,P0180,1,358.61,0,16.66,375.27
O000682,2,P0118,2,588.11,0,19.57,1195.79
O000683,1,P0111,3,127.38,0.05,20.91,383.94
O000683,2,P0174,1,845.79,0,26.73,872.52
O000683,3,P0242,1,722.98,0,12.65,735.63
O000684,1,P0284,1,501.64,0,13.13,514.77
O000684,2,P0214,2,42.92,0.1,7.49,84.75
O000685,1,P0213,1,693.96,0,6.29,700.25
O000686,1,P0136,3,784.55,0,19.18,2372.83
O000687,1,P0188,1,480.75,0.05,24.56,481.27
O000688,1,P0254,2,824.63,0.05,16.36,1583.16
O000688,2,P0192,2,951.76,0,16.01,1919.53
O000689,1,P0040,2,354.01,0,2.57,710.59
O000689,2,P0014,3,187.84,0,2,565.52
O000690,1,P0212,2,486.38,0.15,2,828.85
O000690,2,P0125,1,329.73,0.15,2,282.27
O000691,1,P0096,1,224.82,0.15,13.18,204.28
O000691,2,P0247,5,315.54,0.15,23.09,1364.13
O000692,1,P0134,1,574.47,0.15,8.05,496.35
O000693,1,P0308,1,109.62,0,3.57,113.19
O000693,2,P0140,2,227.4,0.05,13.58,445.64
O000694,1,P0275,1,515.35,0.1,14.67,478.49
O000694,2,P0053,1,360.49,0,20.41,380.9
O000695,1,P0042,2,584.05,0,10.56,1178.66
O000696,1,P0311,1,347.85,0,6.17,354.02
O000697,1,P0181,2,364.59,0.1,13.46,669.72
O000698,1,P0090,1,907.45,0.05,2,864.08
O000698,2,P0319,2,702.73,0,5.34,1410.8
O000699,1,P0066,1,451.94,0.05,4.87,434.21
O000699,2,P0145,1,247.46,0.1,27.18,249.89
O000700,1,P0209,1,690.43,0,18.23,708.66
O000701,1,P0197,1,756.59,0,24.28,780.87
O000702,1,P0277,2,49.26,0,8.73,107.25
O000702,2,P0025,1,343.24,0.2,20.55,295.14
O000702,3,P0082,1,362.46,0,8.09,370.55
O000703,1,P0162,1,529.22,0,13.62,542.84
O000704,1,P0217,1,390.23,0,12.98,403.21
O000705,1,P0233,1,84.69,0,4.55,89.24
O000705,2,P0128,1,835.43,0,13.03,848.46
O000705,3,P0028,4,305.36,0,13.82,1235.26
O000706,1,P0197,1,756.59,0.1,10.06,690.99
O000706,2,P0171,2,427.19,0.05,10.19,821.85
O000706,3,P0320,1,907.09,0.05,18.49,880.23
O000706,4,P0299,1,28.85,0,21.09,49.94
O000707,1,P0117,1,794.64,0.1,28.56,743.74
O000707,2,P0217,2,390.23,0,6.97,787.43
O000708,1,P0045,3,72.1,0,12.73,229.03
O000708,2,P0198,1,764.66,0.05,9.45,735.88
O000709,1,P0167,1,9.0,0,2,11.0
O000710,1,P0113,1,814.98,0.2,14.38,666.36
O000710,2,P0107,1,435.88,0,17.74,453.62
O000710,3,P0301,1,263.33,0,7.59,270.92
O000711,1,P0083,1,594.36,0,9.96,604.32
O000712,1,P0311,1,347.85,0.1,15.88,328.95
O000713,1,P0233,1,84.69,0.05,8.66,89.12
O000714,1,P0269,1,256.16,0,27.57,283.73
O000715,1,P0299,1,28.85,0.2,23.51,46.59
O000715,2,P0169,1,410.06,0.05,9.55,399.11
O000716,1,P0038,1,778.2,0,2,780.2
O000717,1,P0103,1,158.36,0,22.1,180.46
O000718,1,P0078,1,314.17,0.15,7.98,275.02
O000719,1,P0044,1,456.63,0,12.13,468.76
O000720,1,P0135,2,504.23,0,20.81,1029.27
O000720,2,P0298,1,410.7,0.1,2,371.63
O000721,1,P0178,2,294.67,0.1,2,532.41
O000722,1,P0168,1,45.44,0,19.32,64.76
O000723,1,P0317,2,811.43,0,12.9,1635.76
O000723,2,P0219,1,553.58,0.1,16.7,514.92
O000723,3,P0203,1,420.71,0,23.44,444.15
O000724,1,P0231,1,766.78,0,2,768.78
O000725,1,P0109,5,194.26,0,7.79,979.09
O000726,1,P0007,1,306.83,0,9.63,316.46
O000727,1,P0294,1,73.38,0.05,21.99,91.7
O000728,1,P0090,1,907.45,0,10.06,917.51
O000728,2,P0184,1,112.13,0.1,2,102.92
O000729,1,P0072,1,38.74,0.1,2,36.87
O000729,2,P0127,5,597.61,0,2,2990.05
O000730,1,P0271,1,775.17,0,13.6,788.77
O000731,1,P0287,1,756.46,0,13.71,770.17
O000731,2,P0041,1,126.39,0,8.63,135.02
O000731,3,P0283,1,433.94,0.05,25.93,438.17
O000732,1,P0018,1,598.9,0.05,16.95,585.9
O000733,1,P0145,1,247.46,0,3.94,251.4
O000733,2,P0296,1,428.51,0,21.32,449.83
O000733,3,P0213,2,693.96,0.05,21.18,1339.7
O000734,1,P0058,1,156.02,0,23.02,179.04
O000735,1,P0115,1,602.48,0,12.41,614.89
O000735,2,P0133,3,17.03,0,4.99,56.08
O000735,3,P0223,1,72.48,0,14.69,87.17
O000736,1,P0279,1,489.87,0.05,21.61,486.99
O000737,1,P0262,3,519.27,0.2,4.05,1250.3
O000737,2,P0194,2,140.84,0.2,23.32,248.66
O000737,3,P0297,1,38.06,0.2,11.83,42.28
O000738,1,P0090,1,907.45,0.1,30.92,847.62
O000738,2,P0115,1,602.48,0.05,12.12,584.48
O000739,1,P0134,2,574.47,0,9.63,1158.57
O000740,1,P0052,1,782.48,0.1,4.6,708.83
O000741,1,P0108,1,957.8,0,8.14,965.94
O000742,1,P0284,1,501.64,0,2,503.64
O000743,1,P0145,1,247.46,0,14.08,261.54
O000743,2,P0293,2,564.26,0.05,6.46,1078.55
O000744,1,P0274,1,832.77,0.15,16.72,724.57
O000744,2,P0170,1,444.66,0.1,5.79,405.98
O000745,1,P0010,1,362.93,0,19.25,382.18
O000746,1,P0076,3,1058.97,0,34.86,3211.77
O000747,1,P0087,1,118.02,0.05,2,114.12
O000748,1,P0289,3,88.04,0.15,4.5,229.0
O000749,1,P0226,2,706.04,0,2,1414.08
O000750,1,P0087,1,118.02,0.1,14.56,120.78
O000750,2,P0188,2,480.75,0.1,12.37,877.72
O000751,1,P0183,1,808.84,0,20.12,828.96
O000751,2,P0269,1,256.16,0.05,13.35,256.7
O000752,1,P0054,1,429.08,0,14.79,443.87
O000753,1,P0203,2,420.71,0,3.44,844.86
O000753,2,P0169,1,410.06,0.15,6.74,355.29
O000753,3,P0250,1,375.47,0.15,13.99,333.14
O000754,1,P0187,1,106.77,0,11.45,118.22
O000755,1,P0035,1,544.32,0,14.94,559.26
O000755,2,P0128,2,835.43,0.15,13.38,1433.61
O000756,1,P0149,1,858.19,0.05,2,817.28
O000756,2,P0016,1,576.57,0,2.88,579.45
O000756,3,P0048,2,920.6,0,13.35,1854.55
O000757,1,P0129,1,104.68,0,19.97,124.65
O000757,2,P0011,3,363.12,0,5.98,1095.34
O000758,1,P0296,1,428.51,0,14.39,442.9
O000758,2,P0302,1,340.59,0.1,16.6,323.13
O000759,1,P0074,2,81.29,0.05,23.5,177.95
O000760,1,P0172,1,461.92,0.1,25.18,440.91
O000760,2,P0189,1,630.91,0,17.38,648.29
O000761,1,P0024,1,832.14,0.1,5.63,754.56
O000762,1,P0137,1,168.37,0.05,5.17,165.12
O000763,1,P0188,1,480.75,0.1,18.43,451.11
O000764,1,P0029,2,490.19,0,17.15,997.53
O000764,2,P0221,1,188.81,0,16.86,205.67
O000765,1,P0001,1,342.26,0.2,19.7,293.51
O000766,1,P0013,1,110.57,0,26.11,136.68
O000766,2,P0151,3,785.65,0,22.34,2379.29
O000767,1,P0240,5,237.45,0,17.93,1205.18
O000768,1,P0029,2,490.19,0.1,5.45,887.79
O000769,1,P0038,1,778.2,0.05,2,741.29
O000770,1,P0062,1,673.39,0,23.83,697.22
O000771,1,P0098,1,701.13,0.05,8.69,674.76
O000772,1,P0172,1,461.92,0,20.49,482.41
O000772,2,P0178,2,294.67,0,15.03,604.37
O000773,1,P0082,1,362.46,0.15,9.0,317.09
O000774,1,P0056,1,581.05,0.1,21.19,544.13
O000775,1,P0267,1,1088.78,0,2,1090.78
O000775,2,P0010,5,362.93,0,3.06,1817.71
O000776,1,P0303,1,483.69,0.2,10.3,397.25
O000776,2,P0020,1,1036.19,0.1,4.43,937.0
O000777,1,P0178,1,294.67,0,12.44,307.11
O000777,2,P0290,1,617.79,0.05,9.43,596.33
O000778,1,P0062,1,673.39,0.15,18.06,590.44
O000778,2,P0215,1,1003.36,0,5.43,1008.79
O000778,3,P0201,1,583.78,0.05,8.67,563.26
O000779,1,P0251,1,266.39,0.15,11.28,237.71
O000779,2,P0198,1,764.66,0.05,19.35,745.78
O000780,1,P0243,1,711.65,0.05,15.72,691.79
O000780,2,P0264,1,502.16,0,10.19,512.35
O000781,1,P0177,1,95.11,0,9.72,104.83
O000781,2,P0174,4,845.79,0,29.84,3413.0
O000782,1,P0293,1,564.26,0,14.0,578.26
O000783,1,P0217,1,390.23,0.05,13.72,384.44
O000783,2,P0250,2,375.47,0,13.96,764.9
O000783,3,P0132,1,107.93,0,4.51,112.44
O000784,1,P0185,3,8.75,0,7.18,33.43
O000785,1,P0272,1,724.17,0.1,9.63,661.38
O000786,1,P0197,1,756.59,0.2,17.8,623.07
O000787,1,P0035,1,544.32,0.1,3.51,493.4
O000788,1,P0171,1,427.19,0,3.64,430.83
O000788,2,P0027,3,406.86,0.05,12.66,1172.21
O000788,3,P0045,2,72.1,0.05,5.29,142.28
O000788,4,P0317,1,811.43,0.05,5.52,776.38
O000789,1,P0299,2,28.85,0.1,16.76,68.69
O000790,1,P0151,2,785.65,0.1,5.21,1419.38
O000791,1,P0033,1,310.62,0.15,11.49,275.52
O000791,2,P0093,1,952.7,0,25.48,978.18
O000792,1,P0001,1,342.26,0,22.99,365.25
O000793,1,P0255,2,854.74,0,11.82,1721.3
O000794,1,P0112,1,400.76,0,11.96,412.72
O000794,2,P0079,1,165.37,0.1,17.29,166.12
O000795,1,P0138,1,870.78,0,11.2,881.98
O000795,2,P0213,1,693.96,0.15,24.35,614.22
O000795,3,P0037,1,1028.12,0.2,4.52,827.02
O000796,1,P0061,1,776.86,0,11.51,788.37
O000796,2,P0028,4,305.36,0.1,20.67,1119.97
O000797,1,P0163,2,825.28,0,13.22,1663.78
O000797,2,P0298,1,410.7,0,2,412.7
O000798,1,P0054,5,429.08,0,3.88,2149.28
O000798,2,P0109,1,194.26,0,8.06,202.32
O000799,1,P0173,1,758.26,0,2.95,761.21
O000799,2,P0286,2,518.79,0,10.17,1047.75
O000799,3,P0308,1,109.62,0.05,12.11,116.25
O000800,1,P0081,1,312.38,0.05,26.01,322.77
O000801,1,P0180,2,358.61,0.1,8.35,653.85
O000802,1,P0219,1,553.58,0.1,21.57,519.79
O000803,1,P0088,20,259.63,0,25.32,5217.92
O000803,2,P0258,1,81.39,0.15,5.4,74.58
O000803,3,P0059,1,953.24,0.05,12.05,917.63
O000804,1,P0163,1,825.28,0.05,10.79,794.81
O000805,1,P0314,1,745.22,0.2,2.73,598.91
O000806,1,P0234,1,354.24,0,9.49,363.73
O000807,1,P0031,1,397.25,0,9.01,406.26
O000808,1,P0065,2,492.73,0.1,2,888.91
O000809,1,P0203,5,420.71,0,16.89,2120.44
O000810,1,P0298,1,410.7,0,12.15,422.85
O000811,1,P0024,1,832.14,0,2,834.14
O000812,1,P0009,1,17.8,0,18.56,36.36
O000813,1,P0260,1,623.36,0,2,625.36
O000814,1,P0024,1,832.14,0,15.85,847.99
O000814,2,P0210,1,949.92,0,13.66,963.58
O000815,1,P0019,2,618.71,0,28.16,1265.58
O000816,1,P0203,1,420.71,0.05,19.74,419.41
O000817,1,P0227,3,292.14,0,14.3,890.72
O000817,2,P0247,1,315.54,0.05,15.23,314.99
O000818,1,P0242,1,722.98,0,11.07,734.05
O000818,2,P0077,1,20.98,0,15.83,36.81
O000819,1,P0183,1,808.84,0,18.15,826.99
O000820,1,P0260,3,623.36,0,20.57,1890.65
O000820,2,P0021,1,806.92,0,15.06,821.98
O000821,1,P0206,1,75.89,0,14.06,89.95
O000821,2,P0127,3,597.61,0,12.54,1805.37
O000822,1,P0230,1,438.21,0,17.45,455.66
O000823,1,P0195,1,256.53,0.05,4.74,248.44
O000824,1,P0207,1,469.0,0,9.67,478.67
O000825,1,P0259,2,849.86,0,12.56,1712.28
O000825,2,P0316,1,419.97,0,2,421.97
O000826,1,P0257,2,486.52,0,18.14,991.18
O000826,2,P0074,2,81.29,0,11.46,174.04
O000826,3,P0307,1,69.12,0,4.37,73.49
O000826,4,P0213,1,693.96,0,6.82,700.78
O000827,1,P0064,1,145.78,0,2,147.78
O000828,1,P0068,2,148.48,0.05,14.28,296.39
O000829,1,P0078,1,314.17,0,2,316.17
O000830,1,P0230,1,438.21,0.1,17.06,411.45
O000831,1,P0100,1,237.44,0,2,239.44
O000831,2,P0038,5,778.2,0.1,12.01,3513.91
O000832,1,P0106,1,236.99,0,12.1,249.09
O000832,2,P0055,1,237.15,0,14.32,251.47
O000832,3,P0248,1,363.73,0.15,13.17,322.34
O000833,1,P0124,1,336.97,0.15,8.18,294.6
O000833,2,P0289,1,88.04,0,16.65,104.69
O000834,1,P0173,5,758.26,0,8.49,3799.79
O000834,2,P0054,1,429.08,0.15,13.2,377.92
O000834,3,P0282,1,856.4,0,4.84,861.24
O000835,1,P0215,3,1003.36,0,8.02,3018.1
O000836,1,P0317,1,811.43,0.15,15.23,704.95
O000837,1,P0274,2,832.77,0.05,16.48,1598.74
O000838,1,P0132,1,107.93,0.05,15.66,118.19
O000838,2,P0020,1,1036.19,0.1,7.18,939.75
O000839,1,P0185,1,8.75,0.15,10.76,18.2
O000839,2,P0188,1,480.75,0,11.31,492.06
O000839,3,P0009,1,17.8,0,2,19.8
O000840,1,P0043,1,118.53,0,2.65,121.18
O000841,1,P0117,1,794.64,0,7.77,802.41
O000841,2,P0119,1,229.62,0,2,231.62
O000841,3,P0060,1,27.23,0,13.89,41.12
O000842,1,P0116,1,339.23,0,6.44,345.67
O000842,2,P0187,1,106.77,0,10.9,117.67
O000843,1,P0086,4,579.39,0,3.83,2321.39
O000844,1,P0268,1,214.47,0.1,2,195.02
O000844,2,P0320,4,907.09,0,19.53,3647.89
O000844,3,P0269,1,256.16,0.1,16.97,247.51
O000845,1,P0136,3,784.55,0,16.44,2370.09
O000845,2,P0048,1,920.6,0.15,6.36,788.87
O000845,3,P0294,1,73.38,0,3.73,77.11
O000846,1,P0047,1,224.37,0,19.81,244.18
O000847,1,P0205,2,468.82,0.1,4.5,848.38
O000848,1,P0150,1,23.53,0.15,22.79,42.79
O000849,1,P0029,1,490.19,0.1,25.58,466.75
O000850,1,P0139,1,531.18,0,2,533.18
O000851,1,P0024,1,832.14,0,2,834.14
O000852,1,P0191,1,654.69,0,6.37,661.06
O000852,2,P0312,1,681.66,0,2.28,683.94
O000853,1,P0060,1,27.23,0.05,2,27.87
O000854,1,P0200,1,499.63,0,16.54,516.17
O000854,2,P0204,1,387.0,0,27.8,414.8
O000855,1,P0028,1,305.36,0,15.57,320.93
O000855,2,P0202,1,115.37,0,18.63,134.0
O000856,1,P0110,2,1039.88,0.15,15.19,1782.99
O000856,2,P0266,1,242.67,0.2,9.42,203.56
O000857,1,P0305,1,330.82,0,10.78,341.6
O000858,1,P0281,1,372.41,0.2,4.09,302.02
O000858,2,P0252,1,259.81,0,14.58,274.39
O000858,3,P0254,2,824.63,0,22.29,1671.55
O000859,1,P0208,4,723.84,0.1,21.75,2627.57
O000859,2,P0296,2,428.51,0,20.28,877.3
O000859,3,P0143,3,110.16,0.05,21.94,335.9
O000860,1,P0087,1,118.02,0.15,8.74,109.06
O000861,1,P0127,1,597.61,0,6.33,603.94
O000862,1,P0250,3,375.47,0,9.49,1135.9
O000863,1,P0290,1,617.79,0,13.49,631.28
O000863,2,P0119,1,229.62,0.2,7.93,191.63
O000864,1,P0206,1,75.89,0.15,17.63,82.14
O000865,1,P0131,1,185.19,0.05,6.78,182.71
O000865,2,P0030,3,122.57,0,8.25,375.96
O000865,3,P0118,1,588.11,0.15,7.96,507.85
O000866,1,P0165,2,27.21,0.15,9.51,55.77
O000866,2,P0032,1,577.34,0,18.11,595.45
O000867,1,P0120,1,62.98,0.2,4.25,54.63
O000868,1,P0229,1,81.64,0,18.1,99.74
O000868,2,P0135,3,504.23,0.2,10.83,1220.98
O000869,1,P0132,2,107.93,0,10.06,225.92
O000870,1,P0150,2,23.53,0,11.8,58.86
O000871,1,P0099,1,458.56,0.05,14.61,450.24
O000872,1,P0225,1,84.06,0.05,7.9,87.76
O000872,2,P0037,2,1028.12,0.15,23.57,1771.37
O000872,3,P0255,2,854.74,0,9.84,1719.32
O000873,1,P0259,3,849.86,0,22.57,2572.15
O000873,2,P0311,1,347.85,0,2,349.85
O000874,1,P0295,1,164.98,0.15,17.82,158.05
O000875,1,P0258,1,81.39,0.2,12.11,77.22
O000875,2,P0254,1,824.63,0.1,2.87,745.04
O000875,3,P0287,1,756.46,0,9.21,765.67
O000876,1,P0098,3,701.13,0,14.2,2117.59
O000877,1,P0192,2,951.76,0,15.22,1918.74
O000878,1,P0029,1,490.19,0,13.47,503.66
O000879,1,P0137,1,168.37,0.1,9.07,160.6
O000879,2,P0282,2,856.4,0,2,1714.8
O000879,3,P0138,1,870.78,0,6.13,876.91
O000880,1,P0031,1,397.25,0,16.34,413.59
O000880,2,P0285,2,53.42,0,10.23,117.07
O000881,1,P0053,1,360.49,0,17.82,378.31
O000882,1,P0091,1,86.5,0,2.35,88.85
O000883,1,P0246,1,236.21,0.2,2.61,191.58
O000883,2,P0154,2,25.6,0,10.01,61.21
O000883,3,P0119,1,229.62,0,21.94,251.56
O000884,1,P0050,1,745.53,0,8.51,754.04
O000884,2,P0043,2,118.53,0.1,19.13,232.48
O000885,1,P0082,1,362.46,0,5.21,367.67
O000885,2,P0272,1,724.17,0,12.89,737.06
O000885,3,P0257,2,486.52,0,21.28,994.32
O000885,4,P0154,2,25.6,0,22.75,73.95
O000886,1,P0262,2,519.27,0.15,2,884.76
O000886,2,P0270,1,949.79,0,16.67,966.46
O000886,3,P0292,1,386.72,0.05,19.98,387.36
O000887,1,P0040,2,354.01,0,9.78,717.8
O000888,1,P0108,3,957.8,0.05,5.35,2735.08
O000889,1,P0141,1,92.1,0.15,2,80.28
O000889,2,P0291,1,657.02,0,12.54,669.56
O000890,1,P0040,2,354.01,0.2,8.51,574.93
O000891,1,P0139,2,531.18,0.1,8.86,964.98
O000891,2,P0128,2,835.43,0.1,25.79,1529.56
O000891,3,P0175,1,568.15,0,14.71,582.86
O000891,4,P0278,1,480.16,0.15,2,410.14
O000892,1,P0214,2,42.92,0,2,87.84
O000892,2,P0026,1,659.65,0.1,11.74,605.42
O000893,1,P0056,1,581.05,0.05,13.89,565.89
O000893,2,P0060,3,27.23,0.05,4.37,81.98
O000894,1,P0154,3,25.6,0,25.97,102.77
O000895,1,P0213,1,693.96,0,2,695.96
O000895,2,P0091,1,86.5,0.1,2,79.85
O000896,1,P0296,1,428.51,0.05,13.39,420.47
O000897,1,P0057,2,286.31,0,13.06,585.68
O000898,1,P0091,2,86.5,0,13.86,186.86
O000898,2,P0284,1,501.64,0.05,13.09,489.65
O000899,1,P0300,2,398.18,0.1,7.73,724.45
O000900,1,P0277,1,49.26,0.1,14.96,59.29
O000900,2,P0020,2,1036.19,0.1,12.73,1877.87
O000900,3,P0077,1,20.98,0.15,21.97,39.8
O000901,1,P0068,1,148.48,0,7.08,155.56
O000901,2,P0185,1,8.75,0,11.6,20.35
O000901,3,P0125,1,329.73,0.05,14.42,327.66
O000901,4,P0193,2,216.15,0,17.72,450.02
O000902,1,P0224,1,355.54,0,31.36,386.9
O000902,2,P0200,4,499.63,0.15,12.47,1711.21
O000903,1,P0142,1,483.04,0.1,12.24,446.98
O000904,1,P0218,1,363.84,0,6.62,370.46
O000904,2,P0135,1,504.23,0.15,2,430.6
O000904,3,P0189,4,630.91,0.15,7.66,2152.75
O000905,1,P0275,1,515.35,0,10.14,525.49
O000906,1,P0045,1,72.1,0.1,13.61,78.5
O000906,2,P0263,2,574.22,0,8.66,1157.1
O000907,1,P0262,1,519.27,0.05,5.6,498.91
O000908,1,P0071,1,250.08,0.1,17.19,242.26
O000908,2,P0161,1,67.49,0,14.49,81.98
O000909,1,P0164,5,13.57,0.15,7.72,65.39
O000910,1,P0266,1,242.67,0.1,20.27,238.67
O000911,1,P0079,1,165.37,0.1,3.13,151.96
O000912,1,P0098,3,701.13,0,14.04,2117.43
O000913,1,P0002,1,556.12,0.05,19.43,547.74
O000914,1,P0269,2,256.16,0,23.49,535.81
O000914,2,P0033,2,310.62,0,5.95,627.19
O000915,1,P0136,1,784.55,0,2,786.55
O000916,1,P0235,1,6.83,0,35.94,42.77
O000916,2,P0070,1,298.91,0.1,23.31,292.33
O000916,3,P0199,1,324.1,0.15,2,277.49
O000917,1,P0042,1,584.05,0.2,2,469.24
O000918,1,P0142,1,483.04,0.1,2,436.74
O000918,2,P0130,1,491.43,0.05,12.2,479.06
O000919,1,P0262,2,519.27,0,11.19,1049.73
O000919,2,P0163,1,825.28,0,11.16,836.44
O000920,1,P0225,2,84.06,0.15,2,144.9
O000921,1,P0221,5,188.81,0,7.06,951.11
O000922,1,P0003,1,146.76,0.1,17.03,149.11
O000922,2,P0205,1,468.82,0,18.8,487.62
O000923,1,P0266,2,242.67,0.15,9.61,422.15
O000924,1,P0102,1,249.53,0.2,2,201.62
O000924,2,P0081,1,312.38,0.15,20.35,285.87
O000925,1,P0216,3,823.56,0,8.14,2478.82
O000926,1,P0294,2,73.38,0,21.12,167.88
O000927,1,P0085,2,554.3,0,17.68,1126.28
O000927,2,P0117,1,794.64,0.2,9.05,644.76
O000927,3,P0026,1,659.65,0,7.91,667.56
O000928,1,P0202,3,115.37,0,6.84,352.95
O000928,2,P0141,2,92.1,0,12.55,196.75
O000929,1,P0315,1,174.01,0,9.22,183.23
O000929,2,P0261,1,745.54,0,8.8,754.34
O000929,3,P0085,1,554.3,0.15,353.68,824.84
O000929,4,P0297,1,38.06,0.05,5.49,41.65
O000930,1,P0011,1,363.12,0.05,24.55,369.51
O000931,1,P0038,1,778.2,0.1,11.74,712.12
O000932,1,P0011,1,363.12,0.15,13.4,322.05
O000933,1,P0124,1,336.97,0,21.29,358.26
O000933,2,P0226,2,706.04,0.05,3.88,1345.36
O000934,1,P0076,2,1058.97,0,2,2119.94
O000935,1,P0229,1,81.64,0.1,22.67,96.15
O000936,1,P0158,1,130.71,0.1,2.84,120.48
O000937,1,P0254,2,824.63,0,8.01,1657.27
O000938,1,P0313,1,555.72,0,26.65,582.37
O000939,1,P0059,2,953.24,0,9.33,1915.81
O000939,2,P0304,2,396.52,0,32.92,825.96
O000940,1,P0031,1,397.25,0.15,4.86,342.52
O000940,2,P0165,3,27.21,0.1,15.21,88.68
O000941,1,P0048,20,920.6,0,230.05,18642.05
O000942,1,P0155,1,88.23,0,18.32,106.55
O000943,1,P0249,1,575.36,0.15,6.67,495.73
O000944,1,P0036,1,67.34,0,21.27,88.61
O000944,2,P0214,1,42.92,0,15.65,58.57
O000945,1,P0104,1,521.9,0.2,10.25,427.77
O000945,2,P0054,1,429.08,0,13.07,442.15
O000946,1,P0234,1,354.24,0.2,7.76,291.15
O000946,2,P0179,1,159.25,0,29.94,189.19
O000947,1,P0045,1,72.1,0.1,10.48,75.37
O000947,2,P0034,1,293.49,0,2,295.49
O000947,3,P0168,3,45.44,0.05,7.8,137.3
O000948,1,P0292,1,386.72,0,2,388.72
O000949,1,P0178,2,294.67,0,14.82,604.16
O000950,1,P0026,3,659.65,0.1,11.06,1792.11
O000950,2,P0217,3,390.23,0,11.38,1182.07
O000950,3,P0268,1,214.47,0.05,419.92,623.67
O000950,4,P0038,1,778.2,0.05,24.91,764.2
O000951,1,P0188,1,480.75,0.1,14.33,447.0
O000952,1,P0093,1,952.7,0,27.86,980.56
O000952,2,P0186,1,638.99,0.05,13.0,620.04
O000952,3,P0039,3,205.22,0,12.17,627.83
O000953,1,P0061,1,776.86,0.15,2,662.33
O000953,2,P0062,1,673.39,0.2,13.54,552.25
O000954,1,P0113,1,814.98,0,16.72,831.7
O000955,1,P0133,2,17.03,0,17.37,51.43
O000956,1,P0232,2,295.67,0,10.2,601.54
O000956,2,P0012,4,529.58,0.1,4.88,1911.37
O000956,3,P0220,2,103.24,0,18.65,225.13
O000957,1,P0228,2,539.71,0.15,2,919.51
O000957,2,P0245,1,489.42,0.1,31.97,472.45
O000957,3,P0173,1,758.26,0,24.63,782.89
O000958,1,P0200,2,499.63,0,2,1001.26
O000958,2,P0170,2,444.66,0,14.5,903.82
O000958,3,P0232,1,295.67,0.15,5.26,256.58
O000959,1,P0023,1,587.39,0.05,13.11,571.13
O000959,2,P0222,1,182.56,0.2,6.64,152.69
O000959,3,P0292,1,386.72,0,3.77,390.49
O000960,1,P0213,2,693.96,0,12.61,1400.53
O000960,2,P0091,1,86.5,0,440.88,527.38
O000960,3,P0162,1,529.22,0,8.97,538.19
O000960,4,P0018,2,598.9,0,26.27,1224.07
O000961,1,P0069,1,423.73,0.15,9.9,370.07
O000961,2,P0058,2,156.02,0.1,2.9,283.74
O000961,3,P0102,2,249.53,0,14.37,513.43
O000962,1,P0242,1,722.98,0,28.64,751.62
O000963,1,P0091,2,86.5,0.15,5.05,152.1
O000964,1,P0116,3,339.23,0,14.44,1032.13
O000964,2,P0050,2,745.53,0,10.2,1501.26
O000965,1,P0121,2,97.09,0,2,196.18
O000966,1,P0167,4,9.0,0,15.39,51.39
O000967,1,P0077,1,20.98,0,15.28,36.26
O000967,2,P0151,1,785.65,0,8.93,794.58
O000967,3,P0001,1,342.26,0.2,17.01,290.82
O000968,1,P0063,1,310.44,0,14.71,325.15
O000969,1,P0072,1,38.74,0,14.18,52.92
O000969,2,P0110,1,1039.88,0.15,25.2,909.1
O000970,1,P0011,1,363.12,0,12.58,375.7
O000971,1,P0256,1,847.43,0.15,19.48,739.8
O000971,2,P0085,1,554.3,0,23.56,577.86
O000972,1,P0152,1,817.49,0,2.41,819.9
O000973,1,P0230,2,438.21,0.05,18.56,851.16
O000974,1,P0031,2,397.25,0,4.86,799.36
O000975,1,P0230,1,438.21,0,12.32,450.53
O000976,1,P0070,1,298.91,0.1,17.45,286.47
O000976,2,P0032,1,577.34,0,15.19,592.53
O000976,3,P0196,1,753.97,0,4.82,758.79
O000976,4,P0146,2,288.94,0.15,7.12,498.32
O000977,1,P0172,2,461.92,0,12.87,936.71
O000978,1,P0179,1,159.25,0.15,23.98,159.34
O000979,1,P0270,1,949.79,0,2.06,951.85
O000980,1,P0249,4,575.36,0.1,4.74,2076.04
O000980,2,P0151,3,785.65,0.2,22.21,1907.77
O000981,1,P0320,1,907.09,0.1,16.37,832.75
O000981,2,P0084,1,294.21,0.2,20.78,256.15
O000981,3,P0289,1,88.04,0,9.01,97.05
O000982,1,P0296,2,428.51,0,6.98,864.0
O000983,1,P0237,1,956.17,0,14.6,970.77
O000983,2,P0128,1,835.43,0,17.98,853.41
O000984,1,P0118,1,588.11,0,30.07,618.18
O000984,2,P0177,1,95.11,0.15,7.86,88.7
O000985,1,P0188,1,480.75,0.1,22.02,454.69
O000986,1,P0285,2,53.42,0,16.77,123.61
O000986,2,P0270,1,949.79,0.15,15.34,822.66
O000987,1,P0269,2,256.16,0,2,514.32
O000988,1,P0068,3,148.48,0,2,447.44
O000989,1,P0160,1,413.02,0.1,12.51,384.23
O000990,1,P0262,1,519.27,0,4.76,524.03
O000991,1,P0216,1,823.56,0.1,12.92,754.12
O000992,1,P0198,1,764.66,0,11.08,775.74
O000992,2,P0252,1,259.81,0,8.92,268.73
O000993,1,P0114,2,967.11,0,5.99,1940.21
O000994,1,P0129,4,104.68,0,5.42,424.14
O000994,2,P0113,1,814.98,0.1,16.13,749.61
O000995,1,P0263,1,574.22,0,7.58,581.8
O000995,2,P0099,1,458.56,0,10.07,468.63
O000995,3,P0226,1,706.04,0.1,3.19,638.63
O000996,1,P0225,1,84.06,0,19.3,103.36
O000996,2,P0211,2,980.09,0.2,8.91,1577.05
O000996,3,P0107,1,435.88,0.1,20.76,413.05
O000996,4,P0083,1,594.36,0,19.1,613.46
O000997,1,P0319,1,702.73,0,4.47,707.2
O000998,1,P0002,1,556.12,0.15,8.37,481.07
O000998,2,P0175,2,568.15,0.1,17.93,1040.6
O000999,1,P0308,1,109.62,0.05,7.48,111.62
O001000,1,P0121,2,97.09,0,43.07,237.25
O001001,1,P0115,3,602.48,0,18.42,1825.86
O001002,1,P0036,2,67.34,0,4.78,139.46
O001002,2,P0084,2,294.21,0.05,2,561.0
O001002,3,P0044,1,456.63,0.15,2,390.14
O001003,1,P0027,1,406.86,0,2,408.86
O001003,2,P0146,1,288.94,0.1,5.62,265.67
O001003,3,P0051,1,371.95,0.15,2.44,318.6
O001003,4,P0121,1,97.09,0,6.59,103.68
O001004,1,P0229,1,81.64,0,24.81,106.45
O001004,2,P0207,1,469.0,0,3.49,472.49
O001004,3,P0293,2,564.26,0,16.24,1144.76
O001005,1,P0145,2,247.46,0,2,496.92
O001006,1,P0315,1,174.01,0,14.65,188.66
O001007,1,P0016,1,576.57,0.05,12.29,560.03
O001008,1,P0247,1,315.54,0,2,317.54
O001009,1,P0073,1,139.62,0.1,5.23,130.89
O001009,2,P0210,1,949.92,0.1,11.33,866.26
O001009,3,P0067,2,355.88,0,6.01,717.77
O001010,1,P0260,1,623.36,0,9.81,633.17
O001010,2,P0084,1,294.21,0,7.76,301.97
O001010,3,P0273,1,75.24,0,29.76,105.0
O001011,1,P0048,1,920.6,0,2,922.6
O001012,1,P0043,2,118.53,0.15,12.35,213.85
O001012,2,P0213,1,693.96,0,9.38,703.34
O001012,3,P0090,2,907.45,0,12.14,1827.04
O001012,4,P0295,1,164.98,0.05,17.05,173.78
O001013,1,P0263,2,574.22,0,14.67,1163.11
O001013,2,P0317,1,811.43,0.1,19.24,749.53
O001013,3,P0089,1,625.43,0.05,11.18,605.34
O001014,1,P0126,1,311.62,0,24.33,335.95
O001014,2,P0132,1,107.93,0,23.9,131.83
O001014,3,P0023,2,587.39,0.05,2,1118.04
O001015,1,P0162,1,529.22,0,14.64,543.86
O001016,1,P0287,3,756.46,0,16.68,2286.06
O001016,2,P0255,1,854.74,0.1,2.95,772.22
O001016,3,P0125,1,329.73,0.15,2,282.27
O001016,4,P0008,2,193.75,0.1,7.03,355.78
O001017,1,P0149,1,858.19,0.05,17.45,832.73
O001017,2,P0107,1,435.88,0,3.9,439.78
O001018,1,P0037,1,1028.12,0.05,16.4,993.11
O001019,1,P0108,3,957.8,0,25.47,2898.87
O001020,1,P0148,1,188.16,0,11.4,199.56
O001020,2,P0107,1,435.88,0,21.85,457.73
O001020,3,P0298,2,410.7,0.1,21.09,760.35
O001021,1,P0065,1,492.73,0.05,20.23,488.32
O001021,2,P0222,5,182.56,0,11.06,923.86
O001022,1,P0082,5,362.46,0.15,19.73,1560.18
O001023,1,P0109,1,194.26,0.2,2.32,157.73
O001024,1,P0279,1,489.87,0,17.81,507.68
O001025,1,P0190,1,449.88,0,2,451.88
O001026,1,P0248,1,363.73,0.1,8.11,335.47
O001026,2,P0271,1,775.17,0.1,14.74,712.39
O001027,1,P0046,3,190.18,0,2,572.54
O001028,1,P0133,1,17.03,0.05,2,18.18
O001028,2,P0284,1,501.64,0,10.9,512.54
O001028,3,P0007,1,306.83,0.2,13.21,258.67
O001029,1,P0215,1,1003.36,0.1,9.14,912.16
O001030,1,P0239,1,873.44,0,4.86,878.3
O001031,1,P0246,1,236.21,0.05,14.73,239.13
O001031,2,P0016,2,576.57,0.2,5.84,928.35
O001032,1,P0215,2,1003.36,0,22.69,2029.41
O001032,2,P0039,1,205.22,0,9.58,214.8
O001033,1,P0295,1,164.98,0,19.07,184.05
O001034,1,P0218,1,363.84,0,16.37,380.21
O001035,1,P0287,1,756.46,0,25.72,782.18
O001035,2,P0302,1,340.59,0,16.72,357.31
O001036,1,P0130,3,491.43,0,9.25,1483.54
O001036,2,P0134,2,574.47,0,16.26,1165.2
O001037,1,P0226,1,706.04,0,2,708.04
O001038,1,P0066,1,451.94,0.1,17.31,424.06
O001038,2,P0132,1,107.93,0.15,3.47,95.21
O001038,3,P0186,1,638.99,0.1,2,577.09
O001039,1,P0161,1,67.49,0.05,2,66.12
O001039,2,P0267,1,1088.78,0,26.95,1115.73
O001040,1,P0099,1,458.56,0.1,19.16,431.86
O001041,1,P0213,1,693.96,0.05,21.54,680.8
O001042,1,P0127,1,597.61,0,9.94,607.55
O001043,1,P0098,1,701.13,0,13.81,714.94
O001043,2,P0006,1,202.12,0,9.77,211.89
O001044,1,P0233,1,84.69,0.1,12.21,88.43
O001044,2,P0069,2,423.73,0,6.78,854.24
O001044,3,P0318,1,432.06,0,9.99,442.05
O001045,1,P0234,2,354.24,0,9.23,717.71
O001046,1,P0077,1,20.98,0,9.47,30.45
O001047,1,P0050,1,745.53,0.15,14.34,648.04
O001048,1,P0265,2,240.13,0.1,9.72,441.95
O001048,2,P0204,1,387.0,0,22.71,409.71
O001048,3,P0178,1,294.67,0.05,15.92,295.86
O001049,1,P0281,1,372.41,0.05,15.74,369.53
O001049,2,P0138,1,870.78,0,12.31,883.09
O001050,1,P0072,2,38.74,0.1,20.19,89.92
O001050,2,P0158,2,130.71,0,7.31,268.73
O001051,1,P0317,1,811.43,0.1,23.9,754.19
O001052,1,P0245,1,489.42,0.2,23.54,415.08
O001052,2,P0177,3,95.11,0.1,2,258.8
O001052,3,P0234,1,354.24,0,18.14,372.38
O001053,1,P0176,1,265.34,0,10.54,275.88
O001054,1,P0021,1,806.92,0.15,2.7,688.58
O001055,1,P0078,1,314.17,0.05,2,300.46
O001056,1,P0310,1,8.5,0,11.37,19.87
O001057,1,P0247,2,315.54,0,18.83,649.91
O001058,1,P0190,1,449.88,0.1,10.66,415.55
O001059,1,P0254,1,824.63,0,15.49,840.12
O001060,1,P0178,1,294.67,0,23.82,318.49
O001061,1,P0067,4,355.88,0,5.75,1429.27
O001061,2,P0269,1,256.16,0,5.23,261.39
O001061,3,P0039,5,205.22,0.15,2,874.18
O001061,4,P0023,1,587.39,0.1,26.33,554.98
O001062,1,P0160,1,413.02,0,19.42,432.44
O001063,1,P0003,1,146.76,0,2,148.76
O001063,2,P0137,2,168.37,0,10.93,347.67
O001064,1,P0314,1,745.22,0.1,9.94,680.64
O001064,2,P0289,1,88.04,0.2,10.87,81.3
O001064,3,P0225,3,84.06,0,2.72,254.9
O001065,1,P0201,1,583.78,0,2.91,586.69
O001066,1,P0033,1,310.62,0.15,19.25,283.28
O001067,1,P0074,1,81.29,0.05,2,79.23
O001068,1,P0305,1,330.82,0,17.75,348.57
O001069,1,P0032,1,577.34,0.1,2,521.61
O001070,1,P0306,1,219.19,0.15,12.65,198.96
O001070,2,P0233,1,84.69,0,14.96,99.65
O001071,1,P0075,1,233.38,0.1,2,212.04
O001072,1,P0115,1,602.48,0.1,16.33,558.56
O001073,1,P0143,1,110.16,0,16.56,126.72
O001073,2,P0154,1,25.6,0,9.66,35.26
O001074,1,P0236,1,397.11,0.15,2,339.54
O001074,2,P0143,2,110.16,0.15,15.58,202.85
O001075,1,P0177,1,95.11,0.05,17.76,108.11
O001076,1,P0180,2,358.61,0,2,719.22
O001076,2,P0087,1,118.02,0.05,8.12,120.24
O001077,1,P0189,2,630.91,0,9.66,1271.48
O001077,2,P0182,1,150.43,0,2,152.43
O001078,1,P0102,4,249.53,0,6.25,1004.37
O001079,1,P0312,1,681.66,0.05,21.09,668.67
O001080,1,P0206,1,75.89,0,3.68,79.57
O001080,2,P0142,1,483.04,0,13.94,496.98
O001080,3,P0301,1,263.33,0,10.93,274.26
O001081,1,P0247,2,315.54,0.05,18.08,617.61
O001081,2,P0158,4,130.71,0.1,12.98,483.54
O001082,1,P0044,1,456.63,0,14.05,470.68
O001082,2,P0067,1,355.88,0,3.89,359.77
O001082,3,P0038,1,778.2,0,23.46,801.66
O001083,1,P0080,1,194.14,0.1,16.23,190.96
O001084,1,P0167,1,9.0,0,17.17,26.17
O001085,1,P0091,3,86.5,0,5.23,264.73
O001085,2,P0154,2,25.6,0,6.17,57.37
O001086,1,P0085,2,554.3,0.15,2,944.31
O001087,1,P0170,2,444.66,0,2,891.32
O001088,1,P0240,2,237.45,0,17.14,492.04
O001088,2,P0076,1,1058.97,0,7.43,1066.4
O001089,1,P0113,5,814.98,0,16.47,4091.37
O001089,2,P0098,1,701.13,0.1,21.26,652.28
O001089,3,P0050,1,745.53,0.1,21.26,692.24
O001090,1,P0123,1,202.44,0.1,16.94,199.14
O001091,1,P0175,1,568.15,0,14.16,582.31
O001092,1,P0294,2,73.38,0.1,12.36,144.44
O001093,1,P0057,1,286.31,0,13.29,299.6
O001093,2,P0159,1,343.13,0,13.86,356.99
O001094,1,P0229,1,81.64,0.15,22.76,92.15
O001095,1,P0203,2,420.71,0.1,10.57,767.85
O001095,2,P0242,2,722.98,0.2,14.81,1171.58
O001095,3,P0189,1,630.91,0,14.16,645.07
O001096,1,P0306,2,219.19,0,2.96,441.34
O001097,1,P0039,1,205.22,0,2,207.22
O001097,2,P0223,1,72.48,0,15.22,87.7
O001097,3,P0073,1,139.62,0.1,27.45,153.11
O001098,1,P0099,1,458.56,0,13.89,472.45
O001099,1,P0115,1,602.48,0.1,17.77,560.0
O001100,1,P0294,1,73.38,0,19.75,93.13
O001101,1,P0194,3,140.84,0,2,424.52
O001102,1,P0173,1,758.26,0,6.37,764.63
O001103,1,P0208,2,723.84,0.2,21.47,1179.61
O001104,1,P0270,2,949.79,0,8.41,1907.99
O001105,1,P0140,2,227.4,0,10.11,464.91
O001106,1,P0029,1,490.19,0,3.6,493.79
O001106,2,P0227,1,292.14,0,18.9,311.04
O001107,1,P0048,1,920.6,0,9.07,929.67
O001107,2,P0223,2,72.48,0,2,146.96
O001107,3,P0115,1,602.48,0,20.72,623.2
O001107,4,P0077,2,20.98,0,16.46,58.42
O001108,1,P0308,2,109.62,0,2,221.24
O001108,2,P0219,1,553.58,0,7.4,560.98
O001109,1,P0221,1,188.81,0,7.48,196.29
O001109,2,P0176,2,265.34,0,4.06,534.74
O001110,1,P0135,1,504.23,0.15,8.48,437.08
O001110,2,P0225,1,84.06,0.1,15.58,91.23
O001110,3,P0018,1,598.9,0.15,23.22,532.28
O001111,1,P0137,2,168.37,0.05,2.41,322.31
O001111,2,P0116,1,339.23,0,10.03,349.26
O001111,3,P0013,1,110.57,0.2,27.38,115.84
O001111,4,P0068,2,148.48,0,3.32,300.28
O001112,1,P0282,1,856.4,0,15.16,871.56
O001113,1,P0292,1,386.72,0.15,10.34,339.05
O001113,2,P0061,1,776.86,0.1,3.76,702.93
O001113,3,P0204,2,387.0,0,16.35,790.35
O001114,1,P0048,1,920.6,0,6.43,927.03
O001114,2,P0138,1,870.78,0,7.41,878.19
O001114,3,P0266,5,242.67,0,7.16,1220.51
O001115,1,P0171,1,427.19,0.1,7.44,391.91
O001115,2,P0044,1,456.63,0,2,458.63
O001116,1,P0179,1,159.25,0,13.28,172.53
O001117,1,P0293,1,564.26,0,9.33,573.59
O001117,2,P0230,2,438.21,0,3.25,879.67
O001118,1,P0160,2,413.02,0,23.27,849.31
O001118,2,P0159,2,343.13,0.1,20.6,638.23
O001118,3,P0297,1,38.06,0.1,2,36.25
O001118,4,P0260,5,623.36,0,2,3118.8
O001119,1,P0107,1,435.88,0.15,27.34,397.84
O001119,2,P0258,1,81.39,0,22.34,103.73
O001120,1,P0199,1,324.1,0,21.47,345.57
O001120,2,P0263,1,574.22,0.15,2,490.09
O001121,1,P0137,1,168.37,0.05,4.49,164.44
O001121,2,P0295,2,164.98,0,4.65,334.61
O001121,3,P0171,3,427.19,0.1,27.29,1180.7
O001121,4,P0318,1,432.06,0,16.67,448.73
O001122,1,P0214,1,42.92,0.05,31.14,71.91
O001122,2,P0010,1,362.93,0,7.75,370.68
O001122,3,P0320,1,907.09,0.15,8.58,779.61
O001122,4,P0198,2,764.66,0.2,13.92,1237.38
O001123,1,P0283,3,433.94,0,2,1303.82
O001124,1,P0001,1,342.26,0.05,2,327.15
O001125,1,P0008,1,193.75,0.1,7.63,182.0
O001126,1,P0079,1,165.37,0.05,2.26,159.36
O001126,2,P0027,1,406.86,0,8.5,415.36
O001127,1,P0018,1,598.9,0.2,19.47,498.59
O001128,1,P0167,1,9.0,0,11.53,20.53
O001129,1,P0063,1,310.44,0,3.5,313.94
O001129,2,P0171,1,427.19,0.2,12.2,353.95
O001130,1,P0046,3,190.18,0.1,4.48,517.97
O001131,1,P0099,1,458.56,0,12.37,470.93
O001131,2,P0199,1,324.1,0.1,18.49,310.18
O001132,1,P0139,1,531.18,0,20.19,551.37
O001132,2,P0083,1,594.36,0,12.8,607.16
O001133,1,P0189,1,630.91,0,12.14,643.05
O001134,1,P0039,1,205.22,0,15.26,220.48
O001135,1,P0032,1,577.34,0.15,18.14,508.88
O001136,1,P0015,1,284.04,0.05,23.47,293.31
O001136,2,P0191,4,654.69,0,7.5,2626.26
O001136,3,P0172,1,461.92,0.15,4.85,397.48
O001137,1,P0086,2,579.39,0.1,2,1044.9
O001138,1,P0005,1,9999.99,0.2,2.64,8002.63
O001138,2,P0145,1,247.46,0.05,16.64,251.73
O001139,1,P0059,1,953.24,0.2,9.05,771.64
O001140,1,P0265,1,240.13,0,13.95,254.08
O001140,2,P0206,1,75.89,0.1,6.94,75.24
O001141,1,P0255,1,854.74,0.05,11.49,823.49
O001142,1,P0235,1,6.83,0,3.84,10.67
O001142,2,P0060,1,27.23,0,17.39,44.62
O001143,1,P0172,1,461.92,0.1,12.44,428.17
O001144,1,P0135,1,504.23,0,12.27,516.5
O001145,1,P0207,2,469.0,0.1,6.39,850.59
O001145,2,P0158,1,130.71,0,14.9,145.61
O001145,3,P0080,1,194.14,0.15,16.21,181.23
O001146,1,P0294,1,73.38,0,376.64,450.02
O001146,2,P0176,1,265.34,0.15,3.41,228.95
O001146,3,P0200,1,499.63,0,19.27,518.9
O001146,4,P0319,1,702.73,0,6.51,709.24
O001147,1,P0239,1,873.44,0.05,2,831.77
O001148,1,P0087,1,118.02,0.05,11.56,123.68
O001149,1,P0265,1,240.13,0,15.13,255.26
O001149,2,P0030,1,122.57,0,23.21,145.78
O001150,1,P0087,1,118.02,0.1,15.6,121.82
O001150,2,P0215,1,1003.36,0,6.35,1009.71
O001150,3,P0054,3,429.08,0.05,3.26,1226.14
O001151,1,P0086,1,579.39,0.15,5.73,498.21
O001151,2,P0317,1,811.43,0.1,21.59,751.88
O001151,3,P0213,1,693.96,0.05,29.02,688.28
O001152,1,P0091,1,86.5,0,15.57,102.07
O001152,2,P0096,1,224.82,0,13.72,238.54
O001153,1,P0227,1,292.14,0.15,17.76,266.08
O001154,1,P0103,2,158.36,0.1,9.86,294.91
O001155,1,P0123,1,202.44,0,15.47,217.91
O001156,1,P0232,1,295.67,0,14.22,309.89
O001156,2,P0045,1,72.1,0.05,5.78,74.27
O001156,3,P0136,5,784.55,0.1,2,3532.47
O001157,1,P0044,1,456.63,0,19.01,475.64
O001157,2,P0316,1,419.97,0,7.55,427.52
O001157,3,P0177,1,95.11,0,17.42,112.53
O001158,1,P0053,1,360.49,0,13.36,373.85
O001158,2,P0162,2,529.22,0.05,4.13,1009.65
O001158,3,P0179,1,159.25,0.1,2,145.33
O001159,1,P0077,1,20.98,0,21.03,42.01
O001160,1,P0205,1,468.82,0,7.99,476.81
O001161,1,P0318,1,432.06,0.1,29.93,418.78
O001162,1,P0178,2,294.67,0,5.45,594.79
O001162,2,P0054,4,429.08,0,2,1718.32
O001163,1,P0296,3,428.51,0,7.62,1293.15
O001163,2,P0015,1,284.04,0.05,5.58,275.42
O001164,1,P0116,2,339.23,0.2,2,544.77
O001164,2,P0034,1,293.49,0.15,2,251.47
O001165,1,P0073,2,139.62,0,15.42,294.66
O001166,1,P0264,1,502.16,0,21.83,523.99
O001166,2,P0044,1,456.63,0.15,6.33,394.47
O001167,1,P0011,1,363.12,0.05,23.63,368.59
O001168,1,P0155,1,88.23,0,19.81,108.04
O001168,2,P0001,1,342.26,0,13.67,355.93
O001169,1,P0060,1,27.23,0,8.06,35.29
O001170,1,P0145,1,247.46,0,16.55,264.01
O001171,1,P0083,2,594.36,0,9.56,1198.28
O001171,2,P0260,1,623.36,0.2,6.44,505.13
O001172,1,P0076,1,1058.97,0.05,17.72,1023.74
O001172,2,P0073,1,139.62,0,11.58,151.2
O001173,1,P0066,1,451.94,0,3.63,455.57
O001173,2,P0311,1,347.85,0,16.22,364.07
O001174,1,P0130,1,491.43,0.15,19.41,437.13
O001175,1,P0119,1,229.62,0,28.12,257.74
O001176,1,P0053,2,360.49,0,11.32,732.3
O001176,2,P0186,1,638.99,0,9.21,648.2
O001177,1,P0178,1,294.67,0,2,296.67
O001177,2,P0190,3,449.88,0,11.69,1361.33
O001178,1,P0286,3,518.79,0.15,6.28,1329.19
O001178,2,P0279,1,489.87,0.1,20.69,461.57
O001178,3,P0158,1,130.71,0,14.26,144.97
O001179,1,P0061,4,776.86,0.05,11.25,2963.32
O001180,1,P0048,2,920.6,0.05,2,1751.14
O001181,1,P0032,1,577.34,0.15,2,492.74
O001182,1,P0036,1,67.34,0,19.51,86.85
O001182,2,P0311,2,347.85,0,12.14,707.84
O001183,1,P0308,1,109.62,0.05,5.95,110.09
O001183,2,P0013,1,110.57,0,18.85,129.42
O001184,1,P0092,1,901.51,0,2,903.51
O001184,2,P0154,1,25.6,0.05,2,26.32
O001185,1,P0305,1,330.82,0,15.53,346.35
O001186,1,P0306,1,219.19,0,17.31,236.5
O001186,2,P0272,2,724.17,0,10.68,1459.02
O001187,1,P0109,2,194.26,0.1,4.67,354.34
O001187,2,P0107,1,435.88,0,2,437.88
O001188,1,P0167,1,9.0,0.15,2,9.65
O001188,2,P0307,1,69.12,0,5.35,74.47
O001189,1,P0160,5,413.02,0,2,2067.1
O001190,1,P0144,1,649.77,0,7.62,657.39
O001190,2,P0173,1,758.26,0,6.63,764.89
O001191,1,P0259,1,849.86,0,18.08,867.94
O001191,2,P0191,1,654.69,0.15,8.73,565.22
O001192,1,P0050,1,745.53,0.15,8.53,642.23
O001192,2,P0151,1,785.65,0.05,18.08,764.45
O001192,3,P0262,1,519.27,0.2,9.93,425.35
O001192,4,P0238,5,645.9,0,2,3231.5
O001193,1,P0308,1,109.62,0.05,2,106.14
O001193,2,P0174,1,845.79,0,14.0,859.79
O001194,1,P0165,1,27.21,0,10.86,38.07
O001195,1,P0261,3,745.54,0.1,13.27,2026.23
O001196,1,P0190,2,449.88,0.1,11.81,821.59
O001197,1,P0285,1,53.42,0.05,7.51,58.26
O001197,2,P0105,1,18.23,0,21.04,39.27
O001198,1,P0092,1,901.51,0,10.21,911.72
O001198,2,P0255,3,854.74,0.1,4.74,2312.54
O001198,3,P0218,2,363.84,0,27.19,754.87
O001199,1,P0138,2,870.78,0,3.23,1744.79
O001199,2,P0304,1,396.52,0.05,9.71,386.4
O001200,1,P0051,1,371.95,0,23.13,395.08
O001200,2,P0075,2,233.38,0,16.44,483.2
O001201,1,P0288,1,898.37,0.15,2,765.61
O001202,1,P0151,1,785.65,0,13.33,798.98
O001203,1,P0047,1,224.37,0,2,226.37
O001204,1,P0028,1,305.36,0,15.15,320.51
O001205,1,P0123,1,202.44,0.15,7.37,179.44
O001206,1,P0299,2,28.85,0,6.65,64.35
O001206,2,P0143,1,110.16,0,19.19,129.35
O001207,1,P0157,1,807.11,0.1,5.45,731.85
O001208,1,P0129,1,104.68,0.05,15.3,114.75
O001208,2,P0122,1,149.46,0.05,16.88,158.87
O001208,3,P0043,1,118.53,0.05,2.83,115.43
O001209,1,P0001,2,342.26,0.15,9.17,591.01
O001210,1,P0083,1,594.36,0.15,2.62,507.83
O001211,1,P0082,1,362.46,0.1,4.81,331.02
O001211,2,P0045,1,72.1,0,2,74.1
O001211,3,P0271,1,775.17,0.1,10.01,707.66
O001212,1,P0302,2,340.59,0.15,11.49,590.49
O001213,1,P0017,1,237.22,0,16.16,253.38
O001213,2,P0013,1,110.57,0,13.19,123.76
O001214,1,P0277,1,49.26,0.05,15.97,62.77
O001214,2,P0302,1,340.59,0.1,14.12,320.65
O001215,1,P0055,1,237.15,0.15,7.84,209.42
O001215,2,P0219,1,553.58,0,8.49,562.07
O001216,1,P0160,1,413.02,0.1,37.38,409.1
O001217,1,P0304,2,396.52,0,13.87,806.91
O001218,1,P0186,1,638.99,0.1,7.27,582.36
O001219,1,P0182,3,150.43,0.2,2.95,363.98
O001220,1,P0086,1,579.39,0,15.38,594.77
O001220,2,P0210,1,949.92,0,12.19,962.11
O001220,3,P0247,2,315.54,0.05,2,601.53
O001221,1,P0024,1,832.14,0,2,834.14
O001222,1,P0239,2,873.44,0,21.84,1768.72
O001222,2,P0313,1,555.72,0,10.48,566.2
O001222,3,P0032,3,577.34,0,4.47,1736.49
O001223,1,P0156,1,90.87,0,6.94,97.81
O001223,2,P0110,1,1039.88,0,15.5,1055.38
O001223,3,P0197,1,756.59,0.05,2,720.76
O001223,4,P0272,1,724.17,0.1,18.04,669.79
O001224,1,P0212,1,486.38,0.1,5.09,442.83
O001224,2,P0247,1,315.54,0,8.5,324.04
O001225,1,P0126,1,311.62,0,10.01,321.63
O001226,1,P0114,2,967.11,0.1,9.16,1749.96
O001226,2,P0079,1,165.37,0,2,167.37
O001227,1,P0177,1,95.11,0,17.11,112.22
O001228,1,P0037,1,1028.12,0,3.1,1031.22
O001228,2,P0279,1,489.87,0,14.87,504.74
O001229,1,P0290,2,617.79,0.1,22.67,1134.69
O001229,2,P0101,1,92.83,0,21.04,113.87
O001230,1,P0303,3,483.69,0,19.86,1470.93
O001231,1,P0073,1,139.62,0,9.84,149.46
O001231,2,P0167,1,9.0,0.2,28.48,35.68
O001231,3,P0135,1,504.23,0,12.2,516.43
O001232,1,P0055,2,237.15,0,2,476.3
O001233,1,P0214,2,42.92,0,8.25,94.09
O001233,2,P0201,1,583.78,0.1,5.38,530.78
O001233,3,P0230,1,438.21,0.15,6.61,379.09
O001234,1,P0231,1,766.78,0,19.39,786.17
O001235,1,P0274,1,832.77,0,2,834.77
O001236,1,P0289,3,88.04,0,20.25,284.37
O001236,2,P0151,4,785.65,0,12.1,3154.7
O001236,3,P0184,1,112.13,0,26.12,138.25
O001237,1,P0239,1,873.44,0,2.72,876.16
O001238,1,P0125,1,329.73,0,16.91,346.64
O001239,1,P0062,1,673.39,0.05,2,641.72
O001239,2,P0190,2,449.88,0,2.88,902.64
O001240,1,P0089,2,625.43,0.15,14.69,1077.92
O001240,2,P0196,1,753.97,0,9.84,763.81
O001241,1,P0132,2,107.93,0.15,10.96,194.44
O001242,1,P0286,2,518.79,0,15.07,1052.65
O001243,1,P0144,1,649.77,0,8.68,658.45
O001243,2,P0078,2,314.17,0,22.18,650.52
O001244,1,P0124,3,336.97,0.1,25.23,935.05
O001245,1,P0112,1,400.76,0,8.29,409.05
O001245,2,P0055,1,237.15,0.2,21.12,210.84
O001246,1,P0036,1,67.34,0,17.26,84.6
O001247,1,P0102,2,249.53,0,341.86,840.92
O001247,2,P0104,1,521.9,0,5.75,527.65
O001248,1,P0066,4,451.94,0.1,2,1628.98
O001248,2,P0280,1,128.6,0.05,10.84,133.01
O001248,3,P0161,1,67.49,0,12.53,80.02
O001249,1,P0075,1,233.38,0,22.27,255.65
O001249,2,P0305,2,330.82,0.1,18.82,614.3
O001249,3,P0046,1,190.18,0,10.29,200.47
O001250,1,P0178,1,294.67,0,18.83,313.5
O001250,2,P0052,3,782.48,0,15.69,2363.13
O001251,1,P0173,2,758.26,0,2,1518.52
O001251,2,P0012,1,529.58,0.15,20.34,470.48
O001251,3,P0234,3,354.24,0,6.25,1068.97
O001252,1,P0108,1,957.8,0.1,11.27,873.29
O001253,1,P0042,1,584.05,0,6.98,591.03
O001254,1,P0267,1,1088.78,0,19.29,1108.07
O001255,1,P0315,2,174.01,0,10.52,358.54
O001256,1,P0218,1,363.84,0,3.99,367.83
O001257,1,P0007,2,306.83,0,2,615.66
O001258,1,P0167,3,9.0,0.2,11.58,33.18
O001258,2,P0262,2,519.27,0,14.25,1052.79
O001258,3,P0279,1,489.87,0,9.67,499.54
O001259,1,P0128,1,835.43,0.1,19.57,771.46
O001260,1,P0216,1,823.56,0.15,16.54,716.57
O001260,2,P0256,2,847.43,0,8.34,1703.2
O001261,1,P0019,1,618.71,0.1,17.32,574.16
O001261,2,P0319,1,702.73,0.1,23.92,656.38
O001261,3,P0126,1,311.62,0,20.03,331.65
O001262,1,P0263,5,574.22,0,2,2873.1
O001263,1,P0091,2,86.5,0,2,175.0
O001263,2,P0116,3,339.23,0.15,9.2,874.24
O001263,3,P0293,4,564.26,0,18.21,2275.25
O001264,1,P0227,5,292.14,0,23.98,1484.68
O001265,1,P0303,1,483.69,0,8.01,491.7
O001266,1,P0062,2,673.39,0.15,21.71,1166.47
O001266,2,P0177,2,95.11,0.05,6.35,187.06
O001267,1,P0054,4,429.08,0,31.84,1748.16
O001268,1,P0039,2,205.22,0.1,7.97,377.37
O001269,1,P0045,2,72.1,0.2,5.74,121.1
O001269,2,P0246,1,236.21,0,13.0,249.21
O001270,1,P0027,5,406.86,0,5.67,2039.97
O001271,1,P0310,1,8.5,0.1,27.94,35.59
O001271,2,P0045,1,72.1,0,12.1,84.2
O001271,3,P0253,2,162.64,0.1,10.24,302.99
O001272,1,P0147,1,535.43,0.2,15.44,443.78
O001273,1,P0086,1,579.39,0.15,10.18,502.66
O001273,2,P0194,1,140.84,0.2,11.99,124.66
O001274,1,P0236,1,397.11,0,9.94,407.05
O001275,1,P0130,1,491.43,0,4.92,496.35
O001275,2,P0252,2,259.81,0,8.97,528.59
O001276,1,P0104,1,521.9,0.1,2,471.71
O001276,2,P0126,2,311.62,0,9.5,632.74
O001277,1,P0316,1,419.97,0.2,12.83,348.81
O001277,2,P0121,1,97.09,0.05,4.3,96.54
O001278,1,P0095,1,97.16,0,4.72,101.88
O001278,2,P0274,1,832.77,0,17.01,849.78
O001279,1,P0017,1,237.22,0.05,9.73,235.09
O001280,1,P0141,2,92.1,0,4.01,188.21
O001281,1,P0268,1,214.47,0,2,216.47
O001281,2,P0166,1,20.64,0.05,8.09,27.7
O001282,1,P0159,2,343.13,0.1,5.87,623.5
O001282,2,P0258,1,81.39,0.1,21.06,94.31
O001283,1,P0194,2,140.84,0,13.23,294.91
O001284,1,P0164,1,13.57,0,6.4,19.97
O001285,1,P0317,2,811.43,0.2,12.21,1310.5
O001286,1,P0144,1,649.77,0.1,19.48,604.27
O001286,2,P0043,1,118.53,0,7.09,125.62
O001287,1,P0058,1,156.02,0,21.95,177.97
O001288,1,P0266,3,242.67,0,2,730.01
O001288,2,P0299,1,28.85,0,11.32,40.17
O001288,3,P0309,1,541.39,0,18.75,560.14
O001288,4,P0298,1,410.7,0.05,4.29,394.45
O001289,1,P0181,1,364.59,0.05,15.64,362.0
O001289,2,P0158,4,130.71,0,20.68,543.52
O001290,1,P0056,1,581.05,0.15,2,495.89
O001291,1,P0011,2,363.12,0.15,4.36,621.66
O001292,1,P0237,1,956.17,0.05,2,910.36
O001293,1,P0140,1,227.4,0.15,12.83,206.12
O001294,1,P0128,3,835.43,0,5.18,2511.47
O001294,2,P0004,4,803.36,0,2,3215.44
O001294,3,P0314,1,745.22,0,9.1,754.32
O001295,1,P0026,2,659.65,0.15,2,1123.4
O001296,1,P0233,2,84.69,0.15,13.08,157.05
O001296,2,P0318,1,432.06,0.05,24.55,435.01
O001296,3,P0141,1,92.1,0,2,94.1
O001296,4,P0055,1,237.15,0,12.58,249.73
O001297,1,P0318,3,432.06,0.05,12.38,1243.75
O001298,1,P0056,1,581.05,0,14.73,595.78
O001298,2,P0270,1,949.79,0,9.67,959.46
O001299,1,P0234,4,354.24,0.05,13.76,1359.87
O001300,1,P0140,1,227.4,0.1,7.26,211.92
O001300,2,P0101,1,92.83,0,23.13,115.96
O001300,3,P0062,1,673.39,0,9.4,682.79
O001301,1,P0040,1,354.01,0.15,14.64,315.55
O001302,1,P0179,2,159.25,0,15.29,333.79
O001303,1,P0139,1,531.18,0,8.98,540.16
O001303,2,P0004,1,803.36,0,12.16,815.52
O001303,3,P0317,3,811.43,0,8.84,2443.13
O001303,4,P0046,1,190.18,0,10.19,200.37
O001304,1,P0072,2,38.74,0.1,11.65,81.38
O001305,1,P0313,1,555.72,0,6.51,562.23
O001306,1,P0023,1,587.39,0,17.49,604.88
O001306,2,P0170,2,444.66,0,12.56,901.88
O001307,1,P0178,1,294.67,0,2.04,296.71
O001307,2,P0315,1,174.01,0.05,17.41,182.72
O001308,1,P0081,3,312.38,0.15,17.11,813.68
O001308,2,P0185,1,8.75,0,4.86,13.61
O001309,1,P0165,1,27.21,0,7.3,34.51
O001309,2,P0091,2,86.5,0,18.03,191.03
O001309,3,P0306,5,219.19,0,15.52,1111.47
O001310,1,P0155,1,88.23,0,15.27,103.5
O001311,1,P0320,2,907.09,0.15,5.09,1547.14
O001312,1,P0053,4,360.49,0,4.74,1446.7
O001313,1,P0263,1,574.22,0,2,576.22
O001314,1,P0165,1,27.21,0.05,5.99,31.84
O001315,1,P0090,2,907.45,0,14.96,1829.86
O001316,1,P0071,1,250.08,0.2,21.6,221.66
O001317,1,P0192,1,951.76,0.05,9.97,914.14
O001317,2,P0007,1,306.83,0.05,2,293.49
O001318,1,P0019,1,618.71,0,23.77,642.48
O001318,2,P0073,3,139.62,0.15,22.13,378.16
O001319,1,P0035,1,544.32,0.05,6.52,523.62
O001320,1,P0029,1,490.19,0,19.44,509.63
O001320,2,P0074,5,81.29,0.1,2,367.81
O001320,3,P0237,2,956.17,0,8.74,1921.08
O001321,1,P0317,1,811.43,0,13.51,824.94
O001321,2,P0300,1,398.18,0,18.89,417.07
O001322,1,P0137,2,168.37,0.05,11.68,331.58
O001323,1,P0096,1,224.82,0.1,7.0,209.34
O001324,1,P0275,1,515.35,0,23.97,539.32
O001324,2,P0021,2,806.92,0.05,20.51,1553.66
O001325,1,P0273,1,75.24,0,12.82,88.06
O001326,1,P0103,3,158.36,0,5.52,480.6
O001327,1,P0277,1,49.26,0,20.42,69.68
O001327,2,P0155,1,88.23,0,2,90.23
O001328,1,P0101,2,92.83,0,16.7,202.36
O001328,2,P0169,3,410.06,0.05,20.4,1189.07
O001328,3,P0043,1,118.53,0,10.19,128.72
O001329,1,P0222,1,182.56,0,29.43,211.99
O001330,1,P0138,1,870.78,0,19.98,890.76
O001331,1,P0134,2,574.47,0.15,14.7,991.3
O001332,1,P0068,1,148.48,0.1,10.39,144.02
O001333,1,P0158,2,130.71,0,32.67,294.09
O001334,1,P0006,3,202.12,0,8.41,614.77
O001334,2,P0290,1,617.79,0,5.22,623.01
O001335,1,P0072,3,38.74,0.15,13.2,111.99
O001336,1,P0115,1,602.48,0.05,6.22,578.58
O001337,1,P0201,1,583.78,0.05,17.47,572.06
O001338,1,P0034,1,293.49,0.05,13.2,292.02
O001339,1,P0149,1,858.19,0,11.35,869.54
O001339,2,P0044,4,456.63,0,2,1828.52
O001340,1,P0073,2,139.62,0,12.72,291.96
O001340,2,P0267,2,1088.78,0,8.68,2186.24
O001340,3,P0144,1,649.77,0,4.26,654.03
O001340,4,P0136,1,784.55,0,25.99,810.54
O001341,1,P0108,1,957.8,0.1,7.88,869.9
O001341,2,P0270,1,949.79,0.1,2,856.81
O001342,1,P0175,2,568.15,0.1,19.44,1042.11
O001343,1,P0261,1,745.54,0.1,19.26,690.25
O001343,2,P0084,2,294.21,0.05,9.02,568.02
O001343,3,P0262,1,519.27,0,16.92,536.19
O001343,4,P0304,1,396.52,0,20.08,416.6
O001344,1,P0046,1,190.18,0.1,349.31,520.47
O001345,1,P0152,1,817.49,0.05,5.86,782.48
O001346,1,P0312,1,681.66,0,18.18,699.84
O001347,1,P0199,2,324.1,0.15,7.43,558.4
O001347,2,P0206,1,75.89,0,23.36,99.25
O001347,3,P0285,1,53.42,0.1,26.52,74.6
O001348,1,P0293,2,564.26,0.05,10.5,1082.59
O001348,2,P0210,1,949.92,0.05,13.04,915.46
O001349,1,P0280,2,128.6,0.1,2,233.48
O001350,1,P0082,2,362.46,0,19.65,744.57
O001351,1,P0173,1,758.26,0.1,14.74,697.17
O001352,1,P0311,1,347.85,0.1,3.76,316.83
O001352,2,P0263,1,574.22,0.1,16.68,533.48
O001352,3,P0133,1,17.03,0,18.57,35.6
O001353,1,P0251,3,266.39,0.15,8.14,687.43
O001354,1,P0307,1,69.12,0.05,23.12,88.78
O001354,2,P0024,1,832.14,0,25.97,858.11
O001355,1,P0228,1,539.71,0,7.54,547.25
O001356,1,P0136,1,784.55,0,2,786.55
O001357,1,P0275,1,515.35,0.15,18.38,456.43
O001357,2,P0273,2,75.24,0.15,25.43,153.34
O001358,1,P0039,1,205.22,0,8.25,213.47
O001358,2,P0160,1,413.02,0,21.13,434.15
O001359,1,P0022,1,623.29,0.05,6.28,598.41
O001359,2,P0305,1,330.82,0.1,17.29,315.03
O001359,3,P0165,1,27.21,0,24.92,52.13
O001360,1,P0207,1,469.0,0,21.03,490.03
O001360,2,P0084,2,294.21,0.05,13.14,572.14
O001360,3,P0164,1,13.57,0.1,13.43,25.64
O001361,1,P0096,1,224.82,0,7.63,232.45
O001362,1,P0234,1,354.24,0.05,15.52,352.05
O001363,1,P0280,1,128.6,0.1,8.43,124.17
O001364,1,P0202,2,115.37,0,13.7,244.44
O001365,1,P0240,1,237.45,0,11.32,248.77
O001366,1,P0215,1,1003.36,0,4.23,1007.59
O001366,2,P0029,2,490.19,0,10.92,991.3
O001366,3,P0210,1,949.92,0.1,7.54,862.47
O001367,1,P0120,2,62.98,0,3.44,129.4
O001368,1,P0238,1,645.9,0.15,9.07,558.09
O001368,2,P0019,1,618.71,0.1,4.9,561.74
O001369,1,P0093,1,952.7,0.15,10.09,819.89
O001370,1,P0127,2,597.61,0,6.64,1201.86
O001370,2,P0149,5,858.19,0.1,9.86,3871.72
O001371,1,P0255,1,854.74,0.2,11.91,695.7
O001371,2,P0106,1,236.99,0,14.4,251.39
O001372,1,P0102,4,249.53,0.1,21.3,919.61
O001373,1,P0022,1,623.29,0,9.94,633.23
O001374,1,P0041,1,126.39,0,18.5,144.89
O001375,1,P0244,1,316.68,0.1,2,287.01
O001376,1,P0125,2,329.73,0.2,9.32,536.89
O001376,2,P0229,1,81.64,0.05,12.32,89.88
O001377,1,P0316,1,419.97,0,8.01,427.98
O001378,1,P0096,1,224.82,0.1,4.76,207.1
O001378,2,P0154,1,25.6,0,22.87,48.47
O001379,1,P0147,1,535.43,0,5.16,540.59
O001380,1,P0057,2,286.31,0,12.18,584.8
O001381,1,P0060,2,27.23,0.05,2.61,54.35
O001381,2,P0289,1,88.04,0.1,9.49,88.73
O001382,1,P0066,5,451.94,0,15.28,2274.98
O001383,1,P0135,2,504.23,0.1,15.55,923.16
O001384,1,P0220,2,103.24,0,10.95,217.43
O001385,1,P0141,1,92.1,0,6.97,99.07
O001385,2,P0046,1,190.18,0,4.4,194.58
O001385,3,P0219,1,553.58,0.1,10.21,508.43
O001386,1,P0124,2,336.97,0,11.38,685.32
O001386,2,P0260,2,623.36,0.05,6.52,1190.9
O001387,1,P0208,1,723.84,0,2,725.84
O001388,1,P0320,1,907.09,0,8.25,915.34
O001388,2,P0111,1,127.38,0.05,23.22,144.23
O001389,1,P0115,2,602.48,0.05,12.89,1157.6
O001390,1,P0116,1,339.23,0,15.67,354.9
O001391,1,P0095,1,97.16,0,23.64,120.8
O001392,1,P0197,2,756.59,0.15,18.01,1304.21
O001392,2,P0207,2,469.0,0.1,18.91,863.11
O001392,3,P0052,1,782.48,0,11.43,793.91
O001392,4,P0044,5,456.63,0.05,18.43,2187.42
O001393,1,P0196,1,753.97,0,26.33,780.3
O001393,2,P0144,1,649.77,0,14.61,664.38
O001394,1,P0179,2,159.25,0,3.44,321.94
O001395,1,P0025,1,343.24,0.1,8.38,317.3
O001396,1,P0090,1,907.45,0.15,17.94,789.27
O001397,1,P0087,2,118.02,0,5.82,241.86
O001398,1,P0298,2,410.7,0.15,20.98,719.17
O001398,2,P0077,1,20.98,0,10.11,31.09
O001398,3,P0239,3,873.44,0,19.56,2639.88
O001399,1,P0264,1,502.16,0.2,15.76,417.49
O001400,1,P0241,1,307.92,0.1,15.47,292.6
O001401,1,P0232,2,295.67,0,2,593.34
O001401,2,P0014,1,187.84,0.1,16.74,185.8
O001401,3,P0258,1,81.39,0.15,3.69,72.87
O001401,4,P0218,2,363.84,0,13.91,741.59
O001402,1,P0090,1,907.45,0,9.4,916.85
O001402,2,P0223,1,72.48,0.05,2,70.86
O001403,1,P0225,2,84.06,0.05,14.88,174.59
O001404,1,P0017,1,237.22,0.1,9.69,223.19
O001405,1,P0147,1,535.43,0,20.87,556.3
O001406,1,P0201,1,583.78,0,20.76,604.54
O001406,2,P0234,1,354.24,0,16.65,370.89
O001407,1,P0313,2,555.72,0,19.03,1130.47
O001407,2,P0294,1,73.38,0.15,6.22,68.59
O001408,1,P0177,1,95.11,0,8.35,103.46
O001409,1,P0158,1,130.71,0,4.7,135.41
O001410,1,P0246,1,236.21,0,3.03,239.24
O001410,2,P0249,1,575.36,0,9.63,584.99
O001411,1,P0107,1,435.88,0,27.58,463.46
O001411,2,P0307,2,69.12,0,14.94,153.18
O001411,3,P0079,1,165.37,0.15,10.32,150.88
O001412,1,P0025,3,343.24,0,8.09,1037.81
O001413,1,P0312,4,681.66,0.1,7.96,2461.94
O001413,2,P0087,3,118.02,0,18.3,372.36
O001413,3,P0151,1,785.65,0,6.36,792.01
O001414,1,P0117,3,794.64,0.1,13.91,2159.44
O001415,1,P0054,2,429.08,0.05,2,817.25
O001415,2,P0137,1,168.37,0,8.2,176.57
O001416,1,P0119,1,229.62,0.1,12.88,219.54
O001417,1,P0245,1,489.42,0,16.29,505.71
O001418,1,P0112,1,400.76,0.05,4.14,384.86
O001418,2,P0091,1,86.5,0.1,10.66,88.51
O001419,1,P0178,2,294.67,0,6.83,596.17
O001420,1,P0266,2,242.67,0.05,11.62,472.69
O001421,1,P0067,1,355.88,0.05,24.47,362.56
O001422,1,P0086,1,579.39,0.05,15.85,566.27
O001423,1,P0026,1,659.65,0.15,2,562.7
O001424,1,P0278,1,480.16,0,12.84,493.0
O001424,2,P0168,1,45.44,0,7.68,53.12
O001425,1,P0065,2,492.73,0.05,16.43,952.62
O001426,1,P0277,1,49.26,0,4.78,54.04
O001426,2,P0219,2,553.58,0.1,29.52,1025.96
O001427,1,P0308,1,109.62,0,5.15,114.77
O001427,2,P0043,1,118.53,0,16.6,135.13
O001427,3,P0025,2,343.24,0,9.96,696.44
O001427,4,P0119,3,229.62,0.05,6.48,660.9
O001428,1,P0306,1,219.19,0.1,2.98,200.25
O001428,2,P0059,1,953.24,0.05,19.81,925.39
O001429,1,P0085,1,554.3,0.1,12.73,511.6
O001430,1,P0170,2,444.66,0,8.28,897.6
O001431,1,P0024,1,832.14,0,19.99,852.13
O001432,1,P0009,2,17.8,0.1,12.19,44.23
O001433,1,P0167,1,9.0,0.1,19.75,27.85
O001434,1,P0237,4,956.17,0,26.64,3851.32
O001435,1,P0252,1,259.81,0,3.81,263.62
O001436,1,P0258,2,81.39,0,13.87,176.65
O001437,1,P0162,1,529.22,0,19.08,548.3
O001437,2,P0255,1,854.74,0.1,4.88,774.15
O001437,3,P0048,1,920.6,0.15,2,784.51
O001438,1,P0088,1,259.63,0,2,261.63
O001438,2,P0192,2,951.76,0,14.38,1917.9
O001439,1,P0094,4,756.84,0,19.15,3046.51
O001439,2,P0008,1,193.75,0.15,2,166.69
O001440,1,P0215,1,1003.36,0.15,2,854.86
O001440,2,P0213,1,693.96,0,35.76,729.72
O001441,1,P0283,1,433.94,0.1,26.03,416.58
O001441,2,P0066,1,451.94,0,16.93,468.87
O001441,3,P0110,2,1039.88,0,9.19,2088.95
O001441,4,P0104,1,521.9,0.15,26.24,469.85
O001442,1,P0261,1,745.54,0.15,11.02,644.73
O001443,1,P0108,1,957.8,0,12.6,970.4
O001443,2,P0025,1,343.24,0.1,12.61,321.53
O001444,1,P0100,2,237.44,0,9.24,484.12
O001444,2,P0149,2,858.19,0,10.59,1726.97
O001444,3,P0008,1,193.75,0,2,195.75
O001445,1,P0317,2,811.43,0,14.49,1637.35
O001446,1,P0183,1,808.84,0,11.29,820.13
O001446,2,P0044,4,456.63,0.05,2,1737.19
O001446,3,P0307,2,69.12,0.2,21.55,132.14
O001447,1,P0135,1,504.23,0,6.33,510.56
O001448,1,P0118,3,588.11,0.1,19.29,1607.19
O001448,2,P0294,1,73.38,0,12.37,85.75
O001449,1,P0121,2,97.09,0,8.28,202.46
O001450,1,P0062,1,673.39,0,14.88,688.27
O001451,1,P0238,1,645.9,0.05,11.67,625.27
O001451,2,P0072,1,38.74,0.05,19.81,56.61
O001452,1,P0172,2,461.92,0.1,25.47,856.93
O001453,1,P0287,1,756.46,0,2,758.46
O001454,1,P0043,2,118.53,0,14.78,251.84
O001454,2,P0262,1,519.27,0.05,8.24,501.55
O001455,1,P0209,1,690.43,0.15,9.83,596.7
O001455,2,P0083,2,594.36,0,4.31,1193.03
O001456,1,P0279,1,489.87,0,13.46,503.33
O001457,1,P0120,1,62.98,0.05,7.79,67.62
O001458,1,P0085,1,554.3,0,9.02,563.32
O001459,1,P0307,1,69.12,0.1,15.54,77.75
O001459,2,P0180,1,358.61,0,16.34,374.95
O001460,1,P0170,1,444.66,0.15,11.52,389.48
O001460,2,P0253,1,162.64,0,18.98,181.62
O001461,1,P0082,1,362.46,0.05,9.91,354.25
O001462,1,P0093,1,952.7,0.2,11.8,773.96
O001462,2,P0272,5,724.17,0,9.97,3630.82
O001463,1,P0179,1,159.25,0.05,12.26,163.55
O001463,2,P0028,5,305.36,0.05,11.27,1461.73
O001464,1,P0285,1,53.42,0.05,2,52.75
O001464,2,P0229,1,81.64,0,21.58,103.22
O001465,1,P0018,1,598.9,0,12.38,611.28
O001465,2,P0033,1,310.62,0,12.11,322.73
O001466,1,P0257,1,486.52,0.15,13.21,426.75
O001466,2,P0155,2,88.23,0,6.56,183.02
O001467,1,P0204,1,387.0,0.2,27.2,336.8
O001468,1,P0105,1,18.23,0,13.12,31.35
O001468,2,P0089,1,625.43,0,10.5,635.93
O001469,1,P0302,2,340.59,0,11.64,692.82
O001470,1,P0099,1,458.56,0,14.76,473.32
O001471,1,P0121,2,97.09,0.1,13.26,188.02
O001472,1,P0011,4,363.12,0.1,6.56,1313.79
O001472,2,P0103,20,158.36,0,23.17,3190.37
O001473,1,P0147,1,535.43,0,2.17,537.6
O001474,1,P0005,1,9999.99,0,13.24,10013.23
O001475,1,P0090,2,907.45,0,5.25,1820.15
O001476,1,P0110,1,1039.88,0,30.68,1070.56
O001476,2,P0099,2,458.56,0,3.69,920.81
O001477,1,P0092,2,901.51,0,7.77,1810.79
O001477,2,P0042,1,584.05,0,17.3,601.35
O001478,1,P0269,2,256.16,0,12.51,524.83
O001478,2,P0109,2,194.26,0.1,30.56,380.23
O001479,1,P0260,1,623.36,0,28.46,651.82
O001480,1,P0224,1,355.54,0,2,357.54
O001481,1,P0295,2,164.98,0,14.72,344.68
O001482,1,P0151,1,785.65,0,18.46,804.11
O001483,1,P0010,2,362.93,0.2,10.13,590.82
O001484,1,P0100,2,237.44,0,10.51,485.39
O001484,2,P0029,1,490.19,0,16.11,506.3
O001485,1,P0237,1,956.17,0,16.89,973.06
O001485,2,P0117,1,794.64,0.15,3.55,678.99
O001485,3,P0071,1,250.08,0,2.06,252.14
O001485,4,P0091,4,86.5,0.1,6.7,318.1
O001486,1,P0132,1,107.93,0,2,109.93
O001486,2,P0140,1,227.4,0.05,2,218.03
O001486,3,P0141,1,92.1,0.1,19.83,102.72
O001487,1,P0076,2,1058.97,0,28.43,2146.37
O001487,2,P0124,4,336.97,0,16.83,1364.71
O001487,3,P0036,1,67.34,0,19.48,86.82
O001487,4,P0062,1,673.39,0,17.1,690.49
O001488,1,P0251,1,266.39,0,25.96,292.35
O001488,2,P0049,2,841.2,0,9.98,1692.38
O001489,1,P0266,1,242.67,0.05,4.69,235.23
O001489,2,P0081,1,312.38,0,16.36,328.74
O001489,3,P0210,1,949.92,0,9.29,959.21
O001490,1,P0236,1,397.11,0,2,399.11
O001490,2,P0039,1,205.22,0.1,11.89,196.59
O001491,1,P0266,2,242.67,0,7.86,493.2
O001492,1,P0200,1,499.63,0.1,17.51,467.18
O001493,1,P0068,1,148.48,0,24.83,173.31
O001494,1,P0111,1,127.38,0,12.66,140.04
O001494,2,P0244,1,316.68,0.1,5.33,290.34
O001495,1,P0140,5,227.4,0.1,10.71,1034.01
O001496,1,P0028,1,305.36,0,2,307.36
O001496,2,P0051,2,371.95,0.2,8.45,603.57
O001497,1,P0095,1,97.16,0.15,8.78,91.37
O001497,2,P0244,1,316.68,0,24.06,340.74
O001497,3,P0087,1,118.02,0,12.9,130.92
O001498,1,P0279,1,489.87,0,4.42,494.29
O001499,1,P0256,1,847.43,0,6.69,854.12
O001499,2,P0200,1,499.63,0.05,15.86,490.51
O001500,1,P0069,1,423.73,0.05,8.42,410.96
O001501,1,P0173,1,758.26,0,13.87,772.13
O001502,1,P0271,1,775.17,0.05,11.38,747.79
O001503,1,P0260,1,623.36,0.05,15.3,607.49
O001503,2,P0284,1,501.64,0,2.88,504.52
O001504,1,P0119,3,229.62,0.15,10.13,595.66
O001505,1,P0030,2,122.57,0,5.39,250.53
O001506,1,P0206,2,75.89,0,5.75,157.53
O001506,2,P0159,1,343.13,0.1,22.62,331.44
O001506,3,P0289,1,88.04,0.05,7.89,91.53
O001506,4,P0103,1,158.36,0.1,17.12,159.64
O001507,1,P0043,1,118.53,0,12.36,130.89
O001508,1,P0083,1,594.36,0,15.73,610.09
O001508,2,P0182,1,150.43,0.2,6.02,126.36
O001509,1,P0243,1,711.65,0,17.8,729.45
O001509,2,P0023,1,587.39,0.05,8.71,566.73
O001510,1,P0053,2,360.49,0,7.45,728.43
O001511,1,P0067,1,355.88,0,6.41,362.29
O001512,1,P0302,1,340.59,0,2,342.59
O001512,2,P0179,1,159.25,0,13.18,172.43
O001513,1,P0280,1,128.6,0,6.25,134.85
O001514,1,P0182,1,150.43,0.15,2.01,129.88
O001514,2,P0074,1,81.29,0,10.34,91.63
O001515,1,P0211,2,980.09,0.1,12.14,1776.3
O001516,1,P0157,1,807.11,0.05,9.99,776.74
O001517,1,P0156,1,90.87,0,6.59,97.46
O001517,2,P0272,3,724.17,0,18.21,2190.72
O001518,1,P0062,2,673.39,0,25.24,1372.02
O001518,2,P0011,1,363.12,0.15,15.03,323.68
O001518,3,P0142,1,483.04,0.1,11.12,445.86
O001519,1,P0223,2,72.48,0.15,10.33,133.55
O001520,1,P0182,2,150.43,0.2,5.23,245.92
O001520,2,P0090,1,907.45,0.15,6.46,777.79
O001520,3,P0098,3,701.13,0,12.92,2116.31
O001520,4,P0261,1,745.54,0.1,16.9,687.89
O001521,1,P0221,5,188.81,0,20.97,965.02
O001522,1,P0160,1,413.02,0.1,2,373.72
O001522,2,P0065,1,492.73,0,9.3,502.03
O001522,3,P0291,1,657.02,0.1,18.44,609.76
O001523,1,P0304,2,396.52,0.1,13.21,726.95
O001523,2,P0234,1,354.24,0,2.4,356.64
O001523,3,P0005,1,9999.99,0.05,18.44,9518.43
O001524,1,P0127,1,597.61,0,8.76,606.37
O001524,2,P0089,2,625.43,0,19.26,1270.12
O001525,1,P0041,1,126.39,0,17.46,143.85
O001525,2,P0030,1,122.57,0,11.51,134.08
O001526,1,P0002,1,556.12,0,15.52,571.64
O001526,2,P0296,2,428.51,0,5.29,862.31
O001526,3,P0298,1,410.7,0.15,22.29,371.38
O001527,1,P0005,2,9999.99,0.1,14.86,18014.84
O001528,1,P0194,1,140.84,0.05,24.69,158.49
O001528,2,P0003,1,146.76,0.05,16.51,155.93
O001529,1,P0142,1,483.04,0.1,10.42,445.16
O001530,1,P0290,1,617.79,0,2.39,620.18
O001530,2,P0234,1,354.24,0.1,10.69,329.51
O001531,1,P0245,3,489.42,0,21.04,1489.3
O001532,1,P0025,1,343.24,0,32.74,375.98
O001532,2,P0097,1,267.08,0.1,15.76,256.13
O001532,3,P0116,1,339.23,0.1,26.73,332.04
O001533,1,P0159,2,343.13,0.1,8.84,626.47
O001533,2,P0151,1,785.65,0,5.05,790.7
O001534,1,P0058,1,156.02,0,12.37,168.39
O001535,1,P0253,1,162.64,0,23.44,186.08
O001536,1,P0134,3,574.47,0,14.43,1737.84
O001537,1,P0187,1,106.77,0.15,9.65,100.4
O001537,2,P0222,1,182.56,0,6.71,189.27
O001537,3,P0043,2,118.53,0.1,7.45,220.8
O001537,4,P0086,1,579.39,0,11.74,591.13
O001538,1,P0230,1,438.21,0,17.77,455.98
O001539,1,P0059,1,953.24,0.1,18.25,876.17
O001540,1,P0160,1,413.02,0.15,9.52,360.59
O001541,1,P0060,1,27.23,0,5.85,33.08
O001542,1,P0235,1,6.83,0.15,17.84,23.65
O001542,2,P0092,1,901.51,0,16.26,917.77
O001543,1,P0273,1,75.24,0,25.14,100.38
O001544,1,P0201,1,583.78,0,25.73,609.51
O001545,1,P0155,1,88.23,0,21.47,109.7
O001545,2,P0258,1,81.39,0,4.22,85.61
O001546,1,P0071,1,250.08,0,9.13,259.21
O001547,1,P0068,2,148.48,0.1,11.0,278.26
O001548,1,P0155,1,88.23,0,2.57,90.8
O001549,1,P0094,1,756.84,0.05,19.82,738.82
O001549,2,P0050,2,745.53,0.15,8.8,1276.2
O001549,3,P0030,1,122.57,0.1,21.4,131.71
O001550,1,P0318,1,432.06,0.15,10.12,377.37
O001550,2,P0067,1,355.88,0,24.3,380.18
O001551,1,P0217,2,390.23,0.05,7.66,749.1
O001552,1,P0102,1,249.53,0.15,10.71,222.81
O001552,2,P0208,1,723.84,0,2,725.84
O001552,3,P0036,1,67.34,0,24.95,92.29
O001553,1,P0176,5,265.34,0,16.33,1343.03
O001553,2,P0268,3,214.47,0,7.39,650.8
O001554,1,P0159,1,343.13,0.15,15.91,307.57
O001554,2,P0137,1,168.37,0,24.97,193.34
O001554,3,P0064,1,145.78,0,8.94,154.72
O001555,1,P0090,4,907.45,0.15,25.06,3110.39
O001555,2,P0123,1,202.44,0,14.34,216.78
O001556,1,P0241,3,307.92,0.05,7.24,884.81
O001557,1,P0159,1,343.13,0,11.36,354.49
O001557,2,P0033,1,310.62,0,7.48,318.1
O001558,1,P0192,1,951.76,0.05,5.83,910.0
O001558,2,P0023,3,587.39,0.15,8.25,1506.09
O001559,1,P0083,1,594.36,0.1,16.67,551.59
O001560,1,P0110,1,1039.88,0,4.32,1044.2
O001561,1,P0160,1,413.02,0.1,14.38,386.1
O001562,1,P0009,1,17.8,0.15,4.29,19.42
O001563,1,P0033,4,310.62,0.05,13.4,1193.76
O001564,1,P0071,1,250.08,0,4.95,255.03
O001565,1,P0305,1,330.82,0.05,24.44,338.72
O001565,2,P0051,3,371.95,0.15,15.58,964.05
O001565,3,P0131,2,185.19,0.1,15.7,349.04
O001566,1,P0316,2,419.97,0.15,10.41,724.36
O001567,1,P0277,1,49.26,0,8.71,57.97
O001567,2,P0043,1,118.53,0.2,8.08,102.9
O001568,1,P0262,1,519.27,0,22.33,541.6
O001568,2,P0153,1,339.5,0,7.68,347.18
O001568,3,P0038,2,778.2,0.1,9.2,1409.96
O001569,1,P0149,1,858.19,0.05,4.87,820.15
O001570,1,P0135,1,504.23,0,7.56,511.79
O001571,1,P0111,1,127.38,0.1,7.53,122.17
O001571,2,P0130,1,491.43,0.1,30.39,472.68
O001571,3,P0260,3,623.36,0,2,1872.08
O001572,1,P0195,1,256.53,0,16.27,272.8
O001573,1,P0134,1,574.47,0.15,2,490.3
O001574,1,P0144,2,649.77,0.1,17.47,1187.06
O001575,1,P0034,2,293.49,0.1,20.33,548.61
O001576,1,P0201,1,583.78,0,22.63,606.41
O001576,2,P0098,2,701.13,0,23.71,1425.97
O001577,1,P0054,1,429.08,0,25.46,454.54
O001578,1,P0119,1,229.62,0.1,16.05,222.71
O001579,1,P0026,1,659.65,0,24.81,684.46
O001580,1,P0260,1,623.36,0.1,12.84,573.86
O001581,1,P0173,1,758.26,0,9.07,767.33
O001581,2,P0200,2,499.63,0,2,1001.26
O001582,1,P0235,5,6.83,0.05,14.53,46.97
O001582,2,P0230,1,438.21,0,5.76,443.97
O001583,1,P0114,1,967.11,0,20.21,987.32
O001583,2,P0020,1,1036.19,0,13.73,1049.92
O001584,1,P0294,1,73.38,0.1,13.86,79.9
O001584,2,P0270,1,949.79,0,13.68,963.47
O001584,3,P0245,1,489.42,0,14.19,503.61
O001584,4,P0225,1,84.06,0.1,11.9,87.55
O001585,1,P0294,3,73.38,0,2,222.14
O001586,1,P0123,1,202.44,0,14.43,216.87
O001587,1,P0241,1,307.92,0,22.79,330.71
O001587,2,P0306,1,219.19,0,2,221.19
O001588,1,P0199,1,324.1,0.2,8.99,268.27
O001589,1,P0101,2,92.83,0,23.92,209.58
O001590,1,P0152,1,817.49,0,7.96,825.45
O001591,1,P0301,1,263.33,0.05,21.31,271.47
O001591,2,P0212,1,486.38,0.1,19.48,457.22
O001592,1,P0024,1,832.14,0,22.7,854.84
O001592,2,P0027,1,406.86,0,6.08,412.94
O001592,3,P0092,1,901.51,0.05,32.07,888.5
O001593,1,P0055,3,237.15,0.05,6.9,682.78
O001593,2,P0041,1,126.39,0.1,15.57,129.32
O001594,1,P0252,1,259.81,0.2,17.25,225.1
O001595,1,P0213,1,693.96,0.05,15.16,674.42
O001595,2,P0307,1,69.12,0,3.76,72.88
O001595,3,P0295,1,164.98,0,7.57,172.55
O001595,4,P0281,4,372.41,0.1,19.24,1359.92
O001596,1,P0109,4,194.26,0.2,2,623.63
O001596,2,P0129,3,104.68,0.1,6.64,289.28
O001597,1,P0005,2,9999.99,0.1,5.89,18005.87
O001598,1,P0316,1,419.97,0.15,14.32,371.29
O001599,1,P0098,2,701.13,0,12.59,1414.85
O001600,1,P0021,3,806.92,0,9.94,2430.7
O001600,2,P0171,1,427.19,0.05,27.61,433.44
O001601,1,P0039,2,205.22,0,18.97,429.41
O001602,1,P0060,1,27.23,0.05,4.84,30.71
O001603,1,P0201,1,583.78,0,10.13,593.91
O001603,2,P0049,2,841.2,0,6.29,1688.69
O001603,3,P0069,2,423.73,0.05,24.56,829.65
O001604,1,P0005,1,9999.99,0.15,4.92,8504.91
O001605,1,P0023,1,587.39,0.05,4.86,562.88
O001605,2,P0199,1,324.1,0.05,2.16,310.06
O001605,3,P0294,20,73.38,0,6.75,1474.35
O001605,4,P0026,1,659.65,0.1,23.1,616.78
O001606,1,P0011,1,363.12,0.05,17.31,362.27
O001607,1,P0072,2,38.74,0,11.27,88.75
O001607,2,P0184,2,112.13,0,23.49,247.75
O001607,3,P0267,1,1088.78,0.05,22.07,1056.41
O001608,1,P0053,1,360.49,0,5.27,365.76
O001609,1,P0153,1,339.5,0,16.73,356.23
O001609,2,P0005,2,9999.99,0.05,19.28,19019.26
O001609,3,P0146,2,288.94,0,18.58,596.46
O001610,1,P0257,1,486.52,0.2,18.36,407.58
O001610,2,P0104,2,521.9,0,13.41,1057.21
O001610,3,P0196,1,753.97,0,2,755.97
O001610,4,P0124,1,336.97,0,8.96,345.93
O001611,1,P0090,1,907.45,0,19.08,926.53
O001611,2,P0122,1,149.46,0.15,8.28,135.32
O001612,1,P0207,2,469.0,0.05,5.8,896.9
O001613,1,P0220,1,103.24,0.2,5.28,87.87
O001613,2,P0299,1,28.85,0.15,4.97,29.49
O001613,3,P0049,1,841.2,0.05,10.92,810.06
O001614,1,P0083,1,594.36,0.15,28.74,533.95
O001615,1,P0247,3,315.54,0,12.68,959.3
O001616,1,P0237,1,956.17,0.1,3.81,864.36
O001616,2,P0230,2,438.21,0,2,878.42
O001616,3,P0312,2,681.66,0,24.49,1387.81
O001617,1,P0201,1,583.78,0.05,12.58,567.17
O001618,1,P0298,1,410.7,0,25.15,435.85
O001619,1,P0035,1,544.32,0.2,13.37,448.83
O001620,1,P0174,1,845.79,0,24.13,869.92
O001620,2,P0021,1,806.92,0,19.45,826.37
O001620,3,P0030,1,122.57,0.05,8.52,124.96
O001621,1,P0200,1,499.63,0.05,26.22,500.87
O001622,1,P0283,4,433.94,0.1,15.97,1578.15
O001622,2,P0097,1,267.08,0,19.52,286.6
O001623,1,P0138,2,870.78,0.1,2,1569.4
O001624,1,P0220,1,103.24,0.1,11.64,104.56
O001625,1,P0069,1,423.73,0,2.58,426.31
O001625,2,P0255,1,854.74,0.1,6.24,775.51
O001626,1,P0268,1,214.47,0.1,2,195.02
O001627,1,P0218,1,363.84,0.05,11.27,356.92
O001628,1,P0299,3,28.85,0,14.96,101.51
O001629,1,P0112,2,400.76,0,8.66,810.18
O001630,1,P0092,1,901.51,0,2,903.51
O001631,1,P0300,2,398.18,0,19.42,815.78
O001631,2,P0045,1,72.1,0.2,13.48,71.16
O001631,3,P0155,1,88.23,0.1,2,81.41
O001631,4,P0240,2,237.45,0,23.43,498.33
O001632,1,P0027,1,406.86,0,15.52,422.38
O001633,1,P0035,1,544.32,0.1,2,491.89
O001633,2,P0256,1,847.43,0.1,24.71,787.4
O001633,3,P0015,1,284.04,0,26.18,310.22
O001634,1,P0213,1,693.96,0.1,16.58,641.14
O001635,1,P0196,1,753.97,0,2,755.97
O001635,2,P0121,1,97.09,0,6.71,103.8
O001636,1,P0308,1,109.62,0,5.02,114.64
O001637,1,P0285,1,53.42,0,21.8,75.22
O001638,1,P0043,1,118.53,0,18.19,136.72
O001639,1,P0200,3,499.63,0.1,12.28,1361.28
O001640,1,P0222,2,182.56,0.05,27.77,374.63
O001640,2,P0044,1,456.63,0.05,17.78,451.58
O001641,1,P0032,2,577.34,0,16.45,1171.13
O001642,1,P0184,1,112.13,0.1,2.59,103.51
O001643,1,P0037,1,1028.12,0,16.37,1044.49
O001643,2,P0036,1,67.34,0,20.36,87.7
O001643,3,P0225,1,84.06,0,16.02,100.08
O001644,1,P0116,1,339.23,0.1,13.64,318.95
O001645,1,P0242,2,722.98,0,17.11,1463.07
O001646,1,P0236,2,397.11,0.1,2,716.8
O001647,1,P0236,1,397.11,0,18.17,415.28
O001648,1,P0005,1,9999.99,0.05,2,9501.99
O001648,2,P0270,1,949.79,0,2.52,952.31
O001648,3,P0269,2,256.16,0.1,14.88,475.97
O001649,1,P0223,1,72.48,0,18.21,90.69
O001650,1,P0131,1,185.19,0.1,14.5,181.17
O001650,2,P0146,2,288.94,0.1,19.95,540.04
O001651,1,P0218,1,363.84,0.1,9.07,336.53
O001652,1,P0196,2,753.97,0.2,9.36,1215.71
O001653,1,P0169,1,410.06,0,9.88,419.94
O001653,2,P0309,2,541.39,0,11.51,1094.29
O001653,3,P0185,1,8.75,0,16.25,25.0
O001653,4,P0059,1,953.24,0,25.19,978.43
O001654,1,P0193,1,216.15,0,4.01,220.16
O001654,2,P0320,1,907.09,0,22.27,929.36
O001654,3,P0218,1,363.84,0.15,2,311.26
O001655,1,P0051,1,371.95,0.1,8.08,342.83
O001656,1,P0040,2,354.01,0,24.18,732.2
O001656,2,P0280,3,128.6,0.1,21.82,369.04
O001657,1,P0062,1,673.39,0,12.35,685.74
O001658,1,P0048,1,920.6,0.05,23.21,897.78
O001659,1,P0267,1,1088.78,0,19.03,1107.81
O001660,1,P0141,1,92.1,0.05,11.16,98.65
O001660,2,P0167,1,9.0,0,27.28,36.28
O001661,1,P0270,1,949.79,0.1,2,856.81
O001661,2,P0046,1,190.18,0,7.12,197.3
O001661,3,P0304,1,396.52,0,3.9,400.42
O001662,1,P0135,1,504.23,0,19.74,523.97
O001663,1,P0050,1,745.53,0.15,7.2,640.9
O001664,1,P0237,1,956.17,0.15,4.65,817.39
O001664,2,P0185,1,8.75,0,22.77,31.52
O001665,1,P0022,1,623.29,0,15.7,638.99
O001665,2,P0304,5,396.52,0.05,20.93,1904.4
O001666,1,P0255,1,854.74,0.1,13.92,783.19
O001667,1,P0281,1,372.41,0.15,10.85,327.4
O001668,1,P0249,1,575.36,0,15.54,590.9
O001669,1,P0258,3,81.39,0.05,16.57,248.53
O001670,1,P0011,1,363.12,0,16.53,379.65
O001670,2,P0124,1,336.97,0,13.55,350.52
O001671,1,P0102,1,249.53,0,24.43,273.96
O001671,2,P0159,2,343.13,0.05,16.37,668.32
O001671,3,P0309,1,541.39,0,14.21,555.6
O001672,1,P0229,2,81.64,0.1,2,148.95
O001673,1,P0103,2,158.36,0.15,6.92,276.13
O001674,1,P0306,1,219.19,0,23.1,242.29
O001675,1,P0189,1,630.91,0,13.42,644.33
O001675,2,P0267,1,1088.78,0,10.39,1099.17
O001676,1,P0049,1,841.2,0,21.68,862.88
O001677,1,P0257,1,486.52,0.05,2.03,464.22
O001678,1,P0300,3,398.18,0,17.89,1212.43
O001679,1,P0016,3,576.57,0,8.84,1738.55
O001680,1,P0048,1,920.6,0.1,19.44,847.98
O001681,1,P0222,1,182.56,0,8.39,190.95
O001682,1,P0305,1,330.82,0,3.24,334.06
O001683,1,P0185,1,8.75,0,17.44,26.19
O001683,2,P0080,1,194.14,0.15,19.47,184.49
O001684,1,P0300,1,398.18,0,16.74,414.92
O001685,1,P0186,1,638.99,0,2.41,641.4
O001685,2,P0231,1,766.78,0.1,18.77,708.87
O001686,1,P0119,1,229.62,0,8.9,238.52
O001686,2,P0100,1,237.44,0,8.7,246.14
O001687,1,P0246,3,236.21,0.15,23.25,625.59
O001687,2,P0048,4,920.6,0.1,29.76,3343.92
O001687,3,P0156,3,90.87,0.05,10.1,269.08
O001688,1,P0239,2,873.44,0,20.63,1767.51
O001689,1,P0300,2,398.18,0,18.26,814.62
O001689,2,P0062,3,673.39,0,6.21,2026.38
O001689,3,P0217,1,390.23,0.1,10.36,361.57
O001690,1,P0286,1,518.79,0,9.93,528.72
O001690,2,P0175,1,568.15,0.1,9.46,520.79
O001691,1,P0103,2,158.36,0,9.13,325.85
O001692,1,P0139,3,531.18,0.15,11.02,1365.53
O001693,1,P0078,1,314.17,0,3.64,317.81
O001693,2,P0179,1,159.25,0.15,15.98,151.34
O001693,3,P0291,2,657.02,0,24.05,1338.09
O001693,4,P0183,1,808.84,0.05,30.79,799.19
O001694,1,P0265,2,240.13,0.15,30.16,438.38
O001694,2,P0063,1,310.44,0,18.1,328.54
O001695,1,P0272,3,724.17,0.05,14.99,2078.87
O001696,1,P0146,3,288.94,0,2,868.82
O001696,2,P0128,5,835.43,0,5.49,4182.64
O001696,3,P0045,1,72.1,0,10.13,82.23
O001696,4,P0023,1,587.39,0.1,2,530.65
O001697,1,P0022,2,623.29,0,21.1,1267.68
O001697,2,P0170,1,444.66,0.15,4.06,382.02
O001698,1,P0276,1,820.81,0.2,15.67,672.32
O001699,1,P0077,1,20.98,0,18.22,39.2
O001700,1,P0205,1,468.82,0.15,14.62,413.12
O001701,1,P0177,2,95.11,0.15,18.85,180.54
O001702,1,P0025,1,343.24,0,10.42,353.66
O001703,1,P0051,1,371.95,0.1,25.58,360.33
O001703,2,P0143,1,110.16,0.1,2,101.14
O001703,3,P0013,1,110.57,0,7.46,118.03
O001703,4,P0238,2,645.9,0,10.08,1301.88
O001704,1,P0026,2,659.65,0.15,2,1123.4
O001704,2,P0015,1,284.04,0,13.13,297.17
O001704,3,P0144,2,649.77,0,18.4,1317.94
O001705,1,P0208,1,723.84,0,2,725.84
O001706,1,P0083,1,594.36,0.1,11.76,546.68
O001706,2,P0057,2,286.31,0,6.67,579.29
O001707,1,P0317,4,811.43,0,2.97,3248.69
O001708,1,P0165,1,27.21,0,12.34,39.55
O001709,1,P0312,3,681.66,0,10.32,2055.3
O001710,1,P0138,1,870.78,0.05,18.1,845.34
O001711,1,P0137,1,168.37,0,19.52,187.89
O001711,2,P0319,5,702.73,0,15.57,3529.22
O001711,3,P0063,2,310.44,0.15,4.11,531.86
O001712,1,P0102,1,249.53,0,16.64,266.17
O001713,1,P0133,2,17.03,0,15.54,49.6
O001713,2,P0008,1,193.75,0.1,6.38,180.75
O001714,1,P0033,1,310.62,0,10.54,321.16
O001714,2,P0227,1,292.14,0,24.68,316.82
O001715,1,P0022,1,623.29,0.15,2,531.8
O001715,2,P0306,4,219.19,0,4.0,880.76
O001716,1,P0184,1,112.13,0.1,14.2,115.12
O001717,1,P0196,1,753.97,0,8.44,762.41
O001717,2,P0008,1,193.75,0,6.56,200.31
O001718,1,P0208,1,723.84,0,3.04,726.88
O001718,2,P0280,3,128.6,0.05,6.16,372.67
O001719,1,P0242,1,722.98,0,29.35,752.33
O001719,2,P0143,2,110.16,0,13.45,233.77
O001720,1,P0067,1,355.88,0,11.22,367.1
O001721,1,P0023,1,587.39,0.05,2,560.02
O001721,2,P0060,1,27.23,0,4.7,31.93
O001721,3,P0131,1,185.19,0.05,2,177.93
O001722,1,P0245,2,489.42,0.05,8.9,938.8
O001722,2,P0157,2,807.11,0,20.09,1634.31
O001723,1,P0189,2,630.91,0.2,24.86,1034.32
O001723,2,P0264,1,502.16,0.2,10.23,411.96
O001723,3,P0062,2,673.39,0,9.18,1355.96
O001724,1,P0187,1,106.77,0.1,5.52,101.61
O001725,1,P0123,1,202.44,0,11.7,214.14
O001726,1,P0212,1,486.38,0.15,24.28,437.7
O001727,1,P0233,2,84.69,0,17.51,186.89
O001727,2,P0060,1,27.23,0,12.92,40.15
O001728,1,P0288,3,898.37,0.05,2.19,2562.54
O001729,1,P0310,1,8.5,0.05,14.47,22.55
O001729,2,P0245,2,489.42,0.05,16.45,946.35
O001729,3,P0026,4,659.65,0,14.15,2652.75
O001729,4,P0219,1,553.58,0,20.21,573.79
O001730,1,P0318,1,432.06,0.1,22.31,411.16
O001730,2,P0166,2,20.64,0,22.11,63.39
O001731,1,P0006,1,202.12,0.15,13.24,185.04
O001732,1,P0099,1,458.56,0,12.68,471.24
O001732,2,P0165,1,27.21,0,9.74,36.95
O001733,1,P0123,1,202.44,0.1,9.07,191.27
O001734,1,P0111,1,127.38,0.05,2.69,123.7
O001734,2,P0042,1,584.05,0,16.46,600.51
O001734,3,P0318,1,432.06,0.2,11.82,357.47
O001734,4,P0192,1,951.76,0,17.6,969.36
O001735,1,P0285,2,53.42,0.2,11.03,96.5
O001735,2,P0217,2,390.23,0.2,15.05,639.42
O001735,3,P0007,1,306.83,0,12.61,319.44
O001736,1,P0033,4,310.62,0,18.1,1260.58
O001736,2,P0289,2,88.04,0.1,2,160.47
O001736,3,P0170,1,444.66,0,21.88,466.54
O001736,4,P0039,1,205.22,0.15,12.14,186.58
O001737,1,P0297,1,38.06,0,8.99,47.05
O001737,2,P0098,1,701.13,0,11.3,712.43
O001737,3,P0041,2,126.39,0.05,24.71,264.85
O001737,4,P0143,1,110.16,0,10.47,120.63
O001738,1,P0011,1,363.12,0.15,2.27,310.92
O001739,1,P0194,2,140.84,0.1,22.6,276.11
O001740,1,P0128,1,835.43,0,7.58,843.01
O001741,1,P0224,1,355.54,0.05,22.41,360.17
O001741,2,P0093,2,952.7,0,11.08,1916.48
O001742,1,P0123,1,202.44,0,18.17,220.61
O001742,2,P0075,1,233.38,0,2,235.38
O001743,1,P0150,1,23.53,0,2,25.53
O001743,2,P0050,2,745.53,0.1,17.35,1359.3
O001744,1,P0257,1,486.52,0.1,19.32,457.19
O001745,1,P0169,1,410.06,0.2,2,330.05
O001746,1,P0032,2,577.34,0.1,19.41,1058.62
O001746,2,P0046,1,190.18,0.1,14.14,185.3
O001747,1,P0243,1,711.65,0,13.37,725.02
O001748,1,P0124,3,336.97,0.15,23.36,882.63
O001749,1,P0195,1,256.53,0,10.38,266.91
O001750,1,P0099,5,458.56,0.2,13.0,1847.24
O001751,1,P0050,4,745.53,0.05,13.98,2846.99
O001751,2,P0270,1,949.79,0.1,14.12,868.93
O001752,1,P0224,3,355.54,0.1,10.13,970.09
O001753,1,P0012,2,529.58,0,18.72,1077.88
O001753,2,P0304,1,396.52,0,20.34,416.86
O001753,3,P0263,1,574.22,0.15,2.65,490.74
O001753,4,P0131,1,185.19,0,14.18,199.37
O001754,1,P0064,1,145.78,0.05,2,140.49
O001755,1,P0016,3,576.57,0,10.68,1740.39
O001756,1,P0260,1,623.36,0,14.0,637.36
O001756,2,P0061,3,776.86,0,18.71,2349.29
O001757,1,P0082,3,362.46,0.05,9.9,1042.91
O001758,1,P0079,1,165.37,0.05,8.62,165.72
O001758,2,P0135,1,504.23,0.05,15.2,494.22
O001759,1,P0175,4,568.15,0,2.89,2275.49
O001760,1,P0150,1,23.53,0,5.73,29.26
O001760,2,P0157,1,807.11,0.15,11.23,697.27
O001761,1,P0214,3,42.92,0,15.0,143.76
O001761,2,P0006,2,202.12,0,8.08,412.32
O001761,3,P0194,1,140.84,0,11.07,151.91
O001762,1,P0207,1,469.0,0,3.72,472.72
O001763,1,P0225,2,84.06,0,18.28,186.4
O001764,1,P0046,2,190.18,0.05,29.51,390.85
O001764,2,P0241,1,307.92,0,12.6,320.52
O001764,3,P0069,1,423.73,0.05,18.14,420.68
O001764,4,P0250,2,375.47,0.2,15.15,615.9
O001765,1,P0017,1,237.22,0,24.28,261.5
O001766,1,P0039,2,205.22,0.05,14.28,404.2
O001767,1,P0222,1,182.56,0.1,2,166.3
O001767,2,P0120,2,62.98,0,9.55,135.51
O001768,1,P0098,1,701.13,0,2.95,704.08
O001769,1,P0203,1,420.71,0,7.05,427.76
O001770,1,P0077,1,20.98,0,2.74,23.72
O001771,1,P0276,1,820.81,0,22.13,842.94
O001772,1,P0262,3,519.27,0.05,2,1481.92
O001772,2,P0121,1,97.09,0,9.9,106.99
O001773,1,P0092,3,901.51,0.15,8.32,2307.17
O001773,2,P0075,1,233.38,0,2.39,235.77
O001774,1,P0114,1,967.11,0.15,17.57,839.61
O001775,1,P0163,1,825.28,0.05,15.74,799.76
O001775,2,P0252,1,259.81,0.15,14.06,234.9
O001776,1,P0019,1,618.71,0.05,15.35,603.12
O001777,1,P0301,1,263.33,0.1,12.65,249.65
O001778,1,P0063,1,310.44,0,25.38,335.82
O001779,1,P0081,2,312.38,0.1,19.52,581.8
O001780,1,P0044,2,456.63,0,12.69,925.95
O001780,2,P0201,50,583.78,0.2,2,23353.2
O001781,1,P0063,1,310.44,0.05,25.23,320.15
O001782,1,P0229,1,81.64,0,12.37,94.01
O001782,2,P0027,4,406.86,0.1,11.86,1476.56
O001783,1,P0067,5,355.88,0.1,2.47,1603.93
O001783,2,P0192,1,951.76,0,2,953.76
O001784,1,P0012,1,529.58,0.05,21.75,524.85
O001785,1,P0032,1,577.34,0,22.46,599.8
O001785,2,P0070,1,298.91,0,21.22,320.13
O001785,3,P0073,2,139.62,0,2,281.24
O001786,1,P0145,3,247.46,0.2,2,595.9
O001787,1,P0071,1,250.08,0,21.91,271.99
O001788,1,P0184,1,112.13,0.1,11.31,112.23
O001789,1,P0139,3,531.18,0,10.5,1604.04
O001790,1,P0152,1,817.49,0.2,6.56,660.55
O001791,1,P0101,2,92.83,0,5.61,191.27
O001791,2,P0280,2,128.6,0,18.98,276.18
O001791,3,P0284,1,501.64,0.15,2,428.39
O001792,1,P0099,1,458.56,0.15,14.55,404.33
O001792,2,P0104,2,521.9,0,6.34,1050.14
O001793,1,P0197,2,756.59,0.15,11.72,1297.92
O001793,2,P0077,3,20.98,0.15,15.69,69.19
O001793,3,P0189,2,630.91,0.15,10.92,1083.47
O001794,1,P0217,1,390.23,0,14.8,405.03
O001795,1,P0245,1,489.42,0,14.18,503.6
O001795,2,P0197,2,756.59,0.2,11.97,1222.51
O001795,3,P0024,1,832.14,0,7.34,839.48
O001796,1,P0105,1,18.23,0.15,23.9,39.4
O001796,2,P0193,1,216.15,0,21.09,237.24
O001796,3,P0104,1,521.9,0,18.47,540.37
O001797,1,P0229,1,81.64,0.15,2,71.39
O001798,1,P0137,2,168.37,0.05,2,321.9
O001799,1,P0114,1,967.11,0,22.92,990.03
O001799,2,P0123,2,202.44,0.05,13.17,397.81
O001799,3,P0060,1,27.23,0,10.03,37.26
O001799,4,P0180,1,358.61,0,22.07,380.68
O001800,1,P0029,1,490.19,0,2.97,493.16
O001800,2,P0152,2,817.49,0,18.91,1653.89
O001800,3,P0138,1,870.78,0.15,24.38,764.54
O001801,1,P0087,1,118.02,0,16.62,134.64
O001801,2,P0154,1,25.6,0,3.19,28.79
O001801,3,P0303,2,483.69,0.05,2.76,921.77
O001802,1,P0203,1,420.71,0,4.75,425.46
O001803,1,P0236,1,397.11,0.1,17.14,374.54
O001804,1,P0220,1,103.24,0,27.39,130.63
O001805,1,P0274,1,832.77,0,12.88,845.65
O001806,1,P0300,2,398.18,0,32.22,828.58
O001807,1,P0253,1,162.64,0.05,19.06,173.57
O001807,2,P0037,1,1028.12,0,9.21,1037.33
O001808,1,P0022,1,623.29,0,35.04,658.33
O001809,1,P0038,2,778.2,0.1,17.37,1418.13
O001809,2,P0034,1,293.49,0,16.96,310.45
O001810,1,P0149,2,858.19,0,4.69,1721.07
O001810,2,P0222,1,182.56,0,11.65,194.21
O001811,1,P0234,2,354.24,0.05,21.97,695.03
O001812,1,P0193,1,216.15,0.1,2,196.53
O001813,1,P0101,2,92.83,0,13.01,198.67
O001814,1,P0228,1,539.71,0.05,14.24,526.96
O001814,2,P0284,1,501.64,0,5.48,507.12
O001815,1,P0282,3,856.4,0.1,18.39,2330.67
O001816,1,P0017,1,237.22,0.1,14.64,228.14
O001817,1,P0086,1,579.39,0,16.4,595.79
O001817,2,P0142,1,483.04,0.2,16.22,402.65
O001818,1,P0015,1,284.04,0,17.24,301.28
O001819,1,P0315,2,174.01,0.1,9.24,322.46
O001820,1,P0262,1,519.27,0.1,16.4,483.74
O001820,2,P0202,2,115.37,0.15,13.92,210.05
O001820,3,P0057,1,286.31,0.05,17.13,289.12
O001821,1,P0154,1,25.6,0.15,16.03,37.79
O001821,2,P0313,1,555.72,0,20.45,576.17
O001821,3,P0186,1,638.99,0,41.65,680.64
O001822,1,P0154,1,25.6,0.05,31.25,55.57
O001822,2,P0159,2,343.13,0,19.64,705.9
O001823,1,P0230,1,438.21,0,13.62,451.83
O001823,2,P0015,5,284.04,0,14.43,1434.63
O001823,3,P0019,1,618.71,0,10.33,629.04
O001824,1,P0216,2,823.56,0,19.89,1667.01
O001825,1,P0067,1,355.88,0,15.11,370.99
O001825,2,P0176,1,265.34,0.15,14.06,239.6
O001825,3,P0232,2,295.67,0,14.25,605.59
O001825,4,P0285,1,53.42,0,13.79,67.21
O001826,1,P0041,1,126.39,0,16.05,142.44
O001827,1,P0029,3,490.19,0.15,26.26,1276.24
O001827,2,P0100,3,237.44,0,2,714.32
O001828,1,P0141,5,92.1,0.2,19.96,388.36
O001828,2,P0242,1,722.98,0,7.16,730.14
O001828,3,P0003,1,146.76,0.05,2,141.42
O001829,1,P0010,1,362.93,0.05,14.62,359.4
O001830,1,P0318,3,432.06,0.05,8.09,1239.46
O001831,1,P0235,1,6.83,0.1,18.66,24.81
O001831,2,P0164,2,13.57,0,5.88,33.02
O001832,1,P0315,3,174.01,0,15.32,537.35
O001833,1,P0256,1,847.43,0,15.73,863.16
O001834,1,P0062,1,673.39,0.05,18.09,657.81
O001834,2,P0084,1,294.21,0,9.4,303.61
O001834,3,P0082,1,362.46,0,3.78,366.24
O001835,1,P0134,1,574.47,0.15,10.72,499.02
O001835,2,P0018,1,598.9,0.1,22.38,561.39
O001835,3,P0040,1,354.01,0,24.76,378.77
O001836,1,P0170,1,444.66,0.1,23.69,423.88
O001837,1,P0135,1,504.23,0,5.28,509.51
O001837,2,P0004,2,803.36,0,8.44,1615.16
O001837,3,P0286,5,518.79,0,7.99,2601.94
O001837,4,P0315,1,174.01,0,24.61,198.62
O001838,1,P0096,1,224.82,0.05,7.33,220.91
O001839,1,P0083,1,594.36,0,15.65,610.01
O001839,2,P0085,4,554.3,0,19.51,2236.71
O001840,1,P0306,2,219.19,0.1,2.58,397.12
O001841,1,P0213,1,693.96,0,6.16,700.12
O001842,1,P0045,1,72.1,0.05,2,70.49
O001843,1,P0027,1,406.86,0.05,16.97,403.49
O001843,2,P0018,1,598.9,0,26.21,625.11
O001844,1,P0258,1,81.39,0.1,2,75.25
O001845,1,P0131,1,185.19,0,13.1,198.29
O001846,1,P0243,1,711.65,0.05,8.09,684.16
O001847,1,P0216,1,823.56,0.05,2,784.38
O001848,1,P0232,1,295.67,0,19.34,315.01
O001849,1,P0165,1,27.21,0.2,19.92,41.69
O001850,1,P0133,1,17.03,0,24.17,41.2
O001851,1,P0041,3,126.39,0.15,28.42,350.71
O001851,2,P0164,1,13.57,0,2,15.57
O001852,1,P0035,2,544.32,0,14.18,1102.82
O001853,1,P0284,1,501.64,0.1,7.91,459.39
O001853,2,P0153,1,339.5,0,6.82,346.32
O001854,1,P0234,1,354.24,0.05,23.58,360.11
O001854,2,P0102,1,249.53,0.2,13.88,213.5
O001855,1,P0100,2,237.44,0,15.11,489.99
O001856,1,P0251,2,266.39,0.15,9.51,462.37
O001856,2,P0062,1,673.39,0,10.55,683.94
O001857,1,P0218,1,363.84,0.1,2,329.46
O001857,2,P0242,1,722.98,0.05,12.58,699.41
O001858,1,P0056,1,581.05,0.15,9.83,503.72
O001858,2,P0057,5,286.31,0,9.6,1441.15
O001859,1,P0239,4,873.44,0,19.17,3512.93
O001859,2,P0194,1,140.84,0,5.68,146.52
O001860,1,P0094,3,756.84,0,2,2272.52
O001861,1,P0100,1,237.44,0,20.41,257.85
O001861,2,P0260,1,623.36,0.2,15.72,514.41
O001862,1,P0113,2,814.98,0,24.48,1654.44
O001862,2,P0159,1,343.13,0,9.76,352.89
O001863,1,P0060,1,27.23,0,21.05,48.28
O001863,2,P0005,1,9999.99,0,2,10001.99
O001863,3,P0207,3,469.0,0,25.82,1432.82
O001864,1,P0070,1,298.91,0,17.69,316.6
O001865,1,P0249,2,575.36,0,24.51,1175.23
O001866,1,P0247,1,315.54,0,16.28,331.82
O001867,1,P0057,1,286.31,0,9.61,295.92
O001868,1,P0191,4,654.69,0.15,14.27,2240.22
O001869,1,P0225,1,84.06,0,17.95,102.01
O001870,1,P0142,1,483.04,0,6.19,489.23
O001871,1,P0203,1,420.71,0.1,3.06,381.7
O001872,1,P0159,1,343.13,0.2,12.5,287.0
O001873,1,P0301,1,263.33,0,12.59,275.92
O001874,1,P0115,1,602.48,0,26.82,629.3
O001875,1,P0126,1,311.62,0.1,16.24,296.7
O001876,1,P0182,2,150.43,0.05,19.95,305.77
O001876,2,P0271,1,775.17,0.15,15.84,674.73
O001876,3,P0110,2,1039.88,0.1,2,1873.78
O001876,4,P0157,2,807.11,0,2,1616.22
O001877,1,P0014,2,187.84,0.05,4.77,361.67
O001878,1,P0220,1,103.24,0,14.57,117.81
O001879,1,P0040,1,354.01,0.15,7.72,308.63
O001880,1,P0115,2,602.48,0,8.78,1213.74
O001880,2,P0118,1,588.11,0,15.61,603.72
O001881,1,P0277,2,49.26,0,16.38,114.9
O001881,2,P0090,1,907.45,0.15,2,773.33
O001881,3,P0065,2,492.73,0,7.42,992.88
O001881,4,P0221,1,188.81,0.2,7.18,158.23
O001882,1,P0045,3,72.1,0,6.24,222.54
O001882,2,P0010,1,362.93,0,4.1,367.03
O001882,3,P0066,1,451.94,0,9.66,461.6
O001882,4,P0317,1,811.43,0,21.13,832.56
O001883,1,P0174,2,845.79,0.1,23.36,1545.78
O001883,2,P0048,2,920.6,0.05,18.71,1767.85
O001883,3,P0198,1,764.66,0.05,20.91,747.34
O001883,4,P0151,1,785.65,0,6.88,792.53
O001884,1,P0266,1,242.67,0.05,13.48,244.02
O001885,1,P0221,1,188.81,0,6.25,195.06
O001886,1,P0186,2,638.99,0,9.86,1287.84
O001887,1,P0309,4,541.39,0,23.43,2188.99
O001888,1,P0066,4,451.94,0,14.22,1821.98
O001889,1,P0197,1,756.59,0,3.09,759.68
O001890,1,P0227,1,292.14,0,17.46,309.6
O001891,1,P0009,1,17.8,0.05,11.63,28.54
O001892,1,P0064,1,145.78,0,3.94,149.72
O001893,1,P0201,1,583.78,0.1,11.62,537.02
O001893,2,P0285,1,53.42,0.1,2,50.08
O001894,1,P0081,3,312.38,0,6.98,944.12
O001895,1,P0286,1,518.79,0,4.11,522.9
O001895,2,P0088,2,259.63,0.2,12.48,427.89
O001896,1,P0254,1,824.63,0.05,10.22,793.62
O001897,1,P0159,1,343.13,0.05,2,327.97
O001898,1,P0222,1,182.56,0.05,15.63,189.06
O001899,1,P0074,1,81.29,0,21.95,103.24
O001900,1,P0166,2,20.64,0.15,27.35,62.44
O001901,1,P0223,2,72.48,0.05,7.11,144.82
O001902,1,P0200,1,499.63,0.05,11.17,485.82
O001903,1,P0177,5,95.11,0.2,22.92,403.36
O001904,1,P0064,3,145.78,0.15,15.06,386.8
O001904,2,P0126,1,311.62,0.1,5.81,286.27
O001905,1,P0050,2,745.53,0.15,6.58,1273.98
O001906,1,P0009,1,17.8,0.2,15.62,29.86
O001907,1,P0210,1,949.92,0.05,11.48,913.9
O001908,1,P0228,1,539.71,0,2,541.71
O001909,1,P0141,2,92.1,0.15,11.87,168.44
O001909,2,P0092,1,901.51,0,9.73,911.24
O001909,3,P0078,1,314.17,0.15,15.4,282.44
O001910,1,P0064,1,145.78,0,10.78,156.56
O001911,1,P0263,1,574.22,0,11.6,585.82
O001912,1,P0160,1,413.02,0.15,7.95,359.02
O001913,1,P0090,1,907.45,0,2,909.45
O001913,2,P0009,2,17.8,0,7.55,43.15
O001913,3,P0194,1,140.84,0,2,142.84
O001914,1,P0144,1,649.77,0,8.26,658.03
O001915,1,P0011,1,363.12,0,13.36,376.48
O001916,1,P0029,1,490.19,0,10.94,501.13
O001916,2,P0172,1,461.92,0.1,2,417.73
O001916,3,P0218,1,363.84,0,18.63,382.47
O001917,1,P0060,1,27.23,0.05,10.21,36.08
O001917,2,P0260,2,623.36,0.05,11.31,1195.69
O001917,3,P0190,2,449.88,0.05,16.42,871.19
O001918,1,P0243,1,711.65,0.2,7.6,576.92
O001918,2,P0060,1,27.23,0,6.25,33.48
O001919,1,P0015,1,284.04,0.05,21.97,291.81
O001919,2,P0204,3,387.0,0,21.48,1182.48
O001919,3,P0098,1,701.13,0.15,2,597.96
O001920,1,P0130,2,491.43,0.1,3.62,888.19
O001921,1,P0025,1,343.24,0,5.07,348.31
O001921,2,P0005,1,9999.99,0.15,17.67,8517.66
O001922,1,P0156,3,90.87,0.1,10.64,255.99
O001922,2,P0204,3,387.0,0,26.39,1187.39
O001922,3,P0136,4,784.55,0.05,2,2983.29
O001923,1,P0171,1,427.19,0,9.36,436.55
O001924,1,P0038,3,778.2,0.1,32.24,2133.38
O001924,2,P0070,1,298.91,0.1,11.16,280.18
O001924,3,P0083,1,594.36,0.05,14.01,578.65
O001925,1,P0050,1,745.53,0.1,23.54,694.52
O001925,2,P0058,1,156.02,0,2.02,158.04
O001926,1,P0200,1,499.63,0.15,17.62,442.31
O001926,2,P0226,1,706.04,0.1,24.24,659.68
O001927,1,P0188,1,480.75,0.15,20.16,428.8
O001928,1,P0275,1,515.35,0.1,14.93,478.75
O001929,1,P0241,1,307.92,0.1,2,279.13
O001930,1,P0082,2,362.46,0,11.55,736.47
O001930,2,P0251,1,266.39,0.2,7.26,220.37
O001930,3,P0232,2,295.67,0.1,14.61,546.82
O001931,1,P0216,1,823.56,0.1,13.92,755.12
O001932,1,P0187,1,106.77,0,13.03,119.8
O001932,2,P0298,2,410.7,0,16.64,838.04
O001933,1,P0291,1,657.02,0,25.98,683.0
O001933,2,P0318,2,432.06,0.1,5.52,783.23
O001933,3,P0077,3,20.98,0.05,11.99,71.78
O001934,1,P0312,1,681.66,0,10.41,692.07
O001934,2,P0065,2,492.73,0.05,2,938.19
O001934,3,P0253,3,162.64,0.05,14.12,477.64
O001935,1,P0078,1,314.17,0,7.95,322.12
O001936,1,P0069,2,423.73,0,19.83,867.29
O001937,1,P0162,1,529.22,0.2,14.41,437.79
O001938,1,P0134,2,574.47,0,14.2,1163.14
O001939,1,P0166,1,20.64,0.2,7.89,24.4
O001940,1,P0133,1,17.03,0.1,20.42,35.75
O001940,2,P0183,2,808.84,0,12.63,1630.31
O001941,1,P0162,1,529.22,0,6.12,535.34
O001941,2,P0190,2,449.88,0,15.49,915.25
O001941,3,P0009,1,17.8,0,19.34,37.14
O001942,1,P0170,1,444.66,0.05,16.29,438.72
O001942,2,P0217,3,390.23,0.1,18.47,1072.09
O001943,1,P0040,2,354.01,0,28.68,736.7
O001944,1,P0117,1,794.64,0,2.59,797.23
O001944,2,P0309,1,541.39,0.1,12.78,500.03
O001945,1,P0172,1,461.92,0,16.01,477.93
O001946,1,P0040,2,354.01,0.05,19.42,692.04
O001947,1,P0242,1,722.98,0.1,2.44,653.12
O001948,1,P0104,1,521.9,0.1,8.48,478.19
O001949,1,P0095,2,97.16,0,15.18,209.5
O001950,1,P0127,1,597.61,0,14.76,612.37
O001951,1,P0263,1,574.22,0.05,2,547.51
O001951,2,P0198,1,764.66,0.1,12.37,700.56
O001952,1,P0173,1,758.26,0.1,2,684.43
O001953,1,P0018,1,598.9,0,19.57,618.47
O001954,1,P0289,1,88.04,0,9.49,97.53
O001955,1,P0253,1,162.64,0,9.74,172.38
O001955,2,P0021,2,806.92,0.2,12.33,1303.4
O001955,3,P0172,1,461.92,0.15,21.25,413.88
O001955,4,P0274,1,832.77,0.15,20.83,728.68
O001956,1,P0221,2,188.81,0.1,18.6,358.46
O001956,2,P0152,1,817.49,0,13.08,830.57
O001956,3,P0109,2,194.26,0,17.16,405.68
O001957,1,P0252,1,259.81,0.1,17.22,251.05
O001958,1,P0318,1,432.06,0,15.33,447.39
O001958,2,P0190,1,449.88,0.15,2,384.4
O001958,3,P0187,1,106.77,0,26.24,133.01
O001959,1,P0033,2,310.62,0.2,10.69,507.68
O001960,1,P0094,1,756.84,0,21.44,778.28
O001960,2,P0005,1,9999.99,0,19.37,10019.36
O001960,3,P0241,1,307.92,0.15,7.7,269.43
O001961,1,P0034,1,293.49,0,20.7,314.19
O001962,1,P0047,4,224.37,0.05,14.66,867.27
O001963,1,P0165,2,27.21,0,19.92,74.34
O001963,2,P0094,1,756.84,0.05,12.75,731.75
O001964,1,P0180,1,358.61,0.05,26.06,366.74
O001964,2,P0278,3,480.16,0,21.97,1462.45
O001964,3,P0257,3,486.52,0,6.49,1466.05
O001965,1,P0219,1,553.58,0.15,13.42,483.96
O001966,1,P0257,1,486.52,0.2,17.35,406.57
O001967,1,P0040,1,354.01,0,12.27,366.28
O001968,1,P0286,1,518.79,0,34.85,553.64
O001969,1,P0096,1,224.82,0,2.7,227.52
O001970,1,P0024,1,832.14,0.15,7.3,714.62
O001971,1,P0207,3,469.0,0.05,23.87,1360.52
O001971,2,P0225,2,84.06,0.15,2,144.9
O001971,3,P0234,1,354.24,0,21.21,375.45
O001972,1,P0278,1,480.16,0,16.86,497.02
O001972,2,P0113,1,814.98,0,17.93,832.91
O001972,3,P0157,3,807.11,0,2.65,2423.98
O001973,1,P0270,2,949.79,0,21.62,1921.2
O001974,1,P0103,4,158.36,0,2.06,635.5
O001975,1,P0262,1,519.27,0.15,5.78,447.16
O001975,2,P0177,1,95.11,0.05,13.37,103.72
O001976,1,P0238,4,645.9,0,15.17,2598.77
O001977,1,P0103,2,158.36,0,2,318.72
O001978,1,P0063,1,310.44,0,25.39,335.83
O001979,1,P0273,1,75.24,0,17.6,92.84
O001979,2,P0122,1,149.46,0,13.7,163.16
O001979,3,P0057,1,286.31,0,6.24,292.55
O001980,1,P0080,1,194.14,0.1,7.15,181.88
O001981,1,P0076,1,1058.97,0,20.74,1079.71
O001982,1,P0041,5,126.39,0,24.3,656.25
O001983,1,P0068,1,148.48,0.15,22.7,148.91
O001984,1,P0012,1,529.58,0,13.18,542.76
O001985,1,P0145,1,247.46,0.15,12.7,223.04
O001986,1,P0238,1,645.9,0,11.66,657.56
O001987,1,P0076,1,1058.97,0.1,7.92,960.99
O001988,1,P0259,1,849.86,0,12.49,862.35
O001989,1,P0025,2,343.24,0.1,7.14,624.97
O001989,2,P0071,1,250.08,0,16.03,266.11
O001990,1,P0055,1,237.15,0,20.67,257.82
O001991,1,P0199,1,324.1,0,9.26,333.36
O001991,2,P0104,2,521.9,0,11.96,1055.76
O001992,1,P0300,5,398.18,0.05,8.2,1899.56
O001992,2,P0316,1,419.97,0,2,421.97
O001993,1,P0230,2,438.21,0,14.37,890.79
O001994,1,P0253,1,162.64,0.15,4.27,142.51
O001994,2,P0021,1,806.92,0.05,12.8,779.37
O001995,1,P0251,1,266.39,0.05,10.03,263.1
O001996,1,P0100,1,237.44,0,19.8,257.24
O001996,2,P0198,2,764.66,0,26.21,1555.53
O001997,1,P0187,2,106.77,0,7.41,220.95
O001997,2,P0171,1,427.19,0.1,19.35,403.82
O001998,1,P0186,1,638.99,0,21.86,660.85
O001999,1,P0269,3,256.16,0.05,17.17,747.23
O002000,1,P0112,2,400.76,0,8.97,810.49
O002001,1,P0316,1,419.97,0,4.9,424.87
O002002,1,P0168,1,45.44,0.1,15.25,56.15
O002002,2,P0269,2,256.16,0.05,2,488.7
O002003,1,P0151,1,785.65,0,9.22,794.87
O002004,1,P0309,1,541.39,0,18.08,559.47
O002005,1,P0230,1,438.21,0,18.12,456.33
O002005,2,P0111,1,127.38,0.15,23.69,131.96
O002005,3,P0052,1,782.48,0,6.42,788.9
O002006,1,P0158,1,130.71,0.1,2,119.64
O002007,1,P0038,2,778.2,0,7.63,1564.03
O002007,2,P0020,3,1036.19,0.05,17.04,2970.18
O002007,3,P0179,2,159.25,0,24.22,342.72
O002007,4,P0103,1,158.36,0,15.99,174.35
O002008,1,P0282,2,856.4,0.05,21.54,1648.7
O002009,1,P0099,2,458.56,0,19.4,936.52
O002009,2,P0281,1,372.41,0.05,17.65,371.44
O002010,1,P0174,1,845.79,0,9.71,855.5
O002010,2,P0243,1,711.65,0,17.8,729.45
O002011,1,P0122,1,149.46,0.05,14.91,156.9
O002012,1,P0162,1,529.22,0,21.69,550.91
O002013,1,P0142,1,483.04,0,14.79,497.83
O002013,2,P0193,1,216.15,0,14.83,230.98
O002014,1,P0254,1,824.63,0.05,13.06,796.46
O002014,2,P0316,1,419.97,0,2.85,422.82
O002015,1,P0312,2,681.66,0.05,13.37,1308.52
O002016,1,P0285,1,53.42,0,13.55,66.97
O002016,2,P0257,1,486.52,0.15,7.49,421.03
O002017,1,P0188,2,480.75,0,28.73,990.23
O002018,1,P0088,1,259.63,0,5.44,265.07
O002018,2,P0311,1,347.85,0,14.24,362.09
O002018,3,P0307,1,69.12,0.1,22.76,84.97
O002019,1,P0118,1,588.11,0.1,8.61,537.91
O002020,1,P0299,3,28.85,0.05,2,84.22
O002021,1,P0010,2,362.93,0,5.11,730.97
O002021,2,P0137,1,168.37,0,6.86,175.23
O002022,1,P0005,3,9999.99,0,2,30001.97
O002023,1,P0219,1,553.58,0.05,5.26,531.16
O002024,1,P0265,1,240.13,0,19.68,259.81
O002025,1,P0170,2,444.66,0,21.15,910.47
O002026,1,P0184,3,112.13,0,17.77,354.16
O002027,1,P0004,1,803.36,0,29.5,832.86
O002027,2,P0129,1,104.68,0.2,4.19,87.93
O002028,1,P0236,1,397.11,0,3.83,400.94
O002028,2,P0064,1,145.78,0,11.34,157.12
O002029,1,P0139,3,531.18,0,10.3,1603.84
O002029,2,P0238,1,645.9,0.1,4.56,585.87
O002030,1,P0130,1,491.43,0.15,25.84,443.56
O002031,1,P0285,1,53.42,0,19.49,72.91
O002032,1,P0056,3,581.05,0,11.91,1755.06
O002032,2,P0136,1,784.55,0.1,9.9,716.0
O002033,1,P0213,1,693.96,0.1,7.25,631.81
O002033,2,P0063,1,310.44,0,12.79,323.23
O002033,3,P0060,1,27.23,0.1,11.2,35.71
O002033,4,P0172,1,461.92,0,10.48,472.4
O002034,1,P0013,5,110.57,0,3.31,556.16
O002035,1,P0101,1,92.83,0,23.23,116.06
O002035,2,P0170,1,444.66,0,28.4,473.06
O002036,1,P0215,1,1003.36,0,27.06,1030.42
O002037,1,P0197,1,756.59,0,2,758.59
O002038,1,P0119,1,229.62,0,2,231.62
O002039,1,P0104,1,521.9,0.05,2,497.8
O002040,1,P0138,1,870.78,0,4.85,875.63
O002040,2,P0267,1,1088.78,0.1,20.51,1000.41
O002041,1,P0089,2,625.43,0,23.32,1274.18
O002042,1,P0276,2,820.81,0,17.05,1658.67
O002043,1,P0245,1,489.42,0,19.43,508.85
O002043,2,P0110,1,1039.88,0,25.54,1065.42
O002044,1,P0203,1,420.71,0,6.79,427.5
O002045,1,P0230,1,438.21,0,14.71,452.92
O002045,2,P0142,1,483.04,0.15,21.05,431.63
O002046,1,P0112,1,400.76,0,6.37,407.13
O002047,1,P0288,1,898.37,0,8.76,907.13
O002047,2,P0295,1,164.98,0.1,12.68,161.16
O002048,1,P0114,1,967.11,0.1,23.27,893.67
O002048,2,P0296,1,428.51,0.05,7.13,414.21
O002048,3,P0172,1,461.92,0,14.49,476.41
O002049,1,P0197,1,756.59,0,7.65,764.24
O002049,2,P0178,1,294.67,0,3.76,298.43
O002050,1,P0065,1,492.73,0.2,11.54,405.72
O002050,2,P0053,1,360.49,0,2,362.49
O002051,1,P0015,1,284.04,0,17.54,301.58
O002051,2,P0169,1,410.06,0,10.66,420.72
O002052,1,P0171,3,427.19,0,4.96,1286.53
O002052,2,P0056,1,581.05,0.05,15.82,567.82
O002052,3,P0002,1,556.12,0,2,558.12
O002053,1,P0095,1,97.16,0,9.61,106.77
O002054,1,P0217,2,390.23,0,15.18,795.64
O002055,1,P0253,1,162.64,0,10.82,173.46
O002055,2,P0065,1,492.73,0.05,7.88,475.97
O002056,1,P0245,1,489.42,0.15,19.04,435.05
O002057,1,P0063,1,310.44,0,13.28,323.72
O002058,1,P0148,1,188.16,0,2,190.16
O002059,1,P0099,1,458.56,0,6.6,465.16
O002060,1,P0155,1,88.23,0,9.93,98.16
O002060,2,P0299,1,28.85,0,3.84,32.69
O002061,1,P0148,1,188.16,0.1,22.88,192.22
O002061,2,P0151,1,785.65,0,24.23,809.88
O002062,1,P0319,2,702.73,0.2,5.25,1129.62
O002062,2,P0056,1,581.05,0.1,13.26,536.2
O002063,1,P0094,1,756.84,0,3.02,759.86
O002063,2,P0159,1,343.13,0.1,10.91,319.73
O002064,1,P0256,1,847.43,0,18.22,865.65
O002065,1,P0035,1,544.32,0,2.12,546.44
O002066,1,P0233,3,84.69,0,15.91,269.98
O002066,2,P0159,1,343.13,0.1,4.27,313.09
O002066,3,P0044,1,456.63,0.1,27.03,438.0
O002067,1,P0132,1,107.93,0.05,16.44,118.97
O002067,2,P0294,1,73.38,0.2,14.71,73.41
O002067,3,P0290,1,617.79,0,2.73,620.52
O002067,4,P0114,3,967.11,0.1,3.41,2614.61
O002068,1,P0279,2,489.87,0,16.21,995.95
O002069,1,P0272,2,724.17,0.1,28.35,1331.86
O002070,1,P0136,1,784.55,0,7.59,792.14
O002071,1,P0135,2,504.23,0.15,10.3,867.49
O002071,2,P0282,1,856.4,0,2,858.4
O002072,1,P0019,3,618.71,0.1,16.61,1687.13
O002072,2,P0281,2,372.41,0,16.32,761.14
O002072,3,P0096,2,224.82,0,2,451.64
O002072,4,P0074,2,81.29,0,21.25,183.83
O002073,1,P0267,2,1088.78,0.2,4.06,1746.11
O002074,1,P0259,3,849.86,0,15.04,2564.62
O002074,2,P0161,1,67.49,0,6.0,73.49
O002075,1,P0047,1,224.37,0,7.26,231.63
O002075,2,P0090,1,907.45,0.1,5.21,821.92
O002076,1,P0166,1,20.64,0.05,13.71,33.32
O002077,1,P0318,1,432.06,0,2,434.06
O002078,1,P0165,1,27.21,0,15.34,42.55
O002079,1,P0226,1,706.04,0,13.21,719.25
O002080,1,P0188,1,480.75,0,5.94,486.69
O002080,2,P0098,1,701.13,0.15,17.71,613.67
O002081,1,P0149,1,858.19,0,25.75,883.94
O002082,1,P0260,1,623.36,0,5.6,628.96
O002083,1,P0281,2,372.41,0,14.35,759.17
O002084,1,P0131,2,185.19,0.15,8.56,323.38
O002084,2,P0059,1,953.24,0,20.03,973.27
O002085,1,P0295,1,164.98,0.05,14.95,171.68
O002085,2,P0297,1,38.06,0.1,28.74,62.99
O002085,3,P0045,2,72.1,0,14.91,159.11
O002086,1,P0235,1,6.83,0.05,11.12,17.61
O002086,2,P0013,1,110.57,0,7.15,117.72
O002087,1,P0220,5,103.24,0.1,2,466.58
O002088,1,P0122,1,149.46,0.15,7.13,134.17
O002088,2,P0193,1,216.15,0,15.02,231.17
O002089,1,P0232,1,295.67,0,2,297.67
O002089,2,P0310,1,8.5,0.05,11.76,19.84
O002090,1,P0283,1,433.94,0,8.2,442.14
O002091,1,P0084,1,294.21,0.1,5.7,270.49
O002092,1,P0086,1,579.39,0.1,13.43,534.88
O002092,2,P0102,2,249.53,0.05,5.96,480.07
O002092,3,P0248,1,363.73,0,17.59,381.32
O002093,1,P0027,1,406.86,0.05,7.34,393.86
O002094,1,P0120,1,62.98,0.1,7.24,63.92
O002094,2,P0253,2,162.64,0,3.13,328.41
O002095,1,P0095,1,97.16,0,13.57,110.73
O002095,2,P0053,1,360.49,0,10.7,371.19
O002096,1,P0302,1,340.59,0,8.43,349.02
O002096,2,P0311,1,347.85,0,17.16,365.01
O002096,3,P0135,2,504.23,0.15,9.64,866.83
O002097,1,P0217,2,390.23,0.05,2,743.44
O002097,2,P0297,2,38.06,0,13.21,89.33
O002097,3,P0008,1,193.75,0,11.12,204.87
O002097,4,P0131,2,185.19,0.05,2,353.86
O002098,1,P0102,2,249.53,0,3.41,502.47
O002099,1,P0182,2,150.43,0,2,302.86
O002100,1,P0316,1,419.97,0.15,2,358.97
O002101,1,P0122,1,149.46,0.1,15.5,150.01
O002102,1,P0269,2,256.16,0,7.28,519.6
O002102,2,P0047,1,224.37,0.15,18.29,209.0
O002103,1,P0067,1,355.88,0.05,2,340.09
O002104,1,P0060,1,27.23,0,9.02,36.25
O002104,2,P0137,4,168.37,0.05,20.84,660.65
O002105,1,P0297,1,38.06,0,13.22,51.28
O002106,1,P0104,1,521.9,0.15,31.51,475.12
O002106,2,P0237,1,956.17,0.15,21.9,834.64
O002107,1,P0207,3,469.0,0.15,8.11,1204.06
O002107,2,P0137,1,168.37,0,2,170.37
O002108,1,P0036,1,67.34,0,5.4,72.74
O002109,1,P0187,1,106.77,0.05,2,103.43
O002110,1,P0051,1,371.95,0,9.01,380.96
O002111,1,P0230,1,438.21,0,15.17,453.38
O002111,2,P0034,2,293.49,0,3.66,590.64
O002111,3,P0056,1,581.05,0,22.49,603.54
O002111,4,P0014,1,187.84,0.1,19.94,189.0
O002112,1,P0093,1,952.7,0,13.01,965.71
O002112,2,P0062,1,673.39,0,5.14,678.53
O002113,1,P0228,3,539.71,0.15,2,1378.26
O002113,2,P0057,1,286.31,0,8.36,294.67
O002114,1,P0214,1,42.92,0.2,11.36,45.7
O002115,1,P0165,2,27.21,0,2,56.42
O002115,2,P0316,3,419.97,0,2,1261.91
O002115,3,P0210,1,949.92,0.05,16.21,918.63
O002115,4,P0093,1,952.7,0.15,14.45,824.25
O002116,1,P0019,1,618.71,0,10.9,629.61
O002116,2,P0179,1,159.25,0.1,9.04,152.37
O002117,1,P0308,2,109.62,0,12.62,231.86
O002118,1,P0041,4,126.39,0,17.56,523.12
O002119,1,P0101,1,92.83,0,23.5,116.33
O002119,2,P0047,2,224.37,0.1,28.55,432.42
O002120,1,P0166,1,20.64,0,12.81,33.45
O002121,1,P0211,1,980.09,0.1,3.76,885.84
O002122,1,P0105,2,18.23,0.05,20.28,54.92
O002122,2,P0293,1,564.26,0.1,14.27,522.1
O002123,1,P0164,1,13.57,0.1,8.05,20.26
O002123,2,P0247,1,315.54,0,6.67,322.21
O002124,1,P0277,1,49.26,0.1,11.05,55.38
O002125,1,P0028,1,305.36,0,31.16,336.52
O002126,1,P0031,1,397.25,0.1,17.71,375.24
O002127,1,P0262,1,519.27,0.05,11.8,505.11
O002127,2,P0309,1,541.39,0.2,20.95,454.06
O002127,3,P0144,1,649.77,0.05,5.85,623.13
O002127,4,P0237,1,956.17,0,12.67,968.84
O002128,1,P0314,1,745.22,0.05,14.88,722.84
O002129,1,P0131,2,185.19,0,8.62,379.0
O002130,1,P0254,1,824.63,0,18.26,842.89
O002130,2,P0184,2,112.13,0,2,226.26
O002130,3,P0005,1,9999.99,0.2,25.35,8025.34
O002131,1,P0232,1,295.67,0,2,297.67
O002132,1,P0219,1,553.58,0.1,3.24,501.46
O002132,2,P0027,2,406.86,0.1,28.4,760.75
O002133,1,P0160,1,413.02,0,7.16,420.18
O002133,2,P0094,1,756.84,0.1,6.67,687.83
O002134,1,P0306,1,219.19,0,10.76,229.95
O002135,1,P0167,3,9.0,0,18.21,45.21
O002136,1,P0185,2,8.75,0,3.03,20.53
O002136,2,P0305,1,330.82,0,19.92,350.74
O002137,1,P0094,4,756.84,0,15.23,3042.59
O002137,2,P0242,1,722.98,0,10.54,733.52
O002137,3,P0248,1,363.73,0,21.23,384.96
O002138,1,P0238,1,645.9,0,13.2,659.1
O002139,1,P0001,2,342.26,0,9.52,694.04
O002140,1,P0067,2,355.88,0.05,14.91,691.08
O002141,1,P0041,1,126.39,0.05,3.37,123.44
O002142,1,P0304,1,396.52,0.05,18.79,395.48
O002143,1,P0066,1,451.94,0.1,18.49,425.24
O002143,2,P0242,1,722.98,0.1,4.11,654.79
O002143,3,P0106,1,236.99,0.1,2,215.29
O002144,1,P0267,1,1088.78,0,27.63,1116.41
O002144,2,P0166,1,20.64,0,16.47,37.11
O002145,1,P0257,1,486.52,0,15.88,502.4
O002145,2,P0203,1,420.71,0,24.62,445.33
O002146,1,P0229,2,81.64,0.1,15.73,162.68
O002146,2,P0164,1,13.57,0,9.53,23.1
O002147,1,P0009,1,17.8,0,11.75,29.55
O002147,2,P0244,1,316.68,0,15.68,332.36
O002148,1,P0255,1,854.74,0.1,9.21,778.48
O002149,1,P0228,2,539.71,0.1,2,973.48
O002150,1,P0163,1,825.28,0.2,5.51,665.73
O002151,1,P0050,2,745.53,0.1,4.03,1345.98
O002152,1,P0241,1,307.92,0,14.31,322.23
O002152,2,P0110,1,1039.88,0,17.49,1057.37
O002152,3,P0212,2,486.38,0,14.46,987.22
O002152,4,P0007,1,306.83,0,22.14,328.97
O002153,1,P0027,1,406.86,0,2,408.86
O002154,1,P0097,1,267.08,0.1,2,242.37
O002155,1,P0312,2,681.66,0,17.6,1380.92
O002156,1,P0238,1,645.9,0,19.43,665.33
O002156,2,P0060,1,27.23,0.1,7.72,32.23
O002156,3,P0234,2,354.24,0,13.79,722.27
O002157,1,P0060,1,27.23,0,10.84,38.07
O002158,1,P0136,1,784.55,0.1,2,708.1
O002159,1,P0068,2,148.48,0,20.72,317.68
O002159,2,P0208,3,723.84,0.05,16.06,2079.0
O002160,1,P0278,2,480.16,0,10.56,970.88
O002161,1,P0190,1,449.88,0,16.85,466.73
O002161,2,P0158,1,130.71,0,15.64,146.35
O002162,1,P0200,1,499.63,0,23.22,522.85
O002162,2,P0282,1,856.4,0.1,16.92,787.68
O002162,3,P0163,2,825.28,0,10.59,1661.15
O002163,1,P0241,1,307.92,0,9.19,317.11
O002163,2,P0118,1,588.11,0,14.86,602.97
O002164,1,P0254,1,824.63,0.1,11.53,753.7
O002164,2,P0223,1,72.48,0,24.17,96.65
O002165,1,P0316,2,419.97,0,6.32,846.26
O002166,1,P0139,1,531.18,0,6.63,537.81
O002167,1,P0175,30,568.15,0.05,2.8,16195.07
O002168,1,P0006,1,202.12,0,14.3,216.42
O002168,2,P0009,1,17.8,0,4.33,22.13
O002169,1,P0065,1,492.73,0.05,14.9,482.99
O002169,2,P0242,4,722.98,0,25.24,2917.16
O002170,1,P0265,1,240.13,0.05,7.2,235.32
O002171,1,P0027,1,406.86,0,13.45,420.31
O002171,2,P0160,2,413.02,0,2,828.04
O002172,1,P0012,2,529.58,0,2,1061.16
O002172,2,P0268,1,214.47,0,18.34,232.81
O002173,1,P0052,1,782.48,0,21.66,804.14
O002173,2,P0243,1,711.65,0,10.6,722.25
O002174,1,P0288,3,898.37,0,2,2697.11
O002175,1,P0024,1,832.14,0.15,11.01,718.33
O002175,2,P0052,2,782.48,0.15,19.52,1349.74
O002175,3,P0240,1,237.45,0,7.09,244.54
O002176,1,P0160,2,413.02,0,19.17,845.21
O002177,1,P0143,1,110.16,0,25.07,135.23
O002178,1,P0158,1,130.71,0,21.86,152.57
O002178,2,P0209,1,690.43,0,7.86,698.29
O002179,1,P0280,2,128.6,0,13.19,270.39
O002179,2,P0124,2,336.97,0.1,10.72,617.27
O002179,3,P0148,1,188.16,0.05,3.88,182.63
O002180,1,P0077,1,20.98,0.1,2.4,21.28
O002180,2,P0174,1,845.79,0,13.16,858.95
O002181,1,P0133,1,17.03,0.1,9.99,25.32
O002182,1,P0303,1,483.69,0,22.22,505.91
O002182,2,P0215,1,1003.36,0,13.78,1017.14
O002182,3,P0286,3,518.79,0.1,14.81,1415.54
O002182,4,P0058,1,156.02,0.05,10.9,159.12
O002183,1,P0041,3,126.39,0,9.0,388.17
O002184,1,P0171,1,427.19,0.2,8.59,350.34
O002185,1,P0246,4,236.21,0,2,946.84
O002186,1,P0215,5,1003.36,0,8.64,5025.44
O002187,1,P0163,1,825.28,0,7.4,832.68
O002188,1,P0038,1,778.2,0,7.36,785.56
O002189,1,P0143,1,110.16,0,15.5,125.66
O002190,1,P0067,1,355.88,0.15,22.94,325.44
O002190,2,P0060,1,27.23,0,13.4,40.63
O002191,1,P0010,1,362.93,0,2,364.93
O002192,1,P0188,2,480.75,0.1,6.06,871.41
O002193,1,P0102,1,249.53,0,17.87,267.4
O002193,2,P0003,1,146.76,0,13.03,159.79
O002193,3,P0279,1,489.87,0.2,11.27,403.17
O002194,1,P0197,1,756.59,0,7.33,763.92
O002195,1,P0104,1,521.9,0,29.47,551.37
O002195,2,P0198,1,764.66,0.1,7.41,695.6
O002196,1,P0078,5,314.17,0,18.16,1589.01
O002196,2,P0119,5,229.62,0,19.18,1167.28
O002197,1,P0002,3,556.12,0,6.21,1674.57
O002198,1,P0079,2,165.37,0,5.3,336.04
O002199,1,P0318,2,432.06,0,23.64,887.76
O002199,2,P0222,1,182.56,0.2,24.17,170.22
O002199,3,P0097,5,267.08,0.05,5.37,1274.0
O002200,1,P0003,2,146.76,0,17.92,311.44
O002201,1,P0185,1,8.75,0,15.64,24.39
O002201,2,P0232,1,295.67,0.15,16.72,268.04
O002202,1,P0318,2,432.06,0,15.08,879.2
O002202,2,P0020,1,1036.19,0.1,17.93,950.5
O002203,1,P0025,1,343.24,0,8.34,351.58
O002203,2,P0319,1,702.73,0.15,13.38,610.7
O002204,1,P0032,1,577.34,0,29.12,606.46
O002205,1,P0281,1,372.41,0,16.71,389.12
O002205,2,P0180,1,358.61,0,2,360.61
O002206,1,P0317,1,811.43,0,2,813.43
O002206,2,P0213,1,693.96,0,18.55,712.51
O002207,1,P0133,1,17.03,0.1,9.84,25.17
O002208,1,P0074,2,81.29,0,11.17,173.75
O002208,2,P0143,1,110.16,0.15,22.39,116.03
O002209,1,P0212,1,486.38,0.15,9.98,423.4
O002209,2,P0190,1,449.88,0.05,13.71,441.1
O002210,1,P0008,2,193.75,0,21.34,408.84
O002210,2,P0028,1,305.36,0,2,307.36
O002211,1,P0095,2,97.16,0,5.06,199.38
O002212,1,P0264,3,502.16,0,20.0,1526.48
O002213,1,P0206,1,75.89,0,9.04,84.93
O002214,1,P0194,1,140.84,0,7.47,148.31
O002215,1,P0067,1,355.88,0,13.32,369.2
O002215,2,P0199,2,324.1,0,2,650.2
O002216,1,P0089,1,625.43,0.1,15.3,578.19
O002216,2,P0093,4,952.7,0.05,19.22,3639.48
O002216,3,P0141,1,92.1,0,5.99,98.09
O002217,1,P0246,1,236.21,0,15.01,251.22
O002218,1,P0072,1,38.74,0,6.66,45.4
O002218,2,P0315,1,174.01,0,6.01,180.02
O002219,1,P0186,1,638.99,0,8.99,647.98
O002220,1,P0149,2,858.19,0,6.6,1722.98
O002221,1,P0209,1,690.43,0,21.31,711.74
O002221,2,P0248,2,363.73,0,2,729.46
O002221,3,P0281,2,372.41,0,14.05,758.87
O002221,4,P0193,1,216.15,0.2,20.41,193.33
O002222,1,P0064,1,145.78,0.05,16.19,154.68
O002222,2,P0116,1,339.23,0.05,18.21,340.48
O002223,1,P0116,1,339.23,0.05,4.12,326.39
O002223,2,P0170,1,444.66,0,8.78,453.44
O002224,1,P0072,1,38.74,0,4.17,42.91
O002225,1,P0197,1,756.59,0,2,758.59
O002225,2,P0196,5,753.97,0.1,20.53,3413.4
O002226,1,P0168,1,45.44,0,5.17,50.61
O002227,1,P0112,2,400.76,0,17.52,819.04
O002228,1,P0210,1,949.92,0,13.05,962.97
O002229,1,P0317,2,811.43,0.05,16.76,1558.48
O002230,1,P0007,1,306.83,0.15,2.37,263.18
O002231,1,P0114,1,967.11,0,6.19,973.3
O002231,2,P0010,1,362.93,0,19.06,381.99
O002231,3,P0017,1,237.22,0.2,13.06,202.84
O002231,4,P0235,2,6.83,0,30.84,44.5
O002232,1,P0176,2,265.34,0,10.41,541.09
O002233,1,P0220,1,103.24,0,14.44,117.68
O002233,2,P0179,1,159.25,0,5.89,165.14
O002233,3,P0163,1,825.28,0.15,18.72,720.21
O002233,4,P0077,1,20.98,0,14.8,35.78
O002234,1,P0237,1,956.17,0,9.39,965.56
O002235,1,P0009,3,17.8,0,2,55.4
O002236,1,P0064,1,145.78,0.05,21.79,160.28
O002237,1,P0001,2,342.26,0.05,357.23,1007.52
O002238,1,P0258,1,81.39,0,14.69,96.08
O002238,2,P0087,1,118.02,0.1,14.98,121.2
O002238,3,P0023,1,587.39,0,22.9,610.29
O002239,1,P0264,2,502.16,0,16.48,1020.8
O002240,1,P0132,1,107.93,0,10.13,118.06
O002241,1,P0134,1,574.47,0,8.88,583.35
O002242,1,P0303,1,483.69,0.1,15.43,450.75
O002243,1,P0237,1,956.17,0.1,5.56,866.11
O002244,1,P0173,1,758.26,0,22.06,780.32
O002245,1,P0068,1,148.48,0,32.11,180.59
O002246,1,P0279,2,489.87,0,20.96,1000.7
O002246,2,P0111,1,127.38,0,3.91,131.29
O002247,1,P0055,2,237.15,0,11.58,485.88
O002248,1,P0125,1,329.73,0.05,12.37,325.61
O002249,1,P0290,2,617.79,0,22.05,1257.63
O002249,2,P0047,1,224.37,0.1,19.4,221.33
O002249,3,P0102,3,249.53,0.05,3.95,715.11
O002249,4,P0199,1,324.1,0,16.27,340.37
O002250,1,P0280,2,128.6,0.1,2,233.48
O002251,1,P0073,3,139.62,0,8.59,427.45
O002252,1,P0083,1,594.36,0,11.82,606.18
O002252,2,P0125,1,329.73,0.2,9.61,273.39
O002252,3,P0110,1,1039.88,0.15,9.43,893.33
O002252,4,P0206,3,75.89,0,10.31,237.98
O002253,1,P0301,3,263.33,0,22.25,812.24
O002254,1,P0016,1,576.57,0,5.19,581.76
O002254,2,P0158,2,130.71,0.1,9.54,244.82
O002255,1,P0043,1,118.53,0.05,12.14,124.74
O002255,2,P0190,3,449.88,0,11.88,1361.52
O002255,3,P0039,2,205.22,0,9.18,419.62
O002256,1,P0009,3,17.8,0,8.47,61.87
O002257,1,P0286,1,518.79,0.1,15.72,482.63
O002258,1,P0177,1,95.11,0,22.46,117.57
O002259,1,P0052,1,782.48,0,13.97,796.45
O002260,1,P0272,1,724.17,0,25.21,749.38
O002261,1,P0273,1,75.24,0,2,77.24
O002262,1,P0194,1,140.84,0.1,5.61,132.37
O002263,1,P0190,2,449.88,0,2,901.76
O002263,2,P0191,2,654.69,0,15.9,1325.28
O002264,1,P0158,1,130.71,0.2,4.47,109.04
O002265,1,P0063,1,310.44,0.15,9.39,273.26
O002265,2,P0311,1,347.85,0,3.92,351.77
O002266,1,P0030,1,122.57,0.05,9.35,125.79
O002267,1,P0218,1,363.84,0,10.36,374.2
O002267,2,P0256,1,847.43,0,19.43,866.86
O002268,1,P0024,1,832.14,0,2,834.14
O002268,2,P0315,3,174.01,0.05,26.07,522.0
O002269,1,P0220,1,103.24,0.2,10.15,92.74
O002269,2,P0019,1,618.71,0,12.22,630.93
O002270,1,P0103,4,158.36,0,6.18,639.62
O002271,1,P0199,1,324.1,0.15,5.99,281.48
O002272,1,P0078,1,314.17,0,8.59,322.76
O002273,1,P0144,1,649.77,0,8.07,657.84
O002274,1,P0212,3,486.38,0.2,2,1169.31
O002275,1,P0078,2,314.17,0.1,15.17,580.68
O002275,2,P0060,1,27.23,0.05,18.25,44.12
O002275,3,P0147,2,535.43,0.05,10.96,1028.28
O002276,1,P0152,1,817.49,0,15.53,833.02
O002276,2,P0172,1,461.92,0.05,12.36,451.18
O002276,3,P0234,1,354.24,0,15.57,369.81
O002277,1,P0190,1,449.88,0,9.53,459.41
O002277,2,P0294,1,73.38,0.05,5.35,75.06
O002278,1,P0157,2,807.11,0.05,4.02,1537.53
O002278,2,P0297,1,38.06,0,9.0,47.06
O002279,1,P0113,1,814.98,0,5.24,820.22
O002280,1,P0157,1,807.11,0,14.77,821.88
O002280,2,P0109,3,194.26,0,15.81,598.59
O002280,3,P0270,1,949.79,0,14.13,963.92
O002281,1,P0193,1,216.15,0,10.26,226.41
O002282,1,P0171,1,427.19,0,20.74,447.93
O002283,1,P0144,1,649.77,0.1,2,586.79
O002284,1,P0207,1,469.0,0,16.72,485.72
O002285,1,P0259,1,849.86,0.05,9.37,816.74
O002285,2,P0140,1,227.4,0,9.83,237.23
O002285,3,P0129,1,104.68,0,16.72,121.4
O002286,1,P0084,1,294.21,0.1,15.65,280.44
O002287,1,P0219,1,553.58,0,13.97,567.55
O002287,2,P0035,3,544.32,0,9.22,1642.18
O002288,1,P0169,3,410.06,0.2,6.34,990.48
O002288,2,P0049,2,841.2,0,17.58,1699.98
O002289,1,P0080,3,194.14,0,2,584.42
O002289,2,P0121,2,97.09,0.1,8.91,183.67
O002290,1,P0161,1,67.49,0.05,23.93,88.05
O002291,1,P0190,1,449.88,0.1,2,406.89
O002292,1,P0231,3,766.78,0.1,14.29,2084.6
O002292,2,P0102,1,249.53,0,14.22,263.75
O002293,1,P0282,2,856.4,0.15,9.21,1465.09
O002293,2,P0182,1,150.43,0.05,9.41,152.32
O002294,1,P0003,1,146.76,0,11.61,158.37
O002295,1,P0175,1,568.15,0.05,14.87,554.61
O002296,1,P0055,1,237.15,0,18.18,255.33
O002297,1,P0002,2,556.12,0.1,31.29,1032.31
O002298,1,P0031,1,397.25,0,19.3,416.55
O002298,2,P0041,1,126.39,0.15,10.08,117.51
O002298,3,P0200,1,499.63,0.15,4.97,429.66
O002298,4,P0092,1,901.51,0.1,12.22,823.58
O002299,1,P0023,1,587.39,0,4.72,592.11
O002300,1,P0111,1,127.38,0,12.46,139.84
O002300,2,P0173,2,758.26,0,26.51,1543.03
O002301,1,P0058,2,156.02,0,20.36,332.4
O002301,2,P0131,2,185.19,0,20.71,391.09
O002302,1,P0031,1,397.25,0,10.95,408.2
O002303,1,P0092,1,901.51,0.1,19.0,830.36
O002303,2,P0163,1,825.28,0,16.58,841.86
O002304,1,P0210,1,949.92,0,2,951.92
O002305,1,P0165,1,27.21,0,2,29.21
O002306,1,P0045,2,72.1,0,8.98,153.18
O002306,2,P0168,1,45.44,0,8.48,53.92
O002307,1,P0220,5,103.24,0.05,11.5,501.89
O002308,1,P0216,1,823.56,0,11.12,834.68
O002309,1,P0082,1,362.46,0,9.48,371.94
O002310,1,P0113,1,814.98,0,10.32,825.3
O002310,2,P0012,4,529.58,0,11.13,2129.45
O002311,1,P0072,1,38.74,0.15,12.74,45.67
O002311,2,P0240,1,237.45,0.05,3.22,228.8
O002312,1,P0137,1,168.37,0,12.08,180.45
O002313,1,P0055,1,237.15,0,2,239.15
O002314,1,P0259,2,849.86,0,15.71,1715.43
O002315,1,P0319,3,702.73,0.15,22.04,1814.0
O002315,2,P0213,1,693.96,0.2,23.0,578.17
O002316,1,P0240,1,237.45,0,16.26,253.71
O002317,1,P0085,1,554.3,0.2,17.28,460.72
O002318,1,P0176,3,265.34,0,2,798.02
O002319,1,P0007,1,306.83,0,6.11,312.94
O002319,2,P0031,2,397.25,0,15.53,810.03
O002319,3,P0080,1,194.14,0.15,18.16,183.18
O002319,4,P0189,1,630.91,0,12.7,643.61
O002320,1,P0027,1,406.86,0.05,14.3,400.82
O002320,2,P0007,1,306.83,0,15.77,322.6
O002320,3,P0079,1,165.37,0,2,167.37
O002320,4,P0105,2,18.23,0,20.36,56.82
O002321,1,P0222,1,182.56,0.05,26.04,199.47
O002321,2,P0319,1,702.73,0.1,6.87,639.33
O002322,1,P0170,4,444.66,0,15.81,1794.45
O002322,2,P0319,3,702.73,0,16.96,2125.15
O002323,1,P0189,1,630.91,0,19.79,650.7
O002324,1,P0252,1,259.81,0.05,23.48,270.3
O002325,1,P0082,2,362.46,0.15,15.47,631.65
O002326,1,P0031,1,397.25,0,13.56,410.81
O002326,2,P0028,1,305.36,0,7.5,312.86
O002326,3,P0005,2,9999.99,0.15,9.97,17009.95
O002327,1,P0072,1,38.74,0.15,2,34.93
O002328,1,P0272,3,724.17,0,6.45,2178.96
O002329,1,P0315,1,174.01,0,18.3,192.31
O002330,1,P0179,1,159.25,0.1,24.82,168.15
O002331,1,P0291,1,657.02,0,20.92,677.94
O002331,2,P0295,1,164.98,0,2.38,167.36
O002331,3,P0005,2,9999.99,0,26.02,20026.0
O002332,1,P0294,1,73.38,0,7.94,81.32
O002332,2,P0164,2,13.57,0.1,8.42,32.85
O002333,1,P0154,2,25.6,0,21.0,72.2
O002333,2,P0153,1,339.5,0,14.19,353.69
O002334,1,P0183,1,808.84,0.1,11.49,739.45
O002334,2,P0086,1,579.39,0,6.91,586.3
O002335,1,P0211,1,980.09,0.15,24.87,857.95
O002336,1,P0059,2,953.24,0,3.31,1909.79
O002337,1,P0010,2,362.93,0,8.77,734.63
O002338,1,P0159,3,343.13,0.15,9.67,884.65
O002338,2,P0069,5,423.73,0.15,12.66,1813.51
O002339,1,P0291,1,657.02,0.1,2,593.32
O002339,2,P0056,1,581.05,0,19.63,600.68
O002340,1,P0088,1,259.63,0,5.87,265.5
O002340,2,P0023,4,587.39,0,26.78,2376.34
O002341,1,P0248,1,363.73,0.15,7.49,316.66
O002341,2,P0027,4,406.86,0,18.83,1646.27
O002342,1,P0073,1,139.62,0,10.69,150.31
O002343,1,P0096,1,224.82,0.15,32.22,223.32
O002344,1,P0296,1,428.51,0,10.5,439.01
O002344,2,P0102,1,249.53,0,10.33,259.86
O002345,1,P0178,2,294.67,0,14.64,603.98
O002345,2,P0042,1,584.05,0.05,18.46,573.31
O002346,1,P0099,1,458.56,0,2.56,461.12
O002347,1,P0258,1,81.39,0.1,2,75.25
O002347,2,P0090,1,907.45,0,15.17,922.62
O002348,1,P0103,1,158.36,0.1,13.74,156.26
O002349,1,P0067,1,355.88,0,5.77,361.65
O002350,1,P0010,2,362.93,0,20.07,745.93
O002350,2,P0247,3,315.54,0.05,2.87,902.16
O002351,1,P0001,2,342.26,0.05,6.39,656.68
O002352,1,P0046,1,190.18,0.05,12.71,193.38
O002353,1,P0245,1,489.42,0,15.26,504.68
O002354,1,P0250,1,375.47,0,17.49,392.96
O002355,1,P0273,1,75.24,0.05,22.78,94.26
O002355,2,P0186,3,638.99,0.15,12.0,1641.42
O002356,1,P0201,1,583.78,0,5.53,589.31
O002356,2,P0306,1,219.19,0.15,2,188.31
O002357,1,P0320,1,907.09,0,23.05,930.14
O002357,2,P0131,1,185.19,0,8.64,193.83
O002358,1,P0190,1,449.88,0,6.82,456.7
O002358,2,P0052,2,782.48,0,11.04,1576.0
O002358,3,P0165,2,27.21,0,19.92,74.34
O002359,1,P0315,2,174.01,0.05,15.88,346.5
O002359,2,P0143,1,110.16,0.15,2,95.64
O002360,1,P0092,1,901.51,0.1,30.7,842.06
O002360,2,P0299,1,28.85,0.15,16.74,41.26
O002361,1,P0193,2,216.15,0,10.13,442.43
O002362,1,P0295,1,164.98,0.2,13.87,145.85
O002363,1,P0199,1,324.1,0,14.64,338.74
O002363,2,P0235,1,6.83,0.05,21.34,27.83
O002364,1,P0276,1,820.81,0.15,15.94,713.63
O002364,2,P0055,1,237.15,0.1,22.02,235.46
O002365,1,P0272,1,724.17,0.1,22.91,674.66
O002366,1,P0005,1,9999.99,0.2,9.69,8009.68
O002366,2,P0280,5,128.6,0.1,14.18,592.88
O002367,1,P0104,3,521.9,0.05,2.57,1489.98
O002367,2,P0101,1,92.83,0,16.82,109.65
O002368,1,P0246,1,236.21,0,2,238.21
O002368,2,P0158,1,130.71,0,19.36,150.07
O002369,1,P0197,1,756.59,0,19.45,776.04
O002370,1,P0077,1,20.98,0.05,2,21.93
O002370,2,P0128,3,835.43,0.1,5.38,2261.04
O002370,3,P0041,1,126.39,0.1,8.5,122.25
O002371,1,P0225,2,84.06,0,2,170.12
O002372,1,P0074,2,81.29,0,6.48,169.06
O002372,2,P0269,1,256.16,0.15,7.59,225.33
O002372,3,P0004,2,803.36,0.2,263.83,1549.21
O002373,1,P0201,2,583.78,0,23.71,1191.27
O002374,1,P0050,1,745.53,0,17.22,762.75
O002375,1,P0071,5,250.08,0.1,14.09,1139.45
O002375,2,P0182,2,150.43,0,2.94,303.8
O002375,3,P0277,3,49.26,0.15,12.61,138.22
O002376,1,P0041,1,126.39,0,4.94,131.33
O002377,1,P0056,1,581.05,0,9.94,590.99
O002377,2,P0147,2,535.43,0,19.1,1089.96
O002378,1,P0187,5,106.77,0,14.18,548.03
O002379,1,P0141,2,92.1,0.1,22.75,188.53
O002380,1,P0081,1,312.38,0,7.61,319.99
O002381,1,P0036,1,67.34,0,19.29,86.63
O002382,1,P0042,1,584.05,0.05,11.64,566.49
O002382,2,P0308,1,109.62,0,6.31,115.93
O002382,3,P0008,2,193.75,0.05,9.27,377.39
O002383,1,P0088,1,259.63,0.15,14.1,234.79
O002384,1,P0158,2,130.71,0.1,19.87,255.15
O002385,1,P0183,1,808.84,0.05,18.63,787.03
O002385,2,P0020,1,1036.19,0,10.62,1046.81
O002385,3,P0001,3,342.26,0.1,10.85,934.95
O002386,1,P0017,2,237.22,0.15,9.4,412.67
O002387,1,P0106,1,236.99,0,18.91,255.9
O002388,1,P0271,1,775.17,0.1,6.37,704.02
O002389,1,P0218,1,363.84,0,10.41,374.25
O002389,2,P0120,1,62.98,0,5.33,68.31
O002390,1,P0148,1,188.16,0.05,15.79,194.54
O002391,1,P0240,1,237.45,0,19.27,256.72
O002392,1,P0052,1,782.48,0,12.23,794.71
O002393,1,P0318,3,432.06,0,32.87,1329.05
O002393,2,P0149,5,858.19,0,3.91,4294.86
O002393,3,P0119,1,229.62,0,9.68,239.3
O002394,1,P0291,1,657.02,0.05,14.36,638.53
O002395,1,P0152,1,817.49,0,2,819.49
O002396,1,P0311,2,347.85,0,8.82,704.52
O002396,2,P0267,1,1088.78,0.05,12.52,1046.86
O002396,3,P0080,1,194.14,0.1,24.69,199.42
O002397,1,P0315,2,174.01,0,10.23,358.25
O002398,1,P0099,1,458.56,0,23.71,482.27
O002398,2,P0259,2,849.86,0.05,20.06,1634.79
O002399,1,P0219,1,553.58,0.2,20.2,463.06
O002399,2,P0054,1,429.08,0,10.98,440.06
O002399,3,P0267,1,1088.78,0,2,1090.78
O002399,4,P0226,2,706.04,0,17.23,1429.31
O002400,1,P0205,1,468.82,0.1,20.03,441.97
O002400,2,P0099,1,458.56,0.1,10.96,423.66
O002400,3,P0077,1,20.98,0.1,10.62,29.5
O002401,1,P0243,2,711.65,0,2,1425.3
O002402,1,P0124,1,336.97,0,2.07,339.04
O002403,1,P0281,2,372.41,0.05,3.81,711.39
O002404,1,P0006,1,202.12,0,22.45,224.57
O002404,2,P0026,1,659.65,0.05,4.89,631.56
O002404,3,P0262,1,519.27,0.05,12.04,505.35
O002405,1,P0048,1,920.6,0,11.25,931.85
O002405,2,P0269,4,256.16,0,15.21,1039.85
O002406,1,P0082,1,362.46,0.15,18.25,326.34
O002406,2,P0303,4,483.69,0,13.44,1948.2
O002407,1,P0286,2,518.79,0.1,19.41,953.23
O002408,1,P0006,2,202.12,0,17.51,421.75
O002409,1,P0190,3,449.88,0.15,2,1149.19
O002409,2,P0076,5,1058.97,0,16.78,5311.63
O002409,3,P0193,1,216.15,0,13.5,229.65
O002410,1,P0310,2,8.5,0,2.8,19.8
O002411,1,P0075,1,233.38,0,12.38,245.76
O002411,2,P0283,1,433.94,0,14.29,448.23
O002411,3,P0078,1,314.17,0,2.92,317.09
O002412,1,P0225,1,84.06,0,6.38,90.44
O002412,2,P0048,2,920.6,0,21.4,1862.6
O002413,1,P0213,1,693.96,0.05,6.7,665.96
O002414,1,P0159,1,343.13,0.1,2,310.82
O002414,2,P0320,1,907.09,0.05,5.87,867.61
O002415,1,P0191,1,654.69,0.15,8.86,565.35
O002415,2,P0288,2,898.37,0.05,11.71,1718.61
O002416,1,P0080,2,194.14,0.1,4.08,353.53
O002416,2,P0193,1,216.15,0.1,13.01,207.54
O002417,1,P0251,1,266.39,0.05,6.2,259.27
O002418,1,P0254,1,824.63,0.05,13.55,796.95
O002419,1,P0295,1,164.98,0,8.76,173.74
O002419,2,P0242,1,722.98,0.2,2,580.38
O002420,1,P0274,5,832.77,0,9.18,4173.03
O002420,2,P0300,1,398.18,0,13.69,411.87
O002421,1,P0315,1,174.01,0.1,11.04,167.65
O002422,1,P0013,1,110.57,0.1,26.44,125.95
O002422,2,P0191,1,654.69,0.15,8.24,564.73
O002423,1,P0016,1,576.57,0,6.58,583.15
O002423,2,P0064,1,145.78,0.1,13.51,144.71
O002423,3,P0054,1,429.08,0.05,13.73,421.36
O002423,4,P0316,3,419.97,0.15,11.96,1082.88
O002424,1,P0058,2,156.02,0.1,2,282.84
O002425,1,P0211,1,980.09,0,8.45,988.54
O002425,2,P0133,2,17.03,0,8.34,42.4
O002426,1,P0166,1,20.64,0,2,22.64
O002427,1,P0122,2,149.46,0,22.7,321.62
O002428,1,P0313,1,555.72,0.05,9.98,537.91
O002428,2,P0008,1,193.75,0,11.54,205.29
O002429,1,P0087,2,118.02,0,4.2,240.24
O002429,2,P0248,2,363.73,0,19.24,746.7
O002430,1,P0011,2,363.12,0,7.19,733.43
O002431,1,P0237,1,956.17,0,10.11,966.28
O002432,1,P0140,2,227.4,0.15,2,388.58
O002432,2,P0047,1,224.37,0.2,10.46,189.96
O002433,1,P0031,3,397.25,0.05,5.25,1137.41
O002434,1,P0143,1,110.16,0,4.47,114.63
O002435,1,P0235,1,6.83,0.05,12.72,19.21
O002436,1,P0058,1,156.02,0,13.86,169.88
O002437,1,P0172,1,461.92,0,2,463.92
O002438,1,P0114,1,967.11,0,21.9,989.01
O002439,1,P0220,1,103.24,0,4.54,107.78
O002439,2,P0311,1,347.85,0.05,12.58,343.04
O002440,1,P0082,1,362.46,0.15,25.44,333.53
O002440,2,P0031,5,397.25,0.1,7.52,1795.14
O002441,1,P0161,1,67.49,0,4.65,72.14
O002442,1,P0092,2,901.51,0,10.88,1813.9
O002442,2,P0197,1,756.59,0,15.1,771.69
O002443,1,P0311,1,347.85,0,11.13,358.98
O002444,1,P0162,2,529.22,0,2.15,1060.59
O002445,1,P0005,2,9999.99,0,18.77,20018.75
O002445,2,P0144,1,649.77,0,28.04,677.81
O002445,3,P0073,2,139.62,0.05,21.03,286.31
O002446,1,P0171,1,427.19,0,20.14,447.33
O002447,1,P0258,1,81.39,0,20.54,101.93
O002448,1,P0163,1,825.28,0,6.82,832.1
O002449,1,P0236,1,397.11,0.05,7.05,384.3
O002450,1,P0056,1,581.05,0.05,11.38,563.38
O002450,2,P0170,1,444.66,0.1,15.71,415.9
O002451,1,P0080,2,194.14,0,2,390.28
O002452,1,P0254,1,824.63,0.05,17.83,801.23
O002452,2,P0183,1,808.84,0.1,10.61,738.57
O002453,1,P0164,1,13.57,0.15,2,13.53
O002453,2,P0028,2,305.36,0.05,23.98,604.16
O002453,3,P0191,1,654.69,0.1,2,591.22
O002454,1,P0202,1,115.37,0,22.37,137.74
O002455,1,P0031,2,397.25,0.1,13.54,728.59
O002456,1,P0083,1,594.36,0,24.62,618.98
O002457,1,P0045,2,72.1,0,22.51,166.71
O002458,1,P0110,1,1039.88,0.1,8.08,943.97
O002459,1,P0304,1,396.52,0,19.19,415.71
O002459,2,P0252,4,259.81,0,17.23,1056.47
O002459,3,P0173,2,758.26,0,7.41,1523.93
O002460,1,P0139,1,531.18,0,10.29,541.47
O002460,2,P0289,2,88.04,0.1,12.88,171.35
O002461,1,P0304,1,396.52,0,9.0,405.52
O002462,1,P0169,2,410.06,0.05,2.64,781.75
O002463,1,P0268,1,214.47,0,12.26,226.73
O002463,2,P0185,1,8.75,0,5.72,14.47
O002464,1,P0227,3,292.14,0,6.56,882.98
O002464,2,P0149,1,858.19,0.2,25.53,712.08
O002465,1,P0016,4,576.57,0.1,2.17,2077.82
O002466,1,P0089,1,625.43,0,2,627.43
O002466,2,P0109,1,194.26,0,18.83,213.09
O002467,1,P0287,1,756.46,0,9.82,766.28
O002467,2,P0262,2,519.27,0.15,9.16,891.92
O002468,1,P0224,2,355.54,0,7.45,718.53
O002469,1,P0258,1,81.39,0,6.83,88.22
O002470,1,P0040,3,354.01,0.2,15.27,864.89
O002471,1,P0112,1,400.76,0,20.72,421.48
O002472,1,P0029,1,490.19,0,13.92,504.11
O002472,2,P0077,1,20.98,0,21.25,42.23
O002473,1,P0276,1,820.81,0,13.06,833.87
O002473,2,P0051,4,371.95,0.05,15.33,1428.74
O002474,1,P0111,1,127.38,0.2,28.27,130.17
O002474,2,P0043,4,118.53,0.1,2,428.71
O002475,1,P0276,1,820.81,0,8.98,829.79
O002476,1,P0077,1,20.98,0,11.76,32.74
O002476,2,P0101,1,92.83,0,16.67,109.5
O002476,3,P0138,1,870.78,0,6.56,877.34
O002476,4,P0270,1,949.79,0,7.77,957.56
O002477,1,P0192,1,951.76,0.15,21.35,830.35
O002477,2,P0243,1,711.65,0.1,4.76,645.25
O002478,1,P0208,1,723.84,0,7.71,731.55
O002478,2,P0108,2,957.8,0,2,1917.6
O002478,3,P0197,2,756.59,0,2,1515.18
O002479,1,P0245,2,489.42,0.2,3.35,786.42
O002479,2,P0013,1,110.57,0,6.84,117.41
O002479,3,P0298,2,410.7,0,20.55,841.95
O002480,1,P0076,1,1058.97,0.1,14.25,967.32
O002480,2,P0272,1,724.17,0,23.76,747.93
O002481,1,P0281,1,372.41,0,20.3,392.71
O002482,1,P0189,1,630.91,0.1,17.38,585.2
O002483,1,P0309,1,541.39,0,21.05,562.44
O002483,2,P0109,1,194.26,0.05,11.21,195.76
O002484,1,P0002,1,556.12,0,20.91,577.03
O002485,1,P0106,1,236.99,0,16.85,253.84
O002486,1,P0193,2,216.15,0,32.85,465.15
O002487,1,P0139,4,531.18,0,26.9,2151.62
O002488,1,P0135,1,504.23,0,6.11,510.34
O002489,1,P0264,1,502.16,0,23.47,525.63
O002490,1,P0091,5,86.5,0.1,17.86,407.11
O002490,2,P0098,2,701.13,0,13.59,1415.85
O002490,3,P0104,4,521.9,0,23.16,2110.76
O002490,4,P0266,1,242.67,0.15,8.76,215.03
O002491,1,P0008,3,193.75,0,13.7,594.95
O002491,2,P0259,2,849.86,0.1,16.66,1546.41
O002491,3,P0241,1,307.92,0.05,2.27,294.79
O002492,1,P0269,2,256.16,0,14.45,526.77
O002493,1,P0107,2,435.88,0,2,873.76
O002493,2,P0178,3,294.67,0.1,15.19,810.8
O002493,3,P0305,1,330.82,0,3.75,334.57
O002494,1,P0045,1,72.1,0,22.7,94.8
O002494,2,P0178,2,294.67,0,19.63,608.97
O002495,1,P0288,1,898.37,0.05,25.77,879.22
O002495,2,P0278,1,480.16,0,22.43,502.59
O002496,1,P0308,1,109.62,0,7.06,116.68
O002497,1,P0131,1,185.19,0.1,11.22,177.89
O002497,2,P0113,3,814.98,0.1,7.72,2208.17
O002498,1,P0296,1,428.51,0,13.55,442.06
O002498,2,P0003,2,146.76,0.05,2,280.84
O002499,1,P0238,1,645.9,0.1,2,583.31
O002499,2,P0284,3,501.64,0,4.66,1509.58
O002499,3,P0101,1,92.83,0,14.7,107.53
O002499,4,P0087,1,118.02,0,2,120.02
O002500,1,P0069,1,423.73,0.05,25.39,427.93
O002501,1,P0075,4,233.38,0,16.01,949.53
O002502,1,P0230,1,438.21,0,18.82,457.03
O002502,2,P0145,1,247.46,0,14.5,261.96
O002503,1,P0266,2,242.67,0,13.46,498.8
O002503,2,P0094,5,756.84,0.1,14.06,3419.84
O002504,1,P0155,1,88.23,0,10.15,98.38
O002504,2,P0249,1,575.36,0,11.2,586.56
O002505,1,P0237,1,956.17,0,14.17,970.34
O002505,2,P0121,1,97.09,0,24.47,121.56
O002506,1,P0235,2,6.83,0,10.57,24.23
O002507,1,P0294,1,73.38,0,11.13,84.51
O002508,1,P0050,1,745.53,0,14.36,759.89
O002508,2,P0266,1,242.67,0.15,4.54,210.81
O002509,1,P0078,1,314.17,0.05,7.52,305.98
O002510,1,P0118,1,588.11,0.05,11.28,569.98
O002510,2,P0113,3,814.98,0.15,12.74,2090.94
O002510,3,P0251,2,266.39,0.1,6.64,486.14
O002511,1,P0080,1,194.14,0,11.77,205.91
O002511,2,P0098,1,701.13,0.1,22.73,653.75
O002512,1,P0090,1,907.45,0,12.73,920.18
O002513,1,P0092,1,901.51,0.1,8.57,819.93
O002514,1,P0082,1,362.46,0,9.53,371.99
O002514,2,P0038,3,778.2,0.1,2,2103.14
O002515,1,P0035,1,544.32,0.1,8.92,498.81
O002516,1,P0151,2,785.65,0.1,12.2,1426.37
O002517,1,P0105,1,18.23,0.1,2,18.41
O002518,1,P0103,2,158.36,0.15,11.99,281.2
O002518,2,P0097,1,267.08,0.1,15.81,256.18
O002519,1,P0157,3,807.11,0,2,2423.33
O002520,1,P0041,1,126.39,0.05,14.16,134.23
O002521,1,P0283,3,433.94,0,6.31,1308.13
O002521,2,P0318,1,432.06,0.05,13.7,424.16
O002521,3,P0077,1,20.98,0,6.88,27.86
O002522,1,P0157,3,807.11,0.1,7.03,2186.23
O002522,2,P0196,1,753.97,0,18.42,772.39
O002523,1,P0281,2,372.41,0,2,746.82
O002524,1,P0046,1,190.18,0.1,15.62,186.78
O002524,2,P0269,1,256.16,0.05,2.04,245.39
O002525,1,P0143,1,110.16,0.1,6.06,105.2
O002525,2,P0162,1,529.22,0.1,14.67,490.97
O002526,1,P0291,1,657.02,0.05,16.19,640.36
O002527,1,P0048,1,920.6,0,12.16,932.76
O002527,2,P0294,1,73.38,0.1,7.86,73.9
O002528,1,P0096,1,224.82,0.1,25.01,227.35
O002528,2,P0240,1,237.45,0,4.74,242.19
O002529,1,P0136,1,784.55,0,2,786.55
O002529,2,P0068,4,148.48,0.1,14.29,548.82
O002530,1,P0238,1,645.9,0,27.56,673.46
O002530,2,P0181,1,364.59,0.1,2,330.13
O002531,1,P0253,1,162.64,0,7.2,169.84
O002531,2,P0010,5,362.93,0,17.25,1831.9
O002532,1,P0122,1,149.46,0,11.77,161.23
O002532,2,P0278,1,480.16,0.05,16.51,472.66
O002532,3,P0044,1,456.63,0.1,18.48,429.45
O002533,1,P0068,1,148.48,0,12.05,160.53
O002533,2,P0143,1,110.16,0,6.35,116.51
O002533,3,P0267,2,1088.78,0.05,16.07,2084.75
O002533,4,P0119,5,229.62,0.15,17.7,993.58
O002534,1,P0079,1,165.37,0,5.36,170.73
O002535,1,P0140,1,227.4,0.05,3.67,219.7
O002535,2,P0027,1,406.86,0.05,18.86,405.38
O002536,1,P0003,1,146.76,0.05,5.52,144.94
O002536,2,P0119,1,229.62,0.1,2.03,208.69
O002537,1,P0297,2,38.06,0.15,8.03,72.73
O002537,2,P0247,1,315.54,0,16.61,332.15
O002538,1,P0020,1,1036.19,0,5.31,1041.5
O002539,1,P0064,1,145.78,0,20.46,166.24
O002539,2,P0096,2,224.82,0,8.16,457.8
O002539,3,P0241,4,307.92,0.05,13.23,1183.33
O002539,4,P0270,2,949.79,0,2,1901.58
O002540,1,P0068,2,148.48,0,11.12,308.08
O002541,1,P0100,1,237.44,0,19.68,257.12
O002542,1,P0300,1,398.18,0,21.23,419.41
O002542,2,P0265,1,240.13,0.05,21.02,249.14
O002543,1,P0246,2,236.21,0.1,15.53,440.71
O002544,1,P0071,1,250.08,0.05,9.45,247.03
O002544,2,P0124,1,336.97,0,17.1,354.07
O002545,1,P0313,1,555.72,0.05,7.58,535.51
O002546,1,P0104,1,521.9,0,16.16,538.06
O002547,1,P0198,1,764.66,0,32.78,797.44
O002548,1,P0128,5,835.43,0.05,12.02,3980.31
O002548,2,P0211,2,980.09,0.1,18.29,1782.45
O002548,3,P0088,1,259.63,0.05,5.69,252.34
O002549,1,P0026,1,659.65,0.1,17.37,611.05
O002550,1,P0219,2,553.58,0,18.18,1125.34
O002551,1,P0198,1,764.66,0,25.99,790.65
O002551,2,P0114,1,967.11,0.05,2.42,921.17
O002552,1,P0104,2,521.9,0.05,2,993.61
O002552,2,P0007,2,306.83,0,19.26,632.92
O002552,3,P0284,1,501.64,0,11.62,513.26
O002553,1,P0196,2,753.97,0.1,12.54,1369.69
O002553,2,P0231,3,766.78,0.05,2,2187.32
O002553,3,P0018,1,598.9,0.05,8.03,576.98
O002553,4,P0058,2,156.02,0,18.62,330.66
O002554,1,P0106,1,236.99,0,10.8,247.79
O002555,1,P0287,2,756.46,0,30.13,1543.05
O002556,1,P0239,1,873.44,0.05,14.28,844.05
O002557,1,P0160,2,413.02,0.05,5.85,790.59
O002558,1,P0210,1,949.92,0,2,951.92
O002559,1,P0103,1,158.36,0.05,15.9,166.34
O002560,1,P0216,3,823.56,0.15,18.53,2118.61
O002560,2,P0010,1,362.93,0.2,3.32,293.66
O002561,1,P0025,4,343.24,0.15,17.54,1184.56
O002562,1,P0064,1,145.78,0.05,20.76,159.25
O002562,2,P0165,1,27.21,0,4.79,32.0
O002563,1,P0215,2,1003.36,0.2,2,1607.38
O002564,1,P0219,1,553.58,0.05,10.77,536.67
O002564,2,P0320,5,907.09,0,2.15,4537.6
O002564,3,P0225,2,84.06,0,5.41,173.53
O002565,1,P0016,1,576.57,0,3.02,579.59
O002566,1,P0295,1,164.98,0,4.02,169.0
O002566,2,P0001,2,342.26,0,3.98,688.5
O002566,3,P0101,2,92.83,0,4.85,190.51
O002567,1,P0132,1,107.93,0,5.93,113.86
O002568,1,P0199,2,324.1,0.05,20.46,636.25
O002568,2,P0244,1,316.68,0.1,13.17,298.18
O002568,3,P0304,2,396.52,0,9.28,802.32
O002568,4,P0228,1,539.71,0,19.42,559.13
O002569,1,P0235,1,6.83,0,8.78,15.61
O002570,1,P0169,2,410.06,0,16.69,836.81
O002571,1,P0083,2,594.36,0,2,1190.72
O002572,1,P0149,4,858.19,0,16.77,3449.53
O002572,2,P0121,2,97.09,0,15.65,209.83
O002573,1,P0101,1,92.83,0.05,26.0,114.19
O002573,2,P0253,1,162.64,0,8.56,171.2
O002574,1,P0073,1,139.62,0,2,141.62
O002575,1,P0101,1,92.83,0.15,19.35,98.26
O002576,1,P0097,1,267.08,0.05,23.25,276.98
O002576,2,P0134,3,574.47,0,5.98,1729.39
O002577,1,P0089,1,625.43,0.2,6.93,507.27
O002578,1,P0073,1,139.62,0.05,26.55,159.19
O002579,1,P0051,1,371.95,0,16.88,388.83
O002580,1,P0077,1,20.98,0,6.05,27.03
O002581,1,P0109,1,194.26,0,15.17,209.43
O002582,1,P0213,2,693.96,0.1,19.88,1269.01
O002583,1,P0237,1,956.17,0.1,12.18,872.73
O002583,2,P0085,2,554.3,0.2,9.83,896.71
O002584,1,P0060,3,27.23,0,16.2,97.89
O002584,2,P0287,2,756.46,0.1,14.34,1375.97
O002585,1,P0014,3,187.84,0,18.72,582.24
O002586,1,P0028,1,305.36,0,3.6,308.96
O002587,1,P0109,2,194.26,0,9.89,398.41
O002588,1,P0059,1,953.24,0.05,14.56,920.14
O002589,1,P0085,2,554.3,0,10.21,1118.81
O002589,2,P0061,1,776.86,0.1,359.5,1058.67
O002589,3,P0121,2,97.09,0.15,2,167.05
O002590,1,P0025,2,343.24,0.05,2,654.16
O002590,2,P0080,2,194.14,0,2,390.28
O002590,3,P0085,1,554.3,0,15.8,570.1
O002591,1,P0278,1,480.16,0,11.82,491.98
O002592,1,P0047,1,224.37,0.05,11.95,225.1
O002593,1,P0259,1,849.86,0,16.32,866.18
O002594,1,P0224,1,355.54,0,2,357.54
O002595,1,P0259,2,849.86,0.15,6.23,1450.99
O002595,2,P0113,2,814.98,0,11.11,1641.07
O002596,1,P0194,1,140.84,0,9.99,150.83
O002596,2,P0028,3,305.36,0,2,918.08
O002597,1,P0190,1,449.88,0,13.68,463.56
O002598,1,P0210,1,949.92,0,16.3,966.22
O002599,1,P0256,1,847.43,0,15.15,862.58
O002599,2,P0140,1,227.4,0,2,229.4
O002600,1,P0288,1,898.37,0.05,12.1,865.55
O002601,1,P0073,1,139.62,0.15,6.69,125.37
O002602,1,P0300,1,398.18,0.1,14.61,372.97
O002602,2,P0277,2,49.26,0.15,10.8,94.54
O002603,1,P0305,1,330.82,0.15,3.93,285.13
O002603,2,P0196,1,753.97,0.15,13.39,654.26
O002604,1,P0129,1,104.68,0.1,2.75,96.96
O002605,1,P0256,1,847.43,0,18.84,866.27
O002606,1,P0131,1,185.19,0,18.3,203.49
O002606,2,P0052,1,782.48,0.05,20.23,763.59
O002606,3,P0232,1,295.67,0.15,11.54,262.86
O002607,1,P0102,2,249.53,0.1,17.51,466.66
O002607,2,P0247,1,315.54,0.2,5.04,257.47
O002608,1,P0303,1,483.69,0.05,5.6,465.11
O002608,2,P0141,1,92.1,0,5.4,97.5
O002609,1,P0217,1,390.23,0.15,8.53,340.23
O002610,1,P0310,2,8.5,0.2,11.8,25.4
O002610,2,P0312,1,681.66,0.05,3.93,651.51
O002611,1,P0072,1,38.74,0,6.89,45.63
O002612,1,P0188,2,480.75,0.1,15.77,881.12
O002612,2,P0015,1,284.04,0,10.29,294.33
O002612,3,P0138,2,870.78,0,11.17,1752.73
O002612,4,P0207,4,469.0,0.2,14.25,1515.05
O002613,1,P0079,1,165.37,0,6.44,171.81
O002613,2,P0235,2,6.83,0.1,18.23,30.52
O002614,1,P0059,4,953.24,0,15.98,3828.94
O002614,2,P0029,2,490.19,0.1,25.4,907.74
O002615,1,P0287,1,756.46,0.05,5.63,724.27
O002616,1,P0263,1,574.22,0.05,21.2,566.71
O002616,2,P0148,1,188.16,0.05,30.89,209.64
O002616,3,P0219,1,553.58,0.1,5.04,503.26
O002616,4,P0062,2,673.39,0,11.03,1357.81
O002617,1,P0277,1,49.26,0.1,5.37,49.7
O002618,1,P0259,1,849.86,0.05,9.55,816.92
O002619,1,P0044,1,456.63,0,7.9,464.53
O002619,2,P0158,4,130.71,0.1,18.85,489.41
O002620,1,P0068,1,148.48,0.1,19.31,152.94
O002620,2,P0130,1,491.43,0,6.9,498.33
O002621,1,P0124,4,336.97,0,7.34,1355.22
O002621,2,P0249,3,575.36,0.05,26.84,1666.62
O002622,1,P0203,1,420.71,0,21.24,441.95
O002623,1,P0057,1,286.31,0.2,2,231.05
O002624,1,P0271,1,775.17,0.1,24.73,722.38
O002624,2,P0147,1,535.43,0,12.16,547.59
O002625,1,P0046,1,190.18,0,12.49,202.67
O002626,1,P0187,1,106.77,0,7.78,114.55
O002627,1,P0207,1,469.0,0,2,471.0
O002628,1,P0105,4,18.23,0,21.17,94.09
O002629,1,P0181,1,364.59,0.15,11.99,321.89
O002630,1,P0251,1,266.39,0.05,24.58,277.65
O002630,2,P0072,3,38.74,0,21.0,137.22
O002631,1,P0101,1,92.83,0,22.16,114.99
O002632,1,P0119,3,229.62,0.2,14.14,565.23
O002632,2,P0109,1,194.26,0,4.79,199.05
O002633,1,P0296,1,428.51,0,4.45,432.96
O002633,2,P0317,1,811.43,0.05,2,772.86
O002633,3,P0082,1,362.46,0.2,6.94,296.91
O002634,1,P0124,1,336.97,0.2,2,271.58
O002635,1,P0153,1,339.5,0.1,23.18,328.73
O002635,2,P0292,1,386.72,0,24.12,410.84
O002636,1,P0112,1,400.76,0,2.6,403.36
O002637,1,P0116,1,339.23,0,2,341.23
O002637,2,P0065,1,492.73,0,15.14,507.87
O002638,1,P0018,1,598.9,0.1,10.18,549.19
O002638,2,P0036,1,67.34,0.1,8.54,69.15
O002639,1,P0064,1,145.78,0.05,15.4,153.89
O002640,1,P0009,3,17.8,0.1,7.06,55.12
O002640,2,P0053,3,360.49,0.05,317.44,1344.84
O002641,1,P0165,1,27.21,0.05,8.2,34.05
O002641,2,P0128,1,835.43,0,19.01,854.44
O002641,3,P0285,1,53.42,0,9.38,62.8
O002641,4,P0036,3,67.34,0,14.57,216.59
O002642,1,P0263,1,574.22,0.05,14.13,559.64
O002643,1,P0245,2,489.42,0.15,12.0,844.01
O002643,2,P0213,1,693.96,0.15,17.16,607.03
O002643,3,P0045,1,72.1,0,19.59,91.69
O002643,4,P0310,1,8.5,0,11.8,20.3
O002644,1,P0087,4,118.02,0.05,15.88,464.36
O002645,1,P0301,2,263.33,0,9.61,536.27
O002646,1,P0282,3,856.4,0,11.81,2581.01
O002646,2,P0071,2,250.08,0.15,5.9,431.04
O002647,1,P0235,1,6.83,0,2.16,8.99
O002647,2,P0036,4,67.34,0.05,10.13,266.02
O002648,1,P0294,1,73.38,0.1,14.73,80.77
O002648,2,P0049,1,841.2,0.1,8.34,765.42
O002649,1,P0138,1,870.78,0.15,15.68,755.84
O002650,1,P0229,1,81.64,0.05,15.63,93.19
O002651,1,P0255,1,854.74,0,10.07,864.81
O002652,1,P0061,1,776.86,0.1,2,701.17
O002652,2,P0044,1,456.63,0,17.85,474.48
O002653,1,P0006,1,202.12,0,20.93,223.05
O002654,1,P0146,1,288.94,0.1,3.32,263.37
O002655,1,P0317,1,811.43,0,15.47,826.9
O002655,2,P0116,1,339.23,0,2.33,341.56
O002656,1,P0226,1,706.04,0.05,15.7,686.44
O002656,2,P0021,1,806.92,0.2,4.09,649.63
O002657,1,P0260,2,623.36,0,11.14,1257.86
O002657,2,P0083,1,594.36,0,26.03,620.39
O002658,1,P0132,1,107.93,0.05,26.25,128.78
O002659,1,P0030,1,122.57,0,20.15,142.72
O002659,2,P0254,1,824.63,0,12.07,836.7
O002660,1,P0217,1,390.23,0,14.5,404.73
O002661,1,P0157,1,807.11,0.1,294.82,1021.22
O002661,2,P0113,2,814.98,0,16.94,1646.9
O002661,3,P0100,1,237.44,0.1,11.62,225.32
O002662,1,P0056,1,581.05,0.15,18.52,512.41
O002663,1,P0192,1,951.76,0.05,15.31,919.48
O002664,1,P0123,1,202.44,0.2,2,163.95
O002665,1,P0158,1,130.71,0.1,13.29,130.93
O002665,2,P0283,4,433.94,0.05,2,1650.97
O002666,1,P0303,1,483.69,0,13.54,497.23
O002667,1,P0022,1,623.29,0,15.06,638.35
O002667,2,P0060,1,27.23,0,15.8,43.03
O002667,3,P0113,1,814.98,0.05,22.89,797.12
O002668,1,P0254,2,824.63,0.15,2,1403.87
O002669,1,P0248,2,363.73,0.05,14.56,705.65
O002670,1,P0198,2,764.66,0,17.52,1546.84
O002671,1,P0014,1,187.84,0,18.39,206.23
O002672,1,P0172,1,461.92,0,2,463.92
O002672,2,P0161,2,67.49,0,10.38,145.36
O002672,3,P0040,2,354.01,0,20.33,728.35
O002672,4,P0221,1,188.81,0,11.42,200.23
O002673,1,P0018,1,598.9,0,16.96,615.86
O002673,2,P0089,1,625.43,0.05,14.58,608.74
O002674,1,P0051,2,371.95,0,10.46,754.36
O002674,2,P0128,1,835.43,0,31.91,867.34
O002675,1,P0058,2,156.02,0,9.83,321.87
O002676,1,P0127,1,597.61,0,17.01,614.62
O002676,2,P0089,1,625.43,0.05,23.35,617.51
O002676,3,P0252,1,259.81,0,8.7,268.51
O002677,1,P0306,1,219.19,0,11.09,230.28
O002677,2,P0218,2,363.84,0,16.93,744.61
O002677,3,P0248,1,363.73,0.1,9.03,336.39
O002677,4,P0239,1,873.44,0,2,875.44
O002678,1,P0141,1,92.1,0.1,8.23,91.12
O002679,1,P0234,1,354.24,0.1,10.4,329.22
O002680,1,P0228,1,539.71,0,12.73,552.44
O002680,2,P0004,1,803.36,0,24.27,827.63
O002681,1,P0003,1,146.76,0,4.73,151.49
O002682,1,P0074,1,81.29,0,15.86,97.15
O002682,2,P0302,5,340.59,0,7.83,1710.78
O002683,1,P0206,1,75.89,0.2,5.55,66.26
O002683,2,P0095,3,97.16,0.2,19.84,253.02
O002684,1,P0121,5,97.09,0,5.35,490.8
O002684,2,P0315,1,174.01,0.1,7.21,163.82
O002685,1,P0108,1,957.8,0,20.92,978.72
O002686,1,P0167,2,9.0,0,6.09,24.09
O002687,1,P0036,1,67.34,0.05,24.61,88.58
O002688,1,P0313,1,555.72,0,9.81,565.53
O002689,1,P0028,1,305.36,0,15.59,320.95
O002689,2,P0200,1,499.63,0,3.34,502.97
O002689,3,P0119,2,229.62,0.1,7.23,420.55
O002690,1,P0005,1,9999.99,0,8.11,10008.1
O002691,1,P0222,2,182.56,0.1,15.86,344.47
O002691,2,P0105,1,18.23,0,8.15,26.38
O002691,3,P0190,1,449.88,0,4.63,454.51
O002692,1,P0086,3,579.39,0.1,12.54,1576.89
O002693,1,P0284,1,501.64,0,21.14,522.78
O002694,1,P0012,3,529.58,0.2,5.88,1276.87
O002695,1,P0262,1,519.27,0,2.27,521.54
O002695,2,P0221,5,188.81,0.05,12.66,909.51
O002695,3,P0297,3,38.06,0.05,14.51,122.98
O002696,1,P0014,3,187.84,0.1,14.27,521.44
O002696,2,P0148,2,188.16,0,9.9,386.22
O002697,1,P0009,1,17.8,0,11.18,28.98
O002698,1,P0023,2,587.39,0,12.55,1187.33
O002699,1,P0021,1,806.92,0,14.61,821.53
O002700,1,P0129,1,104.68,0.05,30.51,129.96
O002701,1,P0135,1,504.23,0,2.65,506.88
O002701,2,P0055,3,237.15,0,15.31,726.76
O002701,3,P0309,2,541.39,0.15,20.78,941.14
O002702,1,P0198,1,764.66,0,12.61,777.27
O002703,1,P0152,1,817.49,0,5.64,823.13
O002703,2,P0262,2,519.27,0.15,16.06,898.82
O002703,3,P0215,3,1003.36,0,17.33,3027.41
O002703,4,P0046,1,190.18,0,2,192.18
O002704,1,P0177,4,95.11,0.15,25.02,348.39
O002705,1,P0291,1,657.02,0,8.58,665.6
O002706,1,P0063,2,310.44,0,2,622.88
O002706,2,P0135,1,504.23,0.05,11.59,490.61
O002707,1,P0168,2,45.44,0,9.99,100.87
O002708,1,P0257,2,486.52,0.1,26.56,902.3
O002709,1,P0198,1,764.66,0,8.24,772.9
O002710,1,P0175,1,568.15,0,10.59,578.74
O002710,2,P0010,1,362.93,0.05,5.81,350.59
O002711,1,P0144,1,649.77,0,22.4,672.17
O002711,2,P0195,3,256.53,0,2,771.59
O002711,3,P0169,1,410.06,0,11.77,421.83
O002711,4,P0232,2,295.67,0.05,11.54,573.31
O002712,1,P0281,3,372.41,0.15,33.14,982.79
O002713,1,P0016,1,576.57,0,5.81,582.38
O002714,1,P0226,2,706.04,0,10.03,1422.11
O002714,2,P0062,1,673.39,0,17.97,691.36
O002715,1,P0220,1,103.24,0,11.05,114.29
O002716,1,P0256,1,847.43,0,13.6,861.03
O002716,2,P0255,1,854.74,0.05,11.89,823.89
O002716,3,P0100,1,237.44,0,3.67,241.11
O002716,4,P0225,1,84.06,0,5.21,89.27
O002717,1,P0304,1,396.52,0.1,5.58,362.45
O002717,2,P0170,1,444.66,0,5.95,450.61
O002717,3,P0094,1,756.84,0.15,2,645.31
O002717,4,P0230,1,438.21,0.1,14.13,408.52
O002718,1,P0195,1,256.53,0,19.97,276.5
O002719,1,P0292,1,386.72,0.15,6.63,335.34
O002719,2,P0208,3,723.84,0,3.31,2174.83
O002720,1,P0059,1,953.24,0.05,20.97,926.55
O002720,2,P0042,2,584.05,0,17.1,1185.2
O002720,3,P0120,1,62.98,0.2,9.26,59.64
O002720,4,P0203,2,420.71,0,17.74,859.16
O002721,1,P0168,1,45.44,0.1,9.48,50.38
O002721,2,P0184,2,112.13,0.05,10.3,223.35
O002722,1,P0135,1,504.23,0.05,2,481.02
O002722,2,P0170,2,444.66,0,16.34,905.66
O002723,1,P0095,4,97.16,0.05,19.03,388.24
O002724,1,P0033,1,310.62,0,10.83,321.45
O002725,1,P0177,1,95.11,0.05,16.97,107.32
O002726,1,P0309,1,541.39,0.15,26.88,487.06
O002727,1,P0158,1,130.71,0.05,2,126.17
O002728,1,P0088,1,259.63,0.1,10.75,244.42
O002729,1,P0233,2,84.69,0.15,10.79,154.76
O002729,2,P0176,1,265.34,0,18.39,283.73
O002730,1,P0086,2,579.39,0,9.01,1167.79
O002730,2,P0274,1,832.77,0,7.83,840.6
O002730,3,P0043,1,118.53,0.15,20.55,121.3
O002731,1,P0253,1,162.64,0.05,2,156.51
O002732,1,P0030,1,122.57,0,10.0,132.57
O002732,2,P0109,1,194.26,0,5.56,199.82
O002733,1,P0087,1,118.02,0,7.27,125.29
O002734,1,P0201,1,583.78,0,12.05,595.83
O002735,1,P0094,1,756.84,0.15,7.02,650.33
O002735,2,P0194,1,140.84,0,18.83,159.67
O002736,1,P0051,1,371.95,0.05,21.35,374.7
O002736,2,P0076,1,1058.97,0.15,5.13,905.25
O002737,1,P0155,1,88.23,0,12.07,100.3
O002738,1,P0218,2,363.84,0.05,14.16,705.46
O002738,2,P0088,2,259.63,0.05,2.38,495.68
O002738,3,P0165,1,27.21,0.05,2,27.85
O002739,1,P0115,3,602.48,0,20.86,1828.3
O002740,1,P0096,1,224.82,0,12.86,237.68
O002741,1,P0179,2,159.25,0,2.13,320.63
O002742,1,P0163,2,825.28,0,7.87,1658.43
O002743,1,P0125,1,329.73,0.05,18.41,331.65
O002744,1,P0285,1,53.42,0.1,9.39,57.47
O002745,1,P0140,1,227.4,0.05,17.98,234.01
O002745,2,P0047,1,224.37,0.1,9.61,211.54
O002746,1,P0120,1,62.98,0.05,23.17,83.0
O002747,1,P0058,2,156.02,0,11.2,323.24
O002747,2,P0247,1,315.54,0.15,13.92,282.13
O002748,1,P0263,2,574.22,0.05,10.94,1101.96
O002749,1,P0058,1,156.02,0.15,11.66,144.28
O002750,1,P0137,1,168.37,0,2,170.37
O002750,2,P0079,1,165.37,0,2,167.37
O002751,1,P0206,1,75.89,0,14.69,90.58
O002751,2,P0217,2,390.23,0.1,3.32,705.73
O002752,1,P0020,1,1036.19,0.1,11.44,944.01
O002752,2,P0207,1,469.0,0.1,16.19,438.29
O002753,1,P0199,3,324.1,0,8.71,981.01
O002754,1,P0292,1,386.72,0,8.97,395.69
O002755,1,P0298,1,410.7,0,2,412.7
O002756,1,P0071,1,250.08,0.05,8.89,246.47
O002757,1,P0060,1,27.23,0.15,23.69,46.84
O002758,1,P0063,1,310.44,0,6.91,317.35
O002759,1,P0263,3,574.22,0,10.87,1733.53
O002759,2,P0178,1,294.67,0.15,11.34,261.81
O002759,3,P0146,1,288.94,0,15.77,304.71
O002760,1,P0285,1,53.42,0,15.42,68.84
O002760,2,P0168,1,45.44,0.2,25.62,61.97
O002761,1,P0291,3,657.02,0.05,17.61,1890.12
O002762,1,P0004,3,803.36,0,8.58,2418.66
O002763,1,P0045,2,72.1,0,29.62,173.82
O002764,1,P0023,1,587.39,0.15,2,501.28
O002765,1,P0228,3,539.71,0,12.99,1632.12
O002766,1,P0075,4,233.38,0.2,27.62,774.44
O002767,1,P0202,1,115.37,0.05,19.58,129.18
O002768,1,P0038,1,778.2,0,9.2,787.4
O002769,1,P0053,2,360.49,0,17.07,738.05
O002769,2,P0228,1,539.71,0,7.32,547.03
O002770,1,P0157,1,807.11,0,17.62,824.73
O002771,1,P0043,3,118.53,0,28.12,383.71
O002772,1,P0247,1,315.54,0,10.15,325.69
O002772,2,P0019,1,618.71,0,2.96,621.67
O002772,3,P0113,2,814.98,0,12.35,1642.31
O002773,1,P0060,1,27.23,0.15,10.94,34.09
O002774,1,P0153,2,339.5,0.2,10.26,553.46
O002774,2,P0071,2,250.08,0.15,16.76,441.9
O002774,3,P0139,4,531.18,0,21.17,2145.89
O002775,1,P0263,1,574.22,0.1,7.6,524.4
O002776,1,P0205,1,468.82,0,16.22,485.04
O002776,2,P0320,2,907.09,0,2,1816.18
O002776,3,P0253,4,162.64,0.05,15.11,633.14
O002776,4,P0036,1,67.34,0,12.35,79.69
O002777,1,P0120,3,62.98,0,2,190.94
O002777,2,P0101,1,92.83,0,16.33,109.16
O002778,1,P0094,1,756.84,0,16.9,773.74
O002778,2,P0204,1,387.0,0,7.94,394.94
O002779,1,P0156,1,90.87,0,8.41,99.28
O002779,2,P0111,1,127.38,0.2,10.51,112.41
O002780,1,P0210,1,949.92,0.05,2,904.42
O002780,2,P0195,1,256.53,0.05,2,245.7
O002780,3,P0038,4,778.2,0.05,25.93,2983.09
O002780,4,P0039,2,205.22,0.05,2,391.92
O002781,1,P0260,5,623.36,0,21.24,3138.04
O002781,2,P0245,1,489.42,0,2,491.42
O002782,1,P0046,1,190.18,0.2,15.72,167.86
O002782,2,P0243,3,711.65,0.1,12.79,1934.24
O002783,1,P0147,1,535.43,0,15.02,550.45
O002784,1,P0229,2,81.64,0.1,28.18,175.13
O002784,2,P0219,1,553.58,0,13.83,567.41
O002784,3,P0084,1,294.21,0.05,23.29,302.79
O002785,1,P0223,1,72.48,0.15,14.89,76.5
O002785,2,P0144,1,649.77,0,2.43,652.2
O002785,3,P0318,1,432.06,0.15,19.97,387.22
O002785,4,P0026,1,659.65,0,10.65,670.3
O002786,1,P0146,1,288.94,0.2,3.27,234.42
O002786,2,P0207,1,469.0,0.1,16.79,438.89
O002786,3,P0071,4,250.08,0.15,2,852.27
O002787,1,P0160,1,413.02,0.15,7.29,358.36
O002788,1,P0027,1,406.86,0.1,11.7,377.87
O002789,1,P0082,1,362.46,0,19.21,381.67
O002790,1,P0281,1,372.41,0,16.51,388.92
O002791,1,P0319,2,702.73,0,7.26,1412.72
O002792,1,P0028,1,305.36,0.2,29.65,273.94
O002792,2,P0056,1,581.05,0,5.67,586.72
O002792,3,P0246,1,236.21,0,12.91,249.12
O002793,1,P0182,1,150.43,0,22.91,173.34
O002794,1,P0098,2,701.13,0.1,21.81,1283.84
O002795,1,P0275,1,515.35,0,9.42,524.77
O002795,2,P0075,1,233.38,0.1,7.65,217.69
O002795,3,P0291,1,657.02,0,7.98,665.0
O002796,1,P0259,1,849.86,0,15.36,865.22
O002797,1,P0078,1,314.17,0,2,316.17
O002798,1,P0085,1,554.3,0.15,22.26,493.41
O002799,1,P0320,1,907.09,0,14.29,921.38
O002800,1,P0152,1,817.49,0,11.61,829.1
O002801,1,P0192,1,951.76,0.1,13.76,870.34
O002801,2,P0099,1,458.56,0,11.34,469.9
O002802,1,P0246,1,236.21,0.1,19.36,231.95
O002802,2,P0026,1,659.65,0.05,28.07,654.74
O002803,1,P0177,1,95.11,0.05,2,92.35
O002803,2,P0076,2,1058.97,0.05,7.82,2019.86
O002804,1,P0265,3,240.13,0,2,722.39
O002805,1,P0282,1,856.4,0,20.85,877.25
O002805,2,P0142,1,483.04,0,18.98,502.02
O002806,1,P0047,1,224.37,0,2.81,227.18
O002807,1,P0164,3,13.57,0,8.35,49.06
O002807,2,P0202,1,115.37,0,8.31,123.68
O002808,1,P0229,1,81.64,0,9.1,90.74
O002809,1,P0198,1,764.66,0,12.58,777.24
O002810,1,P0305,2,330.82,0,15.28,676.92
O002811,1,P0101,1,92.83,0.05,9.65,97.84
O002811,2,P0093,2,952.7,0.05,7.45,1817.58
O002812,1,P0134,1,574.47,0,3.57,578.04
O002813,1,P0163,1,825.28,0,13.39,838.67
O002814,1,P0231,1,766.78,0,23.31,790.09
O002815,1,P0159,1,343.13,0,2,345.13
O002815,2,P0082,1,362.46,0.1,20.48,346.69
O002816,1,P0245,2,489.42,0,23.33,1002.17
O002817,1,P0272,2,724.17,0,12.57,1460.91
O002818,1,P0071,2,250.08,0.1,14.32,464.46
O002819,1,P0264,1,502.16,0,11.32,513.48
O002819,2,P0194,2,140.84,0.2,4.49,229.83
O002819,3,P0043,1,118.53,0,14.33,132.86
O002820,1,P0201,1,583.78,0.05,2,556.59
O002820,2,P0286,1,518.79,0.1,14.43,481.34
O002821,1,P0248,2,363.73,0,20.46,747.92
O002821,2,P0049,1,841.2,0,19.21,860.41
O002821,3,P0149,1,858.19,0.05,11.77,827.05
O002822,1,P0197,2,756.59,0.15,11.13,1297.33
O002822,2,P0135,1,504.23,0.15,3.94,432.54
O002822,3,P0122,2,149.46,0.15,5.54,259.62
O002823,1,P0111,3,127.38,0,11.86,394.0
O002823,2,P0064,1,145.78,0,11.51,157.29
O002824,1,P0163,1,825.28,0,5.99,831.27
O002825,1,P0160,1,413.02,0,23.75,436.77
O002825,2,P0317,2,811.43,0.05,18.12,1559.84
O002826,1,P0203,3,420.71,0,18.11,1280.24
O002827,1,P0202,1,115.37,0.2,3.73,96.03
O002828,1,P0001,1,342.26,0,2,344.26
O002829,1,P0089,1,625.43,0.2,32.75,533.09
O002829,2,P0105,1,18.23,0.2,27.67,42.25
O002829,3,P0049,1,841.2,0.05,20.85,819.99
O002830,1,P0181,1,364.59,0,12.02,376.61
O002830,2,P0211,1,980.09,0.05,16.16,947.25
O002831,1,P0053,2,360.49,0.1,2,650.88
O002831,2,P0087,1,118.02,0.1,26.47,132.69
O002831,3,P0225,2,84.06,0,26.69,194.81
O002832,1,P0259,5,849.86,0.1,12.26,3836.63
O002832,2,P0272,1,724.17,0,20.7,744.87
O002833,1,P0084,1,294.21,0.2,9.07,244.44
O002833,2,P0069,1,423.73,0,3.53,427.26
O002834,1,P0024,1,832.14,0.1,11.01,759.94
O002835,1,P0040,1,354.01,0,6.96,360.97
O002835,2,P0236,1,397.11,0,6.87,403.98
O002835,3,P0158,2,130.71,0,21.16,282.58
O002836,1,P0116,2,339.23,0.1,8.12,618.73
O002836,2,P0316,2,419.97,0,12.37,852.31
O002837,1,P0254,5,824.63,0.05,9.16,3926.15
O002838,1,P0094,1,756.84,0.1,18.25,699.41
O002839,1,P0170,2,444.66,0.1,16.06,816.45
O002840,1,P0008,1,193.75,0,18.11,211.86
O002840,2,P0098,2,701.13,0.05,19.48,1351.63
O002840,3,P0219,1,553.58,0,23.32,576.9
O002840,4,P0028,1,305.36,0.15,11.95,271.51
O002841,1,P0005,3,9999.99,0.2,10.6,24010.58
O002842,1,P0021,1,806.92,0,11.11,818.03
O002843,1,P0065,3,492.73,0.1,2.64,1333.01
O002843,2,P0055,1,237.15,0,16.71,253.86
O002844,1,P0137,1,168.37,0.15,22.61,165.72
O002845,1,P0086,1,579.39,0.05,3.81,554.23
O002846,1,P0220,1,103.24,0,22.09,125.33
O002847,1,P0230,4,438.21,0,12.73,1765.57
O002848,1,P0222,1,182.56,0,14.74,197.3
O002849,1,P0257,1,486.52,0.05,21.64,483.83
O002849,2,P0214,3,42.92,0.15,3.97,113.42
O002850,1,P0030,1,122.57,0,19.44,142.01
O002850,2,P0033,1,310.62,0.15,3.91,267.94
O002850,3,P0269,1,256.16,0.1,3.91,234.45
O002851,1,P0257,2,486.52,0,16.04,989.08
O002852,1,P0097,2,267.08,0.1,15.4,496.14
O002853,1,P0028,5,305.36,0,11.15,1537.95
O002854,1,P0232,1,295.67,0.2,2,238.54
O002855,1,P0189,1,630.91,0,2,632.91
O002856,1,P0265,1,240.13,0,14.93,255.06
O002857,1,P0302,1,340.59,0,2,342.59
O002857,2,P0061,1,776.86,0.1,13.19,712.36
O002858,1,P0146,1,288.94,0,13.87,302.81
O002858,2,P0311,1,347.85,0,27.47,375.32
O002859,1,P0311,1,347.85,0,13.74,361.59
O002860,1,P0109,2,194.26,0.2,17.31,328.13
O002861,1,P0077,1,20.98,0,10.78,31.76
O002861,2,P0232,2,295.67,0,2.18,593.52
O002862,1,P0136,1,784.55,0,20.57,805.12
O002862,2,P0162,2,529.22,0,4.01,1062.45
O002862,3,P0074,1,81.29,0.2,2,67.03
O002863,1,P0210,5,949.92,0.05,25.73,4537.85
O002864,1,P0047,1,224.37,0.1,23.57,225.5
O002865,1,P0048,4,920.6,0,20.86,3703.26
O002866,1,P0156,1,90.87,0,2,92.87
O002866,2,P0271,1,775.17,0,14.95,790.12
O002867,1,P0278,1,480.16,0.05,16.78,472.93
O002868,1,P0264,1,502.16,0.05,13.99,491.04
O002868,2,P0140,1,227.4,0.05,20.08,236.11
O002869,1,P0281,3,372.41,0,12.32,1129.55
O002869,2,P0172,1,461.92,0,7.35,469.27
O002869,3,P0259,2,849.86,0,24.02,1723.74
O002870,1,P0278,3,480.16,0,9.77,1450.25
O002871,1,P0238,1,645.9,0.1,9.33,590.64
O002871,2,P0013,1,110.57,0.2,2,90.46
O002871,3,P0146,1,288.94,0.05,2,276.49
O002872,1,P0114,1,967.11,0.2,2,775.69
O002872,2,P0180,1,358.61,0.1,21.53,344.28
O002872,3,P0168,2,45.44,0.15,2,79.25
O002873,1,P0160,3,413.02,0.1,2,1117.15
O002874,1,P0162,1,529.22,0.1,25.36,501.66
O002874,2,P0226,1,706.04,0,12.52,718.56
O002874,3,P0198,4,764.66,0.05,13.89,2919.6
O002874,4,P0024,2,832.14,0,13.09,1677.37
O002875,1,P0245,1,489.42,0.05,3.68,468.63
O002875,2,P0033,1,310.62,0.1,10.92,290.48
O002876,1,P0085,1,554.3,0,4.42,558.72
O002876,2,P0239,1,873.44,0,7.71,881.15
O002876,3,P0099,3,458.56,0,7.56,1383.24
O002877,1,P0001,1,342.26,0.2,4.72,278.53
O002878,1,P0027,1,406.86,0,2,408.86
O002879,1,P0181,1,364.59,0,3.84,368.43
O002880,1,P0143,1,110.16,0,17.52,127.68
O002881,1,P0313,1,555.72,0.15,5.25,477.61
O002881,2,P0127,1,597.61,0,6.81,604.42
O002882,1,P0020,1,1036.19,0,12.8,1048.99
O002883,1,P0214,2,42.92,0,13.12,98.96
O002884,1,P0069,1,423.73,0.05,12.41,414.95
O002885,1,P0152,1,817.49,0,2,819.49
O002885,2,P0120,2,62.98,0,28.04,154.0
O002886,1,P0294,2,73.38,0.1,19.8,151.88
O002887,1,P0055,1,237.15,0.2,20.27,209.99
O002887,2,P0046,1,190.18,0,7.98,198.16
O002887,3,P0156,5,90.87,0.15,7.09,393.29
O002888,1,P0229,4,81.64,0.15,12.66,290.24
O002889,1,P0067,1,355.88,0,3.96,359.84
O002889,2,P0270,1,949.79,0.1,19.08,873.89
O002890,1,P0279,2,489.87,0,10.27,990.01
O002891,1,P0169,5,410.06,0,5.54,2055.84
O002891,2,P0017,1,237.22,0,17.06,254.28
O002892,1,P0308,1,109.62,0,13.07,122.69
O002893,1,P0253,2,162.64,0.15,12.69,289.18
O002894,1,P0059,1,953.24,0,2.89,956.13
O002894,2,P0130,1,491.43,0.2,11.99,405.13
O002895,1,P0129,2,104.68,0,9.9,219.26
O002895,2,P0147,1,535.43,0.1,2,483.89
O002895,3,P0290,1,617.79,0.1,7.62,563.63
O002896,1,P0171,2,427.19,0.1,2.03,770.97
O002896,2,P0053,1,360.49,0,16.11,376.6
O002897,1,P0264,1,502.16,0,15.46,517.62
O002898,1,P0188,2,480.75,0,7.33,968.83
O002899,1,P0077,1,20.98,0.1,17.23,36.11
O002900,1,P0211,3,980.09,0.15,2,2501.23
O002901,1,P0283,1,433.94,0,15.33,449.27
O002901,2,P0042,2,584.05,0,14.23,1182.33
O002902,1,P0011,1,363.12,0.15,16.25,324.9
O002903,1,P0237,1,956.17,0,22.53,978.7
O002903,2,P0059,1,953.24,0.1,23.08,881.0
O002904,1,P0310,1,8.5,0,344.52,353.02
O002904,2,P0174,1,845.79,0,14.12,859.91
O002904,3,P0173,1,758.26,0.1,7.12,689.55
O002905,1,P0148,1,188.16,0,15.89,204.05
O002906,1,P0039,1,205.22,0.1,12.95,197.65
O002907,1,P0266,1,242.67,0,2,244.67
O002907,2,P0245,2,489.42,0,8.42,987.26
O002908,1,P0171,2,427.19,0.15,14.2,740.42
O002909,1,P0267,1,1088.78,0.2,3.28,874.3
O002909,2,P0166,2,20.64,0.1,20.98,58.13
O002909,3,P0101,1,92.83,0.15,11.21,90.12
O002910,1,P0046,2,190.18,0,22.18,402.54
O002911,1,P0073,1,139.62,0.2,13.6,125.3
O002911,2,P0059,1,953.24,0,13.93,967.17
O002911,3,P0134,2,574.47,0,5.82,1154.76
O002912,1,P0147,1,535.43,0,2,537.43
O002913,1,P0130,1,491.43,0.15,6.37,424.09
O002913,2,P0309,1,541.39,0,13.9,555.29
O002914,1,P0260,2,623.36,0,3.0,1249.72
O002915,1,P0233,2,84.69,0,8.9,178.28
O002916,1,P0169,2,410.06,0,16.0,836.12
O002917,1,P0037,1,1028.12,0,388.35,1416.47
O002917,2,P0036,1,67.34,0,9.04,76.38
O002918,1,P0103,1,158.36,0,15.89,174.25
O002918,2,P0153,1,339.5,0,21.08,360.58
O002919,1,P0275,1,515.35,0.2,12.8,425.08
O002920,1,P0268,2,214.47,0.15,14.33,378.93
O002921,1,P0116,1,339.23,0,8.87,348.1
O002921,2,P0174,1,845.79,0.05,2,805.5
O002922,1,P0271,3,775.17,0.2,8.06,1868.47
O002922,2,P0076,3,1058.97,0.15,10.36,2710.73
O002922,3,P0011,2,363.12,0,14.74,740.98
O002922,4,P0161,1,67.49,0,2,69.49
O002923,1,P0189,3,630.91,0,16.9,1909.63
O002924,1,P0118,3,588.11,0.1,9.96,1597.86
O002924,2,P0005,1,9999.99,0,7.66,10007.65
O002924,3,P0009,2,17.8,0,19.23,54.83
O002925,1,P0239,1,873.44,0.2,7.13,705.88
O002925,2,P0150,2,23.53,0,21.24,68.3
O002926,1,P0218,3,363.84,0.05,4.36,1041.3
O002927,1,P0239,1,873.44,0,12.9,886.34
O002928,1,P0292,1,386.72,0.05,15.08,382.46
O002928,2,P0285,2,53.42,0.05,11.05,112.55
O002929,1,P0052,1,782.48,0,5.44,787.92
O002930,1,P0035,1,544.32,0,7.24,551.56
O002930,2,P0113,1,814.98,0.05,18.01,792.24
O002931,1,P0046,30,190.18,0,8.77,5714.17
O002932,1,P0190,1,449.88,0,15.08,464.96
O002933,1,P0073,1,139.62,0.2,14.8,126.5
O002934,1,P0050,1,745.53,0.2,16.88,613.3
O002934,2,P0075,1,233.38,0.05,9.18,230.89
O002935,1,P0159,2,343.13,0.2,4.01,553.02
O002936,1,P0125,3,329.73,0.15,31.89,872.7
O002937,1,P0203,2,420.71,0.05,19.5,818.85
O002938,1,P0036,1,67.34,0,9.79,77.13
O002939,1,P0208,2,723.84,0,14.07,1461.75
O002939,2,P0269,1,256.16,0.2,2.2,207.13
O002939,3,P0144,1,649.77,0.05,6.17,623.45
O002940,1,P0160,1,413.02,0.1,26.31,398.03
O002940,2,P0231,2,766.78,0.2,20.77,1247.62
O002941,1,P0232,3,295.67,0,24.58,911.59
O002942,1,P0016,2,576.57,0.1,2,1039.83
O002942,2,P0169,2,410.06,0,9.89,830.01
O002942,3,P0294,1,73.38,0,25.0,98.38
O002943,1,P0292,1,386.72,0,19.0,405.72
O002944,1,P0180,1,358.61,0,8.2,366.81
O002944,2,P0199,1,324.1,0.2,10.87,270.15
O002945,1,P0078,2,314.17,0,17.35,645.69
O002946,1,P0177,1,95.11,0.2,11.1,87.19
O002946,2,P0231,1,766.78,0,2,768.78
O002947,1,P0076,2,1058.97,0,14.01,2131.95
O002947,2,P0258,2,81.39,0.15,18.89,157.25
O002948,1,P0092,2,901.51,0,19.75,1822.77
O002948,2,P0186,1,638.99,0,3.89,642.88
O002949,1,P0066,1,451.94,0.05,5.7,435.04
O002950,1,P0030,2,122.57,0.15,21.86,230.23
O002951,1,P0286,2,518.79,0,10.85,1048.43
O002952,1,P0045,1,72.1,0.05,10.17,78.66
O002953,1,P0005,1,9999.99,0,12.7,10012.69
O002953,2,P0008,2,193.75,0.05,6.64,374.76
O002954,1,P0066,1,451.94,0.2,16.71,378.26
O002954,2,P0154,1,25.6,0.05,2.4,26.72
O002955,1,P0218,1,363.84,0.2,20.76,311.83
O002955,2,P0195,1,256.53,0,2,258.53
O002956,1,P0253,1,162.64,0.15,2.97,141.21
O002957,1,P0185,2,8.75,0,2,19.5
O002957,2,P0286,1,518.79,0,2,520.79
O002958,1,P0264,1,502.16,0,21.49,523.65
O002959,1,P0189,1,630.91,0,15.95,646.86
O002960,1,P0207,1,469.0,0.15,11.86,410.51
O002961,1,P0111,2,127.38,0,5.1,259.86
O002961,2,P0242,1,722.98,0,5.55,728.53
O002962,1,P0193,1,216.15,0,13.71,229.86
O002963,1,P0141,1,92.1,0.1,15.04,97.93
O002964,1,P0133,1,17.03,0.1,13.38,28.71
O002965,1,P0129,4,104.68,0,10.37,429.09
O002965,2,P0018,1,598.9,0.05,7.69,576.64
O002966,1,P0085,1,554.3,0,17.34,571.64
O002967,1,P0317,1,811.43,0,23.04,834.47
O002968,1,P0002,4,556.12,0.1,4.35,2006.38
O002969,1,P0312,3,681.66,0.05,11.4,1954.13
O002969,2,P0027,1,406.86,0.05,13.62,400.14
O002970,1,P0293,1,564.26,0,18.73,582.99
O002970,2,P0026,1,659.65,0,8.92,668.57
O002971,1,P0061,2,776.86,0,11.06,1564.78
O002971,2,P0154,2,25.6,0,6.66,57.86
O002971,3,P0018,1,598.9,0,6.23,605.13
O002971,4,P0083,2,594.36,0,17.94,1206.66
O002972,1,P0197,1,756.59,0.1,7.82,688.75
O002972,2,P0042,2,584.05,0.1,11.52,1062.81
O002972,3,P0051,1,371.95,0,6.66,378.61
O002972,4,P0136,1,784.55,0.05,2.36,747.68
O002973,1,P0112,3,400.76,0.1,8.06,1090.11
O002973,2,P0253,3,162.64,0.1,17.37,456.5
O002974,1,P0131,2,185.19,0,18.38,388.76
O002975,1,P0171,1,427.19,0.1,2,386.47
O002976,1,P0268,1,214.47,0.05,9.22,212.97
O002976,2,P0060,5,27.23,0.2,8.36,117.28
O002977,1,P0208,1,723.84,0,6.99,730.83
O002977,2,P0009,1,17.8,0,4.31,22.11
O002978,1,P0164,3,13.57,0,17.18,57.89
O002979,1,P0074,1,81.29,0,2,83.29
O002979,2,P0198,2,764.66,0.1,7.03,1383.42
O002980,1,P0019,1,618.71,0.15,14.53,540.43
O002980,2,P0313,2,555.72,0,11.85,1123.29
O002981,1,P0133,1,17.03,0.2,6.42,20.04
O002981,2,P0228,1,539.71,0,25.55,565.26
O002982,1,P0034,2,293.49,0.1,13.61,541.89
O002983,1,P0222,1,182.56,0.05,22.39,195.82
O002984,1,P0018,1,598.9,0,17.21,616.11
O002984,2,P0275,1,515.35,0.15,25.22,463.27
O002985,1,P0301,1,263.33,0,13.42,276.75
O002986,1,P0019,2,618.71,0,19.81,1257.23
O002987,1,P0319,1,702.73,0.05,2,669.59
O002988,1,P0203,1,420.71,0,8.68,429.39
O002989,1,P0228,3,539.71,0.2,19.42,1314.72
O002990,1,P0238,2,645.9,0.15,12.98,1111.01
O002990,2,P0243,1,711.65,0.05,18.55,694.62
O002990,3,P0100,1,237.44,0,17.37,254.81
O002991,1,P0023,1,587.39,0,18.98,606.37
O002991,2,P0016,1,576.57,0,20.27,596.84
O002991,3,P0223,1,72.48,0,14.96,87.44
O002992,1,P0134,2,574.47,0.1,4.87,1038.92
O002993,1,P0093,1,952.7,0,5.7,958.4
O002993,2,P0207,3,469.0,0,2,1409.0
O002994,1,P0093,1,952.7,0,11.78,964.48
O002995,1,P0016,1,576.57,0.1,10.48,529.39
O002996,1,P0099,1,458.56,0,5.52,464.08
O002996,2,P0143,1,110.16,0.05,8.7,113.35
O002997,1,P0249,1,575.36,0,7.94,583.3
O002998,1,P0231,1,766.78,0,8.06,774.84
O002999,1,P0255,1,854.74,0.1,19.59,788.86
O003000,1,P0120,1,62.98,0.1,14.87,71.55
O003001,1,P0295,2,164.98,0,6.59,336.55
O003001,2,P0095,1,97.16,0,4.03,101.19
O003002,1,P0014,5,187.84,0.05,17.97,910.21
O003003,1,P0052,2,782.48,0,11.96,1576.92
O003004,1,P0101,1,92.83,0.1,12.5,96.05
O003004,2,P0274,1,832.77,0.15,17.93,725.78
O003005,1,P0008,1,193.75,0.15,12.08,176.77
O003006,1,P0278,1,480.16,0.05,11.68,467.83
O003007,1,P0131,2,185.19,0.05,4.96,356.82
O003007,2,P0233,1,84.69,0,5.83,90.52
O003007,3,P0290,1,617.79,0.1,2,558.01
O003008,1,P0289,1,88.04,0.15,2,76.83
O003009,1,P0070,1,298.91,0.05,8.77,292.73
O003010,1,P0144,2,649.77,0.05,6.87,1241.43
O003011,1,P0050,2,745.53,0,2,1493.06
O003012,1,P0147,1,535.43,0,2,537.43
O003013,1,P0029,1,490.19,0,7.8,497.99
O003014,1,P0265,1,240.13,0,23.39,263.52
O003015,1,P0197,1,756.59,0,2.08,758.67
O003015,2,P0311,1,347.85,0,8.64,356.49
O003015,3,P0213,1,693.96,0,8.07,702.03
O003016,1,P0241,1,307.92,0,19.65,327.57
O003017,1,P0213,1,693.96,0.05,19.51,678.77
O003018,1,P0302,1,340.59,0,19.98,360.57
O003018,2,P0231,1,766.78,0,2,768.78
O003019,1,P0305,4,330.82,0.05,8.61,1265.73
O003020,1,P0228,1,539.71,0.1,13.1,498.84
O003021,1,P0196,50,753.97,0.2,21.06,30179.86
O003021,2,P0281,1,372.41,0.05,11.74,365.53
O003022,1,P0071,2,250.08,0,2,502.16
O003023,1,P0011,1,363.12,0,26.27,389.39
O003024,1,P0197,2,756.59,0,9.3,1522.48
O003025,1,P0069,1,423.73,0,2,425.73
O003025,2,P0175,1,568.15,0,21.38,589.53
O003025,3,P0023,1,587.39,0,21.32,608.71
O003026,1,P0222,1,182.56,0,2,184.56
O003027,1,P0178,1,294.67,0,2,296.67
O003028,1,P0220,1,103.24,0.15,18.49,106.24
O003028,2,P0065,1,492.73,0.15,24.2,443.02
O003029,1,P0188,1,480.75,0.1,9.57,442.25
O003029,2,P0240,2,237.45,0.15,6.08,409.74
O003029,3,P0030,1,122.57,0,2.88,125.45
O003030,1,P0267,1,1088.78,0.15,6.22,931.68
O003031,1,P0305,1,330.82,0,15.44,346.26
O003031,2,P0157,1,807.11,0,18.94,826.05
O003031,3,P0118,1,588.11,0,15.12,603.23
O003032,1,P0035,1,544.32,0,3.89,548.21
O003032,2,P0087,1,118.02,0.05,18.69,130.81
O003032,3,P0222,1,182.56,0,5.84,188.4
O003032,4,P0249,1,575.36,0.15,5.33,494.39
O003033,1,P0188,2,480.75,0,23.68,985.18
O003034,1,P0289,1,88.04,0,6.47,94.51
O003034,2,P0232,1,295.67,0.05,2.26,283.15
O003034,3,P0170,1,444.66,0,16.59,461.25
O003034,4,P0164,1,13.57,0,17.55,31.12
O003035,1,P0143,1,110.16,0,18.15,128.31
O003036,1,P0020,2,1036.19,0,7.17,2079.55
O003036,2,P0008,2,193.75,0,17.42,404.92
O003036,3,P0095,3,97.16,0.05,7.77,284.68
O003037,1,P0241,1,307.92,0.1,2,279.13
O003037,2,P0147,1,535.43,0.05,18.62,527.28
O003038,1,P0029,1,490.19,0,11.71,501.9
O003039,1,P0301,1,263.33,0,12.81,276.14
O003040,1,P0306,1,219.19,0,6.19,225.38
O003041,1,P0067,3,355.88,0.15,2,909.49
O003041,2,P0121,2,97.09,0,11.64,205.82
O003042,1,P0079,2,165.37,0,2,332.74
O003042,2,P0089,1,625.43,0,26.01,651.44
O003043,1,P0252,1,259.81,0.05,13.68,260.5
O003044,1,P0150,1,23.53,0,2.4,25.93
O003044,2,P0016,4,576.57,0,12.23,2318.51
O003045,1,P0264,1,502.16,0,22.5,524.66
O003046,1,P0044,1,456.63,0,8.94,465.57
O003047,1,P0278,1,480.16,0.1,8.99,441.13
O003048,1,P0090,1,907.45,0,8.97,916.42
O003049,1,P0168,1,45.44,0,15.57,61.01
O003050,1,P0182,1,150.43,0.05,8.18,151.09
O003050,2,P0202,1,115.37,0,11.35,126.72
O003050,3,P0041,2,126.39,0.1,22.62,250.12
O003051,1,P0021,1,806.92,0.1,27.65,753.88
O003051,2,P0266,1,242.67,0.05,7.79,238.33
O003052,1,P0172,2,461.92,0,6.0,929.84
O003053,1,P0068,1,148.48,0.05,2,143.06
O003053,2,P0144,2,649.77,0,11.36,1310.9
O003054,1,P0146,1,288.94,0,5.68,294.62
O003054,2,P0163,1,825.28,0,9.09,834.37
O003055,1,P0193,1,216.15,0.05,18.95,224.29
O003055,2,P0076,1,1058.97,0,2,1060.97
O003056,1,P0070,1,298.91,0.05,17.05,301.01
O003056,2,P0054,1,429.08,0,16.01,445.09
O003056,3,P0169,2,410.06,0.15,2,699.1
O003057,1,P0273,2,75.24,0,10.88,161.36
O003058,1,P0308,1,109.62,0.1,21.86,120.52
O003059,1,P0241,3,307.92,0.05,20.87,898.44
O003060,1,P0186,1,638.99,0,9.94,648.93
O003060,2,P0313,2,555.72,0,17.49,1128.93
O003061,1,P0005,1,9999.99,0,19.18,10019.17
O003061,2,P0088,2,259.63,0,11.66,530.92
O003061,3,P0216,1,823.56,0.05,21.05,803.43
O003062,1,P0243,1,711.65,0.1,11.43,651.91
O003063,1,P0127,2,597.61,0,15.76,1210.98
O003063,2,P0022,30,623.29,0,12.45,18711.15
O003063,3,P0234,1,354.24,0,9.94,364.18
O003064,1,P0032,2,577.34,0,24.23,1178.91
O003065,1,P0042,1,584.05,0.1,16.8,542.44
O003066,1,P0139,1,531.18,0.1,9.51,487.57
O003067,1,P0212,1,486.38,0.1,8.49,446.23
O003068,1,P0313,1,555.72,0,17.28,573.0
O003068,2,P0005,4,9999.99,0,2,40001.96
O003068,3,P0203,2,420.71,0,15.77,857.19
O003069,1,P0022,1,623.29,0,11.84,635.13
O003069,2,P0225,1,84.06,0,4.51,88.57
O003070,1,P0107,1,435.88,0.05,14.06,428.15
O003071,1,P0012,2,529.58,0.1,23.52,976.76
O003071,2,P0034,1,293.49,0.05,19.2,298.02
O003072,1,P0035,1,544.32,0,8.95,553.27
O003073,1,P0037,3,1028.12,0,15.34,3099.7
O003074,1,P0063,1,310.44,0.05,2.61,297.53
O003074,2,P0184,1,112.13,0,21.1,133.23
O003074,3,P0267,1,1088.78,0.05,18.54,1052.88
O003075,1,P0310,1,8.5,0,20.03,28.53
O003076,1,P0234,3,354.24,0,7.69,1070.41
O003076,2,P0122,1,149.46,0.2,3.23,122.8
O003077,1,P0159,1,343.13,0.1,4.14,312.96
O003077,2,P0120,1,62.98,0,6.8,69.78
O003077,3,P0282,1,856.4,0.1,15.67,786.43
O003078,1,P0316,1,419.97,0.1,21.43,399.4
O003079,1,P0141,50,92.1,0,18.18,4623.18
O003079,2,P0096,3,224.82,0,17.75,692.21
O003079,3,P0151,2,785.65,0,6.07,1577.37
O003080,1,P0043,2,118.53,0,9.84,246.9
O003081,1,P0199,1,324.1,0,13.92,338.02
O003081,2,P0102,1,249.53,0,19.73,269.26
O003082,1,P0222,1,182.56,0.05,14.63,188.06
O003083,1,P0050,2,745.53,0.1,10.4,1352.35
O003083,2,P0147,2,535.43,0,22.74,1093.6
O003084,1,P0115,1,602.48,0.15,2,514.11
O003085,1,P0055,2,237.15,0.1,22.86,449.73
O003086,1,P0115,2,602.48,0,5.58,1210.54
O003086,2,P0271,5,775.17,0.05,11.06,3693.12
O003086,3,P0169,1,410.06,0,2,412.06
O003086,4,P0028,1,305.36,0,5.2,310.56
O003087,1,P0074,1,81.29,0.05,8.33,85.56
O003088,1,P0316,3,419.97,0,2,1261.91
O003089,1,P0026,1,659.65,0,2,661.65
O003089,2,P0289,1,88.04,0.2,9.65,80.08
O003089,3,P0285,1,53.42,0.2,2,44.74
O003089,4,P0274,1,832.77,0,11.36,844.13
O003090,1,P0269,1,256.16,0.05,35.81,279.16
O003090,2,P0136,1,784.55,0.1,10.36,716.46
O003091,1,P0092,1,901.51,0.2,3.92,725.13
O003092,1,P0086,2,579.39,0,2,1160.78
O003093,1,P0143,1,110.16,0.1,9.32,108.46
O003093,2,P0088,1,259.63,0.15,10.69,231.38
O003094,1,P0102,1,249.53,0,9.34,258.87
O003095,1,P0072,1,38.74,0.1,15.72,50.59
O003095,2,P0062,1,673.39,0,22.33,695.72
O003096,1,P0222,2,182.56,0,2.1,367.22
O003096,2,P0167,3,9.0,0.05,11.0,36.65
O003096,3,P0221,2,188.81,0,9.86,387.48
O003096,4,P0246,2,236.21,0.05,16.47,465.27
O003097,1,P0174,1,845.79,0,10.59,856.38
O003098,1,P0246,2,236.21,0,19.7,492.12
O003099,1,P0113,1,814.98,0.1,27.11,760.59
O003100,1,P0046,2,190.18,0.05,9.72,371.06
O003100,2,P0141,1,92.1,0.1,33.49,116.38
O003100,3,P0248,1,363.73,0.1,6.87,334.23
O003101,1,P0042,1,584.05,0,16.44,600.49
O003101,2,P0311,1,347.85,0,9.48,357.33
O003102,1,P0013,1,110.57,0.15,10.83,104.81
O003103,1,P0249,5,575.36,0,11.76,2888.56
O003104,1,P0154,1,25.6,0.1,2,25.04
O003104,2,P0038,1,778.2,0,9.41,787.61
O003105,1,P0076,1,1058.97,0.05,17.7,1023.72
O003105,2,P0070,1,298.91,0,8.12,307.03
O003106,1,P0272,1,724.17,0,9.24,733.41
O003107,1,P0200,3,499.63,0,7.22,1506.11
O003107,2,P0246,1,236.21,0,7.34,243.55
O003107,3,P0300,1,398.18,0.05,5.27,383.54
O003107,4,P0068,1,148.48,0,4.64,153.12
O003108,1,P0307,1,69.12,0,13.67,82.79
O003108,2,P0139,4,531.18,0.05,16.05,2034.53
O003108,3,P0262,1,519.27,0,16.13,535.4
O003109,1,P0319,5,702.73,0.05,17.45,3355.42
O003110,1,P0122,1,149.46,0.15,4.07,131.11
O003111,1,P0205,1,468.82,0.05,2.72,448.1
O003112,1,P0280,2,128.6,0,8.22,265.42
O003112,2,P0152,3,817.49,0,2.21,2454.68
O003112,3,P0023,1,587.39,0.15,18.66,517.94
O003113,1,P0227,1,292.14,0,17.73,309.87
O003113,2,P0057,1,286.31,0.15,13.26,256.62
O003114,1,P0189,1,630.91,0,28.04,658.95
O003114,2,P0135,2,504.23,0,2,1010.46
O003115,1,P0153,4,339.5,0.1,13.1,1235.3
O003115,2,P0166,2,20.64,0,16.29,57.57
O003115,3,P0087,1,118.02,0,9.66,127.68
O003116,1,P0034,1,293.49,0,11.32,304.81
O003116,2,P0058,4,156.02,0,14.48,638.56
O003116,3,P0162,1,529.22,0,6.13,535.35
O003116,4,P0066,1,451.94,0,22.2,474.14
O003117,1,P0286,1,518.79,0.05,15.16,508.01
O003118,1,P0064,1,145.78,0,17.84,163.62
O003118,2,P0300,2,398.18,0.2,21.41,658.5
O003119,1,P0075,1,233.38,0,2,235.38
O003119,2,P0269,2,256.16,0,2,514.32
O003120,1,P0155,1,88.23,0,9.5,97.73
O003121,1,P0146,4,288.94,0.05,13.64,1111.61
O003122,1,P0284,1,501.64,0,12.1,513.74
O003122,2,P0212,1,486.38,0.1,13.44,451.18
O003122,3,P0301,1,263.33,0.15,3.05,226.88
O003123,1,P0027,1,406.86,0,19.46,426.32
O003124,1,P0170,2,444.66,0,5.88,895.2
O003125,1,P0043,1,118.53,0,25.12,143.65
O003125,2,P0164,1,13.57,0,2.98,16.55
O003126,1,P0024,1,832.14,0.1,19.84,768.77
O003127,1,P0058,3,156.02,0,23.36,491.42
O003128,1,P0030,2,122.57,0.05,13.66,246.54
O003129,1,P0306,1,219.19,0.05,39.13,247.36
O003129,2,P0164,2,13.57,0,23.43,50.57
O003129,3,P0149,2,858.19,0,18.32,1734.7
O003130,1,P0221,1,188.81,0.05,17.35,196.72
O003130,2,P0015,1,284.04,0.1,3.41,259.05
O003131,1,P0131,1,185.19,0.15,2,159.41
O003131,2,P0110,2,1039.88,0.1,15.48,1887.26
O003131,3,P0240,1,237.45,0,9.45,246.9
O003132,1,P0206,1,75.89,0,20.71,96.6
O003133,1,P0106,1,236.99,0.05,2,227.14
O003133,2,P0200,1,499.63,0.15,2,426.69
O003133,3,P0011,2,363.12,0,14.81,741.05
O003134,1,P0248,1,363.73,0,16.21,379.94
O003134,2,P0098,4,701.13,0,2,2806.52
O003134,3,P0218,1,363.84,0,19.35,383.19
O003135,1,P0022,1,623.29,0,2,625.29
O003136,1,P0266,3,242.67,0.1,20.67,675.88
O003136,2,P0237,1,956.17,0.1,2,862.55
O003137,1,P0100,1,237.44,0.15,5.69,207.51
O003138,1,P0238,1,645.9,0,14.82,660.72
O003138,2,P0143,1,110.16,0.15,16.28,109.92
O003139,1,P0261,1,745.54,0.15,2.55,636.26
O003139,2,P0306,2,219.19,0.05,20.32,436.78
O003140,1,P0225,1,84.06,0.05,6.23,86.09
O003141,1,P0155,1,88.23,0.05,23.6,107.42
O003141,2,P0300,1,398.18,0.15,2,340.45
O003142,1,P0289,1,88.04,0,15.42,103.46
O003143,1,P0066,1,451.94,0,2,453.94
O003144,1,P0312,2,681.66,0,19.22,1382.54
O003145,1,P0255,5,854.74,0.1,20.86,3867.19
O003145,2,P0165,1,27.21,0,14.19,41.4
O003145,3,P0058,1,156.02,0,19.72,175.74
O003146,1,P0097,1,267.08,0,16.63,283.71
O003147,1,P0296,3,428.51,0,2,1287.53
O003147,2,P0043,4,118.53,0.1,6.52,433.23
O003147,3,P0232,1,295.67,0,18.55,314.22
O003148,1,P0180,2,358.61,0,7.71,724.93
O003149,1,P0303,1,483.69,0,2,485.69
O003150,1,P0280,1,128.6,0,14.15,142.75
O003151,1,P0081,1,312.38,0,24.81,337.19
O003152,1,P0098,1,701.13,0,12.22,713.35
O003153,1,P0242,1,722.98,0,9.26,732.24
O003154,1,P0106,2,236.99,0.1,2,428.58
O003155,1,P0311,1,347.85,0,18.69,366.54
O003156,1,P0047,1,224.37,0.15,11.02,201.73
O003156,2,P0074,1,81.29,0,8.7,89.99
O003156,3,P0096,5,224.82,0,4.66,1128.76
O003157,1,P0224,1,355.54,0,3.75,359.29
O003157,2,P0081,2,312.38,0,10.41,635.17
O003158,1,P0063,2,310.44,0,2,622.88
O003159,1,P0238,1,645.9,0.05,12.18,625.78
O003159,2,P0262,1,519.27,0,21.43,540.7
O003159,3,P0161,1,67.49,0.05,3.75,67.87
O003159,4,P0033,1,310.62,0,11.56,322.18
O003160,1,P0068,1,148.48,0.05,10.46,151.52
O003160,2,P0246,2,236.21,0.1,4.84,430.02
O003161,1,P0094,3,756.84,0,28.12,2298.64
O003162,1,P0281,1,372.41,0.05,5.63,359.42
O003163,1,P0031,1,397.25,0,5.81,403.06
O003164,1,P0240,1,237.45,0.15,20.88,222.71
O003165,1,P0030,1,122.57,0.05,18.9,135.34
O003165,2,P0127,1,597.61,0,2,599.61
O003165,3,P0273,2,75.24,0,2.09,152.57
O003166,1,P0001,2,342.26,0,4.08,688.6
O003167,1,P0238,1,645.9,0.05,14.53,628.13
O003167,2,P0196,2,753.97,0,11.23,1519.17
O003168,1,P0219,1,553.58,0,18.39,571.97
O003168,2,P0014,2,187.84,0.1,2,340.11
O003169,1,P0245,1,489.42,0,18.97,508.39
O003170,1,P0168,4,45.44,0.05,14.85,187.52
O003171,1,P0017,1,237.22,0.2,2,191.78
O003172,1,P0135,2,504.23,0,3.67,1012.13
O003173,1,P0226,1,706.04,0,16.54,722.58
O003174,1,P0079,1,165.37,0,10.83,176.2
O003174,2,P0220,1,103.24,0.15,21.37,109.12
O003174,3,P0203,1,420.71,0.1,19.06,397.7
O003175,1,P0130,1,491.43,0,2,493.43
O003176,1,P0266,1,242.67,0,8.86,251.53
O003177,1,P0074,4,81.29,0.2,16.91,277.04
O003177,2,P0153,1,339.5,0.2,2.55,274.15
O003178,1,P0196,1,753.97,0,11.88,765.85
O003179,1,P0086,1,579.39,0.05,2,552.42
O003179,2,P0218,1,363.84,0,13.19,377.03
O003180,1,P0065,1,492.73,0,15.9,508.63
O003181,1,P0256,1,847.43,0,17.95,865.38
O003182,1,P0080,4,194.14,0.1,14.03,712.93
O003183,1,P0061,1,776.86,0.1,16.9,716.07
O003184,1,P0301,2,263.33,0.2,4.13,425.46
O003185,1,P0164,1,13.57,0,15.71,29.28
O003186,1,P0097,3,267.08,0,2,803.24
O003186,2,P0020,1,1036.19,0,17.15,1053.34
O003187,1,P0303,1,483.69,0.2,3.57,390.52
O003187,2,P0094,2,756.84,0,9.15,1522.83
O003187,3,P0319,1,702.73,0,25.0,727.73
O003188,1,P0108,1,957.8,0.15,7.2,821.33
O003189,1,P0082,1,362.46,0,2,364.46
O003189,2,P0190,2,449.88,0.15,2.84,767.64
O003189,3,P0216,1,823.56,0,6.59,830.15
O003189,4,P0125,1,329.73,0.15,8.47,288.74
O003190,1,P0146,1,288.94,0,2,290.94
O003190,2,P0084,5,294.21,0.05,11.12,1408.62
O003190,3,P0183,3,808.84,0,22.66,2449.18
O003191,1,P0163,1,825.28,0,13.56,838.84
O003191,2,P0180,1,358.61,0,11.72,370.33
O003191,3,P0026,4,659.65,0,11.56,2650.16
O003192,1,P0142,2,483.04,0,9.82,975.9
O003193,1,P0100,1,237.44,0.15,2,203.82
O003193,2,P0068,1,148.48,0,8.64,157.12
O003194,1,P0241,2,307.92,0.15,9.22,532.68
O003194,2,P0095,5,97.16,0.05,12.81,474.32
O003194,3,P0055,1,237.15,0.1,11.85,225.28
O003195,1,P0274,1,832.77,0.2,3.79,670.01
O003196,1,P0274,1,832.77,0,15.63,848.4
O003197,1,P0274,1,832.77,0,24.28,857.05
O003197,2,P0123,1,202.44,0,28.96,231.4
O003197,3,P0253,2,162.64,0.2,12.59,272.81
O003198,1,P0090,4,907.45,0.15,10.77,3096.1
O003199,1,P0235,1,6.83,0,15.02,21.85
O003199,2,P0051,3,371.95,0,15.59,1131.44
O003199,3,P0090,2,907.45,0,24.0,1838.9
O003199,4,P0075,1,233.38,0.2,2.37,189.07
O003200,1,P0173,1,758.26,0,2,760.26
O003201,1,P0281,1,372.41,0,19.44,391.85
O003202,1,P0238,1,645.9,0.05,8.53,622.13
O003203,1,P0300,1,398.18,0.05,17.43,395.7
O003203,2,P0044,1,456.63,0,14.37,471.0
O003203,3,P0253,1,162.64,0,14.84,177.48
O003203,4,P0203,1,420.71,0.1,2,380.64
O003204,1,P0141,2,92.1,0,16.99,201.19
O003205,1,P0249,1,575.36,0,4.69,580.05
O003205,2,P0116,1,339.23,0.05,4.24,326.51
O003205,3,P0302,1,340.59,0,10.13,350.72
O003206,1,P0273,3,75.24,0.1,12.11,215.26
O003207,1,P0054,1,429.08,0.05,20.42,428.05
O003207,2,P0099,2,458.56,0,22.89,940.01
O003208,1,P0242,1,722.98,0.15,2,616.53
O003209,1,P0027,1,406.86,0,12.21,419.07
O003210,1,P0133,1,17.03,0,22.98,40.01
O003211,1,P0048,1,920.6,0.1,11.47,840.01
O003211,2,P0213,1,693.96,0.15,2,591.87
O003212,1,P0022,1,623.29,0,11.06,634.35
O003213,1,P0108,5,957.8,0.15,10.82,4081.47
O003213,2,P0116,2,339.23,0.05,11.1,655.64
O003214,1,P0277,1,49.26,0,16.1,65.36
O003214,2,P0261,1,745.54,0,2,747.54
O003214,3,P0259,2,849.86,0.1,2,1531.75
O003215,1,P0246,1,236.21,0,23.4,259.61
O003216,1,P0052,1,782.48,0.1,16.24,720.47
O003216,2,P0218,1,363.84,0,2,365.84
O003216,3,P0065,1,492.73,0.15,14.22,433.04
O003217,1,P0128,1,835.43,0,24.82,860.25
O003218,1,P0229,1,81.64,0,5.85,87.49
O003218,2,P0186,4,638.99,0,23.2,2579.16
O003219,1,P0123,1,202.44,0,11.99,214.43
O003219,2,P0041,1,126.39,0.1,26.31,140.06
O003219,3,P0140,1,227.4,0,6.35,233.75
O003220,1,P0158,1,130.71,0,2,132.71
O003220,2,P0166,1,20.64,0.1,9.84,28.42
O003220,3,P0195,2,256.53,0.1,12.04,473.79
O003220,4,P0220,4,103.24,0.05,12.27,404.58
O003221,1,P0209,5,690.43,0.15,16.36,2950.69
O003221,2,P0247,1,315.54,0.1,15.46,299.45
O003221,3,P0100,1,237.44,0.1,2,215.7
O003222,1,P0072,1,38.74,0.05,3.62,40.42
O003223,1,P0099,2,458.56,0,20.43,937.55
O003224,1,P0308,1,109.62,0,19.39,129.01
O003224,2,P0217,1,390.23,0,29.82,420.05
O003224,3,P0216,1,823.56,0,17.59,841.15
O003225,1,P0052,2,782.48,0,2,1566.96
O003225,2,P0031,1,397.25,0,20.62,417.87
O003225,3,P0171,3,427.19,0.1,2,1155.41
O003226,1,P0011,1,363.12,0.1,6.97,333.78
O003227,1,P0056,2,581.05,0.05,12.62,1116.61
O003228,1,P0241,3,307.92,0,13.09,936.85
O003229,1,P0059,2,953.24,0.1,2,1717.83
O003230,1,P0147,1,535.43,0,2,537.43
O003231,1,P0112,1,400.76,0,9.37,410.13
O003232,1,P0243,2,711.65,0,10.21,1433.51
O003233,1,P0313,1,555.72,0,15.67,571.39
O003233,2,P0192,1,951.76,0,2,953.76
O003233,3,P0116,1,339.23,0,10.58,349.81
O003234,1,P0148,3,188.16,0.1,14.81,522.84
O003235,1,P0096,1,224.82,0.15,15.07,206.17
O003235,2,P0012,1,529.58,0.1,16.89,493.51
O003236,1,P0263,2,574.22,0.1,19.22,1052.82
O003237,1,P0007,2,306.83,0,13.01,626.67
O003237,2,P0261,3,745.54,0.2,5.47,1794.77
O003237,3,P0186,1,638.99,0,14.44,653.43
O003238,1,P0316,2,419.97,0,11.33,851.27
O003239,1,P0196,1,753.97,0.1,2,680.57
O003239,2,P0197,1,756.59,0,12.47,769.06
O003240,1,P0017,5,237.22,0.1,12.57,1080.06
O003240,2,P0048,3,920.6,0,2,2763.8
O003241,1,P0017,1,237.22,0.05,13.29,238.65
O003242,1,P0182,1,150.43,0,14.44,164.87
O003243,1,P0190,1,449.88,0,20.47,470.35
O003244,1,P0234,1,354.24,0,3.84,358.08
O003244,2,P0295,1,164.98,0.15,4.56,144.79
O003245,1,P0101,2,92.83,0.05,23.36,199.74
O003246,1,P0092,1,901.51,0,20.98,922.49
O003246,2,P0105,3,18.23,0.1,12.55,61.77
O003247,1,P0290,1,617.79,0,8.12,625.91
O003248,1,P0319,1,702.73,0,13.57,716.3
O003249,1,P0172,3,461.92,0,27.73,1413.49
O003249,2,P0130,1,491.43,0,4.07,495.5
O003250,1,P0293,1,564.26,0.15,3.98,483.6
O003251,1,P0137,1,168.37,0.1,13.77,165.3
O003252,1,P0109,1,194.26,0,7.48,201.74
O003253,1,P0003,1,146.76,0.05,2.65,142.07
O003254,1,P0098,1,701.13,0,18.17,719.3
O003255,1,P0292,1,386.72,0,12.52,399.24
O003255,2,P0036,1,67.34,0.05,17.53,81.5
O003256,1,P0201,1,583.78,0.1,2,527.4
O003257,1,P0178,3,294.67,0.1,17.61,813.22
O003257,2,P0251,1,266.39,0.05,3.06,256.13
O003257,3,P0008,1,193.75,0,5.57,199.32
O003258,1,P0246,1,236.21,0.05,10.17,234.57
O003258,2,P0036,1,67.34,0,16.24,83.58
O003259,1,P0052,1,782.48,0.15,9.85,674.96
O003260,1,P0175,1,568.15,0.05,9.11,548.85
O003261,1,P0130,5,491.43,0,6.0,2463.15
O003261,2,P0011,1,363.12,0.1,2,328.81
O003262,1,P0249,2,575.36,0.05,16.25,1109.43
O003262,2,P0182,1,150.43,0,2,152.43
O003263,1,P0227,1,292.14,0.15,7.47,255.79
O003264,1,P0248,1,363.73,0,6.4,370.13
O003264,2,P0279,2,489.87,0.1,16.7,898.47
O003265,1,P0165,1,27.21,0,23.66,50.87
O003265,2,P0150,2,23.53,0,2.5,49.56
O003265,3,P0090,2,907.45,0,12.3,1827.2
O003265,4,P0245,1,489.42,0,17.72,507.14
O003266,1,P0098,1,701.13,0,11.57,712.7
O003267,1,P0314,1,745.22,0,6.65,751.87
O003268,1,P0277,1,49.26,0,3.71,52.97
O003268,2,P0242,1,722.98,0,19.97,742.95
O003268,3,P0024,1,832.14,0,3.4,835.54
O003268,4,P0311,2,347.85,0,7.23,702.93
O003269,1,P0217,1,390.23,0,12.83,403.06
O003270,1,P0004,1,803.36,0.2,14.89,657.58
O003271,1,P0148,1,188.16,0,6.61,194.77
O003271,2,P0309,1,541.39,0,22.49,563.88
O003271,3,P0202,1,115.37,0,17.55,132.92
O003272,1,P0093,1,952.7,0.2,22.96,785.12
O003273,1,P0246,2,236.21,0,20.53,492.95
O003273,2,P0023,1,587.39,0,27.22,614.61
O003273,3,P0088,2,259.63,0.15,15.67,457.04
O003273,4,P0148,1,188.16,0.15,15.35,175.29
O003274,1,P0009,2,17.8,0.1,9.24,41.28
O003275,1,P0123,1,202.44,0.1,2,184.2
O003275,2,P0255,2,854.74,0.1,12.67,1551.2
O003276,1,P0221,1,188.81,0.05,9.51,188.88
O003276,2,P0111,2,127.38,0,12.04,266.8
O003276,3,P0243,1,711.65,0.05,2,678.07
O003277,1,P0037,1,1028.12,0.1,2.46,927.77
O003277,2,P0234,2,354.24,0,13.52,722.0
O003277,3,P0200,1,499.63,0.1,17.67,467.34
O003278,1,P0202,1,115.37,0,15.04,130.41
O003279,1,P0210,1,949.92,0.1,2,856.93
O003279,2,P0066,1,451.94,0,11.9,463.84
O003279,3,P0184,1,112.13,0,9.94,122.07
O003280,1,P0084,1,294.21,0,7.06,301.27
O003281,1,P0132,2,107.93,0,7.58,223.44
O003281,2,P0292,1,386.72,0,14.95,401.67
O003281,3,P0080,1,194.14,0,15.05,209.19
O003282,1,P0010,1,362.93,0,14.36,377.29
O003283,1,P0062,2,673.39,0.15,13.88,1158.64
O003284,1,P0026,1,659.65,0.1,2,595.68
O003285,1,P0052,3,782.48,0,15.0,2362.44
O003285,2,P0026,1,659.65,0.1,19.4,613.08
O003285,3,P0269,1,256.16,0.05,2,245.35
O003286,1,P0125,1,329.73,0,25.88,355.61
O003286,2,P0119,1,229.62,0.1,2,208.66
O003287,1,P0118,1,588.11,0,16.87,604.98
O003287,2,P0097,1,267.08,0.1,37.9,278.27
O003287,3,P0291,2,657.02,0.15,5.41,1122.34
O003288,1,P0239,2,873.44,0,2,1748.88
O003288,2,P0060,1,27.23,0.05,24.05,49.92
O003289,1,P0214,1,42.92,0,6.92,49.84
O003289,2,P0022,1,623.29,0,10.13,633.42
O003290,1,P0210,2,949.92,0.05,2,1806.85
O003290,2,P0041,1,126.39,0,7.44,133.83
O003291,1,P0220,2,103.24,0.15,9.4,184.91
O003292,1,P0128,1,835.43,0.05,17.39,811.05
O003292,2,P0027,1,406.86,0.1,8.18,374.35
O003293,1,P0060,1,27.23,0.05,7.43,33.3
O003294,1,P0302,2,340.59,0.05,2,649.12
O003295,1,P0207,1,469.0,0,14.81,483.81
O003296,1,P0026,1,659.65,0.1,26.91,620.59
O003296,2,P0025,3,343.24,0,4.43,1034.15
O003297,1,P0056,1,581.05,0.05,15.96,567.96
O003297,2,P0138,1,870.78,0.1,8.24,791.94
O003297,3,P0268,1,214.47,0,3.29,217.76
O003298,1,P0251,2,266.39,0,6.57,539.35
O003299,1,P0101,1,92.83,0,23.79,116.62
O003299,2,P0160,2,413.02,0,9.92,835.96
O003299,3,P0215,1,1003.36,0,21.12,1024.48
O003300,1,P0064,1,145.78,0,22.74,168.52
O003301,1,P0025,1,343.24,0.1,4.48,313.4
O003301,2,P0195,1,256.53,0.05,8.38,252.08
O003302,1,P0033,2,310.62,0,4.74,625.98
O003303,1,P0065,1,492.73,0,7.88,500.61
O003303,2,P0211,1,980.09,0,2.62,982.71
O003304,1,P0254,1,824.63,0.1,18.17,760.34
O003304,2,P0278,2,480.16,0.1,17.2,881.49
O003305,1,P0039,1,205.22,0.2,21.13,185.31
O003306,1,P0131,1,185.19,0.1,19.2,185.87
O003306,2,P0256,1,847.43,0,2,849.43
O003306,3,P0015,1,284.04,0,7.65,291.69
O003307,1,P0217,1,390.23,0.05,17.7,388.42
O003308,1,P0314,1,745.22,0,3.25,748.47
O003309,1,P0293,2,564.26,0,12.56,1141.08
O003309,2,P0145,1,247.46,0,15.67,263.13
O003310,1,P0248,1,363.73,0,2,365.73
O003311,1,P0288,1,898.37,0.15,15.75,779.36
O003312,1,P0036,1,67.34,0,9.33,76.67
O003312,2,P0092,1,901.51,0,16.9,918.41
O003313,1,P0295,1,164.98,0.05,15.09,171.82
O003314,1,P0159,1,343.13,0,20.5,363.63
O003315,1,P0002,1,556.12,0.1,2,502.51
O003315,2,P0266,1,242.67,0,2,244.67
O003315,3,P0001,1,342.26,0,16.99,359.25
O003316,1,P0186,1,638.99,0,16.66,655.65
O003316,2,P0232,1,295.67,0,13.31,308.98
O003317,1,P0067,1,355.88,0,19.38,375.26
O003317,2,P0019,1,618.71,0.1,13.13,569.97
O003318,1,P0036,2,67.34,0,15.34,150.02
O003319,1,P0234,1,354.24,0.15,12.69,313.79
O003319,2,P0196,1,753.97,0.1,4.93,683.5
O003319,3,P0313,1,555.72,0.1,8.88,509.03
O003319,4,P0182,1,150.43,0,10.36,160.79
O003320,1,P0225,1,84.06,0,9.07,93.13
O003321,1,P0012,1,529.58,0,2,531.58
O003322,1,P0165,4,27.21,0,10.71,119.55
O003323,1,P0100,2,237.44,0.05,26.09,477.23
O003323,2,P0273,1,75.24,0.1,10.15,77.87
O003323,3,P0033,2,310.62,0,6.39,627.63
O003324,1,P0236,1,397.11,0,13.98,411.09
O003325,1,P0168,1,45.44,0.2,11.69,48.04
O003325,2,P0021,1,806.92,0,3.17,810.09
O003325,3,P0185,1,8.75,0.05,2,10.31
O003325,4,P0299,1,28.85,0.2,2,25.08
O003326,1,P0088,1,259.63,0,17.05,276.68
O003326,2,P0064,1,145.78,0,2,147.78
O003327,1,P0143,1,110.16,0,25.72,135.88
O003327,2,P0058,1,156.02,0,13.4,169.42
O003328,1,P0096,2,224.82,0,5.13,454.77
O003329,1,P0302,1,340.59,0,16.2,356.79
O003330,1,P0147,2,535.43,0.05,12.29,1029.61
O003331,1,P0299,2,28.85,0.05,20.23,75.05
O003331,2,P0151,1,785.65,0.2,25.56,654.08
O003331,3,P0181,1,364.59,0,5.44,370.03
O003332,1,P0268,2,214.47,0,14.52,443.46
O003332,2,P0130,2,491.43,0,14.87,997.73
O003333,1,P0254,1,824.63,0,7.83,832.46
O003334,1,P0237,1,956.17,0.15,16.96,829.7
O003335,1,P0156,1,90.87,0,6.65,97.52
O003336,1,P0026,1,659.65,0,2,661.65
O003336,2,P0127,1,597.61,0.1,8.51,546.36
O003336,3,P0044,1,456.63,0.2,13.5,378.8
O003336,4,P0021,4,806.92,0.15,6.94,2750.47
O003337,1,P0227,1,292.14,0.05,13.57,291.1
O003337,2,P0268,1,214.47,0.05,12.77,216.52
O003338,1,P0258,2,81.39,0,2,164.78
O003338,2,P0070,2,298.91,0,13.85,611.67
O003339,1,P0055,2,237.15,0.1,2,428.87
O003339,2,P0168,1,45.44,0,26.76,72.2
O003340,1,P0246,3,236.21,0,17.84,726.47
O003340,2,P0263,1,574.22,0.05,3.0,548.51
O003340,3,P0224,3,355.54,0,2,1068.62
O003341,1,P0025,2,343.24,0,11.16,697.64
O003342,1,P0248,1,363.73,0,12.86,376.59
O003342,2,P0056,1,581.05,0,29.44,610.49
O003342,3,P0215,1,1003.36,0,12.56,1015.92
O003343,1,P0263,2,574.22,0.15,23.82,999.99
O003343,2,P0055,1,237.15,0.05,14.97,240.26
O003344,1,P0045,1,72.1,0,2.34,74.44
O003345,1,P0317,1,811.43,0,31.72,843.15
O003345,2,P0094,1,756.84,0,21.36,778.2
O003345,3,P0283,1,433.94,0,9.96,443.9
O003345,4,P0251,1,266.39,0,13.07,279.46
O003346,1,P0103,1,158.36,0.15,3.6,138.21
O003347,1,P0008,1,193.75,0,32.3,226.05
O003347,2,P0161,1,67.49,0.1,13.97,74.71
O003348,1,P0231,1,766.78,0,15.75,782.53
O003348,2,P0253,2,162.64,0.1,18.57,311.32
O003348,3,P0041,2,126.39,0,2,254.78
O003349,1,P0017,2,237.22,0.05,17.35,468.07
O003350,1,P0198,1,764.66,0,13.39,778.05
O003351,1,P0276,4,820.81,0,16.78,3300.02
O003351,2,P0280,1,128.6,0.05,8.46,130.63
O003351,3,P0157,2,807.11,0.15,10.23,1382.32
O003351,4,P0202,1,115.37,0.05,2,111.6
O003352,1,P0036,2,67.34,0,6.04,140.72
O003353,1,P0303,2,483.69,0,9.49,976.87
O003354,1,P0001,1,342.26,0,11.02,353.28
O003355,1,P0039,1,205.22,0.05,5.17,200.13
O003356,1,P0055,1,237.15,0.05,2,227.29
O003357,1,P0056,1,581.05,0.05,9.62,561.62
O003357,2,P0010,4,362.93,0.15,9.39,1243.35
O003358,1,P0171,1,427.19,0.05,8.9,414.73
O003358,2,P0104,1,521.9,0.2,10.58,428.1
O003358,3,P0105,2,18.23,0,7.86,44.32
O003359,1,P0316,1,419.97,0,2,421.97
O003360,1,P0187,1,106.77,0,13.69,120.46
O003361,1,P0008,1,193.75,0.1,9.35,183.72
O003362,1,P0168,4,45.44,0,8.67,190.43
O003363,1,P0253,3,162.64,0.1,2,441.13
O003364,1,P0128,1,835.43,0,2,837.43
O003365,1,P0244,2,316.68,0,6.34,639.7
O003365,2,P0064,2,145.78,0,18.94,310.5
O003366,1,P0011,1,363.12,0.15,9.79,318.44
O003367,1,P0177,4,95.11,0.05,2.18,363.6
O003367,2,P0238,1,645.9,0.05,16.21,629.81
O003368,1,P0204,1,387.0,0,18.03,405.03
O003368,2,P0137,1,168.37,0.1,9.43,160.96
O003368,3,P0189,2,630.91,0.05,9.86,1208.59
O003369,1,P0086,1,579.39,0,5.47,584.86
O003370,1,P0080,1,194.14,0.1,13.84,188.57
O003370,2,P0067,2,355.88,0,7.16,718.92
O003371,1,P0055,5,237.15,0,8.06,1193.81
O003372,1,P0016,2,576.57,0,17.5,1170.64
O003372,2,P0227,1,292.14,0,12.39,304.53
O003373,1,P0017,2,237.22,0,10.88,485.32
O003373,2,P0140,1,227.4,0,20.52,247.92
O003374,1,P0258,2,81.39,0.15,2.66,141.02
O003375,1,P0274,1,832.77,0.1,12.59,762.08
O003376,1,P0062,1,673.39,0,16.67,690.06
O003376,2,P0030,1,122.57,0,6.0,128.57
O003376,3,P0037,1,1028.12,0,5.78,1033.9
O003377,1,P0093,1,952.7,0,17.85,970.55
O003377,2,P0271,1,775.17,0,19.1,794.27
O003377,3,P0254,1,824.63,0.05,20.92,804.32
O003378,1,P0049,2,841.2,0,14.15,1696.55
O003378,2,P0312,1,681.66,0,2,683.66
O003378,3,P0042,1,584.05,0.05,22.25,577.1
O003378,4,P0005,1,9999.99,0,13.0,10012.99
O003379,1,P0193,3,216.15,0,23.44,671.89
O003379,2,P0128,2,835.43,0.15,17.12,1437.35
O003380,1,P0154,2,25.6,0.1,21.56,67.64
O003381,1,P0247,4,315.54,0,11.4,1273.56
O003381,2,P0174,2,845.79,0,6.25,1697.83
O003382,1,P0310,1,8.5,0,9.33,17.83
O003383,1,P0317,1,811.43,0.2,9.71,658.85
O003383,2,P0187,1,106.77,0.2,18.73,104.15
O003384,1,P0270,1,949.79,0,17.68,967.47
O003385,1,P0042,2,584.05,0.15,23.8,1016.68
O003386,1,P0240,1,237.45,0.15,2,203.83
O003386,2,P0186,1,638.99,0,7.11,646.1
O003387,1,P0043,1,118.53,0.15,13.05,113.8
O003388,1,P0087,1,118.02,0,22.48,140.5
O003389,1,P0254,1,824.63,0,10.04,834.67
O003389,2,P0004,1,803.36,0.05,11.04,774.23
O003389,3,P0193,2,216.15,0,18.14,450.44
O003389,4,P0228,1,539.71,0.2,10.56,442.33
O003390,1,P0242,1,722.98,0.05,29.46,716.29
O003390,2,P0128,1,835.43,0,8.25,843.68
O003391,1,P0105,2,18.23,0.1,16.54,49.35
O003392,1,P0223,1,72.48,0.15,17.47,79.08
O003393,1,P0119,2,229.62,0,10.85,470.09
O003394,1,P0265,3,240.13,0.1,11.33,659.68
O003394,2,P0173,1,758.26,0,21.3,779.56
O003395,1,P0163,2,825.28,0.1,8.56,1494.06
O003395,2,P0194,1,140.84,0,9.31,150.15
O003396,1,P0252,3,259.81,0,14.49,793.92
O003396,2,P0049,1,841.2,0,7.96,849.16
O003396,3,P0276,1,820.81,0.05,11.16,790.93
O003397,1,P0138,1,870.78,0.05,16.09,843.33
O003398,1,P0109,1,194.26,0,12.76,207.02
O003399,1,P0155,1,88.23,0.1,12.47,91.88
O003399,2,P0074,1,81.29,0.1,2,75.16
O003400,1,P0001,1,342.26,0.05,3.07,328.22
O003401,1,P0113,1,814.98,0.1,2.28,735.76
O003402,1,P0289,2,88.04,0.15,2,151.67
O003402,2,P0158,5,130.71,0,17.37,670.92
O003403,1,P0109,1,194.26,0,2,196.26
O003403,2,P0024,3,832.14,0,10.54,2506.96
O003404,1,P0126,1,311.62,0.05,3.74,299.78
O003405,1,P0203,1,420.71,0,2,422.71
O003406,1,P0276,2,820.81,0,9.05,1650.67
O003407,1,P0033,1,310.62,0.2,7.84,256.34
O003408,1,P0073,2,139.62,0.2,16.39,239.78
O003408,2,P0217,1,390.23,0,23.7,413.93
O003409,1,P0182,1,150.43,0,25.56,175.99
O003410,1,P0117,1,794.64,0.15,13.86,689.3
O003411,1,P0177,1,95.11,0.1,9.48,95.08
O003411,2,P0217,1,390.23,0,11.55,401.78
O003411,3,P0075,2,233.38,0.05,5.83,449.25
O003412,1,P0091,3,86.5,0.1,12.96,246.51
O003413,1,P0265,1,240.13,0,13.67,253.8
O003413,2,P0305,30,330.82,0.05,8.0,9436.37
O003414,1,P0081,1,312.38,0.1,9.71,290.85
O003414,2,P0052,5,782.48,0.15,15.44,3340.98
O003415,1,P0312,1,681.66,0,2,683.66
O003415,2,P0070,5,298.91,0.15,2.04,1272.41
O003416,1,P0078,2,314.17,0.1,2,567.51
O003417,1,P0197,2,756.59,0.1,14.72,1376.58
O003417,2,P0294,1,73.38,0.2,16.04,74.74
O003418,1,P0169,2,410.06,0.15,2,699.1
O003419,1,P0198,3,764.66,0,8.38,2302.36
O003420,1,P0038,1,778.2,0,11.9,790.1
O003421,1,P0219,1,553.58,0,17.91,571.49
O003422,1,P0242,1,722.98,0,22.88,745.86
O003422,2,P0051,2,371.95,0.1,10.1,679.61
O003422,3,P0254,1,824.63,0.1,10.44,752.61
O003423,1,P0175,1,568.15,0,13.81,581.96
O003424,1,P0160,1,413.02,0,15.22,428.24
O003425,1,P0011,4,363.12,0.1,17.72,1324.95
O003426,1,P0314,1,745.22,0,10.74,755.96
O003427,1,P0021,1,806.92,0,9.79,816.71
O003428,1,P0129,5,104.68,0,2,525.4
O003429,1,P0179,1,159.25,0.15,18.87,154.23
O003430,1,P0080,1,194.14,0,3.18,197.32
O003431,1,P0256,1,847.43,0,13.7,861.13
O003432,1,P0239,1,873.44,0,12.11,885.55
O003433,1,P0269,4,256.16,0,15.28,1039.92
O003433,2,P0200,1,499.63,0,12.1,511.73
O003434,1,P0114,1,967.11,0.15,23.49,845.53
O003434,2,P0179,1,159.25,0.05,13.51,164.8
O003435,1,P0208,1,723.84,0.05,2,689.65
O003436,1,P0067,3,355.88,0,14.45,1082.09
O003436,2,P0214,1,42.92,0,5.26,48.18
O003436,3,P0054,1,429.08,0.1,2,388.17
O003436,4,P0314,3,745.22,0.1,9.64,2021.73
O003437,1,P0118,1,588.11,0,16.56,604.67
O003438,1,P0014,1,187.84,0,13.67,201.51
O003439,1,P0007,1,306.83,0,4.21,311.04
O003439,2,P0233,1,84.69,0,16.59,101.28
O003439,3,P0248,1,363.73,0.2,7.52,298.5
O003439,4,P0100,1,237.44,0,3.83,241.27
O003440,1,P0133,2,17.03,0.05,16.46,48.82
O003441,1,P0200,1,499.63,0,23.82,523.45
O003441,2,P0091,1,86.5,0.05,20.97,103.14
O003442,1,P0055,1,237.15,0,7.93,245.08
O003442,2,P0171,2,427.19,0.05,5.42,817.08
O003443,1,P0140,1,227.4,0,13.05,240.45
O003444,1,P0187,1,106.77,0.1,4.94,101.03
O003445,1,P0115,1,602.48,0,16.46,618.94
O003446,1,P0169,1,410.06,0,2,412.06
O003446,2,P0277,1,49.26,0,9.07,58.33
O003446,3,P0036,1,67.34,0.1,12.97,73.58
O003446,4,P0149,1,858.19,0,14.11,872.3
O003447,1,P0030,1,122.57,0,12.99,135.56
O003447,2,P0133,1,17.03,0,19.84,36.87
O003448,1,P0047,1,224.37,0.1,3.44,205.37
O003449,1,P0136,3,784.55,0,2.46,2356.11
O003450,1,P0175,1,568.15,0,10.81,578.96
O003451,1,P0164,5,13.57,0,13.36,81.21
O003452,1,P0316,2,419.97,0.05,3.83,801.77
O003453,1,P0282,1,856.4,0,13.17,869.57
O003454,1,P0122,1,149.46,0.1,5.04,139.55
O003454,2,P0114,1,967.11,0,2,969.11
O003455,1,P0263,4,574.22,0,5.2,2302.08
O003456,1,P0059,1,953.24,0,15.01,968.25
O003457,1,P0216,1,823.56,0.05,21.16,803.54
O003458,1,P0035,1,544.32,0,16.63,560.95
O003459,1,P0122,1,149.46,0,22.23,171.69
O003460,1,P0188,1,480.75,0,22.59,503.34
O003460,2,P0056,3,581.05,0.2,5.5,1400.02
O003461,1,P0208,2,723.84,0,8.88,1456.56
O003461,2,P0276,2,820.81,0,2,1643.62
O003461,3,P0283,1,433.94,0.1,17.61,408.16
O003462,1,P0283,1,433.94,0.2,6.5,353.65
O003462,2,P0112,2,400.76,0,6.56,808.08
O003463,1,P0215,2,1003.36,0.1,7.36,1813.41
O003464,1,P0056,1,581.05,0.05,14.5,566.5
O003465,1,P0099,2,458.56,0,2,919.12
O003466,1,P0209,1,690.43,0,39.72,730.15
O003466,2,P0179,5,159.25,0.1,9.0,725.62
O003467,1,P0169,1,410.06,0.1,35.02,404.07
O003468,1,P0132,1,107.93,0,12.73,120.66
O003468,2,P0036,1,67.34,0.15,15.5,72.74
O003469,1,P0134,4,574.47,0,10.14,2308.02
O003470,1,P0309,1,541.39,0,23.17,564.56
O003470,2,P0114,1,967.11,0,15.52,982.63
O003471,1,P0277,2,49.26,0,13.09,111.61
O003471,2,P0278,1,480.16,0,5.02,485.18
O003472,1,P0258,3,81.39,0,10.17,254.34
O003473,1,P0041,3,126.39,0,11.93,391.1
O003473,2,P0018,1,598.9,0.1,16.48,555.49
O003473,3,P0257,4,486.52,0,7.15,1953.23
O003473,4,P0145,2,247.46,0.15,2,422.68
O003474,1,P0283,1,433.94,0.1,22.26,412.81
O003475,1,P0054,1,429.08,0,10.98,440.06
O003476,1,P0157,2,807.11,0,15.62,1629.84
O003476,2,P0003,2,146.76,0.05,17.21,296.05
O003476,3,P0290,1,617.79,0,10.24,628.03
O003476,4,P0195,3,256.53,0,2,771.59
O003477,1,P0139,1,531.18,0.05,17.1,521.72
O003478,1,P0112,1,400.76,0.05,3.5,384.22
O003478,2,P0218,1,363.84,0,2,365.84
O003479,1,P0191,1,654.69,0.2,2,525.75
O003479,2,P0011,2,363.12,0,2.97,729.21
O003479,3,P0105,1,18.23,0.05,5.86,23.18
O003480,1,P0186,1,638.99,0,16.04,655.03
O003480,2,P0052,5,782.48,0.2,14.96,3144.88
O003481,1,P0307,1,69.12,0,26.51,95.63
O003481,2,P0048,2,920.6,0.05,2.43,1751.57
O003481,3,P0273,1,75.24,0.05,2,73.48
O003481,4,P0294,1,73.38,0,19.5,92.88
O003482,1,P0051,1,371.95,0.05,11.55,364.9
O003483,1,P0225,1,84.06,0,12.46,96.52
O003483,2,P0160,2,413.02,0,13.53,839.57
O003484,1,P0318,1,432.06,0.2,22.64,368.29
O003484,2,P0275,1,515.35,0.1,8.57,472.39
O003485,1,P0153,1,339.5,0.1,9.28,314.83
O003486,1,P0091,2,86.5,0.05,7.85,172.2
O003487,1,P0184,1,112.13,0,23.29,135.42
O003488,1,P0123,2,202.44,0,7.71,412.59
O003488,2,P0013,1,110.57,0,4.32,114.89
O003488,3,P0247,1,315.54,0.2,2,254.43
O003488,4,P0142,2,483.04,0,17.1,983.18
O003489,1,P0047,2,224.37,0.05,18.6,444.9
O003489,2,P0204,1,387.0,0,12.93,399.93
O003489,3,P0064,1,145.78,0,17.36,163.14
O003490,1,P0072,1,38.74,0.05,23.07,59.87
O003490,2,P0048,2,920.6,0,18.55,1859.75
O003491,1,P0231,1,766.78,0.05,16.47,744.91
O003492,1,P0123,1,202.44,0,3.41,205.85
O003493,1,P0050,1,745.53,0.05,15.33,723.58
O003494,1,P0103,2,158.36,0.15,16.19,285.4
O003495,1,P0150,1,23.53,0,2.89,26.42
O003495,2,P0028,1,305.36,0.1,6.34,281.16
O003496,1,P0023,1,587.39,0,10.04,597.43
O003497,1,P0293,2,564.26,0,3.03,1131.55
O003498,1,P0181,1,364.59,0.05,4.62,350.98
O003498,2,P0184,1,112.13,0,2,114.13
O003499,1,P0083,2,594.36,0,21.21,1209.93
O003500,1,P0206,2,75.89,0,23.64,175.42
O003501,1,P0112,3,400.76,0.2,6.06,967.88
O003501,2,P0297,1,38.06,0.05,8.6,44.76
O003501,3,P0231,1,766.78,0,18.96,785.74
O003502,1,P0208,1,723.84,0,12.49,736.33
O003502,2,P0277,1,49.26,0,19.24,68.5
O003502,3,P0256,1,847.43,0.15,5.03,725.35
O003502,4,P0165,3,27.21,0.2,5.86,71.16
O003503,1,P0248,2,363.73,0,12.5,739.96
O003503,2,P0116,2,339.23,0.2,3.19,545.96
O003504,1,P0242,1,722.98,0.1,16.46,667.14
O003505,1,P0231,1,766.78,0,2.9,769.68
O003505,2,P0213,1,693.96,0,19.04,713.0
O003506,1,P0293,2,564.26,0.2,6.52,909.34
O003507,1,P0060,1,27.23,0,2.17,29.4
O003507,2,P0206,2,75.89,0.1,10.84,147.44
O003508,1,P0022,1,623.29,0.2,14.95,513.58
O003508,2,P0271,1,775.17,0,2,777.17
O003509,1,P0257,1,486.52,0,6.4,492.92
O003509,2,P0199,4,324.1,0,7.01,1303.41
O003509,3,P0309,1,541.39,0,16.64,558.03
O003510,1,P0137,1,168.37,0,15.89,184.26
O003511,1,P0065,1,492.73,0.15,21.68,440.5
O003511,2,P0047,2,224.37,0,24.03,472.77
O003512,1,P0271,1,775.17,0,8.24,783.41
O003513,1,P0035,1,544.32,0,5.2,549.52
O003514,1,P0068,1,148.48,0.1,9.23,142.86
O003515,1,P0018,1,598.9,0.2,12.38,491.5
O003516,1,P0171,1,427.19,0.05,9.33,415.16
O003517,1,P0186,1,638.99,0,23.08,662.07
O003517,2,P0077,2,20.98,0,5.08,47.04
O003518,1,P0258,1,81.39,0,12.8,94.19
O003519,1,P0164,5,13.57,0.1,5.16,66.22
O003520,1,P0081,1,312.38,0,8.34,320.72
O003521,1,P0155,1,88.23,0,5.85,94.08
O003522,1,P0256,1,847.43,0,17.17,864.6
O003522,2,P0278,2,480.16,0,13.39,973.71
O003522,3,P0078,1,314.17,0,8.57,322.74
O003522,4,P0205,1,468.82,0,18.39,487.21
O003523,1,P0313,1,555.72,0.2,10.72,455.3
O003524,1,P0148,1,188.16,0,13.3,201.46
O003525,1,P0311,1,347.85,0,12.01,359.86
O003526,1,P0238,1,645.9,0.1,26.03,607.34
O003526,2,P0140,1,227.4,0.05,6.07,222.1
O003527,1,P0294,3,73.38,0,6.58,226.72
O003528,1,P0254,1,824.63,0.1,13.38,755.55
O003529,1,P0025,1,343.24,0,4.33,347.57
O003530,1,P0242,1,722.98,0.1,10.79,661.47
O003530,2,P0028,1,305.36,0,14.32,319.68
O003530,3,P0232,1,295.67,0,20.71,316.38
O003531,1,P0110,1,1039.88,0,6.78,1046.66
O003532,1,P0033,1,310.62,0,9.19,319.81
O003533,1,P0114,1,967.11,0.1,15.49,885.89
O003533,2,P0017,1,237.22,0.05,3.2,228.56
O003533,3,P0224,1,355.54,0.15,11.26,313.47
O003533,4,P0111,1,127.38,0,19.73,147.11
O003534,1,P0090,1,907.45,0,13.25,920.7
O003534,2,P0225,2,84.06,0.05,6.78,166.49
O003535,1,P0236,2,397.11,0,14.84,809.06
O003536,1,P0061,1,776.86,0.05,4.89,742.91
O003537,1,P0265,1,240.13,0.05,24.35,252.47
O003538,1,P0179,1,159.25,0,3.95,163.2
O003539,1,P0164,1,13.57,0,5.52,19.09
O003540,1,P0177,1,95.11,0.05,9.75,100.1
O003540,2,P0058,2,156.02,0.1,15.35,296.19
O003540,3,P0197,1,756.59,0,16.13,772.72
O003540,4,P0121,1,97.09,0,19.28,116.37
O003541,1,P0279,1,489.87,0.1,20.3,461.18
O003542,1,P0139,1,531.18,0.15,7.8,459.3
O003543,1,P0317,1,811.43,0,15.78,827.21
O003543,2,P0125,1,329.73,0,28.33,358.06
O003543,3,P0181,1,364.59,0,21.48,386.07
O003543,4,P0039,1,205.22,0,19.41,224.63
O003544,1,P0240,1,237.45,0,21.22,258.67
O003545,1,P0097,1,267.08,0,2,269.08
O003545,2,P0313,1,555.72,0.1,2,502.15
O003545,3,P0264,1,502.16,0,15.4,517.56
O003546,1,P0030,1,122.57,0,14.52,137.09
O003547,1,P0260,2,623.36,0,19.74,1266.46
O003548,1,P0117,5,794.64,0,18.0,3991.2
O003548,2,P0055,2,237.15,0,12.25,486.55
O003549,1,P0267,1,1088.78,0.05,2,1036.34
O003549,2,P0072,2,38.74,0,17.28,94.76
O003549,3,P0143,1,110.16,0,2,112.16
O003550,1,P0131,2,185.19,0.2,28.68,324.98
O003550,2,P0050,1,745.53,0.2,15.86,612.28
O003550,3,P0298,3,410.7,0,12.32,1244.42
O003551,1,P0195,1,256.53,0,19.32,275.85
O003551,2,P0037,1,1028.12,0,6.7,1034.82
O003552,1,P0051,2,371.95,0,15.23,759.13
O003552,2,P0172,1,461.92,0,7.16,469.08
O003552,3,P0236,1,397.11,0,15.73,412.84
O003553,1,P0005,3,9999.99,0,2,30001.97
O003554,1,P0081,2,312.38,0.05,20.61,614.13
O003554,2,P0198,1,764.66,0.05,16.56,742.99
O003555,1,P0075,1,233.38,0.1,14.07,224.11
O003556,1,P0022,2,623.29,0.1,6.89,1128.81
O003557,1,P0076,1,1058.97,0,10.5,1069.47
O003558,1,P0310,3,8.5,0,13.6,39.1
O003559,1,P0111,1,127.38,0.15,12.65,120.92
O003559,2,P0273,3,75.24,0,12.26,237.98
O003559,3,P0303,1,483.69,0,14.3,497.99
O003560,1,P0182,1,150.43,0,2,152.43
O003561,1,P0131,1,185.19,0,8.82,194.01
O003562,1,P0164,1,13.57,0.05,392.08,404.97
O003563,1,P0226,1,706.04,0,19.84,725.88
O003564,1,P0294,1,73.38,0,21.74,95.12
O003565,1,P0021,1,806.92,0,31.35,838.27
O003565,2,P0248,1,363.73,0.2,3.71,294.69
O003565,3,P0087,1,118.02,0.1,11.45,117.67
O003566,1,P0117,1,794.64,0.05,17.45,772.36
O003567,1,P0007,2,306.83,0.1,15.3,567.59
O003567,2,P0257,2,486.52,0,27.03,1000.07
O003568,1,P0015,1,284.04,0.1,18.1,273.74
O003569,1,P0142,1,483.04,0.05,18.23,477.12
O003569,2,P0238,1,645.9,0,5.07,650.97
O003570,1,P0275,1,515.35,0,3.41,518.76
O003571,1,P0008,2,193.75,0.2,5.76,315.76
O003572,1,P0031,4,397.25,0,20.91,1609.91
O003573,1,P0142,1,483.04,0.1,9.85,444.59
O003574,1,P0033,2,310.62,0,14.85,636.09
O003575,1,P0236,1,397.11,0,8.74,405.85
O003576,1,P0024,2,832.14,0.2,15.01,1346.43
O003576,2,P0261,1,745.54,0.05,17.98,726.24
O003577,1,P0224,1,355.54,0,15.29,370.83
O003577,2,P0243,1,711.65,0,2,713.65
O003577,3,P0125,1,329.73,0,18.11,347.84
O003577,4,P0157,1,807.11,0.15,20.4,706.44
O003578,1,P0189,1,630.91,0,6.42,637.33
O003579,1,P0083,1,594.36,0,15.12,609.48
O003579,2,P0246,1,236.21,0.1,15.99,228.58
O003580,1,P0177,1,95.11,0.15,9.89,90.73
O003581,1,P0016,1,576.57,0,2,578.57
O003582,1,P0204,1,387.0,0.15,11.12,340.07
O003583,1,P0237,1,956.17,0.1,18.34,878.89
O003584,1,P0312,1,681.66,0.05,3.14,650.72
O003585,1,P0215,2,1003.36,0,12.26,2018.98
O003586,1,P0275,2,515.35,0.05,28.94,1008.11
O003586,2,P0241,1,307.92,0,22.6,330.52
O003587,1,P0053,1,360.49,0.15,2.08,308.5
O003587,2,P0029,2,490.19,0,20.97,1001.35
O003588,1,P0192,1,951.76,0.1,12.16,868.74
O003589,1,P0044,2,456.63,0,2,915.26
O003590,1,P0011,2,363.12,0.05,8.2,698.13
O003591,1,P0140,1,227.4,0,9.14,236.54
O003591,2,P0217,1,390.23,0.05,22.64,393.36
O003592,1,P0094,2,756.84,0.1,4.78,1367.09
O003593,1,P0120,1,62.98,0,7.59,70.57
O003594,1,P0289,1,88.04,0,13.04,101.08
O003595,1,P0313,1,555.72,0,5.85,561.57
O003595,2,P0003,1,146.76,0.1,26.03,158.11
O003596,1,P0272,1,724.17,0,28.81,752.98
O003597,1,P0286,1,518.79,0.1,6.38,473.29
O003598,1,P0187,1,106.77,0.05,19.49,120.92
O003598,2,P0064,1,145.78,0,19.28,165.06
O003599,1,P0235,2,6.83,0,2.91,16.57
O003599,2,P0011,1,363.12,0,8.6,371.72
O003600,1,P0206,2,75.89,0,20.82,172.6
O003600,2,P0270,2,949.79,0.1,10.6,1720.22
O003600,3,P0274,1,832.77,0,16.36,849.13
O003601,1,P0153,1,339.5,0,10.14,349.64
O003602,1,P0046,1,190.18,0,2,192.18
O003602,2,P0165,2,27.21,0.15,11.73,57.99
O003602,3,P0087,1,118.02,0.1,11.39,117.61
O003603,1,P0266,2,242.67,0,18.66,504.0
O003604,1,P0147,1,535.43,0.05,12.07,520.73
O003604,2,P0136,1,784.55,0.1,25.03,731.12
O003605,1,P0229,2,81.64,0.05,6.52,161.64
O003606,1,P0167,1,9.0,0.05,20.45,29.0
O003607,1,P0119,1,229.62,0.05,2,220.14
O003608,1,P0170,1,444.66,0,2.86,447.52
O003609,1,P0180,50,358.61,0,16.54,17947.04
O003609,2,P0087,1,118.02,0,21.02,139.04
O003609,3,P0071,1,250.08,0.15,27.77,240.34
O003610,1,P0278,1,480.16,0,23.65,503.81
O003610,2,P0315,1,174.01,0,4.16,178.17
O003610,3,P0078,1,314.17,0.05,19.02,317.48
O003611,1,P0246,1,236.21,0.2,24.24,213.21
O003611,2,P0005,2,9999.99,0,26.32,20026.3
O003612,1,P0208,1,723.84,0.05,28.13,715.78
O003612,2,P0110,1,1039.88,0,11.82,1051.7
O003612,3,P0201,2,583.78,0.15,2,994.43
O003612,4,P0219,1,553.58,0,18.68,572.26
O003613,1,P0251,1,266.39,0,14.04,280.43
O003614,1,P0095,1,97.16,0.1,15.57,103.01
O003615,1,P0263,1,574.22,0,14.47,588.69
O003616,1,P0232,1,295.67,0.15,17.6,268.92
O003617,1,P0066,1,451.94,0,2,453.94
O003618,1,P0067,1,355.88,0,6.85,362.73
O003619,1,P0203,1,420.71,0,12.83,433.54
O003619,2,P0213,1,693.96,0.05,16.87,676.13
O003620,1,P0219,1,553.58,0.15,9.87,480.41
O003620,2,P0170,1,444.66,0.05,26.88,449.31
O003620,3,P0184,2,112.13,0,11.39,235.65
O003621,1,P0212,2,486.38,0,11.19,983.95
O003622,1,P0204,1,387.0,0,10.06,397.06
O003623,1,P0052,1,782.48,0,14.85,797.33
O003623,2,P0319,2,702.73,0,9.8,1415.26
O003624,1,P0294,3,73.38,0,9.9,230.04
O003624,2,P0204,1,387.0,0.05,18.0,385.65
O003624,3,P0233,1,84.69,0.1,10.86,87.08
O003625,1,P0064,2,145.78,0,6.97,298.53
O003626,1,P0234,1,354.24,0.1,10.6,329.42
O003627,1,P0211,1,980.09,0,16.57,996.66
O003628,1,P0014,2,187.84,0,14.46,390.14
O003628,2,P0154,2,25.6,0,2,53.2
O003628,3,P0040,1,354.01,0.15,18.2,319.11
O003629,1,P0248,1,363.73,0,20.3,384.03
O003630,1,P0209,1,690.43,0,7.3,697.73
O003630,2,P0191,1,654.69,0,13.06,667.75
O003630,3,P0241,1,307.92,0,14.51,322.43
O003631,1,P0050,1,745.53,0,25.09,770.62
O003632,1,P0302,2,340.59,0,6.02,687.2
O003632,2,P0086,1,579.39,0,9.73,589.12
O003632,3,P0009,2,17.8,0.05,14.37,48.19
O003633,1,P0318,1,432.06,0,9.23,441.29
O003634,1,P0111,1,127.38,0,12.65,140.03
O003634,2,P0176,1,265.34,0.15,18.77,244.31
O003634,3,P0138,1,870.78,0.2,9.04,705.66
O003634,4,P0010,4,362.93,0,2,1453.72
O003635,1,P0312,1,681.66,0.15,2,581.41
O003636,1,P0053,1,360.49,0,8.53,369.02
O003637,1,P0232,1,295.67,0,14.77,310.44
O003637,2,P0242,1,722.98,0.05,19.07,705.9
O003638,1,P0100,1,237.44,0,13.56,251.0
O003639,1,P0252,1,259.81,0,7.48,267.29
O003639,2,P0194,1,140.84,0,24.27,165.11
O003639,3,P0317,3,811.43,0.15,18.1,2087.25
O003640,1,P0243,1,711.65,0,8.73,720.38
O003641,1,P0052,1,782.48,0,2,784.48
O003641,2,P0043,1,118.53,0.05,9.89,122.49
O003642,1,P0058,2,156.02,0.05,2,298.44
O003642,2,P0170,1,444.66,0.15,17.71,395.67
O003642,3,P0070,1,298.91,0.15,20.69,274.76
O003642,4,P0265,4,240.13,0,9.19,969.71
O003643,1,P0158,1,130.71,0,6.83,137.54
O003644,1,P0096,2,224.82,0,12.69,462.33
O003645,1,P0233,1,84.69,0.2,2.73,70.48
O003646,1,P0261,1,745.54,0,21.22,766.76
O003647,1,P0137,2,168.37,0,15.09,351.83
O003647,2,P0185,1,8.75,0,5.72,14.47
O003648,1,P0155,1,88.23,0,2,90.23
O003649,1,P0244,1,316.68,0.1,17.03,302.04
O003650,1,P0175,2,568.15,0,12.36,1148.66
O003651,1,P0166,2,20.64,0,9.21,50.49
O003651,2,P0069,2,423.73,0.1,14.44,777.15
O003652,1,P0133,1,17.03,0,8.61,25.64
O003653,1,P0319,1,702.73,0.15,9.73,607.05
O003654,1,P0055,1,237.15,0,5.06,242.21
O003655,1,P0278,1,480.16,0.05,2,458.15
O003655,2,P0093,1,952.7,0.2,13.82,775.98
O003655,3,P0203,1,420.71,0.15,8.91,366.51
O003656,1,P0017,1,237.22,0.15,6.32,207.96
O003657,1,P0294,2,73.38,0.05,6.0,145.42
O003658,1,P0162,1,529.22,0.15,5.47,455.31
O003658,2,P0062,2,673.39,0.05,26.58,1306.02
O003658,3,P0192,3,951.76,0,9.7,2864.98
O003658,4,P0210,1,949.92,0.1,6.97,861.9
O003659,1,P0224,4,355.54,0,19.87,1442.03
O003660,1,P0210,2,949.92,0,6.06,1905.9
O003660,2,P0083,2,594.36,0,12.89,1201.61
O003661,1,P0063,1,310.44,0.05,5.58,300.5
O003662,1,P0055,4,237.15,0.15,9.68,815.99
O003663,1,P0297,2,38.06,0.05,22.1,94.41
O003663,2,P0273,1,75.24,0,2.36,77.6
O003663,3,P0199,1,324.1,0.15,4.28,279.76
O003663,4,P0149,2,858.19,0,10.03,1726.41
O003664,1,P0272,1,724.17,0,2,726.17
O003665,1,P0063,1,310.44,0,3.26,313.7
O003666,1,P0252,2,259.81,0.05,19.45,513.09
O003666,2,P0169,1,410.06,0,15.78,425.84
O003667,1,P0006,1,202.12,0.15,11.49,183.29
O003667,2,P0095,1,97.16,0.1,15.89,103.33
O003668,1,P0096,2,224.82,0,2,451.64
O003668,2,P0222,1,182.56,0.15,7.43,162.61
O003668,3,P0145,1,247.46,0,33.62,281.08
O003669,1,P0318,1,432.06,0.05,10.71,421.17
O003670,1,P0292,1,386.72,0.2,17.58,326.96
O003670,2,P0054,1,429.08,0,8.99,438.07
O003670,3,P0311,1,347.85,0,13.63,361.48
O003670,4,P0215,1,1003.36,0,13.21,1016.57
O003671,1,P0048,2,920.6,0,8.31,1849.51
O003671,2,P0198,2,764.66,0,2,1531.32
O003671,3,P0117,1,794.64,0,5.99,800.63
O003672,1,P0018,2,598.9,0.15,6.64,1024.77
O003673,1,P0002,3,556.12,0.2,5.94,1340.63
O003673,2,P0111,1,127.38,0.15,6.5,114.77
O003674,1,P0257,2,486.52,0,19.48,992.52
O003674,2,P0249,2,575.36,0.05,3.46,1096.64
O003675,1,P0301,4,263.33,0.15,2,897.32
O003676,1,P0259,1,849.86,0,7.74,857.6
O003677,1,P0283,1,433.94,0.05,15.28,427.52
O003677,2,P0136,1,784.55,0.1,20.36,726.46
O003677,3,P0112,2,400.76,0,5.71,807.23
O003677,4,P0111,2,127.38,0,11.3,266.06
O003678,1,P0027,2,406.86,0,15.38,829.1
O003678,2,P0237,1,956.17,0,17.06,973.23
O003678,3,P0214,1,42.92,0,12.12,55.04
O003678,4,P0093,4,952.7,0.1,14.55,3444.27
O003679,1,P0078,2,314.17,0,16.17,644.51
O003680,1,P0229,1,81.64,0,11.53,93.17
O003681,1,P0304,1,396.52,0,30.77,427.29
O003681,2,P0135,2,504.23,0.05,9.65,967.69
O003682,1,P0048,1,920.6,0,2,922.6
O003682,2,P0110,1,1039.88,0.05,13.72,1001.61
O003683,1,P0076,1,1058.97,0,2,1060.97
O003684,1,P0287,3,756.46,0,23.57,2292.95
O003684,2,P0184,2,112.13,0,2,226.26
O003685,1,P0035,1,544.32,0.15,18.08,480.75
O003686,1,P0136,1,784.55,0,15.46,800.01
O003687,1,P0287,3,756.46,0,16.85,2286.23
O003687,2,P0150,2,23.53,0,10.69,57.75
O003687,3,P0295,1,164.98,0,23.78,188.76
O003688,1,P0242,2,722.98,0.1,2,1303.36
O003689,1,P0315,1,174.01,0.1,17.31,173.92
O003689,2,P0172,1,461.92,0,13.96,475.88
O003690,1,P0052,1,782.48,0.1,21.16,725.39
O003691,1,P0187,1,106.77,0.1,7.72,103.81
O003692,1,P0075,1,233.38,0.05,2,223.71
O003693,1,P0099,1,458.56,0,20.2,478.76
O003694,1,P0132,2,107.93,0,12.93,228.79
O003695,1,P0270,1,949.79,0,9.1,958.89
O003696,1,P0119,1,229.62,0.1,3.57,210.23
O003697,1,P0004,1,803.36,0,22.65,826.01
O003698,1,P0174,2,845.79,0.1,20.78,1543.2
O003699,1,P0308,2,109.62,0.05,17.82,226.1
O003699,2,P0246,1,236.21,0,24.85,261.06
O003700,1,P0047,1,224.37,0,24.2,248.57
O003701,1,P0076,1,1058.97,0.2,11.65,858.83
O003702,1,P0164,4,13.57,0.2,10.16,53.58
O003702,2,P0146,1,288.94,0,21.25,310.19
O003703,1,P0050,1,745.53,0,12.73,758.26
O003703,2,P0008,2,193.75,0.05,8.86,376.99
O003704,1,P0140,1,227.4,0.05,9.21,225.24
O003705,1,P0026,2,659.65,0,6.03,1325.33
O003705,2,P0178,2,294.67,0,17.75,607.09
O003706,1,P0214,1,42.92,0.05,11.16,51.93
O003706,2,P0196,1,753.97,0,3.56,757.53
O003707,1,P0029,1,490.19,0,2,492.19
O003707,2,P0021,2,806.92,0,19.01,1632.85
O003708,1,P0198,3,764.66,0,13.43,2307.41
O003708,2,P0251,1,266.39,0.1,23.44,263.19
O003709,1,P0143,2,110.16,0,12.05,232.37
O003710,1,P0018,1,598.9,0.05,18.21,587.16
O003711,1,P0158,1,130.71,0,2,132.71
O003712,1,P0274,1,832.77,0.1,16.83,766.32
O003712,2,P0235,1,6.83,0,15.2,22.03
O003713,1,P0054,1,429.08,0.05,10.35,417.98
O003713,2,P0275,1,515.35,0,14.79,530.14
O003713,3,P0270,1,949.79,0,4.87,954.66
O003713,4,P0104,1,521.9,0,13.44,535.34
O003714,1,P0037,2,1028.12,0.05,25.53,1978.96
O003714,2,P0102,2,249.53,0.1,17.5,466.65
O003714,3,P0268,2,214.47,0,8.96,437.9
O003714,4,P0202,1,115.37,0,10.22,125.59
O003715,1,P0169,1,410.06,0,13.68,423.74
O003716,1,P0234,1,354.24,0.2,13.66,297.05
O003717,1,P0311,1,347.85,0,21.16,369.01
O003717,2,P0122,2,149.46,0,19.04,317.96
O003717,3,P0033,2,310.62,0.1,2,561.12
O003717,4,P0173,3,758.26,0.1,2,2049.3
O003718,1,P0112,1,400.76,0,23.95,424.71
O003718,2,P0288,2,898.37,0.05,23.79,1730.69
O003718,3,P0109,4,194.26,0.15,6.3,666.78
O003718,4,P0218,2,363.84,0,5.3,732.98
O003719,1,P0078,1,314.17,0.05,8.86,307.32
O003719,2,P0073,2,139.62,0.1,7.52,258.84
O003720,1,P0144,1,649.77,0.1,16.8,601.59
O003721,1,P0004,1,803.36,0,4.77,808.13
O003722,1,P0311,2,347.85,0,17.9,713.6
O003722,2,P0186,1,638.99,0.1,19.76,594.85
O003722,3,P0275,2,515.35,0.1,7.93,935.56
O003722,4,P0113,3,814.98,0.1,19.18,2219.63
O003723,1,P0264,1,502.16,0,12.07,514.23
O003724,1,P0021,1,806.92,0.1,19.76,745.99
O003725,1,P0259,1,849.86,0.05,19.84,827.21
O003725,2,P0262,1,519.27,0,14.85,534.12
O003726,1,P0045,2,72.1,0,2,146.2
O003727,1,P0292,2,386.72,0.15,5.43,662.85
O003727,2,P0012,1,529.58,0,14.09,543.67
O003727,3,P0263,1,574.22,0.15,4.64,492.73
O003728,1,P0024,3,832.14,0,12.53,2508.95
O003728,2,P0241,3,307.92,0.1,9.21,840.59
O003729,1,P0143,2,110.16,0.2,8.74,185.0
O003730,1,P0118,1,588.11,0.15,11.83,511.72
O003730,2,P0199,2,324.1,0.1,7.34,590.72
O003731,1,P0140,1,227.4,0.05,12.52,228.55
O003732,1,P0049,2,841.2,0.15,26.39,1456.43
O003732,2,P0314,2,745.22,0,15.0,1505.44
O003733,1,P0135,2,504.23,0,20.29,1028.75
O003733,2,P0214,1,42.92,0,10.96,53.88
O003734,1,P0125,2,329.73,0,2,661.46
O003735,1,P0263,1,574.22,0.1,12.04,528.84
O003735,2,P0058,2,156.02,0,21.68,333.72
O003736,1,P0194,2,140.84,0.05,10.68,278.28
O003736,2,P0051,1,371.95,0.1,20.91,355.67
O003737,1,P0261,1,745.54,0,13.71,759.25
O003737,2,P0297,1,38.06,0,10.78,48.84
O003738,1,P0009,2,17.8,0.1,19.31,51.35
O003739,1,P0205,1,468.82,0.15,16.78,415.28
O003739,2,P0132,4,107.93,0,9.93,441.65
O003740,1,P0190,1,449.88,0.15,11.37,393.77
O003740,2,P0181,3,364.59,0,2,1095.77
O003740,3,P0227,2,292.14,0,2,586.28
O003740,4,P0186,2,638.99,0,3.47,1281.45
O003741,1,P0052,1,782.48,0.05,20.96,764.32
O003742,1,P0148,1,188.16,0,18.39,206.55
O003743,1,P0171,2,427.19,0,15.67,870.05
O003744,1,P0251,1,266.39,0.15,22.71,249.14
O003744,2,P0303,2,483.69,0,9.12,976.5
O003744,3,P0028,2,305.36,0.05,3.49,583.67
O003745,1,P0015,2,284.04,0.05,17.28,556.96
O003745,2,P0320,1,907.09,0,15.37,922.46
O003745,3,P0265,2,240.13,0.1,15.58,447.81
O003745,4,P0246,2,236.21,0,7.07,479.49
O003746,1,P0214,3,42.92,0.1,14.68,130.56
O003747,1,P0211,2,980.09,0,2,1962.18
O003748,1,P0086,5,579.39,0.05,12.11,2764.21
O003749,1,P0246,1,236.21,0.1,9.82,222.41
O003750,1,P0121,1,97.09,0,30.17,127.26
O003751,1,P0242,1,722.98,0,18.31,741.29
O003752,1,P0108,1,957.8,0.05,28.47,938.38
O003753,1,P0009,1,17.8,0,23.23,41.03
O003753,2,P0189,2,630.91,0,13.87,1275.69
O003754,1,P0134,1,574.47,0.15,2.61,490.91
O003755,1,P0206,1,75.89,0,2,77.89
O003756,1,P0098,1,701.13,0.1,15.67,646.69
O003757,1,P0124,2,336.97,0,20.46,694.4
O003757,2,P0268,1,214.47,0.05,16.18,219.93
O003758,1,P0231,1,766.78,0,17.28,784.06
O003758,2,P0067,1,355.88,0,7.01,362.89
O003758,3,P0150,2,23.53,0.05,14.75,59.46
O003759,1,P0317,3,811.43,0.1,6.4,2197.26
O003760,1,P0240,2,237.45,0.15,14.42,418.08
O003761,1,P0229,1,81.64,0.1,2,75.48
O003761,2,P0219,2,553.58,0,18.6,1125.76
O003762,1,P0237,2,956.17,0,15.34,1927.68
O003762,2,P0264,1,502.16,0.1,14.14,466.08
O003763,1,P0212,1,486.38,0.05,25.97,488.03
O003763,2,P0315,1,174.01,0.1,14.29,170.9
O003764,1,P0073,1,139.62,0,18.77,158.39
O003764,2,P0232,4,295.67,0,10.63,1193.31
O003764,3,P0011,1,363.12,0.1,21.26,348.07
O003764,4,P0205,1,468.82,0.15,10.7,409.2
O003765,1,P0240,4,237.45,0.05,14.09,916.4
O003765,2,P0274,1,832.77,0.1,13.53,763.02
O003765,3,P0089,1,625.43,0,7.53,632.96
O003765,4,P0221,1,188.81,0.1,11.41,181.34
O003766,1,P0289,2,88.04,0.15,2.57,152.24
O003766,2,P0046,3,190.18,0,9.59,580.13
O003766,3,P0056,1,581.05,0,17.07,598.12
O003766,4,P0292,1,386.72,0,16.66,403.38
O003767,1,P0172,2,461.92,0,18.84,942.68
O003767,2,P0020,1,1036.19,0.15,27.54,908.3
O003767,3,P0138,3,870.78,0.1,4.7,2355.81
O003768,1,P0234,1,354.24,0.15,7.32,308.42
O003769,1,P0053,1,360.49,0,8.47,368.96
O003770,1,P0064,1,145.78,0,5.35,151.13
O003771,1,P0036,2,67.34,0.05,8.76,136.71
O003772,1,P0125,3,329.73,0,8.16,997.35
O003772,2,P0018,30,598.9,0,5.02,17972.02
O003773,1,P0292,1,386.72,0,4.71,391.43
O003774,1,P0032,2,577.34,0,15.58,1170.26
O003774,2,P0234,2,354.24,0,19.96,728.44
O003774,3,P0222,1,182.56,0,14.63,197.19
O003775,1,P0070,1,298.91,0.2,15.5,254.63
O003775,2,P0083,4,594.36,0,10.84,2388.28
O003776,1,P0193,2,216.15,0,14.57,446.87
O003776,2,P0307,1,69.12,0.1,2,64.21
O003776,3,P0051,2,371.95,0,21.48,765.38
O003776,4,P0208,1,723.84,0,10.97,734.81
O003777,1,P0106,1,236.99,0.2,9.55,199.14
O003778,1,P0210,1,949.92,0,8.04,957.96
O003779,1,P0044,1,456.63,0,15.68,472.31
O003779,2,P0117,2,794.64,0,2,1591.28
O003780,1,P0203,1,420.71,0.15,18.22,375.82
O003780,2,P0219,1,553.58,0.1,32.85,531.07
O003781,1,P0095,1,97.16,0.1,8.74,96.18
O003782,1,P0219,1,553.58,0,15.93,569.51
O003782,2,P0011,1,363.12,0,12.2,375.32
O003783,1,P0114,2,967.11,0,14.15,1948.37
O003784,1,P0262,1,519.27,0,14.21,533.48
O003784,2,P0111,1,127.38,0.1,18.33,132.97
O003785,1,P0070,2,298.91,0,13.39,611.21
O003786,1,P0069,1,423.73,0,8.5,432.23
O003787,1,P0230,3,438.21,0,20.75,1335.38
O003787,2,P0197,2,756.59,0,14.19,1527.37
O003787,3,P0080,1,194.14,0,12.83,206.97
O003787,4,P0120,1,62.98,0.1,17.15,73.83
O003788,1,P0005,1,9999.99,0,8.96,10008.95
O003789,1,P0235,1,6.83,0,12.64,19.47
O003790,1,P0163,2,825.28,0.05,20.16,1588.19
O003790,2,P0095,2,97.16,0.1,5.56,180.45
O003790,3,P0166,1,20.64,0.1,4.28,22.86
O003790,4,P0069,1,423.73,0,2,425.73
O003791,1,P0083,1,594.36,0,9.08,603.44
O003791,2,P0068,1,148.48,0,14.71,163.19
O003791,3,P0119,1,229.62,0,17.34,246.96
O003792,1,P0152,1,817.49,0,11.94,829.43
O003792,2,P0039,1,205.22,0,25.48,230.7
O003793,1,P0058,2,156.02,0,15.98,328.02
O003794,1,P0204,1,387.0,0.15,7.39,336.34
O003794,2,P0116,2,339.23,0.15,12.28,588.97
O003794,3,P0111,2,127.38,0,3.54,258.3
O003795,1,P0259,2,849.86,0.1,9.22,1538.97
O003795,2,P0056,1,581.05,0.2,2,466.84
O003795,3,P0127,1,597.61,0,13.21,610.82
O003795,4,P0205,1,468.82,0.15,20.31,418.81
O003796,1,P0248,1,363.73,0,6.37,370.1
O003796,2,P0032,2,577.34,0,2,1156.68
O003797,1,P0137,2,168.37,0,4.97,341.71
O003797,2,P0223,4,72.48,0,2,291.92
O003797,3,P0247,1,315.54,0.2,22.51,274.94
O003798,1,P0248,1,363.73,0,14.33,378.06
O003798,2,P0265,4,240.13,0.05,11.17,923.66
O003799,1,P0060,1,27.23,0.05,16.76,42.63
O003799,2,P0044,2,456.63,0,21.62,934.88
O003799,3,P0023,1,587.39,0.1,8.72,537.37
O003800,1,P0049,1,841.2,0,14.36,855.56
O003800,2,P0059,1,953.24,0.1,16.38,874.3
O003801,1,P0197,1,756.59,0,10.5,767.09
O003802,1,P0020,3,1036.19,0.05,9.0,2962.14
O003803,1,P0213,3,693.96,0,5.82,2087.7
O003803,2,P0182,1,150.43,0,15.15,165.58
O003804,1,P0040,2,354.01,0,2,710.02
O003805,1,P0063,1,310.44,0.1,5.97,285.37
O003805,2,P0275,1,515.35,0,2.71,518.06
O003805,3,P0187,2,106.77,0.15,2,183.51
O003806,1,P0120,1,62.98,0.15,17.73,71.26
O003807,1,P0234,1,354.24,0,17.04,371.28
O003807,2,P0069,3,423.73,0.05,3.24,1210.87
O003807,3,P0221,1,188.81,0.1,13.67,183.6
O003807,4,P0240,1,237.45,0.1,24.08,237.78
O003808,1,P0221,1,188.81,0,17.05,205.86
O003808,2,P0127,1,597.61,0,20.79,618.4
O003808,3,P0244,1,316.68,0.15,2,271.18
O003809,1,P0073,2,139.62,0,26.5,305.74
O003809,2,P0284,3,501.64,0,7.22,1512.14
O003809,3,P0239,2,873.44,0,2.2,1749.08
O003809,4,P0115,3,602.48,0,9.18,1816.62
O003810,1,P0090,4,907.45,0,16.5,3646.3
O003811,1,P0255,2,854.74,0.15,6.55,1459.61
O003812,1,P0318,4,432.06,0,24.51,1752.75
O003812,2,P0100,1,237.44,0.05,14.05,239.62
O003812,3,P0125,1,329.73,0.1,21.36,318.12
O003813,1,P0303,1,483.69,0.1,14.99,450.31
O003814,1,P0187,5,106.77,0,19.32,553.17
O003814,2,P0303,5,483.69,0.15,7.5,2063.18
O003815,1,P0143,1,110.16,0.05,3.76,108.41
O003815,2,P0132,3,107.93,0,16.01,339.8
O003816,1,P0099,1,458.56,0,12.27,470.83
O003817,1,P0318,1,432.06,0,7.09,439.15
O003818,1,P0028,2,305.36,0.05,2,582.18
O003819,1,P0178,1,294.67,0.15,16.03,266.5
O003820,1,P0226,4,706.04,0,11.05,2835.21
O003821,1,P0244,1,316.68,0.05,31.36,332.21
O003822,1,P0085,2,554.3,0.2,9.63,896.51
O003822,2,P0028,2,305.36,0.05,8.41,588.59
O003823,1,P0066,2,451.94,0,16.09,919.97
O003824,1,P0004,1,803.36,0,16.65,820.01
O003824,2,P0172,2,461.92,0,2,925.84
O003825,1,P0009,5,17.8,0,4.27,93.27
O003826,1,P0156,1,90.87,0.15,7.73,84.97
O003826,2,P0147,1,535.43,0,5.43,540.86
O003827,1,P0126,1,311.62,0.05,15.79,311.83
O003828,1,P0190,1,449.88,0,15.35,465.23
O003829,1,P0096,1,224.82,0,8.8,233.62
O003830,1,P0250,1,375.47,0,17.45,392.92
O003830,2,P0137,4,168.37,0.1,13.61,619.74
O003831,1,P0027,1,406.86,0.15,20.89,366.72
O003832,1,P0165,1,27.21,0.1,17.5,41.99
O003833,1,P0126,1,311.62,0.05,26.9,322.94
O003833,2,P0288,1,898.37,0.05,10.06,863.51
O003833,3,P0130,1,491.43,0,23.88,515.31
O003834,1,P0098,1,701.13,0,8.89,710.02
O003835,1,P0266,1,242.67,0,13.02,255.69
O003836,1,P0252,1,259.81,0.1,2,235.83
O003836,2,P0243,2,711.65,0.15,10.06,1219.86
O003837,1,P0041,1,126.39,0.05,2,122.07
O003838,1,P0106,1,236.99,0,19.39,256.38
O003838,2,P0312,4,681.66,0.1,11.51,2465.49
O003839,1,P0229,1,81.64,0,22.86,104.5
O003840,1,P0172,1,461.92,0.05,4.1,442.92
O003840,2,P0157,1,807.11,0.15,14.22,700.26
O003840,3,P0150,1,23.53,0,20.24,43.77
O003841,1,P0105,1,18.23,0.1,19.03,35.44
O003841,2,P0155,2,88.23,0.1,2.11,160.92
O003842,1,P0026,5,659.65,0,7.0,3305.25
O003843,1,P0161,1,67.49,0,8.93,76.42
O003843,2,P0082,2,362.46,0,16.12,741.04
O003843,3,P0058,1,156.02,0.15,14.92,147.54
O003843,4,P0066,3,451.94,0.15,12.33,1164.78
O003844,1,P0125,1,329.73,0,19.9,349.63
O003844,2,P0150,1,23.53,0,3.35,26.88
O003845,1,P0051,1,371.95,0,2.98,374.93
O003846,1,P0198,3,764.66,0,23.45,2317.43
O003847,1,P0113,2,814.98,0,11.56,1641.52
O003848,1,P0062,1,673.39,0.1,13.72,619.77
O003848,2,P0296,1,428.51,0,19.48,447.99
O003849,1,P0175,3,568.15,0.05,16.55,1635.78
O003850,1,P0285,1,53.42,0.1,5.36,53.44
O003850,2,P0061,1,776.86,0,2,778.86
O003851,1,P0312,1,681.66,0.15,15.26,594.67
O003852,1,P0244,1,316.68,0,21.89,338.57
O003852,2,P0252,1,259.81,0.05,8.45,255.27
O003853,1,P0291,1,657.02,0,8.53,665.55
O003853,2,P0042,2,584.05,0.05,21.25,1130.94
O003853,3,P0241,1,307.92,0.1,2.78,279.91
O003853,4,P0181,3,364.59,0,2,1095.77
O003854,1,P0056,1,581.05,0,19.94,600.99
O003854,2,P0073,2,139.62,0.05,15.92,281.2
O003855,1,P0014,1,187.84,0,9.1,196.94
O003856,1,P0196,1,753.97,0,2,755.97
O003857,1,P0111,2,127.38,0.1,10.86,240.14
O003857,2,P0187,1,106.77,0,20.48,127.25
O003857,3,P0314,2,745.22,0,22.79,1513.23
O003858,1,P0063,1,310.44,0,13.83,324.27
O003858,2,P0050,1,745.53,0.15,2,635.7
O003859,1,P0148,2,188.16,0.15,19.77,339.64
O003860,1,P0118,1,588.11,0.05,12.96,571.66
O003861,1,P0297,2,38.06,0.15,4.49,69.19
O003861,2,P0123,1,202.44,0,7.32,209.76
O003861,3,P0244,1,316.68,0,2,318.68
O003862,1,P0245,2,489.42,0.05,4.38,934.28
O003862,2,P0110,1,1039.88,0,2,1041.88
O003862,3,P0138,1,870.78,0.2,29.25,725.87
O003863,1,P0077,1,20.98,0.15,9.03,26.86
O003864,1,P0188,2,480.75,0,8.87,970.37
O003865,1,P0199,1,324.1,0,13.45,337.55
O003865,2,P0112,1,400.76,0.05,4.61,385.33
O003866,1,P0194,1,140.84,0.05,14.06,147.86
O003866,2,P0143,2,110.16,0.1,23.85,222.14
O003866,3,P0246,1,236.21,0,18.81,255.02
O003867,1,P0250,2,375.47,0,3.23,754.17
O003867,2,P0284,1,501.64,0,13.37,515.01
O003867,3,P0294,1,73.38,0.1,16.26,82.3
O003868,1,P0113,1,814.98,0,19.41,834.39
O003869,1,P0016,1,576.57,0.1,9.94,528.85
O003870,1,P0198,1,764.66,0,14.26,778.92
O003870,2,P0174,2,845.79,0,18.38,1709.96
O003870,3,P0143,3,110.16,0,3.84,334.32
O003871,1,P0309,1,541.39,0.05,11.3,525.62
O003872,1,P0185,2,8.75,0,5.91,23.41
O003872,2,P0280,3,128.6,0,20.81,406.61
O003873,1,P0053,5,360.49,0,17.67,1820.12
O003874,1,P0095,1,97.16,0,14.82,111.98
O003874,2,P0113,1,814.98,0,14.67,829.65
O003875,1,P0179,1,159.25,0,19.44,178.69
O003875,2,P0067,1,355.88,0,23.67,379.55
O003875,3,P0079,1,165.37,0.1,14.22,163.05
O003876,1,P0104,2,521.9,0.2,9.78,844.82
O003877,1,P0153,1,339.5,0.05,22.59,345.11
O003877,2,P0049,1,841.2,0.05,19.65,818.79
O003877,3,P0093,1,952.7,0.1,7.63,865.06
O003877,4,P0176,1,265.34,0.15,19.5,245.04
O003878,1,P0272,4,724.17,0.15,2,2464.18
O003879,1,P0076,1,1058.97,0.05,4.59,1010.61
O003880,1,P0158,1,130.71,0,6.69,137.4
O003881,1,P0059,3,953.24,0.2,6.01,2293.79
O003882,1,P0034,1,293.49,0,13.71,307.2
O003883,1,P0047,3,224.37,0,19.95,693.06
O003884,1,P0232,2,295.67,0.2,13.91,486.98
O003885,1,P0270,3,949.79,0.15,2,2423.96
O003886,1,P0034,2,293.49,0.2,3.53,473.11
O003887,1,P0084,1,294.21,0.15,2,252.08
O003888,1,P0044,1,456.63,0.05,219.17,652.97
O003888,2,P0289,1,88.04,0,8.76,96.8
O003888,3,P0139,1,531.18,0,7.06,538.24
O003888,4,P0150,2,23.53,0,2,49.06
O003889,1,P0186,2,638.99,0,16.08,1294.06
O003890,1,P0301,2,263.33,0,19.58,546.24
O003891,1,P0257,1,486.52,0,14.96,501.48
O003891,2,P0062,2,673.39,0.1,14.35,1226.45
O003892,1,P0043,2,118.53,0,2.43,239.49
O003892,2,P0315,5,174.01,0.15,271.62,1011.16
O003893,1,P0039,4,205.22,0,17.14,838.02
O003894,1,P0116,2,339.23,0,2,680.46
O003894,2,P0251,1,266.39,0.1,32.29,272.04
O003895,1,P0262,1,519.27,0.15,2.82,444.2
O003896,1,P0297,2,38.06,0.1,14.07,82.58
O003896,2,P0086,1,579.39,0,12.6,591.99
O003897,1,P0137,1,168.37,0,5.57,173.94
O003898,1,P0129,1,104.68,0,11.2,115.88
O003899,1,P0245,1,489.42,0.05,2,466.95
O003899,2,P0042,1,584.05,0.1,2,527.64
O003900,1,P0280,1,128.6,0,12.47,141.07
O003900,2,P0092,5,901.51,0.15,11.35,3842.77
O003900,3,P0035,2,544.32,0,5.93,1094.57
O003901,1,P0012,1,529.58,0,2.15,531.73
O003901,2,P0244,3,316.68,0.1,11.93,866.97
O003902,1,P0166,1,20.64,0,18.47,39.11
O003902,2,P0194,1,140.84,0,13.5,154.34
O003902,3,P0080,1,194.14,0.1,19.37,194.1
O003903,1,P0252,1,259.81,0.1,19.76,253.59
O003903,2,P0257,2,486.52,0.05,17.78,942.17
O003904,1,P0319,1,702.73,0,11.16,713.89
O003904,2,P0002,1,556.12,0,20.96,577.08
O003905,1,P0235,2,6.83,0.15,11.07,22.68
O003906,1,P0286,2,518.79,0.05,19.68,1005.38
O003906,2,P0264,4,502.16,0,3.25,2011.89
O003907,1,P0313,1,555.72,0.1,15.63,515.78
O003908,1,P0059,1,953.24,0,18.09,971.33
O003909,1,P0141,1,92.1,0.1,10.11,93.0
O003910,1,P0285,1,53.42,0.1,296.78,344.86
O003911,1,P0012,1,529.58,0,2,531.58
O003912,1,P0082,1,362.46,0.1,16.99,343.2
O003913,1,P0031,1,397.25,0.05,16.61,394.0
O003914,1,P0189,1,630.91,0.1,18.67,586.49
O003914,2,P0023,1,587.39,0,9.7,597.09
O003915,1,P0192,1,951.76,0,2.77,954.53
O003916,1,P0167,2,9.0,0.05,17.09,34.19
O003917,1,P0264,1,502.16,0.1,10.3,462.24
O003917,2,P0074,1,81.29,0,16.9,98.19
O003918,1,P0156,1,90.87,0,13.31,104.18
O003918,2,P0306,1,219.19,0.05,11.59,219.82
O003919,1,P0146,2,288.94,0,10.05,587.93
O003920,1,P0195,1,256.53,0.1,18.49,249.37
O003921,1,P0078,3,314.17,0,16.96,959.47
O003921,2,P0165,1,27.21,0.05,12.8,38.65
O003921,3,P0030,1,122.57,0.05,22.55,138.99
O003922,1,P0296,1,428.51,0.1,15.53,401.19
O003923,1,P0140,2,227.4,0,7.97,462.77
O003923,2,P0251,4,266.39,0,14.75,1080.31
O003924,1,P0098,1,701.13,0.05,6.74,672.81
O003924,2,P0110,1,1039.88,0.05,6.19,994.08
O003925,1,P0239,1,873.44,0.15,29.08,771.5
O003926,1,P0291,2,657.02,0.2,20.94,1072.17
O003926,2,P0145,1,247.46,0.15,10.73,221.07
O003926,3,P0074,2,81.29,0.15,9.12,147.31
O003926,4,P0188,1,480.75,0,8.25,489.0
O003927,1,P0016,1,576.57,0.2,21.52,482.78
O003928,1,P0151,1,785.65,0.05,15.11,761.48
O003929,1,P0279,1,489.87,0,15.33,505.2
O003929,2,P0174,1,845.79,0.2,9.95,686.58
O003930,1,P0286,1,518.79,0,13.95,532.74
O003931,1,P0185,1,8.75,0,7.92,16.67
O003931,2,P0148,1,188.16,0,14.47,202.63
O003932,1,P0256,5,847.43,0.1,4.05,3817.49
O003933,1,P0256,2,847.43,0,2.55,1697.41
O003934,1,P0256,1,847.43,0,11.34,858.77
O003935,1,P0304,1,396.52,0,8.92,405.44
O003936,1,P0047,1,224.37,0.05,28.13,241.28
O003936,2,P0209,1,690.43,0,4.39,694.82
O003936,3,P0124,1,336.97,0,21.46,358.43
O003937,1,P0065,2,492.73,0,11.59,997.05
O003938,1,P0314,1,745.22,0,6.83,752.05
O003938,2,P0050,1,745.53,0,16.17,761.7
O003939,1,P0222,1,182.56,0,19.09,201.65
O003939,2,P0283,1,433.94,0,14.84,448.78
O003939,3,P0215,1,1003.36,0.05,14.98,968.17
O003939,4,P0028,4,305.36,0.2,6.74,983.89
O003940,1,P0133,1,17.03,0,20.19,37.22
O003940,2,P0077,1,20.98,0,17.84,38.82
O003940,3,P0060,1,27.23,0.05,2,27.87
O003940,4,P0134,2,574.47,0.15,14.99,991.59
O003941,1,P0127,1,597.61,0.2,2.22,480.31
O003941,2,P0037,1,1028.12,0.05,13.94,990.65
O003942,1,P0119,1,229.62,0.1,5.53,212.19
O003942,2,P0013,1,110.57,0,9.02,119.59
O003942,3,P0014,1,187.84,0.15,29.38,189.04
O003943,1,P0143,4,110.16,0,18.21,458.85
O003944,1,P0303,2,483.69,0,19.75,987.13
O003944,2,P0100,1,237.44,0,13.6,251.04
O003945,1,P0012,1,529.58,0,2,531.58
O003946,1,P0310,1,8.5,0,2,10.5
O003947,1,P0257,5,486.52,0,8.04,2440.64
O003948,1,P0134,3,574.47,0.1,16.79,1567.86
O003949,1,P0260,3,623.36,0,21.99,1892.07
O003949,2,P0059,1,953.24,0,25.51,978.75
O003949,3,P0022,2,623.29,0,16.47,1263.05
O003950,1,P0137,3,168.37,0.05,2,481.85
O003951,1,P0241,1,307.92,0,13.34,321.26
O003952,1,P0203,2,420.71,0.1,5.17,762.45
O003953,1,P0172,1,461.92,0,8.43,470.35
O003953,2,P0021,4,806.92,0,17.29,3244.97
O003954,1,P0192,2,951.76,0.05,17.91,1826.25
O003955,1,P0308,4,109.62,0,29.9,468.38
O003956,1,P0124,1,336.97,0.05,22.04,342.16
O003957,1,P0036,1,67.34,0,2,69.34
O003958,1,P0162,4,529.22,0.1,11.13,1916.32
O003959,1,P0037,4,1028.12,0,5.03,4117.51
O003960,1,P0105,1,18.23,0,15.71,33.94
O003960,2,P0126,2,311.62,0.1,5.73,566.65
O003961,1,P0117,1,794.64,0,15.97,810.61
O003962,1,P0145,1,247.46,0.2,8.76,206.73
O003962,2,P0114,2,967.11,0.15,7.06,1651.15
O003963,1,P0232,2,295.67,0.05,21.61,583.38
O003964,1,P0212,1,486.38,0.1,4.54,442.28
O003964,2,P0051,3,371.95,0,5.11,1120.96
O003964,3,P0228,1,539.71,0,14.7,554.41
O003964,4,P0103,1,158.36,0.2,7.89,134.58
O003965,1,P0090,1,907.45,0,23.5,930.95
O003966,1,P0149,1,858.19,0,3.39,861.58
O003966,2,P0013,3,110.57,0.2,28.56,293.93
O003967,1,P0005,1,9999.99,0,2,10001.99
O003967,2,P0065,1,492.73,0,9.45,502.18
O003968,1,P0046,1,190.18,0,3.24,193.42
O003969,1,P0082,5,362.46,0,5.66,1817.96
O003969,2,P0055,1,237.15,0.15,5.52,207.1
O003970,1,P0010,1,362.93,0,2,364.93
O003971,1,P0225,1,84.06,0,2,86.06
O003972,1,P0152,3,817.49,0.05,16.65,2346.5
O003972,2,P0151,20,785.65,0,5.29,15718.29
O003973,1,P0218,5,363.84,0.2,21.63,1476.99
O003974,1,P0282,1,856.4,0,15.08,871.48
O003975,1,P0059,1,953.24,0.05,7.83,913.41
O003976,1,P0166,1,20.64,0.05,7.42,27.03
O003977,1,P0303,1,483.69,0.1,18.22,453.54
O003977,2,P0233,1,84.69,0.1,22.67,98.89
O003978,1,P0190,2,449.88,0.15,17.12,781.92
O003978,2,P0293,3,564.26,0,2,1694.78
O003979,1,P0014,1,187.84,0.2,9.73,160.0
O003979,2,P0064,1,145.78,0.15,9.18,133.09
O003979,3,P0194,1,140.84,0.05,8.65,142.45
O003980,1,P0110,1,1039.88,0.05,23.07,1010.96
O003980,2,P0004,1,803.36,0,17.03,820.39
O003981,1,P0313,1,555.72,0,22.9,578.62
O003982,1,P0262,2,519.27,0.15,12.83,895.59
O003983,1,P0109,2,194.26,0,10.84,399.36
O003984,1,P0197,1,756.59,0,2,758.59
O003985,1,P0041,1,126.39,0,11.51,137.9
O003986,1,P0291,1,657.02,0,3.13,660.15
O003986,2,P0307,1,69.12,0.05,20.52,86.18
O003987,1,P0240,1,237.45,0.05,19.5,245.08
O003988,1,P0281,1,372.41,0,2,374.41
O003989,1,P0289,5,88.04,0.15,23.94,398.11
O003990,1,P0175,1,568.15,0.1,11.93,523.26
O003991,1,P0013,1,110.57,0,13.28,123.85
O003991,2,P0163,1,825.28,0,11.05,836.33
O003992,1,P0012,2,529.58,0.2,7.65,854.98
O003992,2,P0071,1,250.08,0,10.02,260.1
O003993,1,P0300,4,398.18,0,24.2,1616.92
O003993,2,P0295,1,164.98,0.15,3.15,143.38
O003993,3,P0269,1,256.16,0,14.26,270.42
O003994,1,P0095,1,97.16,0.05,2,94.3
O003994,2,P0066,2,451.94,0,5.77,909.65
O003995,1,P0279,1,489.87,0,6.64,496.51
O003996,1,P0277,1,49.26,0,2.6,51.86
O003996,2,P0105,4,18.23,0.1,22.43,88.06
O003997,1,P0214,1,42.92,0,2,44.92
O003997,2,P0225,1,84.06,0,11.27,95.33
O003997,3,P0158,1,130.71,0,8.26,138.97
O003998,1,P0118,1,588.11,0.1,18.28,547.58
O003999,1,P0196,2,753.97,0.15,11.08,1292.83
O004000,1,P0102,1,249.53,0.1,3.21,227.79
O004000,2,P0155,1,88.23,0.05,10.89,94.71
O004000,3,P0308,1,109.62,0,22.17,131.79
O004000,4,P0085,1,554.3,0.05,17.45,544.03
O004001,1,P0089,2,625.43,0,15.64,1266.5
O004002,1,P0042,1,584.05,0.1,2.83,528.48
O004002,2,P0249,2,575.36,0.15,15.64,993.75
O004003,1,P0012,1,529.58,0,33.59,563.17
O004003,2,P0082,1,362.46,0.05,2.91,347.25
O004003,3,P0016,1,576.57,0.05,15.54,563.28
O004004,1,P0122,1,149.46,0,11.59,161.05
O004004,2,P0247,2,315.54,0,2.86,633.94
O004005,1,P0144,1,649.77,0.15,22.23,574.53
O004006,1,P0040,3,354.01,0,22.35,1084.38
O004006,2,P0142,1,483.04,0.1,13.32,448.06
O004007,1,P0259,1,849.86,0,18.35,868.21
O004008,1,P0070,1,298.91,0,9.24,308.15
O004009,1,P0089,1,625.43,0,7.51,632.94
O004009,2,P0106,1,236.99,0.05,16.15,241.29
O004010,1,P0046,1,190.18,0,20.44,210.62
O004011,1,P0031,2,397.25,0,8.32,802.82
O004012,1,P0126,1,311.62,0,21.09,332.71
O004012,2,P0040,3,354.01,0.1,2,957.83
O004012,3,P0068,1,148.48,0.1,3.7,137.33
O004013,1,P0131,4,185.19,0.1,4.24,670.92
O004014,1,P0154,1,25.6,0.05,17.42,41.74
O004014,2,P0207,1,469.0,0,14.01,483.01
O004015,1,P0236,2,397.11,0.05,11.3,765.81
O004016,1,P0307,2,69.12,0,25.68,163.92
O004016,2,P0277,2,49.26,0.05,27.67,121.26
O004016,3,P0047,1,224.37,0,6.45,230.82
O004017,1,P0279,3,489.87,0,11.42,1481.03
O004018,1,P0104,1,521.9,0,9.41,531.31
O004019,1,P0085,1,554.3,0.15,23.01,494.16
O004020,1,P0015,1,284.04,0,8.79,292.83
O004020,2,P0244,1,316.68,0.05,8.3,309.15
O004021,1,P0051,2,371.95,0,15.58,759.48
O004022,1,P0257,4,486.52,0.15,7.34,1661.51
O004023,1,P0309,1,541.39,0,14.38,555.77
O004024,1,P0119,1,229.62,0,2.72,232.34
O004024,2,P0152,1,817.49,0.1,8.69,744.43
O004025,1,P0141,1,92.1,0,9.04,101.14
O004025,2,P0096,1,224.82,0.05,29.4,242.98
O004025,3,P0218,2,363.84,0,17.1,744.78
O004025,4,P0072,1,38.74,0,13.63,52.37
O004026,1,P0182,1,150.43,0,2.7,153.13
O004027,1,P0298,5,410.7,0,11.89,2065.39
O004028,1,P0280,2,128.6,0.15,6.65,225.27
O004028,2,P0183,3,808.84,0,18.28,2444.8
O004029,1,P0219,4,553.58,0,5.77,2220.09
O004029,2,P0191,2,654.69,0,12.05,1321.43
O004030,1,P0135,2,504.23,0,18.31,1026.77
O004031,1,P0061,1,776.86,0,21.16,798.02
O004032,1,P0126,1,311.62,0,23.25,334.87
O004033,1,P0067,2,355.88,0,12.6,724.36
O004033,2,P0043,1,118.53,0,9.7,128.23
O004034,1,P0101,3,92.83,0,14.59,293.08
O004035,1,P0305,2,330.82,0,6.84,668.48
O004035,2,P0224,1,355.54,0.15,7.72,309.93
O004036,1,P0213,1,693.96,0,4.42,698.38
O004037,1,P0065,2,492.73,0,2,987.46
O004038,1,P0140,1,227.4,0,16.55,243.95
O004038,2,P0133,3,17.03,0.05,21.56,70.1
O004039,1,P0127,1,597.61,0,2,599.61
O004040,1,P0317,1,811.43,0.15,10.59,700.31
O004040,2,P0198,1,764.66,0,4.04,768.7
O004041,1,P0166,1,20.64,0,18.36,39.0
O004042,1,P0162,1,529.22,0.2,17.24,440.62
O004042,2,P0127,1,597.61,0,11.24,608.85
O004043,1,P0231,1,766.78,0,13.59,780.37
O004044,1,P0034,1,293.49,0.15,30.66,280.13
O004044,2,P0185,1,8.75,0,14.97,23.72
O004045,1,P0067,1,355.88,0.2,17.28,301.98
O004045,2,P0270,4,949.79,0.1,21.77,3441.01
O004046,1,P0210,3,949.92,0.05,13.36,2720.63
O004046,2,P0249,3,575.36,0,20.67,1746.75
O004047,1,P0135,4,504.23,0,2.02,2018.94
O004047,2,P0066,1,451.94,0,9.16,461.1
O004048,1,P0218,3,363.84,0.15,12.5,940.29
O004049,1,P0268,1,214.47,0.05,13.44,217.19
O004049,2,P0074,2,81.29,0.05,30.57,185.02
O004050,1,P0251,1,266.39,0,3.83,270.22
O004051,1,P0034,1,293.49,0,18.05,311.54
O004052,1,P0032,1,577.34,0,6.15,583.49
O004053,1,P0024,1,832.14,0.15,3.11,710.43
O004054,1,P0019,5,618.71,0,10.3,3103.85
O004055,1,P0135,2,504.23,0,7.37,1015.83
O004055,2,P0145,1,247.46,0.05,13.43,248.52
O004056,1,P0158,1,130.71,0.15,21.61,132.71
O004056,2,P0104,1,521.9,0,18.65,540.55
O004056,3,P0045,3,72.1,0.05,4.54,210.02
O004057,1,P0093,1,952.7,0,15.71,968.41
O004058,1,P0266,1,242.67,0,12.27,254.94
O004059,1,P0057,3,286.31,0.05,6.14,822.12
O004059,2,P0190,1,449.88,0,11.33,461.21
O004060,1,P0295,3,164.98,0.15,11.15,431.85
O004061,1,P0260,1,623.36,0.1,14.55,575.57
O004062,1,P0076,1,1058.97,0,6.76,1065.73
O004063,1,P0007,1,306.83,0,7.55,314.38
O004063,2,P0071,1,250.08,0,12.84,262.92
O004064,1,P0295,1,164.98,0,12.36,177.34
O004064,2,P0053,1,360.49,0.15,23.69,330.11
O004065,1,P0056,2,581.05,0.1,12.82,1058.71
O004066,1,P0264,1,502.16,0.1,29.97,481.91
O004066,2,P0133,1,17.03,0,16.5,33.53
O004066,3,P0115,1,602.48,0.05,9.6,581.96
O004067,1,P0161,1,67.49,0,23.4,90.89
O004067,2,P0155,1,88.23,0,11.55,99.78
O004068,1,P0042,1,584.05,0.15,9.5,505.94
O004068,2,P0074,1,81.29,0.15,2,71.1
O004069,1,P0074,1,81.29,0.1,11.82,84.98
O004069,2,P0102,1,249.53,0,2,251.53
O004069,3,P0218,1,363.84,0.1,14.14,341.6
O004070,1,P0055,2,237.15,0,2,476.3
O004071,1,P0160,20,413.02,0,17.25,8277.65
O004071,2,P0266,1,242.67,0.05,14.37,244.91
O004072,1,P0151,1,785.65,0.05,12.6,758.97
O004072,2,P0268,1,214.47,0,11.77,226.24
O004073,1,P0169,1,410.06,0.15,7.44,355.99
O004074,1,P0319,1,702.73,0,14.93,717.66
O004074,2,P0242,2,722.98,0,14.82,1460.78
O004075,1,P0207,1,469.0,0,8.83,477.83
O004075,2,P0106,1,236.99,0,6.77,243.76
O004076,1,P0284,4,501.64,0,8.51,2015.07
O004077,1,P0167,1,9.0,0,17.16,26.16
O004077,2,P0308,2,109.62,0,2,221.24
O004078,1,P0171,1,427.19,0.1,18.45,402.92
O004078,2,P0040,1,354.01,0,20.47,374.48
O004079,1,P0033,1,310.62,0,28.29,338.91
O004080,1,P0002,1,556.12,0,8.77,564.89
O004080,2,P0113,1,814.98,0,11.17,826.15
O004080,3,P0223,1,72.48,0,7.45,79.93
O004081,1,P0225,1,84.06,0.1,2,77.65
O004082,1,P0008,1,193.75,0,18.95,212.7
O004082,2,P0089,1,625.43,0,20.35,645.78
O004083,1,P0091,3,86.5,0.1,6.32,239.87
O004083,2,P0310,1,8.5,0.1,11.0,18.65
O004083,3,P0148,3,188.16,0.2,4.55,456.13
O004083,4,P0014,3,187.84,0.1,21.98,529.15
O004084,1,P0072,1,38.74,0.05,5.4,42.2
O004085,1,P0168,2,45.44,0,13.1,103.98
O004086,1,P0166,3,20.64,0.15,4.56,57.19
O004087,1,P0112,1,400.76,0.1,4.48,365.16
O004087,2,P0214,4,42.92,0.2,15.03,152.37
O004087,3,P0179,1,159.25,0,2.8,162.05
O004088,1,P0095,2,97.16,0,9.1,203.42
O004089,1,P0022,1,623.29,0.05,5.28,597.41
O004089,2,P0288,1,898.37,0,19.11,917.48
O004089,3,P0277,1,49.26,0,6.78,56.04
O004089,4,P0046,1,190.18,0,2,192.18
O004090,1,P0122,1,149.46,0.1,27.14,161.65
O004091,1,P0129,2,104.68,0,6.56,215.92
O004092,1,P0308,1,109.62,0.05,14.61,118.75
O004093,1,P0153,2,339.5,0.05,4.02,649.07
O004093,2,P0235,5,6.83,0.1,7.16,37.89
O004094,1,P0192,1,951.76,0.1,18.09,874.67
O004095,1,P0297,2,38.06,0,19.65,95.77
O004095,2,P0062,1,673.39,0.1,2,608.05
O004095,3,P0075,1,233.38,0,38.52,271.9
O004095,4,P0031,1,397.25,0.05,14.49,391.88
O004096,1,P0014,1,187.84,0.1,19.3,188.36
O004097,1,P0259,3,849.86,0.1,2.21,2296.83
O004098,1,P0190,1,449.88,0,18.43,468.31
O004099,1,P0047,1,224.37,0,5.75,230.12
O004100,1,P0300,1,398.18,0,12.32,410.5
O004101,1,P0205,2,468.82,0,12.86,950.5
O004102,1,P0012,1,529.58,0,20.03,549.61
O004103,1,P0134,2,574.47,0,6.81,1155.75
O004103,2,P0132,1,107.93,0,8.25,116.18
O004104,1,P0011,1,363.12,0,13.77,376.89
O004105,1,P0086,3,579.39,0,26.34,1764.51
O004105,2,P0313,1,555.72,0.05,18.01,545.94
O004105,3,P0054,1,429.08,0.1,29.2,415.37
O004106,1,P0087,3,118.02,0,23.12,377.18
O004106,2,P0209,1,690.43,0,6.65,697.08
O004107,1,P0011,1,363.12,0.15,9.06,317.71
O004108,1,P0189,1,630.91,0.1,16.04,583.86
O004109,1,P0081,1,312.38,0.05,15.85,312.61
O004109,2,P0302,1,340.59,0,2,342.59
O004110,1,P0278,1,480.16,0,21.15,501.31
O004111,1,P0042,2,584.05,0,2,1170.1
O004112,1,P0129,2,104.68,0.1,11.02,199.44
O004113,1,P0134,1,574.47,0,7.59,582.06
O004114,1,P0078,1,314.17,0,3.59,317.76
O004114,2,P0276,1,820.81,0.1,11.48,750.21
O004114,3,P0069,1,423.73,0,22.26,445.99
O004114,4,P0130,1,491.43,0,23.38,514.81
O004115,1,P0218,2,363.84,0,2,729.68
O004115,2,P0072,2,38.74,0,7.91,85.39
O004115,3,P0047,1,224.37,0.2,15.97,195.47
O004116,1,P0012,1,529.58,0,6.63,536.21
O004116,2,P0175,1,568.15,0,3.83,571.98
O004116,3,P0303,1,483.69,0.1,5.7,441.02
O004117,1,P0034,2,293.49,0.15,6.74,505.67
O004118,1,P0135,3,504.23,0,12.18,1524.87
O004119,1,P0310,1,8.5,0.1,2,9.65
O004120,1,P0014,1,187.84,0.1,5.37,174.43
O004120,2,P0151,2,785.65,0,17.27,1588.57
O004120,3,P0307,1,69.12,0,18.82,87.94
O004120,4,P0118,2,588.11,0,26.42,1202.64
O004121,1,P0255,1,854.74,0.15,15.33,741.86
O004121,2,P0096,1,224.82,0.05,2,215.58
O004122,1,P0263,1,574.22,0,15.68,589.9
O004122,2,P0120,1,62.98,0,7.61,70.59
O004123,1,P0036,1,67.34,0,17.99,85.33
O004123,2,P0108,1,957.8,0,15.81,973.61
O004123,3,P0005,1,9999.99,0,14.27,10014.26
O004124,1,P0221,2,188.81,0.05,15.01,373.75
O004125,1,P0186,1,638.99,0.15,8.3,551.44
O004126,1,P0166,1,20.64,0,7.89,28.53
O004127,1,P0063,1,310.44,0,17.22,327.66
O004128,1,P0065,1,492.73,0.05,10.62,478.71
O004128,2,P0089,2,625.43,0,4.97,1255.83
O004128,3,P0081,1,312.38,0.05,28.14,324.9
O004128,4,P0150,1,23.53,0,12.38,35.91
O004129,1,P0184,4,112.13,0.2,2,360.82
O004129,2,P0136,3,784.55,0,15.47,2369.12
O004129,3,P0283,1,433.94,0,11.39,445.33
O004130,1,P0005,1,9999.99,0,26.73,10026.72
O004130,2,P0312,1,681.66,0,20.21,701.87
O004131,1,P0282,1,856.4,0.15,15.2,743.14
O004132,1,P0286,1,518.79,0,10.15,528.94
O004132,2,P0255,2,854.74,0,16.9,1726.38
O004133,1,P0018,1,598.9,0,8.1,607.0
O004133,2,P0181,1,364.59,0.05,2,348.36
O004134,1,P0142,4,483.04,0.1,9.27,1748.21
O004134,2,P0197,1,756.59,0.05,22.73,741.49
O004134,3,P0119,2,229.62,0.1,9.73,423.05
O004134,4,P0188,1,480.75,0.05,6.16,462.87
O004135,1,P0251,1,266.39,0.05,26.92,279.99
O004136,1,P0285,1,53.42,0.1,7.36,55.44
O004137,1,P0122,1,149.46,0,27.55,177.01
O004138,1,P0056,2,581.05,0.1,17.24,1063.13
O004138,2,P0219,1,553.58,0,191.32,744.9
O004139,1,P0179,1,159.25,0.1,20.03,163.36
O004139,2,P0055,1,237.15,0.15,6.1,207.68
O004139,3,P0228,1,539.71,0.05,14.1,526.82
O004140,1,P0200,2,499.63,0.05,26.61,975.91
O004140,2,P0119,1,229.62,0.1,9.07,215.73
O004140,3,P0224,1,355.54,0.15,7.32,309.53
O004140,4,P0205,1,468.82,0,24.35,493.17
O004141,1,P0275,1,515.35,0,5.96,521.31
O004142,1,P0116,1,339.23,0,6.83,346.06
O004143,1,P0291,1,657.02,0.1,4.24,595.56
O004143,2,P0252,1,259.81,0,25.35,285.16
O004144,1,P0076,1,1058.97,0.15,17.61,917.73
O004145,1,P0021,1,806.92,0.05,17.12,783.69
O004146,1,P0032,3,577.34,0,11.29,1743.31
O004147,1,P0166,2,20.64,0,17.7,58.98
O004148,1,P0136,1,784.55,0.05,17.21,762.53
O004149,1,P0061,1,776.86,0.2,13.11,634.6
O004149,2,P0222,1,182.56,0,2.08,184.64
O004149,3,P0125,1,329.73,0,25.31,355.04
O004149,4,P0011,3,363.12,0.15,6.42,932.38
O004150,1,P0190,2,449.88,0.15,14.2,779.0
O004151,1,P0319,1,702.73,0,2,704.73
O004152,1,P0158,1,130.71,0.2,10.72,115.29
O004152,2,P0216,2,823.56,0,5.85,1652.97
O004153,1,P0060,1,27.23,0.1,22.25,46.76
O004154,1,P0082,1,362.46,0.05,7.55,351.89
O004154,2,P0157,4,807.11,0.05,11.29,3078.31
O004154,3,P0180,1,358.61,0,6.8,365.41
O004155,1,P0045,1,72.1,0,20.2,92.3
O004156,1,P0065,1,492.73,0.05,10.51,478.6
O004156,2,P0005,1,9999.99,0,22.25,10022.24
O004157,1,P0166,1,20.64,0,28.86,49.5
O004157,2,P0143,3,110.16,0,21.97,352.45
O004158,1,P0071,1,250.08,0,4.22,254.3
O004158,2,P0297,1,38.06,0.05,12.59,48.75
O004159,1,P0167,1,9.0,0.1,2,10.1
O004160,1,P0180,1,358.61,0.1,2,324.75
O004161,1,P0166,4,20.64,0,28.34,110.9
O004162,1,P0056,1,581.05,0.15,2,495.89
O004163,1,P0190,4,449.88,0,21.08,1820.6
O004163,2,P0154,2,25.6,0.1,24.38,70.46
O004163,3,P0263,1,574.22,0,15.19,589.41
O004164,1,P0288,1,898.37,0,9.04,907.41
O004165,1,P0148,1,188.16,0,11.9,200.06
O004165,2,P0021,1,806.92,0.2,5.47,651.01
O004165,3,P0142,1,483.04,0,10.9,493.94
O004165,4,P0204,2,387.0,0,2,776.0
O004166,1,P0154,1,25.6,0.1,11.43,34.47
O004167,1,P0158,1,130.71,0.1,23.77,141.41
O004168,1,P0218,1,363.84,0,7.27,371.11
O004169,1,P0170,1,444.66,0.15,14.31,392.27
O004169,2,P0060,1,27.23,0.05,25.0,50.87
O004169,3,P0113,1,814.98,0.2,2,653.98
O004170,1,P0130,2,491.43,0.1,2,886.57
O004171,1,P0248,1,363.73,0,8.74,372.47
O004172,1,P0049,2,841.2,0.15,11.83,1441.87
O004173,1,P0046,3,190.18,0.1,22.36,535.85
O004174,1,P0239,1,873.44,0,13.1,886.54
O004175,1,P0082,3,362.46,0,12.56,1099.94
O004175,2,P0118,1,588.11,0,8.09,596.2
O004176,1,P0057,2,286.31,0.15,10.65,497.38
O004177,1,P0007,1,306.83,0.1,26.5,302.65
O004178,1,P0143,2,110.16,0,5.02,225.34
O004179,1,P0007,1,306.83,0,3.92,310.75
O004180,1,P0141,1,92.1,0.05,2,89.49
O004181,1,P0282,2,856.4,0,3.32,1716.12
O004182,1,P0250,1,375.47,0,8.68,384.15
O004183,1,P0007,1,306.83,0.15,5.46,266.27
O004184,1,P0008,5,193.75,0,2,970.75
O004185,1,P0074,1,81.29,0,2,83.29
O004186,1,P0097,1,267.08,0,4.18,271.26
O004187,1,P0106,2,236.99,0,2,475.98
O004187,2,P0206,2,75.89,0.05,23.93,168.12
O004187,3,P0168,1,45.44,0.15,5.59,44.21
O004188,1,P0223,5,72.48,0,12.09,374.49
O004189,1,P0293,2,564.26,0,22.51,1151.03
O004189,2,P0002,1,556.12,0,24.26,580.38
O004190,1,P0005,1,9999.99,0,9.28,10009.27
O004190,2,P0119,1,229.62,0,3.28,232.9
O004190,3,P0312,3,681.66,0,2,2046.98
O004191,1,P0071,1,250.08,0.1,19.8,244.87
O004192,1,P0094,1,756.84,0.05,19.22,738.22
O004193,1,P0005,1,9999.99,0,13.58,10013.57
O004194,1,P0251,1,266.39,0,2,268.39
O004194,2,P0074,2,81.29,0.1,16.42,162.74
O004195,1,P0220,5,103.24,0.1,20.43,485.01
O004196,1,P0110,1,1039.88,0,9.67,1049.55
O004197,1,P0008,1,193.75,0,22.14,215.89
O004198,1,P0067,2,355.88,0.1,19.9,660.48
O004198,2,P0240,2,237.45,0.1,22.23,449.64
O004199,1,P0108,1,957.8,0,8.65,966.45
O004199,2,P0016,1,576.57,0.05,6.44,554.18
O004200,1,P0032,1,577.34,0.05,16.43,564.9
O004201,1,P0186,3,638.99,0.05,17.46,1838.58
O004202,1,P0110,2,1039.88,0.1,11.04,1882.82
O004203,1,P0050,3,745.53,0,10.11,2246.7
O004204,1,P0223,2,72.48,0,6.44,151.4
O004204,2,P0071,1,250.08,0,14.59,264.67
O004204,3,P0240,1,237.45,0,10.52,247.97
O004205,1,P0241,3,307.92,0,4.97,928.73
O004206,1,P0053,1,360.49,0.1,26.2,350.64
O004206,2,P0084,4,294.21,0,7.17,1184.01
O004207,1,P0278,1,480.16,0,8.47,488.63
O004208,1,P0024,1,832.14,0.15,2,709.32
O004209,1,P0148,1,188.16,0,12.81,200.97
O004209,2,P0160,1,413.02,0,2.23,415.25
O004210,1,P0036,1,67.34,0,4.98,72.32
O004210,2,P0195,1,256.53,0,11.88,268.41
O004210,3,P0108,1,957.8,0,2,959.8
O004210,4,P0028,5,305.36,0.05,9.94,1460.4
O004211,1,P0317,2,811.43,0.2,2,1300.29
O004211,2,P0171,1,427.19,0.05,28.18,434.01
O004212,1,P0125,1,329.73,0.1,14.32,311.08
O004213,1,P0181,2,364.59,0,17.93,747.11
O004213,2,P0255,2,854.74,0,8.89,1718.37
O004213,3,P0275,2,515.35,0,8.86,1039.56
O004214,1,P0025,1,343.24,0,8.25,351.49
O004215,1,P0034,1,293.49,0,4.46,297.95
O004216,1,P0246,1,236.21,0,15.31,251.52
O004216,2,P0231,1,766.78,0,18.4,785.18
O004216,3,P0277,1,49.26,0.1,13.24,57.57
O004216,4,P0166,1,20.64,0.15,15.74,33.28
O004217,1,P0251,1,266.39,0,13.37,279.76
O004218,1,P0109,1,194.26,0,5.81,200.07
O004218,2,P0154,1,25.6,0,8.12,33.72
O004218,3,P0255,1,854.74,0,21.46,876.2
O004219,1,P0306,1,219.19,0,18.04,237.23
O004220,1,P0237,2,956.17,0,2,1914.34
O004220,2,P0291,1,657.02,0,11.79,668.81
O004221,1,P0187,1,106.77,0.05,12.02,113.45
O004222,1,P0214,5,42.92,0.15,8.22,190.63
O004222,2,P0094,1,756.84,0.15,7.54,650.85
O004223,1,P0224,2,355.54,0.15,2.83,607.25
O004223,2,P0053,1,360.49,0,14.18,374.67
O004223,3,P0175,1,568.15,0.1,15.54,526.88
O004224,1,P0029,1,490.19,0,10.39,500.58
O004224,2,P0068,1,148.48,0.15,17.04,143.25
O004225,1,P0035,1,544.32,0.15,7.7,470.37
O004226,1,P0288,2,898.37,0,9.9,1806.64
O004227,1,P0258,2,81.39,0,17.34,180.12
O004227,2,P0267,1,1088.78,0.2,17.54,888.56
O004227,3,P0244,2,316.68,0.2,6.44,513.13
O004228,1,P0041,1,126.39,0,4.93,131.32
O004229,1,P0228,2,539.71,0.1,12.51,983.99
O004229,2,P0234,1,354.24,0.05,2,338.53
O004230,1,P0301,1,263.33,0,10.91,274.24
O004231,1,P0316,2,419.97,0,10.87,850.81
O004231,2,P0215,1,1003.36,0,2,1005.36
O004231,3,P0138,2,870.78,0,2,1743.56
O004232,1,P0208,1,723.84,0.05,32.43,720.08
O004233,1,P0016,4,576.57,0.05,15.61,2206.58
O004233,2,P0269,3,256.16,0,2,770.48
O004234,1,P0271,1,775.17,0.1,13.12,710.77
O004235,1,P0060,5,27.23,0,11.31,147.46
O004235,2,P0025,1,343.24,0,23.8,367.04
O004236,1,P0110,1,1039.88,0.05,26.7,1014.59
O004236,2,P0162,1,529.22,0,14.31,543.53
O004236,3,P0212,1,486.38,0,15.25,501.63
O004236,4,P0082,3,362.46,0.05,10.21,1043.22
O004237,1,P0127,1,597.61,0,5.55,603.16
O004237,2,P0005,4,9999.99,0,2,40001.96
O004238,1,P0274,1,832.77,0.15,16.06,723.91
O004239,1,P0082,2,362.46,0,2,726.92
O004240,1,P0218,5,363.84,0.2,2,1457.36
O004241,1,P0299,2,28.85,0,17.57,75.27
O004242,1,P0064,2,145.78,0,13.39,304.95
O004243,1,P0098,1,701.13,0,2,703.13
O004243,2,P0088,1,259.63,0.1,14.41,248.08
O004243,3,P0146,1,288.94,0.05,12.68,287.17
O004244,1,P0037,2,1028.12,0,2,2058.24
O004245,1,P0047,1,224.37,0.15,19.06,209.77
O004246,1,P0047,1,224.37,0.1,24.09,226.02
O004247,1,P0035,1,544.32,0,17.33,561.65
O004248,1,P0140,3,227.4,0,11.16,693.36
O004249,1,P0084,1,294.21,0,27.83,322.04
O004250,1,P0230,2,438.21,0.05,23.3,855.9
O004250,2,P0185,1,8.75,0,9.98,18.73
O004250,3,P0162,1,529.22,0,18.23,547.45
O004251,1,P0059,1,953.24,0.05,5.97,911.55
O004251,2,P0129,1,104.68,0,6.36,111.04
O004251,3,P0064,2,145.78,0,17.98,309.54
O004251,4,P0314,1,745.22,0.15,15.43,648.87
O004252,1,P0008,1,193.75,0.2,10.78,165.78
O004252,2,P0153,1,339.5,0,12.13,351.63
O004253,1,P0319,1,702.73,0,7.43,710.16
O004254,1,P0017,3,237.22,0.15,13.07,617.98
O004255,1,P0297,1,38.06,0.1,13.21,47.46
O004256,1,P0272,1,724.17,0,5.51,729.68
O004257,1,P0103,1,158.36,0,11.89,170.25
O004258,1,P0123,4,202.44,0,2.59,812.35
O004258,2,P0158,1,130.71,0,8.31,139.02
O004259,1,P0187,3,106.77,0.05,10.52,314.81
O004259,2,P0172,1,461.92,0,20.17,482.09
O004260,1,P0186,2,638.99,0.05,5.19,1219.27
O004260,2,P0193,3,216.15,0.2,5.7,524.46
O004260,3,P0081,1,312.38,0.2,2,251.9
O004260,4,P0270,1,949.79,0.15,20.55,827.87
O004261,1,P0051,5,371.95,0,24.99,1884.74
O004262,1,P0259,1,849.86,0.1,18.52,783.39
O004263,1,P0036,1,67.34,0.05,10.11,74.08
O004264,1,P0206,1,75.89,0,14.39,90.28
O004264,2,P0242,1,722.98,0,14.28,737.26
O004264,3,P0106,1,236.99,0,16.25,253.24
O004265,1,P0219,1,553.58,0,7.08,560.66
O004265,2,P0305,1,330.82,0.1,26.49,324.23
O004266,1,P0055,1,237.15,0.2,23.58,213.3
O004266,2,P0238,2,645.9,0,16.49,1308.29
O004266,3,P0033,1,310.62,0.1,11.6,291.16
O004267,1,P0318,1,432.06,0,9.45,441.51
O004267,2,P0074,1,81.29,0.05,2,79.23
O004268,1,P0235,3,6.83,0,20.31,40.8
O004269,1,P0198,3,764.66,0.1,15.49,2080.07
O004269,2,P0285,1,53.42,0.15,10.68,56.09
O004270,1,P0144,2,649.77,0,15.61,1315.15
O004271,1,P0046,1,190.18,0.1,18.71,189.87
O004271,2,P0217,1,390.23,0,2,392.23
O004271,3,P0155,2,88.23,0,3.88,180.34
O004271,4,P0095,1,97.16,0,17.03,114.19
O004272,1,P0155,1,88.23,0,6.82,95.05
O004272,2,P0224,1,355.54,0.1,19.94,339.93
O004273,1,P0214,1,42.92,0,9.59,52.51
O004274,1,P0286,3,518.79,0,22.68,1579.05
O004275,1,P0151,1,785.65,0.2,20.11,648.63
O004275,2,P0269,1,256.16,0.05,19.55,262.9
O004275,3,P0107,4,435.88,0.15,11.6,1493.59
O004276,1,P0060,1,27.23,0,2,29.23
O004277,1,P0117,1,794.64,0.15,11.22,686.66
O004278,1,P0250,1,375.47,0,4.18,379.65
O004279,1,P0186,1,638.99,0,9.48,648.47
O004280,1,P0142,1,483.04,0.2,19.05,405.48
O004280,2,P0271,1,775.17,0.1,15.05,712.7
O004281,1,P0154,1,25.6,0,9.23,34.83
O004281,2,P0297,1,38.06,0,13.48,51.54
O004282,1,P0151,1,785.65,0,2,787.65
O004283,1,P0018,1,598.9,0.05,20.16,589.11
O004283,2,P0239,1,873.44,0,2.51,875.95
O004284,1,P0263,1,574.22,0,3.38,577.6
O004284,2,P0124,1,336.97,0,15.0,351.97
O004284,3,P0178,2,294.67,0,16.93,606.27
O004284,4,P0233,1,84.69,0,8.86,93.55
O004285,1,P0155,1,88.23,0.1,25.21,104.62
O004285,2,P0202,1,115.37,0,12.27,127.64
O004286,1,P0124,1,336.97,0,12.66,349.63
O004286,2,P0007,1,306.83,0,21.11,327.94
O004286,3,P0083,1,594.36,0,424.63,1018.99
O004286,4,P0134,1,574.47,0,13.64,588.11
O004287,1,P0028,1,305.36,0.05,23.92,314.01
O004288,1,P0067,1,355.88,0,2,357.88
O004289,1,P0314,1,745.22,0.1,7.38,678.08
O004289,2,P0069,3,423.73,0.1,19.4,1163.47
O004290,1,P0307,2,69.12,0,14.69,152.93
O004291,1,P0224,1,355.54,0,17.99,373.53
O004291,2,P0264,1,502.16,0,2,504.16
O004291,3,P0135,1,504.23,0,8.2,512.43
O004291,4,P0267,1,1088.78,0,11.45,1100.23
O004292,1,P0178,2,294.67,0,6.03,595.37
O004292,2,P0062,1,673.39,0,10.07,683.46
O004292,3,P0029,1,490.19,0.1,18.25,459.42
O004292,4,P0230,2,438.21,0,2,878.42
O004293,1,P0130,2,491.43,0.1,2.14,886.71
O004294,1,P0072,1,38.74,0.2,12.19,43.18
O004295,1,P0176,2,265.34,0,18.14,548.82
O004296,1,P0030,1,122.57,0,23.27,145.84
O004297,1,P0002,1,556.12,0.05,2,530.31
O004298,1,P0210,1,949.92,0.15,21.33,828.76
O004298,2,P0145,1,247.46,0.1,5.64,228.35
O004298,3,P0179,1,159.25,0,4.4,163.65
O004298,4,P0128,2,835.43,0.1,7.38,1511.15
O004299,1,P0092,1,901.51,0,15.11,916.62
O004299,2,P0280,1,128.6,0.1,10.43,126.17
O004300,1,P0011,4,363.12,0.1,14.47,1321.7
O004301,1,P0228,2,539.71,0.1,19.01,990.49
O004301,2,P0129,1,104.68,0,15.67,120.35
O004302,1,P0104,3,521.9,0,19.16,1584.86
O004302,2,P0207,2,469.0,0,11.25,949.25
O004303,1,P0040,1,354.01,0,9.86,363.87
O004303,2,P0161,4,67.49,0,5.31,275.27
O004304,1,P0105,3,18.23,0.05,25.69,77.65
O004304,2,P0208,1,723.84,0.05,9.06,696.71
O004305,1,P0174,2,845.79,0.15,10.1,1447.94
O004306,1,P0228,1,539.71,0,6.84,546.55
O004307,1,P0313,3,555.72,0,16.46,1683.62
O004308,1,P0186,1,638.99,0,10.09,649.08
O004309,1,P0068,1,148.48,0,9.83,158.31
O004309,2,P0263,1,574.22,0.15,11.06,499.15
O004309,3,P0105,1,18.23,0,21.84,40.07
O004310,1,P0028,4,305.36,0.15,14.8,1053.02
O004311,1,P0311,2,347.85,0,10.96,706.66
O004311,2,P0011,1,363.12,0,6.31,369.43
O004312,1,P0252,1,259.81,0.05,9.66,256.48
O004312,2,P0290,1,617.79,0.1,22.82,578.83
O004313,1,P0020,1,1036.19,0,18.42,1054.61
O004314,1,P0314,1,745.22,0.2,21.38,617.56
O004314,2,P0293,2,564.26,0.1,17.44,1033.11
O004315,1,P0162,1,529.22,0.05,20.18,522.94
O004316,1,P0176,1,265.34,0,18.59,283.93
O004317,1,P0226,1,706.04,0.05,2,672.74
O004318,1,P0143,1,110.16,0,20.8,130.96
O004319,1,P0295,1,164.98,0.15,21.0,161.23
O004319,2,P0287,1,756.46,0.1,2.63,683.44
O004320,1,P0114,2,967.11,0.1,14.34,1755.14
O004321,1,P0261,1,745.54,0.2,11.01,607.44
O004321,2,P0150,1,23.53,0.05,24.22,46.57
O004321,3,P0156,1,90.87,0,14.03,104.9
O004322,1,P0155,3,88.23,0.05,2,253.46
O004322,2,P0200,2,499.63,0,2,1001.26
O004322,3,P0285,1,53.42,0,2,55.42
O004323,1,P0047,3,224.37,0.05,16.8,656.25
O004323,2,P0064,1,145.78,0,2,147.78
O004324,1,P0135,1,504.23,0.1,10.75,464.56
O004325,1,P0104,1,521.9,0,2.76,524.66
O004326,1,P0252,1,259.81,0,22.38,282.19
O004326,2,P0023,1,587.39,0,7.77,595.16
O004327,1,P0283,1,433.94,0.05,7.76,420.0
O004328,1,P0019,1,618.71,0.1,15.96,572.8
O004329,1,P0165,1,27.21,0,22.61,49.82
O004330,1,P0300,1,398.18,0,12.61,410.79
O004331,1,P0096,1,224.82,0,24.51,249.33
O004332,1,P0047,1,224.37,0.15,18.92,209.63
O004333,1,P0191,1,654.69,0.15,20.25,576.74
O004333,2,P0056,1,581.05,0,10.72,591.77
O004333,3,P0026,1,659.65,0,20.29,679.94
O004333,4,P0226,1,706.04,0.1,13.13,648.57
O004334,1,P0070,1,298.91,0.2,11.99,251.12
O004334,2,P0083,1,594.36,0,13.06,607.42
O004335,1,P0034,1,293.49,0,6.61,300.1
O004335,2,P0021,1,806.92,0,10.14,817.06
O004335,3,P0154,2,25.6,0.15,2.33,45.85
O004336,1,P0295,2,164.98,0,12.75,342.71
O004336,2,P0257,2,486.52,0,3.98,977.02
O004337,1,P0168,1,45.44,0,5.61,51.05
O004337,2,P0291,1,657.02,0,20.09,677.11
O004337,3,P0261,1,745.54,0.2,11.41,607.84
O004337,4,P0286,1,518.79,0.1,29.41,496.32
O004338,1,P0315,2,174.01,0,19.2,367.22
O004338,2,P0281,2,372.41,0,23.48,768.3
O004339,1,P0241,1,307.92,0.05,2,294.52
O004340,1,P0155,1,88.23,0.1,4.07,83.48
O004340,2,P0305,1,330.82,0.15,8.01,289.21
O004340,3,P0148,1,188.16,0,10.22,198.38
O004340,4,P0163,2,825.28,0.05,18.67,1586.7
O004341,1,P0071,1,250.08,0,11.57,261.65
O004341,2,P0224,1,355.54,0,9.41,364.95
O004342,1,P0312,1,681.66,0,2,683.66
O004342,2,P0088,3,259.63,0,2.76,781.65
O004343,1,P0097,2,267.08,0,15.24,549.4
O004343,2,P0241,2,307.92,0,17.02,632.86
O004344,1,P0036,1,67.34,0,14.33,81.67
O004345,1,P0029,1,490.19,0,11.62,501.81
O004346,1,P0192,2,951.76,0,14.34,1917.86
O004347,1,P0315,1,174.01,0,18.42,192.43
O004347,2,P0313,1,555.72,0.1,18.48,518.63
O004348,1,P0175,1,568.15,0,7.94,576.09
O004349,1,P0027,1,406.86,0,19.72,426.58
O004350,1,P0241,2,307.92,0,4.43,620.27
O004351,1,P0103,1,158.36,0.1,30.96,173.48
O004351,2,P0098,1,701.13,0,7.04,708.17
O004351,3,P0303,1,483.69,0.1,25.76,461.08
O004352,1,P0173,1,758.26,0.15,15.7,660.22
O004353,1,P0180,3,358.61,0.1,13.54,981.79
O004354,1,P0210,2,949.92,0,8.15,1907.99
O004354,2,P0076,1,1058.97,0,26.5,1085.47
O004354,3,P0026,1,659.65,0,16.1,675.75
O004354,4,P0297,1,38.06,0,11.8,49.86
O004355,1,P0242,2,722.98,0.05,6.31,1379.97
O004355,2,P0085,1,554.3,0,9.35,563.65
O004356,1,P0103,2,158.36,0,5.18,321.9
O004356,2,P0140,1,227.4,0,19.6,247.0
O004357,1,P0202,2,115.37,0.15,14.14,210.27
O004358,1,P0287,1,756.46,0.2,8.54,613.71
O004359,1,P0154,1,25.6,0,5.62,31.22
O004360,1,P0275,1,515.35,0,2,517.35
O004360,2,P0042,1,584.05,0.1,12.95,538.6
O004361,1,P0013,2,110.57,0,6.69,227.83
O004362,1,P0153,1,339.5,0,2,341.5
O004363,1,P0255,1,854.74,0,11.55,866.29
O004363,2,P0160,1,413.02,0,15.14,428.16
O004363,3,P0239,1,873.44,0.2,9.83,708.58
O004364,1,P0293,1,564.26,0.15,18.76,498.38
O004365,1,P0121,3,97.09,0,34.36,325.63
O004365,2,P0130,1,491.43,0.15,2,419.72
O004365,3,P0052,2,782.48,0,8.61,1573.57
O004366,1,P0080,1,194.14,0,7.22,201.36
O004367,1,P0140,1,227.4,0,19.88,247.28
O004368,1,P0040,2,354.01,0,6.21,714.23
O004369,1,P0006,1,202.12,0.1,15.7,197.61
O004369,2,P0176,1,265.34,0,20.44,285.78
O004369,3,P0186,1,638.99,0,11.14,650.13
O004369,4,P0247,1,315.54,0,22.59,338.13
O004370,1,P0148,1,188.16,0,2,190.16
O004371,1,P0298,1,410.7,0,20.04,430.74
O004371,2,P0264,1,502.16,0.05,21.14,498.19
O004372,1,P0185,2,8.75,0,7.41,24.91
O004373,1,P0294,2,73.38,0.1,2,134.08
O004373,2,P0319,1,702.73,0,18.39,721.12
O004374,1,P0106,2,236.99,0.1,2,428.58
O004375,1,P0181,2,364.59,0.1,8.81,665.07
O004376,1,P0185,1,8.75,0,15.4,24.15
O004377,1,P0175,1,568.15,0,8.47,576.62
O004378,1,P0068,1,148.48,0,20.37,168.85
O004379,1,P0038,3,778.2,0,23.06,2357.66
O004380,1,P0107,1,435.88,0.05,21.8,435.89
O004380,2,P0197,1,756.59,0,4.2,760.79
O004380,3,P0316,3,419.97,0.15,3.77,1074.69
O004381,1,P0222,1,182.56,0,10.97,193.53
O004382,1,P0209,3,690.43,0,2,2073.29
O004383,1,P0034,1,293.49,0.1,12.54,276.68
O004384,1,P0246,1,236.21,0,18.96,255.17
O004385,1,P0216,1,823.56,0.1,16.28,757.48
O004386,1,P0209,1,690.43,0,20.61,711.04
O004387,1,P0063,2,310.44,0.15,6.75,534.5
O004387,2,P0108,2,957.8,0.05,18.65,1838.47
O004388,1,P0139,2,531.18,0,2.77,1065.13
O004388,2,P0179,1,159.25,0,10.35,169.6
O004389,1,P0204,1,387.0,0.15,6.54,335.49
O004390,1,P0063,3,310.44,0,8.49,939.81
O004390,2,P0179,1,159.25,0.15,11.26,146.62
O004391,1,P0046,1,190.18,0.2,2,154.14
O004392,1,P0071,1,250.08,0,5.88,255.96
O004393,1,P0320,2,907.09,0.05,19.82,1743.29
O004393,2,P0170,1,444.66,0,24.82,469.48
O004394,1,P0209,2,690.43,0,27.32,1408.18
O004394,2,P0067,1,355.88,0,9.15,365.03
O004394,3,P0257,1,486.52,0,16.26,502.78
O004395,1,P0049,1,841.2,0.2,26.04,699.0
O004396,1,P0172,1,461.92,0,7.55,469.47
O004396,2,P0011,1,363.12,0,2,365.12
O004397,1,P0300,1,398.18,0,6.57,404.75
O004398,1,P0089,1,625.43,0.05,415.32,1009.48
O004399,1,P0289,1,88.04,0,23.49,111.53
O004399,2,P0207,1,469.0,0,12.45,481.45
O004399,3,P0320,3,907.09,0,20.63,2741.9
O004399,4,P0057,2,286.31,0,19.66,592.28
O004400,1,P0296,3,428.51,0,6.75,1292.28
O004400,2,P0093,1,952.7,0.05,16.54,921.61
O004401,1,P0020,1,1036.19,0,20.57,1056.76
O004402,1,P0298,2,410.7,0,2,823.4
O004402,2,P0202,1,115.37,0.15,2,100.06
O004403,1,P0295,2,164.98,0.1,18.67,315.63
O004404,1,P0083,1,594.36,0,2.3,596.66
O004405,1,P0210,1,949.92,0.1,29.32,884.25
O004406,1,P0281,1,372.41,0.15,22.95,339.5
O004407,1,P0303,1,483.69,0.2,11.16,398.11
O004407,2,P0237,3,956.17,0,30.29,2898.8
O004408,1,P0070,5,298.91,0,9.59,1504.14
O004409,1,P0091,1,86.5,0,20.76,107.26
O004410,1,P0197,2,756.59,0,6.26,1519.44
O004410,2,P0064,1,145.78,0,4.59,150.37
O004411,1,P0065,1,492.73,0.05,18.2,486.29
O004412,1,P0045,2,72.1,0,4.55,148.75
O004413,1,P0076,1,1058.97,0.05,15.37,1021.39
O004414,1,P0305,1,330.82,0.1,7.35,305.09
O004414,2,P0046,1,190.18,0,12.47,202.65
O004415,1,P0266,2,242.67,0.05,15.12,476.19
O004416,1,P0160,1,413.02,0.05,18.61,410.98
O004417,1,P0125,1,329.73,0,11.74,341.47
O004417,2,P0066,1,451.94,0,21.94,473.88
O004417,3,P0259,5,849.86,0,13.74,4263.04
O004418,1,P0280,2,128.6,0,2,259.2
O004419,1,P0150,1,23.53,0,7.86,31.39
O004420,1,P0182,1,150.43,0,14.02,164.45
O004421,1,P0128,1,835.43,0,12.32,847.75
O004421,2,P0147,1,535.43,0.05,17.07,525.73
O004421,3,P0112,1,400.76,0,16.87,417.63
O004422,1,P0164,3,13.57,0,11.42,52.13
O004422,2,P0186,1,638.99,0.1,27.06,602.15
O004422,3,P0179,1,159.25,0,18.03,177.28
O004422,4,P0245,1,489.42,0,19.86,509.28
O004423,1,P0212,1,486.38,0.15,21.58,435.0
O004424,1,P0047,1,224.37,0,2,226.37
O004425,1,P0259,4,849.86,0.1,11.9,3071.4
O004426,1,P0069,1,423.73,0,19.47,443.2
O004426,2,P0082,2,362.46,0,16.83,741.75
O004426,3,P0002,1,556.12,0,20.16,576.28
O004426,4,P0156,3,90.87,0,18.2,290.81
O004427,1,P0130,1,491.43,0,10.64,502.07
O004428,1,P0087,1,118.02,0,14.14,132.16
O004429,1,P0251,1,266.39,0,12.18,278.57
O004430,1,P0225,1,84.06,0.15,8.42,79.87
O004431,1,P0084,2,294.21,0.1,3.52,533.1
O004431,2,P0277,1,49.26,0,15.38,64.64
O004432,1,P0095,2,97.16,0,2,196.32
O004432,2,P0217,1,390.23,0.15,9.03,340.73
O004432,3,P0111,3,127.38,0.1,27.27,371.2
O004432,4,P0214,1,42.92,0.05,10.25,51.02
O004433,1,P0254,1,824.63,0.05,12.42,795.82
O004434,1,P0148,1,188.16,0.2,8.57,159.1
O004435,1,P0183,2,808.84,0.2,10.86,1305.0
O004436,1,P0155,2,88.23,0,6.6,183.06
O004437,1,P0180,2,358.61,0.05,7.65,689.01
O004437,2,P0046,2,190.18,0,8.91,389.27
O004438,1,P0083,1,594.36,0.05,21.83,586.47
O004439,1,P0241,1,307.92,0,16.96,324.88
O004440,1,P0002,1,556.12,0.15,32.73,505.43
O004440,2,P0284,1,501.64,0,9.15,510.79
O004440,3,P0105,1,18.23,0,2.97,21.2
O004441,1,P0191,1,654.69,0,2,656.69
O004441,2,P0080,1,194.14,0.15,6.92,171.94
O004442,1,P0155,2,88.23,0,5.45,181.91
O004443,1,P0296,3,428.51,0,17.58,1303.11
O004443,2,P0012,2,529.58,0,10.3,1069.46
O004443,3,P0076,2,1058.97,0,2,2119.94
O004444,1,P0236,1,397.11,0,19.86,416.97
O004445,1,P0253,1,162.64,0.05,9.2,163.71
O004445,2,P0224,1,355.54,0.2,19.55,303.98
O004446,1,P0316,2,419.97,0.1,21.98,777.93
O004446,2,P0059,1,953.24,0.15,12.68,822.93
O004447,1,P0249,3,575.36,0,3.71,1729.79
O004447,2,P0076,1,1058.97,0.1,9.13,962.2
O004448,1,P0229,1,81.64,0,26.75,108.39
O004449,1,P0111,2,127.38,0,24.54,279.3
O004450,1,P0145,1,247.46,0.2,16.65,214.62
O004451,1,P0205,1,468.82,0.05,6.38,451.76
O004452,1,P0119,1,229.62,0,4.29,233.91
O004452,2,P0181,1,364.59,0,24.18,388.77
O004452,3,P0082,3,362.46,0,7.47,1094.85
O004452,4,P0220,1,103.24,0,2,105.24
O004453,1,P0226,2,706.04,0,21.9,1433.98
O004454,1,P0235,5,6.83,0.15,21.69,50.72
O004455,1,P0304,1,396.52,0.1,21.44,378.31
O004455,2,P0115,1,602.48,0,23.93,626.41
O004456,1,P0260,1,623.36,0,5.27,628.63
O004457,1,P0073,1,139.62,0,3.8,143.42
O004457,2,P0257,1,486.52,0,19.86,506.38
O004458,1,P0276,1,820.81,0.05,10.86,790.63
O004459,1,P0157,1,807.11,0.1,34.1,760.5
O004460,1,P0188,1,480.75,0,12.79,493.54
O004460,2,P0179,1,159.25,0,4.99,164.24
O004460,3,P0015,1,284.04,0.1,13.84,269.48
O004461,1,P0149,1,858.19,0,7.41,865.6
O004462,1,P0202,2,115.37,0.1,15.19,222.86
O004463,1,P0151,2,785.65,0.05,15.88,1508.62
O004464,1,P0235,1,6.83,0.15,11.14,16.95
O004464,2,P0192,1,951.76,0.1,18.27,874.85
O004464,3,P0287,1,756.46,0,2,758.46
O004464,4,P0140,2,227.4,0.05,14.51,446.57
O004465,1,P0283,2,433.94,0.1,11.01,792.1
O004465,2,P0198,1,764.66,0,20.85,785.51
O004465,3,P0248,1,363.73,0,24.67,388.4
O004466,1,P0130,1,491.43,0,9.25,500.68
O004467,1,P0120,1,62.98,0,2,64.98
O004468,1,P0179,1,159.25,0.15,18.65,154.01
O004468,2,P0085,1,554.3,0,2,556.3
O004468,3,P0038,1,778.2,0.15,5.29,666.76
O004469,1,P0021,3,806.92,0,25.04,2445.8
O004469,2,P0020,3,1036.19,0.05,12.5,2965.64
O004470,1,P0080,1,194.14,0,18.01,212.15
O004470,2,P0265,1,240.13,0.1,16.97,233.09
O004471,1,P0113,2,814.98,0,27.71,1657.67
O004471,2,P0101,1,92.83,0,20.66,113.49
O004472,1,P0049,3,841.2,0.05,13.15,2410.57
O004472,2,P0026,3,659.65,0,2,1980.95
O004473,1,P0183,1,808.84,0.15,5.23,692.74
O004473,2,P0226,1,706.04,0.2,10.89,575.72
O004474,1,P0005,2,9999.99,0.05,2.64,19002.62
O004474,2,P0173,2,758.26,0.15,11.53,1300.57
O004475,1,P0026,1,659.65,0,18.88,678.53
O004476,1,P0205,1,468.82,0,14.65,483.47
O004477,1,P0024,3,832.14,0,10.47,2506.89
O004478,1,P0127,1,597.61,0,8.18,605.79
O004478,2,P0183,1,808.84,0,4.9,813.74
O004478,3,P0320,2,907.09,0.15,18.08,1560.13
O004479,1,P0151,1,785.65,0,20.85,806.5
O004480,1,P0283,2,433.94,0,14.22,882.1
O004480,2,P0295,2,164.98,0.1,19.07,316.03
O004480,3,P0049,1,841.2,0.15,27.54,742.56
O004480,4,P0105,5,18.23,0.1,2,84.04
O004481,1,P0208,1,723.84,0,19.09,742.93
O004482,1,P0216,1,823.56,0,19.48,843.04
O004483,1,P0269,3,256.16,0.15,7.82,661.03
O004484,1,P0048,1,920.6,0.15,6.77,789.28
O004485,1,P0143,2,110.16,0.15,16.69,203.96
O004486,1,P0168,2,45.44,0.1,9.25,91.04
O004487,1,P0217,2,390.23,0,7.03,787.49
O004488,1,P0098,2,701.13,0,13.08,1415.34
O004489,1,P0230,4,438.21,0.1,7.42,1584.98
O004490,1,P0199,1,324.1,0.1,2,293.69
O004491,1,P0269,2,256.16,0.2,8.08,417.94
O004492,1,P0179,3,159.25,0,9.46,487.21
O004493,1,P0014,1,187.84,0.05,2,180.45
O004493,2,P0164,2,13.57,0,11.24,38.38
O004494,1,P0078,2,314.17,0,2,630.34
O004495,1,P0090,1,907.45,0,3.42,910.87
O004496,1,P0005,3,9999.99,0.1,2,27001.97
O004496,2,P0236,1,397.11,0,7.84,404.95
O004496,3,P0215,1,1003.36,0,20.21,1023.57
O004497,1,P0166,2,20.64,0,20.22,61.5
O004498,1,P0158,1,130.71,0,14.17,144.88
O004498,2,P0135,1,504.23,0.05,11.62,490.64
O004499,1,P0047,1,224.37,0.2,14.96,194.46
O004500,1,P0119,2,229.62,0.05,15.9,452.18
O004501,1,P0262,2,519.27,0.15,2,884.76
O004502,1,P0123,1,202.44,0.05,2.02,194.34
O004502,2,P0016,2,576.57,0,14.76,1167.9
O004503,1,P0122,1,149.46,0,17.31,166.77
O004503,2,P0177,1,95.11,0,21.27,116.38
O004504,1,P0083,1,594.36,0,18.34,612.7
O004504,2,P0122,1,149.46,0,2,151.46
O004505,1,P0079,1,165.37,0,13.52,178.89
O004505,2,P0014,1,187.84,0,7.51,195.35
O004506,1,P0292,2,386.72,0,2,775.44
O004507,1,P0280,1,128.6,0,3.45,132.05
O004508,1,P0126,1,311.62,0,21.72,333.34
O004508,2,P0255,1,854.74,0,13.49,868.23
O004509,1,P0254,1,824.63,0.1,7.34,749.51
O004510,1,P0070,4,298.91,0.05,16.05,1151.91
O004510,2,P0289,1,88.04,0,10.88,98.92
O004511,1,P0020,3,1036.19,0,4.25,3112.82
O004512,1,P0203,1,420.71,0.1,2,380.64
O004513,1,P0055,1,237.15,0,12.58,249.73
O004514,1,P0001,1,342.26,0,2,344.26
O004514,2,P0184,2,112.13,0.05,15.91,228.96
O004515,1,P0057,2,286.31,0.1,19.6,534.96
O004516,1,P0111,1,127.38,0,2.85,130.23
O004517,1,P0140,1,227.4,0.05,14.78,230.81
O004518,1,P0193,1,216.15,0.1,3.75,198.28
O004519,1,P0151,2,785.65,0.05,28.05,1520.78
O004519,2,P0052,1,782.48,0,2.1,784.58
O004520,1,P0172,1,461.92,0,21.16,483.08
O004521,1,P0061,1,776.86,0.1,7.77,706.94
O004522,1,P0187,1,106.77,0,2,108.77
O004523,1,P0259,1,849.86,0.05,17.06,824.43
O004524,1,P0162,1,529.22,0.15,28.91,478.75
O004524,2,P0133,1,17.03,0.1,15.18,30.51
O004525,1,P0283,1,433.94,0,16.89,450.83
O004525,2,P0023,1,587.39,0,20.79,608.18
O004526,1,P0098,2,701.13,0,16.01,1418.27
O004526,2,P0231,1,766.78,0,14.32,781.1
O004527,1,P0042,1,584.05,0.05,18.84,573.69
O004527,2,P0177,5,95.11,0,2,477.55
O004528,1,P0005,1,9999.99,0.1,2,9001.99
O004529,1,P0006,2,202.12,0.05,17.07,401.1
O004529,2,P0148,1,188.16,0.05,9.82,188.57
O004530,1,P0316,4,419.97,0,15.02,1694.9
O004530,2,P0241,1,307.92,0.1,17.86,294.99
O004530,3,P0232,1,295.67,0.05,11.66,292.55
O004531,1,P0075,1,233.38,0.05,10.24,231.95
O004532,1,P0316,2,419.97,0.05,8.21,806.15
O004533,1,P0246,1,236.21,0,17.64,253.85
O004534,1,P0206,1,75.89,0,11.68,87.57
O004535,1,P0287,1,756.46,0,5.55,762.01
O004536,1,P0292,1,386.72,0,13.94,400.66
O004537,1,P0317,1,811.43,0,2.06,813.49
O004538,1,P0146,2,288.94,0.1,14.38,534.47
O004539,1,P0268,1,214.47,0.05,20.03,223.78
O004540,1,P0053,1,360.49,0,13.47,373.96
O004540,2,P0241,1,307.92,0,16.77,324.69
O004541,1,P0240,1,237.45,0.15,5.5,207.33
O004542,1,P0320,1,907.09,0,11.46,918.55
O004542,2,P0096,1,224.82,0,11.7,236.52
O004543,1,P0091,2,86.5,0.05,13.96,178.31
O004543,2,P0162,1,529.22,0,21.37,550.59
O004544,1,P0081,2,312.38,0.1,18.97,581.25
O004545,1,P0201,1,583.78,0,13.54,597.32
O004546,1,P0204,5,387.0,0,10.51,1945.51
O004547,1,P0061,2,776.86,0.05,15.19,1491.22
O004548,1,P0254,2,824.63,0.2,4.35,1323.76
O004549,1,P0236,1,397.11,0.05,3.98,381.23
O004550,1,P0146,1,288.94,0,8.05,296.99
O004551,1,P0094,2,756.84,0,17.24,1530.92
O004551,2,P0027,1,406.86,0,24.93,431.79
O004551,3,P0088,3,259.63,0,14.86,793.75
O004552,1,P0092,1,901.51,0.1,8.46,819.82
O004553,1,P0035,1,544.32,0.05,4.72,521.82
O004553,2,P0254,2,824.63,0,21.31,1670.57
O004554,1,P0177,1,95.11,0,20.5,115.61
O004555,1,P0018,1,598.9,0.2,22.74,501.86
O004555,2,P0253,2,162.64,0.1,2,294.75
O004555,3,P0107,1,435.88,0.05,15.15,429.24
O004555,4,P0130,1,491.43,0,21.36,512.79
O004556,1,P0249,1,575.36,0,2,577.36
O004557,1,P0113,1,814.98,0,5.98,820.96
O004557,2,P0207,1,469.0,0,23.5,492.5
O004558,1,P0160,1,413.02,0,14.83,427.85
O004558,2,P0083,2,594.36,0,12.73,1201.45
O004558,3,P0031,2,397.25,0,14.24,808.74
O004559,1,P0210,3,949.92,0.15,15.18,2437.48
O004560,1,P0100,1,237.44,0.1,17.71,231.41
O004561,1,P0042,1,584.05,0.2,7.18,474.42
O004562,1,P0027,1,406.86,0.1,2,368.17
O004563,1,P0201,2,583.78,0.05,25.1,1134.28
O004563,2,P0128,1,835.43,0.05,2,795.66
O004564,1,P0035,1,544.32,0,2,546.32
O004564,2,P0179,1,159.25,0.05,13.28,164.57
O004565,1,P0149,1,858.19,0,12.97,871.16
O004565,2,P0033,1,310.62,0.15,12.0,276.03
O004566,1,P0234,2,354.24,0,2.52,711.0
O004567,1,P0303,1,483.69,0,18.35,502.04
O004568,1,P0127,1,597.61,0,11.76,609.37
O004569,1,P0199,1,324.1,0.2,22.29,281.57
O004570,1,P0073,1,139.62,0,4.87,144.49
O004571,1,P0022,1,623.29,0.1,6.97,567.93
O004572,1,P0222,5,182.56,0,26.05,938.85
O004572,2,P0268,2,214.47,0,20.53,449.47
O004573,1,P0306,1,219.19,0.15,19.22,205.53
O004574,1,P0292,1,386.72,0.15,13.2,341.91
O004574,2,P0317,1,811.43,0,4.31,815.74
O004574,3,P0123,3,202.44,0.15,11.73,527.95
O004574,4,P0295,2,164.98,0,20.27,350.23
O004575,1,P0310,3,8.5,0,12.37,37.87
O004575,2,P0286,1,518.79,0.1,20.89,487.8
O004575,3,P0192,1,951.76,0,2,953.76
O004576,1,P0170,1,444.66,0.1,12.69,412.88
O004577,1,P0222,1,182.56,0,6.19,188.75
O004578,1,P0035,1,544.32,0,2,546.32
O004579,1,P0160,1,413.02,0,21.8,434.82
O004580,1,P0127,1,597.61,0.1,33.98,571.83
O004581,1,P0262,1,519.27,0.15,17.6,458.98
O004581,2,P0048,2,920.6,0.05,9.75,1758.89
O004582,1,P0279,1,489.87,0,15.8,505.67
O004583,1,P0050,1,745.53,0,13.52,759.05
O004583,2,P0206,3,75.89,0,19.37,247.04
O004584,1,P0182,1,150.43,0,20.19,170.62
O004584,2,P0193,1,216.15,0,4.91,221.06
O004585,1,P0184,1,112.13,0,2,114.13
O004585,2,P0136,1,784.55,0,14.66,799.21
O004586,1,P0215,1,1003.36,0.05,14.45,967.64
O004586,2,P0059,2,953.24,0,20.36,1926.84
O004587,1,P0111,1,127.38,0,6.87,134.25
O004588,1,P0035,4,544.32,0,13.73,2191.01
O004588,2,P0184,2,112.13,0.05,10.94,223.99
O004589,1,P0187,1,106.77,0.05,2.19,103.62
O004589,2,P0219,1,553.58,0,18.44,572.02
O004589,3,P0314,1,745.22,0,7.78,753.0
O004590,1,P0172,1,461.92,0,2,463.92
O004590,2,P0141,1,92.1,0.05,22.22,109.71
O004590,3,P0110,1,1039.88,0,3.13,1043.01
O004591,1,P0070,1,298.91,0,25.41,324.32
O004592,1,P0217,2,390.23,0.1,11.07,713.48
O004593,1,P0112,1,400.76,0.1,9.49,370.17
O004593,2,P0095,1,97.16,0,23.2,120.36
O004594,1,P0040,1,354.01,0,16.58,370.59
O004595,1,P0193,1,216.15,0.05,21.75,227.09
O004596,1,P0278,1,480.16,0,14.59,494.75
O004597,1,P0168,1,45.44,0.1,18.93,59.83
O004598,1,P0129,1,104.68,0,14.39,119.07
O004599,1,P0295,1,164.98,0,7.39,172.37
O004600,1,P0068,1,148.48,0.15,13.56,139.77
O004601,1,P0205,1,468.82,0.2,9.69,384.75
O004601,2,P0003,1,146.76,0,14.26,161.02
O004601,3,P0162,1,529.22,0.2,3.6,426.98
O004601,4,P0050,1,745.53,0,8.41,753.94
O004602,1,P0054,1,429.08,0.2,11.85,355.11
O004603,1,P0275,1,515.35,0,2.71,518.06
O004604,1,P0189,1,630.91,0,7.03,637.94
O004604,2,P0190,1,449.88,0.1,14.46,419.35
O004605,1,P0131,2,185.19,0,18.7,389.08
O004605,2,P0143,1,110.16,0,12.78,122.94
O004605,3,P0190,1,449.88,0.2,4.22,364.12
O004605,4,P0063,1,310.44,0,18.61,329.05
O004606,1,P0046,1,190.18,0.2,15.14,167.28
O004607,1,P0135,2,504.23,0.05,5.03,963.07
O004608,1,P0197,1,756.59,0.15,7.72,650.82
O004609,1,P0021,1,806.92,0.15,15.67,701.55
O004610,1,P0029,1,490.19,0.05,7.6,473.28
O004611,1,P0186,1,638.99,0.05,7.86,614.9
O004611,2,P0078,1,314.17,0.1,6.36,289.11
O004612,1,P0110,1,1039.88,0.05,5.74,993.63
O004613,1,P0068,1,148.48,0.05,14.72,155.78
O004614,1,P0312,1,681.66,0.1,23.79,637.28
O004615,1,P0174,3,845.79,0,18.07,2555.44
O004615,2,P0017,1,237.22,0,12.12,249.34
O004615,3,P0057,1,286.31,0.1,21.53,279.21
O004616,1,P0279,2,489.87,0,11.4,991.14
O004617,1,P0090,4,907.45,0,5.77,3635.57
O004618,1,P0036,1,67.34,0.05,19.33,83.3
O004618,2,P0069,1,423.73,0.1,14.21,395.57
O004619,1,P0148,1,188.16,0,11.2,199.36
O004620,1,P0240,1,237.45,0,2,239.45
O004621,1,P0204,1,387.0,0,5.14,392.14
O004621,2,P0251,1,266.39,0.1,12.36,252.11
O004622,1,P0001,1,342.26,0,20.76,363.02
O004622,2,P0252,2,259.81,0,2,521.62
O004622,3,P0052,1,782.48,0.1,2,706.23
O004623,1,P0088,1,259.63,0,18.25,277.88
O004624,1,P0169,1,410.06,0,11.5,421.56
O004624,2,P0212,2,486.38,0,7.6,980.36
O004625,1,P0026,1,659.65,0,5.95,665.6
O004625,2,P0070,4,298.91,0.1,21.89,1097.97
O004625,3,P0147,3,535.43,0.05,18.14,1544.12
O004625,4,P0178,2,294.67,0.15,15.68,516.62
O004626,1,P0158,1,130.71,0,2.76,133.47
O004626,2,P0291,1,657.02,0.1,19.02,610.34
O004626,3,P0077,1,20.98,0.1,12.18,31.06
O004627,1,P0075,1,233.38,0,19.87,253.25
O004628,1,P0080,1,194.14,0.2,6.7,162.01
O004629,1,P0103,1,158.36,0,6.78,165.14
O004630,1,P0159,1,343.13,0.15,3.43,295.09
O004630,2,P0258,1,81.39,0,5.95,87.34
O004631,1,P0250,1,375.47,0,20.46,395.93
O004632,1,P0204,3,387.0,0,2,1163.0
O004632,2,P0247,2,315.54,0,6.29,637.37
O004632,3,P0064,4,145.78,0.15,17.45,513.1
O004633,1,P0102,1,249.53,0,11.17,260.7
O004634,1,P0096,1,224.82,0,22.89,247.71
O004634,2,P0185,1,8.75,0.15,11.31,18.75
O004635,1,P0009,1,17.8,0.1,17.48,33.5
O004636,1,P0088,1,259.63,0,21.38,281.01
O004637,1,P0214,1,42.92,0.15,7.66,44.14
O004637,2,P0307,5,69.12,0.05,5.07,333.39
O004637,3,P0039,1,205.22,0,2,207.22
O004638,1,P0204,2,387.0,0,6.15,780.15
O004638,2,P0217,1,390.23,0.05,2,372.72
O004639,1,P0166,1,20.64,0.2,9.01,25.52
O004640,1,P0261,1,745.54,0.1,26.79,697.78
O004641,1,P0088,1,259.63,0,15.9,275.53
O004642,1,P0216,1,823.56,0.05,16.97,799.35
O004643,1,P0297,1,38.06,0.1,8.1,42.35
O004643,2,P0046,1,190.18,0.15,8.01,169.66
O004644,1,P0108,1,957.8,0,19.7,977.5
O004645,1,P0238,2,645.9,0,2,1293.8
O004645,2,P0214,2,42.92,0.05,23.1,104.65
O004646,1,P0209,2,690.43,0,12.31,1393.17
O004646,2,P0259,1,849.86,0,25.54,875.4
O004647,1,P0278,1,480.16,0,5.56,485.72
O004647,2,P0194,1,140.84,0,27.24,168.08
O004648,1,P0270,1,949.79,0,18.06,967.85
O004649,1,P0142,1,483.04,0,20.12,503.16
O004650,1,P0296,1,428.51,0,15.29,443.8
O004651,1,P0275,1,515.35,0.1,11.68,475.5
O004652,1,P0211,2,980.09,0.05,5.01,1867.18
O004652,2,P0096,1,224.82,0.15,8.37,199.47
O004653,1,P0243,2,711.65,0,10.61,1433.91
O004654,1,P0276,2,820.81,0,11.78,1653.4
O004655,1,P0308,1,109.62,0,9.72,119.34
O004656,1,P0135,1,504.23,0,26.9,531.13
O004657,1,P0234,1,354.24,0.05,5.07,341.6
O004658,1,P0242,1,722.98,0,5.06,728.04
O004659,1,P0021,3,806.92,0,19.14,2439.9
O004660,1,P0081,4,312.38,0,24.17,1273.69
O004661,1,P0008,1,193.75,0.1,25.46,199.84
O004661,2,P0134,3,574.47,0,4.46,1727.87
O004661,3,P0037,1,1028.12,0.2,4.83,827.33
O004662,1,P0066,2,451.94,0,7.16,911.04
O004662,2,P0188,3,480.75,0.1,17.12,1315.14
O004663,1,P0280,2,128.6,0,6.43,263.63
O004664,1,P0118,1,588.11,0,9.11,597.22
O004665,1,P0260,1,623.36,0,9.82,633.18
O004665,2,P0194,1,140.84,0,24.81,165.65
O004666,1,P0074,2,81.29,0.1,17.46,163.78
O004666,2,P0121,2,97.09,0,24.5,218.68
O004667,1,P0103,1,158.36,0.15,8.28,142.89
O004668,1,P0318,5,432.06,0.05,11.8,2064.09
O004669,1,P0242,1,722.98,0,2,724.98
O004670,1,P0121,1,97.09,0.05,11.67,103.91
O004671,1,P0263,1,574.22,0,11.77,585.99
O004671,2,P0014,1,187.84,0,17.33,205.17
O004671,3,P0231,3,766.78,0.15,2,1957.29
O004672,1,P0122,3,149.46,0.1,17.84,421.38
O004672,2,P0143,2,110.16,0.05,8.59,217.89
O004673,1,P0221,1,188.81,0,6.26,195.07
O004674,1,P0296,1,428.51,0.05,23.71,430.79
O004675,1,P0066,4,451.94,0.05,5.62,1722.99
O004676,1,P0316,1,419.97,0.1,5.16,383.13
O004677,1,P0045,2,72.1,0,2.77,146.97
O004678,1,P0195,2,256.53,0.15,3.11,439.21
O004678,2,P0268,2,214.47,0,2.65,431.59
O004679,1,P0078,1,314.17,0.1,9.87,292.62
O004680,1,P0226,3,706.04,0,9.32,2127.44
O004681,1,P0158,4,130.71,0.05,11.43,508.13
O004681,2,P0263,1,574.22,0.15,15.08,503.17
O004682,1,P0029,1,490.19,0,16.32,506.51
O004683,1,P0251,1,266.39,0,22.63,289.02
O004684,1,P0043,1,118.53,0,24.16,142.69
O004684,2,P0270,2,949.79,0.05,2,1806.6
O004685,1,P0023,1,587.39,0.2,13.46,483.37
O004685,2,P0058,4,156.02,0.05,19.52,612.4
O004686,1,P0040,1,354.01,0,10.16,364.17
O004687,1,P0132,2,107.93,0.05,12.21,217.28
O004687,2,P0145,2,247.46,0,19.7,514.62
O004687,3,P0306,1,219.19,0,16.36,235.55
O004688,1,P0291,5,657.02,0.05,15.18,3136.02
O004689,1,P0190,1,449.88,0,14.68,464.56
O004690,1,P0292,1,386.72,0,14.78,401.5
O004691,1,P0172,1,461.92,0,2,463.92
O004692,1,P0057,2,286.31,0.15,3.95,490.68
O004693,1,P0286,1,518.79,0,6.59,525.38
O004694,1,P0196,1,753.97,0,13.41,767.38
O004694,2,P0007,1,306.83,0,14.52,321.35
O004694,3,P0099,2,458.56,0,2,919.12
O004694,4,P0104,1,521.9,0.05,21.74,517.54
O004695,1,P0282,1,856.4,0,4.12,860.52
O004695,2,P0090,3,907.45,0,13.81,2736.16
O004696,1,P0036,1,67.34,0,11.46,78.8
O004697,1,P0103,5,158.36,0.05,2,754.21
O004697,2,P0157,2,807.11,0.05,12.82,1546.33
O004698,1,P0169,1,410.06,0.15,7.45,356.0
O004699,1,P0137,1,168.37,0.15,9.27,152.38
O004700,1,P0153,2,339.5,0,2,681.0
O004700,2,P0256,1,847.43,0,2,849.43
O004700,3,P0053,1,360.49,0.1,15.09,339.53
O004701,1,P0005,2,9999.99,0,13.09,20013.07
O004701,2,P0062,1,673.39,0.1,10.3,616.35
O004702,1,P0266,2,242.67,0.05,17.84,478.91
O004702,2,P0188,1,480.75,0,16.42,497.17
O004702,3,P0289,1,88.04,0,12.94,100.98
O004703,1,P0138,1,870.78,0.15,9.86,750.02
O004703,2,P0168,1,45.44,0,5.86,51.3
O004703,3,P0178,1,294.67,0,2,296.67
O004704,1,P0283,1,433.94,0,2,435.94
O004704,2,P0224,1,355.54,0.15,17.66,319.87
O004705,1,P0204,1,387.0,0,9.18,396.18
O004705,2,P0144,2,649.77,0.1,16.01,1185.6
O004705,3,P0114,1,967.11,0,26.44,993.55
O004706,1,P0275,1,515.35,0.1,4.05,467.87
O004707,1,P0188,1,480.75,0.1,16.81,449.49
O004707,2,P0297,1,38.06,0.1,22.62,56.87
O004707,3,P0103,1,158.36,0,2.33,160.69
O004708,1,P0258,2,81.39,0,9.08,171.86
O004709,1,P0318,3,432.06,0,15.27,1311.45
O004710,1,P0283,3,433.94,0,19.39,1321.21
O004711,1,P0112,2,400.76,0,3.41,804.93
O004712,1,P0235,1,6.83,0,10.55,17.38
O004713,1,P0173,1,758.26,0,32.04,790.3
O004714,1,P0012,1,529.58,0.1,9.11,485.73
O004714,2,P0229,2,81.64,0,4.69,167.97
O004715,1,P0089,1,625.43,0,7.14,632.57
O004716,1,P0181,1,364.59,0.2,14.47,306.14
O004716,2,P0141,5,92.1,0,9.78,470.28
O004717,1,P0224,1,355.54,0.05,19.61,357.37
O004717,2,P0233,4,84.69,0,2,340.76
O004718,1,P0088,1,259.63,0,5.5,265.13
O004719,1,P0093,1,952.7,0.05,13.24,918.31
O004720,1,P0100,1,237.44,0.15,5.28,207.1
O004721,1,P0154,1,25.6,0,19.74,45.34
O004722,1,P0037,2,1028.12,0.1,2.99,1853.61
O004723,1,P0060,5,27.23,0.1,17.38,139.92
O004723,2,P0159,1,343.13,0,2,345.13
O004724,1,P0118,1,588.11,0.05,13.44,572.14
O004724,2,P0081,1,312.38,0.1,12.86,294.0
O004725,1,P0083,1,594.36,0.2,12.91,488.4
O004726,1,P0147,1,535.43,0,6.03,541.46
O004727,1,P0217,1,390.23,0,2,392.23
O004728,1,P0230,1,438.21,0,7.87,446.08
O004728,2,P0127,1,597.61,0.15,8.4,516.37
O004729,1,P0095,1,97.16,0.1,3.99,91.43
O004729,2,P0054,2,429.08,0.1,7.94,780.28
O004729,3,P0019,3,618.71,0,17.64,1873.77
O004730,1,P0164,1,13.57,0.1,21.17,33.38
O004731,1,P0138,1,870.78,0.05,11.29,838.53
O004731,2,P0175,4,568.15,0.2,11.1,1829.18
O004731,3,P0250,1,375.47,0,17.47,392.94
O004732,1,P0313,1,555.72,0,11.1,566.82
O004733,1,P0291,1,657.02,0.15,6.83,565.3
O004734,1,P0091,1,86.5,0.1,8.88,86.73
O004735,1,P0129,3,104.68,0.05,7.53,305.87
O004736,1,P0263,2,574.22,0,25.94,1174.38
O004736,2,P0296,1,428.51,0.05,13.57,420.65
O004737,1,P0038,3,778.2,0,5.38,2339.98
O004737,2,P0274,1,832.77,0,12.81,845.58
O004737,3,P0028,2,305.36,0.15,2.7,521.81
O004738,1,P0068,1,148.48,0.1,2,135.63
O004738,2,P0016,1,576.57,0,19.92,596.49
O004739,1,P0318,2,432.06,0.05,10.12,831.03
O004739,2,P0041,5,126.39,0,12.2,644.15
O004740,1,P0094,1,756.84,0,13.37,770.21
O004741,1,P0131,1,185.19,0.05,6.95,182.88
O004742,1,P0084,1,294.21,0,2.99,297.2
O004743,1,P0100,1,237.44,0.05,27.46,253.03
O004743,2,P0107,1,435.88,0,17.53,453.41
O004743,3,P0030,3,122.57,0,19.68,387.39
O004744,1,P0172,1,461.92,0,2.3,464.22
O004744,2,P0072,1,38.74,0,5.45,44.19
O004745,1,P0256,2,847.43,0.05,7.44,1617.56
O004745,2,P0081,1,312.38,0.1,7.23,288.37
O004746,1,P0201,1,583.78,0,16.26,600.04
O004746,2,P0251,1,266.39,0,19.38,285.77
O004746,3,P0036,1,67.34,0.05,5.27,69.24
O004747,1,P0033,4,310.62,0.05,12.19,1192.55
O004748,1,P0163,1,825.28,0,15.21,840.49
O004748,2,P0212,1,486.38,0.05,9.29,471.35
O004748,3,P0148,1,188.16,0.15,13.52,173.46
O004749,1,P0176,1,265.34,0,13.45,278.79
O004750,1,P0205,1,468.82,0.05,10.93,456.31
O004750,2,P0070,1,298.91,0,2,300.91
O004751,1,P0295,1,164.98,0,18.9,183.88
O004752,1,P0078,1,314.17,0,10.93,325.1
O004753,1,P0230,2,438.21,0.15,11.49,756.45
O004753,2,P0081,1,312.38,0,9.31,321.69
O004754,1,P0183,1,808.84,0,14.45,823.29
O004754,2,P0145,1,247.46,0.05,17.03,252.12
O004755,1,P0092,1,901.51,0,2,903.51
O004756,1,P0013,1,110.57,0,17.21,127.78
O004756,2,P0307,2,69.12,0,7.58,145.82
O004756,3,P0107,1,435.88,0,9.75,445.63
O004756,4,P0024,1,832.14,0,4.05,836.19
O004757,1,P0076,1,1058.97,0,17.1,1076.07
O004757,2,P0316,1,419.97,0.1,11.73,389.7
O004757,3,P0123,2,202.44,0,10.06,414.94
O004757,4,P0302,1,340.59,0.15,4.36,293.86
O004758,1,P0109,1,194.26,0.1,5.44,180.27
O004759,1,P0208,1,723.84,0.1,2,653.46
O004760,1,P0121,1,97.09,0,2.55,99.64
O004761,1,P0002,1,556.12,0,6.17,562.29
O004761,2,P0292,1,386.72,0,2.13,388.85
O004762,1,P0137,2,168.37,0,16.16,352.9
O004762,2,P0080,1,194.14,0,7.04,201.18
O004763,1,P0272,1,724.17,0,12.86,737.03
O004764,1,P0208,2,723.84,0.1,7.76,1310.67
O004765,1,P0010,2,362.93,0.1,19.16,672.43
O004766,1,P0145,1,247.46,0,4.46,251.92
O004766,2,P0181,1,364.59,0.15,8.59,318.49
O004766,3,P0028,1,305.36,0.05,15.85,305.94
O004767,1,P0283,3,433.94,0,2,1303.82
O004767,2,P0276,2,820.81,0,8.03,1649.65
O004767,3,P0056,2,581.05,0,10.0,1172.1
O004768,1,P0253,1,162.64,0,4.33,166.97
O004769,1,P0190,1,449.88,0,10.23,460.11
O004770,1,P0276,1,820.81,0.1,23.9,762.63
O004771,1,P0091,1,86.5,0.15,2.84,76.36
O004772,1,P0249,3,575.36,0,7.44,1733.52
O004772,2,P0141,1,92.1,0,9.98,102.08
O004773,1,P0145,1,247.46,0,15.9,263.36
O004774,1,P0031,1,397.25,0.05,9.73,387.12
O004774,2,P0269,1,256.16,0,5.28,261.44
O004775,1,P0015,1,284.04,0,11.36,295.4
O004775,2,P0191,1,654.69,0,11.6,666.29
O004776,1,P0129,1,104.68,0,12.32,117.0
O004777,1,P0169,1,410.06,0.05,16.6,406.16
O004777,2,P0088,2,259.63,0.1,4.14,471.47
O004777,3,P0096,1,224.82,0,15.73,240.55
O004778,1,P0254,1,824.63,0.05,19.15,802.55
O004778,2,P0067,1,355.88,0.2,6.08,290.78
O004779,1,P0288,2,898.37,0,13.74,1810.48
O004780,1,P0080,1,194.14,0,10.81,204.95
O004781,1,P0301,1,263.33,0,12.34,275.67
O004782,1,P0109,1,194.26,0,3.8,198.06
O004782,2,P0207,2,469.0,0.1,10.39,854.59
O004782,3,P0212,2,486.38,0.05,6.68,930.8
O004783,1,P0033,1,310.62,0,27.3,337.92
O004784,1,P0207,3,469.0,0.05,19.17,1355.82
O004784,2,P0224,2,355.54,0,10.59,721.67
O004785,1,P0007,2,306.83,0.15,22.92,544.53
O004786,1,P0009,1,17.8,0,7.58,25.38
O004787,1,P0070,1,298.91,0,17.23,316.14
O004788,1,P0012,1,529.58,0.15,10.21,460.35
O004789,1,P0310,3,8.5,0,17.3,42.8
O004789,2,P0160,1,413.02,0,13.62,426.64
O004789,3,P0135,1,504.23,0.05,10.22,489.24
O004790,1,P0255,1,854.74,0,9.96,864.7
O004791,1,P0091,1,86.5,0.2,16.43,85.63
O004791,2,P0174,1,845.79,0,13.99,859.78
O004792,1,P0091,1,86.5,0,14.02,100.52
O004792,2,P0057,1,286.31,0,23.97,310.28
O004792,3,P0255,1,854.74,0.1,11.64,780.91
O004792,4,P0283,5,433.94,0,20.88,2190.58
O004793,1,P0020,1,1036.19,0,16.53,1052.72
O004793,2,P0129,5,104.68,0,29.82,553.22
O004794,1,P0267,2,1088.78,0,12.93,2190.49
O004794,2,P0011,1,363.12,0,18.39,381.51
O004794,3,P0070,1,298.91,0,3.29,302.2
O004795,1,P0074,1,81.29,0.15,8.3,77.4
O004795,2,P0199,2,324.1,0.15,3.41,554.38
O004795,3,P0110,1,1039.88,0,2,1041.88
O004795,4,P0078,1,314.17,0.1,2.9,285.65
O004796,1,P0030,5,122.57,0.2,12.01,502.29
O004797,1,P0279,1,489.87,0,10.21,500.08
O004798,1,P0298,2,410.7,0.15,5.1,703.29
O004798,2,P0297,1,38.06,0,13.04,51.1
O004798,3,P0007,2,306.83,0,15.08,628.74
O004799,1,P0044,4,456.63,0.1,13.26,1657.13
O004799,2,P0149,3,858.19,0.05,15.31,2461.15
O004800,1,P0025,1,343.24,0.15,9.31,301.06
O004801,1,P0158,1,130.71,0.15,25.21,136.31
O004801,2,P0232,1,295.67,0,17.8,313.47
O004802,1,P0010,1,362.93,0.15,14.42,322.91
O004802,2,P0178,1,294.67,0,18.43,313.1
O004803,1,P0266,1,242.67,0.1,7.27,225.67
O004804,1,P0238,1,645.9,0,8.49,654.39
O004805,1,P0250,2,375.47,0.1,10.3,686.15
O004805,2,P0171,1,427.19,0,11.91,439.1
O004805,3,P0291,1,657.02,0,2,659.02
O004806,1,P0226,1,706.04,0,2,708.04
O004806,2,P0162,3,529.22,0,2,1589.66
O004807,1,P0104,2,521.9,0.05,8.35,999.96
O004808,1,P0178,1,294.67,0,10.24,304.91
O004809,1,P0115,1,602.48,0.05,5.71,578.07
O004809,2,P0011,1,363.12,0.2,16.5,307.0
O004809,3,P0233,2,84.69,0.05,12.59,173.5
O004810,1,P0150,1,23.53,0.1,2,23.18
O004810,2,P0306,1,219.19,0.05,19.31,227.54
O004810,3,P0196,1,753.97,0,22.26,776.23
O004810,4,P0217,1,390.23,0,2,392.23
O004811,1,P0292,1,386.72,0.05,18.95,386.33
O004811,2,P0095,2,97.16,0,23.72,218.04
O004812,1,P0039,2,205.22,0,10.63,421.07
O004812,2,P0081,3,312.38,0,26.54,963.68
O004812,3,P0068,1,148.48,0.1,11.7,145.33
O004813,1,P0288,1,898.37,0.15,21.65,785.26
O004814,1,P0182,2,150.43,0.05,8.96,294.78
O004814,2,P0009,2,17.8,0,17.3,52.9
O004815,1,P0078,1,314.17,0,6.92,321.09
O004816,1,P0271,1,775.17,0.15,23.73,682.62
O004816,2,P0054,1,429.08,0.1,2,388.17
O004816,3,P0292,1,386.72,0.15,8.54,337.25
O004817,1,P0124,1,336.97,0.15,18.03,304.45
O004817,2,P0277,1,49.26,0,20.98,70.24
O004818,1,P0207,1,469.0,0.05,15.54,461.09
O004818,2,P0279,1,489.87,0.15,13.7,430.09
O004819,1,P0018,1,598.9,0.05,18.26,587.21
O004819,2,P0006,1,202.12,0,20.14,222.26
O004820,1,P0064,2,145.78,0,19.12,310.68
O004820,2,P0177,2,95.11,0.1,2.03,173.23
O004821,1,P0015,1,284.04,0,4.69,288.73
O004821,2,P0276,1,820.81,0.15,10.01,707.7
O004822,1,P0166,1,20.64,0.05,27.28,46.89
O004823,1,P0178,3,294.67,0.05,18.6,858.41
O004823,2,P0007,1,306.83,0,20.49,327.32
O004824,1,P0301,3,263.33,0,16.77,806.76
O004824,2,P0227,1,292.14,0,2,294.14
O004824,3,P0274,1,832.77,0,8.79,841.56
O004825,1,P0028,1,305.36,0.15,21.42,280.98
O004825,2,P0255,1,854.74,0,10.37,865.11
O004825,3,P0092,1,901.51,0,8.95,910.46
O004826,1,P0294,1,73.38,0,20.13,93.51
O004827,1,P0159,1,343.13,0,5.41,348.54
O004827,2,P0181,1,364.59,0,12.14,376.73
O004828,1,P0271,1,775.17,0.1,11.28,708.93
O004829,1,P0291,1,657.02,0.2,9.26,534.88
O004829,2,P0178,1,294.67,0,16.86,311.53
O004830,1,P0193,2,216.15,0,14.08,446.38
O004831,1,P0200,2,499.63,0,7.69,1006.95
O004831,2,P0153,1,339.5,0,15.72,355.22
O004832,1,P0149,2,858.19,0,8.07,1724.45
O004833,1,P0083,2,594.36,0.15,2,1012.41
O004834,1,P0241,1,307.92,0.05,3.07,295.59
O004834,2,P0080,2,194.14,0.1,12.46,361.91
O004834,3,P0090,2,907.45,0,20.7,1835.6
O004835,1,P0304,3,396.52,0.05,9.32,1139.4
O004835,2,P0142,1,483.04,0.1,2,436.74
O004836,1,P0056,1,581.05,0.05,27.8,579.8
O004836,2,P0219,2,553.58,0,20.48,1127.64
O004836,3,P0015,1,284.04,0,20.13,304.17
O004837,1,P0085,1,554.3,0.1,5.26,504.13
O004837,2,P0137,2,168.37,0,13.92,350.66
O004837,3,P0136,1,784.55,0.05,12.36,757.68
O004838,1,P0103,2,158.36,0,7.08,323.8
O004838,2,P0184,1,112.13,0.15,2,97.31
O004839,1,P0064,1,145.78,0,28.03,173.81
O004840,1,P0314,1,745.22,0.15,19.39,652.83
O004841,1,P0056,1,581.05,0.05,17.34,569.34
O004842,1,P0316,1,419.97,0.05,14.28,413.25
O004843,1,P0088,2,259.63,0,18.41,537.67
O004844,1,P0178,1,294.67,0.05,9.75,289.69
O004845,1,P0244,3,316.68,0.1,2.98,858.02
O004845,2,P0215,4,1003.36,0.15,9.44,3420.86
O004846,1,P0009,1,17.8,0,11.8,29.6
O004847,1,P0023,2,587.39,0.05,2,1118.04
O004847,2,P0147,1,535.43,0.05,6.65,515.31
O004848,1,P0066,2,451.94,0,28.19,932.07
O004849,1,P0176,1,265.34,0.1,7.53,246.34
O004850,1,P0269,1,256.16,0,11.59,267.75
O004851,1,P0275,1,515.35,0,12.74,528.09
O004852,1,P0275,1,515.35,0,15.31,530.66
O004852,2,P0096,2,224.82,0.1,24.77,429.45
O004853,1,P0087,1,118.02,0,5.7,123.72
O004854,1,P0320,1,907.09,0.05,10.73,872.47
O004855,1,P0246,1,236.21,0.05,17.31,241.71
O004856,1,P0247,2,315.54,0,5.88,636.96
O004857,1,P0080,1,194.14,0.05,17.2,201.63
O004858,1,P0102,1,249.53,0.1,2.76,227.34
O004858,2,P0266,1,242.67,0,12.7,255.37
O004859,1,P0237,2,956.17,0,24.75,1937.09
O004860,1,P0149,1,858.19,0.15,26.03,755.49
O004861,1,P0320,1,907.09,0,10.86,917.95
O004861,2,P0295,1,164.98,0,6.01,170.99
O004862,1,P0228,2,539.71,0.1,14.83,986.31
O004862,2,P0059,1,953.24,0,15.33,968.57
O004863,1,P0023,1,587.39,0,19.51,606.9
O004864,1,P0068,1,148.48,0,4.77,153.25
O004864,2,P0172,1,461.92,0,3.11,465.03
O004865,1,P0114,1,967.11,0.15,5.78,827.82
O004865,2,P0153,1,339.5,0.05,13.33,335.85
O004866,1,P0063,1,310.44,0.05,18.08,313.0
O004867,1,P0029,1,490.19,0,8.4,498.59
O004868,1,P0159,2,343.13,0.1,28.03,645.66
O004868,2,P0172,1,461.92,0.15,21.5,414.13
O004868,3,P0128,1,835.43,0,12.94,848.37
O004869,1,P0069,1,423.73,0,17.66,441.39
O004870,1,P0168,1,45.44,0.1,25.29,66.19
O004871,1,P0004,1,803.36,0.2,2,644.69
O004872,1,P0010,2,362.93,0,8.67,734.53
O004872,2,P0230,1,438.21,0,16.89,455.1
O004872,3,P0033,1,310.62,0,2,312.62
O004873,1,P0305,1,330.82,0,20.03,350.85
O004874,1,P0282,1,856.4,0,11.17,867.57
O004875,1,P0044,2,456.63,0.05,3.24,870.84
O004876,1,P0223,1,72.48,0,23.38,95.86
O004876,2,P0031,1,397.25,0.2,2.89,320.69
O004877,1,P0197,1,756.59,0,3.07,759.66
O004877,2,P0162,1,529.22,0.1,5.39,481.69
O004878,1,P0154,2,25.6,0,17.76,68.96
O004878,2,P0016,2,576.57,0,14.73,1167.87
O004879,1,P0227,1,292.14,0.1,9.69,272.62
O004879,2,P0077,4,20.98,0.05,16.5,96.22
O004880,1,P0180,2,358.61,0.1,5.11,650.61
O004880,2,P0244,1,316.68,0,22.53,339.21
O004880,3,P0133,1,17.03,0,3.67,20.7
O004881,1,P0047,1,224.37,0,11.04,235.41
O004881,2,P0036,1,67.34,0,12.51,79.85
O004881,3,P0244,2,316.68,0,15.95,649.31
O004881,4,P0119,1,229.62,0,16.38,246.0
O004882,1,P0141,1,92.1,0,16.17,108.27
O004883,1,P0246,1,236.21,0.1,21.28,233.87
O004884,1,P0094,1,756.84,0.1,7.87,689.03
O004884,2,P0261,1,745.54,0,3.78,749.32
O004885,1,P0005,1,9999.99,0.1,7.01,9007.0
O004886,1,P0081,1,312.38,0,16.52,328.9
O004887,1,P0047,1,224.37,0.15,7.28,197.99
O004887,2,P0256,3,847.43,0.05,11.03,2426.21
O004888,1,P0228,2,539.71,0.2,9.7,873.24
O004889,1,P0002,3,556.12,0,16.66,1685.02
O004889,2,P0091,2,86.5,0.1,2,157.7
O004889,3,P0111,1,127.38,0.1,2,116.64
O004890,1,P0260,4,623.36,0.05,14.19,2382.96
O004890,2,P0209,5,690.43,0.2,2,2763.72
O004890,3,P0169,2,410.06,0,10.36,830.48
O004890,4,P0095,1,97.16,0.05,16.47,108.77
O004891,1,P0115,2,602.48,0,24.06,1229.02
O004891,2,P0042,1,584.05,0,12.83,596.88
O004892,1,P0247,1,315.54,0.05,18.43,318.19
O004892,2,P0184,2,112.13,0,9.31,233.57
O004892,3,P0078,1,314.17,0,16.72,330.89
O004892,4,P0060,1,27.23,0.05,4.78,30.65
O004893,1,P0174,1,845.79,0,12.27,858.06
O004894,1,P0252,1,259.81,0,25.99,285.8
O004894,2,P0010,2,362.93,0,16.16,742.02
O004895,1,P0036,1,67.34,0.05,6.44,70.41
O004896,1,P0042,1,584.05,0,28.16,612.21
O004896,2,P0132,1,107.93,0.1,7.14,104.28
O004897,1,P0038,2,778.2,0,12.81,1569.21
O004897,2,P0014,1,187.84,0,17.08,204.92
O004897,3,P0275,2,515.35,0.1,7.62,935.25
O004898,1,P0234,2,354.24,0,2,710.48
O004898,2,P0217,1,390.23,0.15,14.67,346.37
O004899,1,P0057,1,286.31,0.05,22.43,294.42
O004900,1,P0258,3,81.39,0,24.2,268.37
O004901,1,P0183,1,808.84,0,5.12,813.96
O004902,1,P0312,1,681.66,0,13.82,695.48
O004903,1,P0102,2,249.53,0,5.45,504.51
O004903,2,P0219,1,553.58,0.1,25.89,524.11
O004903,3,P0157,1,807.11,0,19.89,827.0
O004903,4,P0164,1,13.57,0,5.05,18.62
O004904,1,P0140,1,227.4,0,25.13,252.53
O004904,2,P0283,1,433.94,0,13.57,447.51
O004904,3,P0173,2,758.26,0,7.42,1523.94
O004905,1,P0111,1,127.38,0.1,4.7,119.34
O004906,1,P0144,2,649.77,0.05,25.26,1259.82
O004907,1,P0239,1,873.44,0,4.96,878.4
O004907,2,P0106,1,236.99,0.15,25.27,226.71
O004907,3,P0281,1,372.41,0,6.1,378.51
O004908,1,P0004,3,803.36,0.2,14.16,1942.22
O004909,1,P0276,1,820.81,0.05,2,781.77
O004909,2,P0229,2,81.64,0.15,19.16,157.95
O004909,3,P0203,2,420.71,0.05,13.26,812.61
O004910,1,P0190,1,449.88,0,17.12,467.0
O004910,2,P0230,5,438.21,0.1,19.28,1991.22
O004911,1,P0013,1,110.57,0.1,17.03,116.54
O004912,1,P0013,1,110.57,0,11.02,121.59
O004913,1,P0207,2,469.0,0,18.75,956.75
O004913,2,P0073,1,139.62,0.15,5.62,124.3
O004914,1,P0261,1,745.54,0,2,747.54
O004915,1,P0250,2,375.47,0.15,12.7,651.0
O004916,1,P0121,3,97.09,0,13.98,305.25
O004917,1,P0192,2,951.76,0,10.73,1914.25
O004918,1,P0094,3,756.84,0,8.05,2278.57
O004919,1,P0312,1,681.66,0,6.76,688.42
O004919,2,P0014,2,187.84,0,6.61,382.29
O004920,1,P0292,1,386.72,0.1,16.03,364.08
O004921,1,P0216,1,823.56,0.1,2,743.2
O004922,1,P0236,1,397.11,0,8.32,405.43
O004922,2,P0275,2,515.35,0,2,1032.7
O004923,1,P0257,1,486.52,0,8.65,495.17
O004924,1,P0170,1,444.66,0.05,10.45,432.88
O004925,1,P0309,2,541.39,0.1,23.42,997.92
O004926,1,P0194,1,140.84,0.15,7.06,126.77
O004926,2,P0296,1,428.51,0.05,2,409.08
O004926,3,P0056,1,581.05,0.1,15.14,538.08
O004926,4,P0316,1,419.97,0.05,21.24,420.21
O004927,1,P0182,1,150.43,0,10.61,161.04
O004928,1,P0099,1,458.56,0,26.83,485.39
O004929,1,P0123,1,202.44,0,13.41,215.85
O004929,2,P0073,1,139.62,0,14.58,154.2
O004929,3,P0222,1,182.56,0,18.77,201.33
O004930,1,P0218,1,363.84,0,18.78,382.62
O004930,2,P0042,1,584.05,0,6.36,590.41
O004930,3,P0024,1,832.14,0.1,2,750.93
O004931,1,P0295,1,164.98,0.1,3.22,151.7
O004931,2,P0105,3,18.23,0,6.82,61.51
O004931,3,P0254,1,824.63,0.05,24.81,808.21
O004932,1,P0015,1,284.04,0,18.38,302.42
O004933,1,P0254,1,824.63,0.1,3.22,745.39
O004934,1,P0047,1,224.37,0.05,10.27,223.42
O004934,2,P0010,1,362.93,0.2,19.31,309.65
O004934,3,P0235,1,6.83,0,33.19,40.02
O004935,1,P0191,1,654.69,0.05,2,623.96
O004935,2,P0133,1,17.03,0.15,11.25,25.73
O004935,3,P0024,1,832.14,0,14.63,846.77
O004936,1,P0304,2,396.52,0.2,2,636.43
O004937,1,P0280,3,128.6,0,30.16,415.96
O004937,2,P0136,1,784.55,0.1,18.7,724.8
O004938,1,P0089,1,625.43,0,18.44,643.87
O004938,2,P0025,1,343.24,0.2,20.38,294.97
O004939,1,P0109,1,194.26,0,11.69,205.95
O004940,1,P0118,1,588.11,0,2,590.11
O004940,2,P0309,1,541.39,0.1,33.15,520.4
O004940,3,P0198,1,764.66,0,7.29,771.95
O004941,1,P0027,1,406.86,0,17.51,424.37
O004942,1,P0085,1,554.3,0,34.38,588.68
O004942,2,P0279,1,489.87,0,13.31,503.18
O004942,3,P0225,2,84.06,0.05,6.46,166.17
O004942,4,P0290,3,617.79,0,15.13,1868.5
O004943,1,P0265,2,240.13,0,2,482.26
O004944,1,P0045,3,72.1,0,11.19,227.49
O004945,1,P0255,1,854.74,0.2,9.9,693.69
O004945,2,P0056,2,581.05,0,26.45,1188.55
O004946,1,P0210,1,949.92,0,26.09,976.01
O004946,2,P0200,1,499.63,0.05,12.68,487.33
O004946,3,P0193,1,216.15,0.1,26.75,221.28
O004947,1,P0097,1,267.08,0.1,24.85,265.22
O004948,1,P0038,2,778.2,0.05,2,1480.58
O004948,2,P0156,1,90.87,0,7.76,98.63
O004949,1,P0081,1,312.38,0.05,17.67,314.43
O004949,2,P0142,2,483.04,0,15.0,981.08
O004950,1,P0041,1,126.39,0,16.42,142.81
O004950,2,P0301,1,263.33,0,14.02,277.35
O004951,1,P0313,2,555.72,0,13.1,1124.54
O004952,1,P0298,2,410.7,0.15,14.39,712.58
O004952,2,P0047,1,224.37,0,2,226.37
O004953,1,P0203,1,420.71,0.15,14.74,372.34
O004953,2,P0072,1,38.74,0,22.7,61.44
O004954,1,P0248,1,363.73,0.05,11.74,357.28
O004955,1,P0013,1,110.57,0.2,26.04,114.5
O004956,1,P0138,2,870.78,0,12.98,1754.54
O004956,2,P0222,5,182.56,0.1,24.19,845.71
O004956,3,P0312,2,681.66,0,9.79,1373.11
O004957,1,P0165,1,27.21,0,2,29.21
O004958,1,P0238,1,645.9,0.05,14.54,628.14
O004959,1,P0028,1,305.36,0,6.25,311.61
O004960,1,P0297,1,38.06,0,17.26,55.32
O004960,2,P0209,1,690.43,0,7.7,698.13
O004961,1,P0221,1,188.81,0.1,17.28,187.21
O004962,1,P0299,1,28.85,0,5.06,33.91
O004963,1,P0315,1,174.01,0.15,2,149.91
O004964,1,P0237,1,956.17,0,15.81,971.98
O004965,1,P0173,1,758.26,0,22.67,780.93
O004965,2,P0008,1,193.75,0,11.11,204.86
O004966,1,P0044,4,456.63,0,9.72,1836.24
O004966,2,P0007,1,306.83,0.1,7.09,283.24
O004967,1,P0285,1,53.42,0,22.41,75.83
O004967,2,P0011,1,363.12,0,9.61,372.73
O004968,1,P0227,1,292.14,0,17.11,309.25
O004968,2,P0254,1,824.63,0,5.8,830.43
O004968,3,P0225,1,84.06,0,2,86.06
O004969,1,P0028,1,305.36,0,14.42,319.78
O004970,1,P0079,1,165.37,0.15,9.45,150.01
O004971,1,P0297,1,38.06,0.05,9.36,45.52
O004972,1,P0146,1,288.94,0.15,2,247.6
O004972,2,P0190,1,449.88,0.15,12.34,394.74
O004973,1,P0268,2,214.47,0.1,12.3,398.35
O004974,1,P0320,1,907.09,0,8.17,915.26
O004974,2,P0300,1,398.18,0.2,13.62,332.16
O004975,1,P0308,1,109.62,0.05,2.53,106.67
O004976,1,P0131,1,185.19,0,14.94,200.13
O004977,1,P0176,2,265.34,0,2.36,533.04
O004977,2,P0083,2,594.36,0,17.67,1206.39
O004977,3,P0226,1,706.04,0.1,8.1,643.54
O004978,1,P0220,3,103.24,0.15,16.77,280.03
O004978,2,P0094,3,756.84,0.1,13.13,2056.6
O004979,1,P0099,1,458.56,0,4.71,463.27
O004979,2,P0284,5,501.64,0,6.59,2514.79
O004980,1,P0314,2,745.22,0.05,16.28,1432.2
O004981,1,P0166,2,20.64,0,26.09,67.37
O004981,2,P0183,2,808.84,0.1,2,1457.91
O004982,1,P0189,1,630.91,0.15,13.19,549.46
O004982,2,P0105,2,18.23,0.05,9.72,44.36
O004983,1,P0170,1,444.66,0,2,446.66
O004983,2,P0190,4,449.88,0,12.89,1812.41
O004984,1,P0318,1,432.06,0.1,7.25,396.1
O004985,1,P0052,3,782.48,0,15.36,2362.8
O004986,1,P0033,4,310.62,0.15,21.01,1077.12
O004987,1,P0209,2,690.43,0,186.97,1567.83
O004988,1,P0120,1,62.98,0,6.2,69.18
O004988,2,P0015,1,284.04,0.2,15.19,242.42
O004988,3,P0102,1,249.53,0,27.05,276.58
O004989,1,P0212,1,486.38,0.05,16.63,478.69
O004989,2,P0300,2,398.18,0.1,11.65,728.37
O004989,3,P0067,1,355.88,0,18.84,374.72
O004990,1,P0124,1,336.97,0,11.23,348.2
O004990,2,P0303,1,483.69,0.1,6.39,441.71
O004991,1,P0188,2,480.75,0.05,15.56,928.98
O004991,2,P0160,4,413.02,0.15,6.56,1410.83
O004992,1,P0245,1,489.42,0.1,26.82,467.3
O004993,1,P0036,1,67.34,0,19.75,87.09
O004994,1,P0051,1,371.95,0,9.15,381.1
O004995,1,P0229,2,81.64,0.05,18.55,173.67
O004996,1,P0297,1,38.06,0.15,9.36,41.71
O004996,2,P0257,1,486.52,0,15.83,502.35
O004997,1,P0231,1,766.78,0,11.58,778.36
O004998,1,P0244,1,316.68,0,21.83,338.51
O004999,1,P0278,3,480.16,0,23.06,1463.54
O004999,2,P0089,1,625.43,0,14.33,639.76
O004999,3,P0029,1,490.19,0,2,492.19
O005000,1,P0082,1,362.46,0.05,11.83,356.17
O005000,2,P0149,2,858.19,0,9.91,1726.29
O005001,1,P0081,2,312.38,0,5.49,630.25
O005002,1,P0284,3,501.64,0.1,21.45,1375.88
O005003,1,P0278,2,480.16,0,15.36,975.68
O005003,2,P0230,2,438.21,0,8.16,884.58
O005004,1,P0157,1,807.11,0.2,8.83,654.52
O005005,1,P0199,1,324.1,0,13.45,337.55
O005006,1,P0054,2,429.08,0.05,7.87,823.12
O005007,1,P0034,3,293.49,0.05,23.07,859.52
O005007,2,P0225,1,84.06,0,16.45,100.51
O005007,3,P0305,2,330.82,0.1,7.84,603.32
O005008,1,P0234,1,354.24,0.1,10.2,329.02
O005008,2,P0205,3,468.82,0.1,6.25,1272.06
O005009,1,P0266,2,242.67,0.15,10.58,423.12
O005010,1,P0122,1,149.46,0,3.63,153.09
O005010,2,P0278,3,480.16,0.15,13.62,1238.03
O005011,1,P0015,1,284.04,0,15.95,299.99
O005011,2,P0086,1,579.39,0.05,2,552.42
O005011,3,P0125,1,329.73,0.05,12.92,326.16
O005012,1,P0304,1,396.52,0.05,18.59,395.28
O005012,2,P0098,2,701.13,0,3.6,1405.86
O005013,1,P0107,5,435.88,0.1,23.72,1985.18
O005013,2,P0109,2,194.26,0,9.82,398.34
O005014,1,P0250,1,375.47,0.15,14.89,334.04
O005015,1,P0242,2,722.98,0.05,7.84,1381.5
O005015,2,P0281,3,372.41,0,15.68,1132.91
O005015,3,P0310,1,8.5,0.05,2,10.07
O005016,1,P0302,1,340.59,0,2,342.59
O005017,1,P0127,1,597.61,0.15,12.23,520.2
O005018,1,P0126,3,311.62,0,19.37,954.23
O005018,2,P0139,1,531.18,0.1,16.81,494.87
O005019,1,P0078,1,314.17,0.05,24.4,322.86
O005020,1,P0142,1,483.04,0.15,15.34,425.92
O005021,1,P0094,1,756.84,0.05,17.88,736.88
O005021,2,P0076,1,1058.97,0,10.1,1069.07
O005021,3,P0013,1,110.57,0.15,17.91,111.89
O005022,1,P0047,1,224.37,0,10.31,234.68
O005023,1,P0180,1,358.61,0.05,2.32,343.0
O005024,1,P0195,1,256.53,0,5.54,262.07
O005025,1,P0020,3,1036.19,0.05,12.98,2966.12
O005025,2,P0038,1,778.2,0.1,2.15,702.53
O005025,3,P0068,1,148.48,0,19.27,167.75
O005026,1,P0023,1,587.39,0.1,3.48,532.13
O005027,1,P0050,1,745.53,0.05,3.4,711.65
O005027,2,P0175,1,568.15,0.05,20.84,560.58
O005028,1,P0195,2,256.53,0,10.19,523.25
O005028,2,P0049,3,841.2,0.15,2.12,2147.18
O005029,1,P0030,1,122.57,0.1,2.38,112.69
O005030,1,P0095,1,97.16,0,26.73,123.89
O005030,2,P0106,1,236.99,0,2,238.99
O005031,1,P0065,1,492.73,0,16.3,509.03
O005032,1,P0173,3,758.26,0.15,11.14,1944.7
O005033,1,P0214,1,42.92,0,13.73,56.65
O005034,1,P0026,2,659.65,0.1,2,1189.37
O005034,2,P0019,3,618.71,0,5.42,1861.55
O005034,3,P0115,1,602.48,0,15.72,618.2
O005035,1,P0153,1,339.5,0,16.01,355.51
O005036,1,P0145,2,247.46,0,21.59,516.51
O005037,1,P0213,1,693.96,0.15,2.39,592.26
O005038,1,P0220,1,103.24,0,13.91,117.15
O005039,1,P0131,1,185.19,0.2,2,150.15
O005039,2,P0290,2,617.79,0.05,21.75,1195.55
O005040,1,P0296,1,428.51,0.1,15.65,401.31
O005040,2,P0261,1,745.54,0.05,12.04,720.3
O005040,3,P0201,1,583.78,0.2,16.94,483.96
O005041,1,P0310,2,8.5,0.05,21.76,37.91
O005041,2,P0129,1,104.68,0,19.47,124.15
O005041,3,P0028,2,305.36,0,403.01,1013.73
O005041,4,P0002,1,556.12,0,12.11,568.23
O005042,1,P0262,5,519.27,0,22.92,2619.27
O005042,2,P0149,1,858.19,0.15,20.52,749.98
O005043,1,P0013,2,110.57,0.15,2,189.97
O005043,2,P0089,1,625.43,0,15.85,641.28
O005043,3,P0103,2,158.36,0.2,5.81,259.19
O005043,4,P0065,2,492.73,0,20.13,1005.59
O005044,1,P0157,2,807.11,0,5.0,1619.22
O005045,1,P0163,1,825.28,0,2,827.28
O005046,1,P0007,1,306.83,0,8.44,315.27
O005046,2,P0040,1,354.01,0.15,13.29,314.2
O005046,3,P0105,1,18.23,0.2,4.77,19.35
O005047,1,P0278,2,480.16,0,8.89,969.21
O005047,2,P0029,1,490.19,0,5.86,496.05
O005048,1,P0115,3,602.48,0.05,7.0,1724.07
O005048,2,P0012,1,529.58,0.15,10.75,460.89
O005049,1,P0257,1,486.52,0,13.04,499.56
O005049,2,P0151,1,785.65,0,13.98,799.63
O005049,3,P0164,2,13.57,0,23.14,50.28
O005050,1,P0011,1,363.12,0.1,2,328.81
O005050,2,P0010,1,362.93,0,18.6,381.53
O005051,1,P0124,1,336.97,0.05,12.76,332.88
O005052,1,P0289,2,88.04,0.15,6.03,155.7
O005052,2,P0211,1,980.09,0,10.56,990.65
O005052,3,P0207,1,469.0,0.15,15.49,414.14
O005053,1,P0310,1,8.5,0,12.6,21.1
O005053,2,P0192,1,951.76,0,19.68,971.44
O005053,3,P0205,3,468.82,0,12.63,1419.09
O005053,4,P0265,2,240.13,0,2,482.26
O005054,1,P0291,1,657.02,0,21.06,678.08
O005055,1,P0009,1,17.8,0,17.15,34.95
O005056,1,P0076,1,1058.97,0.1,6.06,959.13
O005057,1,P0248,1,363.73,0.15,5.38,314.55
O005058,1,P0112,2,400.76,0,9.9,811.42
O005058,2,P0011,2,363.12,0,33.85,760.09
O005059,1,P0073,2,139.62,0,4.2,283.44
O005059,2,P0106,1,236.99,0.1,11.57,224.86
O005060,1,P0113,1,814.98,0.1,4.01,737.49
O005060,2,P0267,1,1088.78,0,16.82,1105.6
O005061,1,P0158,1,130.71,0,16.08,146.79
O005062,1,P0243,1,711.65,0,21.27,732.92
O005063,1,P0209,1,690.43,0,12.55,702.98
O005063,2,P0177,1,95.11,0.15,13.97,94.81
O005064,1,P0278,1,480.16,0,12.93,493.09
O005065,1,P0230,3,438.21,0,17.34,1331.97
O005065,2,P0188,1,480.75,0.1,9.1,441.78
O005065,3,P0156,4,90.87,0,17.04,380.52
O005066,1,P0263,1,574.22,0.1,14.39,531.19
O005067,1,P0213,2,693.96,0.2,3.63,1113.97
O005068,1,P0020,3,1036.19,0.1,2,2799.71
O005069,1,P0096,1,224.82,0.05,2,215.58
O005069,2,P0006,1,202.12,0,4.99,207.11
O005070,1,P0205,4,468.82,0,24.85,1900.13
O005071,1,P0019,1,618.71,0.2,5.39,500.36
O005072,1,P0218,2,363.84,0.15,12.37,630.9
O005073,1,P0292,3,386.72,0,12.88,1173.04
O005073,2,P0260,1,623.36,0,16.53,639.89
O005074,1,P0155,1,88.23,0.1,11.59,91.0
O005075,1,P0108,1,957.8,0,2,959.8
O005075,2,P0306,2,219.19,0.15,20.62,393.24
O005075,3,P0006,2,202.12,0,5.28,409.52
O005076,1,P0131,2,185.19,0,11.66,382.04
O005077,1,P0120,1,62.98,0,10.87,73.85
O005077,2,P0289,2,88.04,0,8.58,184.66
O005078,1,P0042,1,584.05,0,12.62,596.67
O005078,2,P0200,2,499.63,0.1,8.79,908.12
O005078,3,P0006,1,202.12,0,12.7,214.82
O005078,4,P0153,1,339.5,0,20.18,359.68
O005079,1,P0038,2,778.2,0,23.5,1579.9
O005080,1,P0095,3,97.16,0,2,293.48
O005081,1,P0287,4,756.46,0,2,3027.84
O005082,1,P0041,1,126.39,0.1,19.56,133.31
O005082,2,P0267,1,1088.78,0.1,6.13,986.03
O005083,1,P0301,1,263.33,0.2,6.07,216.73
O005083,2,P0036,2,67.34,0.1,9.32,130.53
O005083,3,P0293,1,564.26,0.1,5.15,512.98
O005084,1,P0231,1,766.78,0,14.15,780.93
O005085,1,P0314,2,745.22,0.15,4.28,1271.15
O005086,1,P0188,3,480.75,0.1,2,1300.03
O005086,2,P0257,1,486.52,0,9.5,496.02
O005087,1,P0071,1,250.08,0.2,16.48,216.54
O005088,1,P0116,2,339.23,0.15,23.34,600.03
O005088,2,P0225,1,84.06,0.15,9.04,80.49
O005088,3,P0161,1,67.49,0.15,4.51,61.88
O005088,4,P0213,2,693.96,0,9.6,1397.52
O005089,1,P0313,1,555.72,0,8.8,564.52
O005089,2,P0207,1,469.0,0,15.34,484.34
O005089,3,P0263,1,574.22,0.05,4.9,550.41
O005089,4,P0053,5,360.49,0,10.45,1812.9
O005090,1,P0073,1,139.62,0,17.01,156.63
O005090,2,P0080,5,194.14,0.1,17.18,890.81
O005091,1,P0021,2,806.92,0,11.95,1625.79
O005091,2,P0068,1,148.48,0,22.64,171.12
O005092,1,P0184,2,112.13,0.05,439.31,652.36
O005092,2,P0001,2,342.26,0,23.31,707.83
O005092,3,P0201,1,583.78,0.2,22.04,489.06
O005093,1,P0296,1,428.51,0.1,12.12,397.78
O005093,2,P0196,1,753.97,0,22.9,776.87
O005093,3,P0093,2,952.7,0.1,2,1716.86
O005094,1,P0207,1,469.0,0,11.23,480.23
O005094,2,P0287,1,756.46,0,17.79,774.25
O005094,3,P0275,1,515.35,0,8.65,524.0
O005095,1,P0283,1,433.94,0.05,14.49,426.73
O005096,1,P0109,1,194.26,0.05,18.98,203.53
O005096,2,P0160,3,413.02,0,28.09,1267.15
O005097,1,P0318,1,432.06,0,12.67,444.73
O005097,2,P0061,1,776.86,0,3.16,780.02
O005098,1,P0299,1,28.85,0,10.62,39.47
O005099,1,P0234,1,354.24,0,2,356.24
O005100,1,P0120,1,62.98,0.15,16.05,69.58
O005100,2,P0166,1,20.64,0,10.7,31.34
O005100,3,P0304,1,396.52,0.1,18.12,374.99
O005100,4,P0140,1,227.4,0,19.16,246.56
O005101,1,P0206,1,75.89,0,12.73,88.62
O005102,1,P0151,1,785.65,0.15,3.61,671.41
O005102,2,P0085,3,554.3,0,6.23,1669.13
O005102,3,P0186,2,638.99,0,9.72,1287.7
O005103,1,P0311,1,347.85,0.05,13.44,343.9
O005103,2,P0156,1,90.87,0,2,92.87
O005104,1,P0223,1,72.48,0.05,9.8,78.66
O005105,1,P0038,1,778.2,0.05,11.88,751.17
O005106,1,P0196,2,753.97,0.1,13.08,1370.23
O005106,2,P0087,1,118.02,0.15,9.21,109.53
O005107,1,P0218,1,363.84,0,2,365.84
O005107,2,P0093,2,952.7,0.15,18.33,1637.92
O005107,3,P0176,1,265.34,0,21.27,286.61
O005107,4,P0285,1,53.42,0.15,12.65,58.06
O005108,1,P0239,1,873.44,0,21.39,894.83
O005109,1,P0319,1,702.73,0.15,16.38,613.7
O005110,1,P0204,3,387.0,0,7.59,1168.59
O005111,1,P0223,2,72.48,0.2,6.83,122.8
O005112,1,P0029,1,490.19,0,6.33,496.52
O005113,1,P0268,1,214.47,0,2.84,217.31
O005114,1,P0164,1,13.57,0,2,15.57
O005115,1,P0135,1,504.23,0,5.22,509.45
O005116,1,P0206,1,75.89,0,2,77.89
O005116,2,P0029,1,490.19,0,2.14,492.33
O005117,1,P0247,1,315.54,0.05,22.47,322.23
O005118,1,P0195,1,256.53,0.1,2.15,233.03
O005118,2,P0157,1,807.11,0.1,26.76,753.16
O005118,3,P0277,1,49.26,0,13.98,63.24
O005118,4,P0315,1,174.01,0,9.12,183.13
O005119,1,P0136,1,784.55,0,6.24,790.79
O005119,2,P0021,1,806.92,0.05,6.58,773.15
O005120,1,P0108,1,957.8,0.15,19.41,833.54
O005120,2,P0181,1,364.59,0.05,10.95,357.31
O005121,1,P0048,1,920.6,0,13.13,933.73
O005122,1,P0224,2,355.54,0.05,2,677.53
O005122,2,P0214,1,42.92,0,7.66,50.58
O005122,3,P0093,4,952.7,0,2,3812.8
O005123,1,P0054,2,429.08,0.15,6.33,735.77
O005124,1,P0043,1,118.53,0,20.16,138.69
O005125,1,P0079,2,165.37,0.1,26.24,323.91
O005126,1,P0240,5,237.45,0,5.23,1192.48
O005126,2,P0136,4,784.55,0,18.12,3156.32
O005126,3,P0047,2,224.37,0.1,15.63,419.5
O005126,4,P0128,3,835.43,0.1,12.86,2268.52
O005127,1,P0290,2,617.79,0.05,11.76,1185.56
O005128,1,P0309,2,541.39,0,2,1084.78
O005128,2,P0041,3,126.39,0,11.01,390.18
O005129,1,P0107,2,435.88,0.15,4.48,745.48
O005129,2,P0261,1,745.54,0,9.35,754.89
O005129,3,P0288,1,898.37,0.1,4.64,813.17
O005129,4,P0072,1,38.74,0,21.34,60.08
O005130,1,P0015,4,284.04,0,22.02,1158.18
O005131,1,P0086,1,579.39,0.1,28.44,549.89
O005131,2,P0245,1,489.42,0,14.68,504.1
O005131,3,P0030,1,122.57,0,17.64,140.21
O005132,1,P0054,1,429.08,0,10.57,439.65
O005133,1,P0235,1,6.83,0,9.43,16.26
O005134,1,P0233,2,84.69,0,23.68,193.06
O005134,2,P0198,1,764.66,0,24.06,788.72
O005134,3,P0201,1,583.78,0,21.92,605.7
O005135,1,P0176,2,265.34,0,7.63,538.31
O005136,1,P0124,2,336.97,0.1,27.98,634.53
O005136,2,P0239,2,873.44,0,17.95,1764.83
O005137,1,P0102,1,249.53,0,15.87,265.4
O005137,2,P0229,1,81.64,0,10.15,91.79
O005137,3,P0041,1,126.39,0,10.31,136.7
O005138,1,P0285,4,53.42,0.15,21.58,203.21
O005138,2,P0222,1,182.56,0.2,12.43,158.48
O005139,1,P0129,3,104.68,0,13.17,327.21
O005139,2,P0069,3,423.73,0.15,2,1082.51
O005140,1,P0316,3,419.97,0,4.7,1264.61
O005141,1,P0098,1,701.13,0,2,703.13
O005141,2,P0051,2,371.95,0.05,2,708.7
O005142,1,P0271,1,775.17,0.1,2,699.65
O005142,2,P0181,2,364.59,0,12.35,741.53
O005143,1,P0211,1,980.09,0,19.85,999.94
O005143,2,P0072,5,38.74,0.05,2,186.02
O005144,1,P0320,2,907.09,0.05,12.52,1735.99
O005145,1,P0018,1,598.9,0,12.28,611.18
O005146,1,P0128,2,835.43,0.2,21.53,1358.22
O005146,2,P0216,3,823.56,0,4.58,2475.26
O005146,3,P0134,1,574.47,0,14.35,588.82
O005147,1,P0213,1,693.96,0.2,13.38,568.55
O005148,1,P0010,3,362.93,0.05,6.71,1041.06
O005148,2,P0059,1,953.24,0,14.52,967.76
O005149,1,P0122,2,149.46,0.05,13.0,296.97
O005149,2,P0002,1,556.12,0.15,17.46,490.16
O005150,1,P0197,1,756.59,0.15,7.31,650.41
O005151,1,P0231,1,766.78,0.05,11.59,740.03
O005151,2,P0037,1,1028.12,0,20.16,1048.28
O005151,3,P0045,1,72.1,0,16.57,88.67
O005152,1,P0151,1,785.65,0,15.17,800.82
O005152,2,P0226,1,706.04,0,11.34,717.38
O005152,3,P0055,1,237.15,0,2,239.15
O005152,4,P0176,50,265.34,0.05,26.75,12630.4
O005153,1,P0005,1,9999.99,0,13.87,10013.86
O005154,1,P0220,5,103.24,0,4.95,521.15
O005155,1,P0208,2,723.84,0.05,8.65,1383.95
O005156,1,P0253,1,162.64,0,24.8,187.44
O005156,2,P0200,1,499.63,0.05,6.16,480.81
O005157,1,P0247,1,315.54,0,7.21,322.75
O005157,2,P0250,2,375.47,0.15,6.45,644.75
O005158,1,P0154,2,25.6,0,14.51,65.71
O005159,1,P0055,1,237.15,0.15,16.63,218.21
O005159,2,P0071,1,250.08,0,22.0,272.08
O005160,1,P0213,2,693.96,0,2.77,1390.69
O005160,2,P0280,1,128.6,0,5.31,133.91
O005161,1,P0191,1,654.69,0,3.92,658.61
O005162,1,P0066,1,451.94,0,11.76,463.7
O005162,2,P0082,1,362.46,0,18.66,381.12
O005163,1,P0315,1,174.01,0.1,2,158.61
O005163,2,P0189,2,630.91,0,10.86,1272.68
O005163,3,P0235,4,6.83,0,2,29.32
O005163,4,P0053,1,360.49,0.05,21.17,363.64
O005164,1,P0063,1,310.44,0.1,11.84,291.24
O005164,2,P0007,1,306.83,0,9.18,316.01
O005165,1,P0289,3,88.04,0,19.94,284.06
O005166,1,P0291,2,657.02,0,30.33,1344.37
O005166,2,P0257,3,486.52,0.15,2,1242.63
O005167,1,P0310,3,8.5,0,16.73,42.23
O005168,1,P0102,1,249.53,0.2,7.26,206.88
O005168,2,P0281,1,372.41,0.15,20.11,336.66
O005169,1,P0095,1,97.16,0.1,4.05,91.49
O005169,2,P0092,1,901.51,0.1,22.99,834.35
O005169,3,P0235,1,6.83,0,14.02,20.85
O005170,1,P0317,1,811.43,0,2,813.43
O005171,1,P0106,1,236.99,0,12.8,249.79
O005171,2,P0207,1,469.0,0,20.63,489.63
O005172,1,P0020,2,1036.19,0,12.93,2085.31
O005172,2,P0126,1,311.62,0,13.02,324.64
O005173,1,P0204,1,387.0,0,7.63,394.63
O005173,2,P0308,1,109.62,0,2,111.62
O005174,1,P0244,1,316.68,0,17.23,333.91
O005175,1,P0186,2,638.99,0.05,13.54,1227.62
O005176,1,P0226,1,706.04,0.15,3.99,604.12
O005177,1,P0139,1,531.18,0,6.56,537.74
O005178,1,P0065,1,492.73,0,5.86,498.59
O005179,1,P0133,4,17.03,0.1,3.8,65.11
O005180,1,P0189,5,630.91,0,11.47,3166.02
O005180,2,P0232,1,295.67,0,18.82,314.49
O005180,3,P0096,1,224.82,0,14.54,239.36
O005181,1,P0169,5,410.06,0,8.49,2058.79
O005181,2,P0299,1,28.85,0,22.01,50.86
O005182,1,P0107,1,435.88,0.2,16.41,365.11
O005182,2,P0214,1,42.92,0,2,44.92
O005183,1,P0273,1,75.24,0.2,9.69,69.88
O005183,2,P0226,1,706.04,0.05,29.35,700.09
O005183,3,P0174,2,845.79,0,20.23,1711.81
O005184,1,P0050,1,745.53,0,20.81,766.34
O005185,1,P0087,1,118.02,0.05,5.04,117.16
O005185,2,P0025,2,343.24,0.05,10.85,663.01
O005186,1,P0320,3,907.09,0.1,7.67,2456.81
O005186,2,P0141,1,92.1,0.05,22.12,109.61
O005187,1,P0072,1,38.74,0,27.95,66.69
O005188,1,P0169,1,410.06,0,14.19,424.25
O005188,2,P0245,4,489.42,0.15,3.59,1667.62
O005189,1,P0065,1,492.73,0,20.0,512.73
O005189,2,P0068,1,148.48,0.1,17.29,150.92
O005190,1,P0134,4,574.47,0,6.14,2304.02
O005190,2,P0058,2,156.02,0,5.2,317.24
O005191,1,P0116,1,339.23,0,17.46,356.69
O005192,1,P0196,1,753.97,0,13.75,767.72
O005192,2,P0197,1,756.59,0,16.33,772.92
O005193,1,P0275,1,515.35,0.05,12.42,502.0
O005194,1,P0212,3,486.38,0.15,15.77,1256.04
O005194,2,P0177,2,95.11,0,6.77,196.99
O005195,1,P0273,1,75.24,0,16.32,91.56
O005195,2,P0099,1,458.56,0,13.49,472.05
O005196,1,P0295,2,164.98,0.05,7.85,321.31
O005197,1,P0222,2,182.56,0,20.0,385.12
O005198,1,P0212,1,486.38,0,20.15,506.53
O005199,1,P0017,1,237.22,0.2,29.39,219.17
O005199,2,P0218,1,363.84,0.1,2,329.46
O005200,1,P0138,1,870.78,0,2,872.78
O005201,1,P0230,1,438.21,0.2,15.54,366.11
O005201,2,P0195,1,256.53,0,6.65,263.18
O005202,1,P0225,1,84.06,0,3.5,87.56
O005202,2,P0234,1,354.24,0.2,17.91,301.3
O005203,1,P0131,2,185.19,0,8.66,379.04
O005204,1,P0079,5,165.37,0,10.28,837.13
O005205,1,P0157,1,807.11,0.2,7.97,653.66
O005206,1,P0265,1,240.13,0.1,25.82,241.94
O005206,2,P0234,1,354.24,0,13.97,368.21
O005207,1,P0116,2,339.23,0,12.42,690.88
O005207,2,P0253,1,162.64,0,2,164.64
O005208,1,P0056,2,581.05,0.15,17.0,1004.78
O005209,1,P0290,3,617.79,0,18.33,1871.7
O005210,1,P0191,1,654.69,0,11.49,666.18
O005210,2,P0242,4,722.98,0.15,10.91,2469.04
O005210,3,P0184,1,112.13,0,2.3,114.43
O005211,1,P0002,2,556.12,0,14.76,1127.0
O005212,1,P0207,3,469.0,0,8.6,1415.6
O005213,1,P0161,1,67.49,0,2,69.49
O005214,1,P0180,30,358.61,0,15.81,10774.11
O005215,1,P0116,5,339.23,0.2,5.05,1361.97
O005215,2,P0255,1,854.74,0.1,14.06,783.33
O005216,1,P0210,1,949.92,0.15,9.99,817.42
O005217,1,P0036,2,67.34,0.1,4.71,125.92
O005217,2,P0300,1,398.18,0,2,400.18
O005218,1,P0147,4,535.43,0.15,9.14,1829.6
O005219,1,P0263,4,574.22,0,2.53,2299.41
O005220,1,P0018,3,598.9,0,9.63,1806.33
O005220,2,P0270,1,949.79,0.05,18.56,920.86
O005221,1,P0238,1,645.9,0.15,8.24,557.25
O005222,1,P0309,2,541.39,0,19.47,1102.25
O005222,2,P0318,2,432.06,0,2,866.12
O005222,3,P0099,1,458.56,0.05,2.42,438.05
O005223,1,P0020,1,1036.19,0,22.84,1059.03
O005224,1,P0258,2,81.39,0,12.55,175.33
O005225,1,P0075,1,233.38,0,13.52,246.9
O005226,1,P0127,20,597.61,0.05,14.12,11368.71
O005226,2,P0247,2,315.54,0,20.54,651.62
O005226,3,P0170,1,444.66,0,5.8,450.46
O005227,1,P0049,3,841.2,0,12.91,2536.51
O005227,2,P0117,1,794.64,0.1,33.34,748.52
O005228,1,P0072,1,38.74,0.1,17.63,52.5
O005228,2,P0016,1,576.57,0,20.84,597.41
O005229,1,P0155,1,88.23,0.1,25.88,105.29
O005230,1,P0248,3,363.73,0.1,13.41,995.48
O005230,2,P0212,1,486.38,0,9.82,496.2
O005231,1,P0209,1,690.43,0.05,17.83,673.74
O005232,1,P0239,1,873.44,0.15,14.87,757.29
O005233,1,P0077,2,20.98,0.1,24.67,62.43
O005233,2,P0109,4,194.26,0.2,20.29,641.92
O005233,3,P0255,2,854.74,0.1,12.5,1551.03
O005233,4,P0215,1,1003.36,0,26.55,1029.91
O005234,1,P0031,2,397.25,0,2,796.5
O005234,2,P0309,1,541.39,0.05,7.6,521.92
O005235,1,P0123,1,202.44,0.1,19.81,202.01
O005236,1,P0163,1,825.28,0.2,14.36,674.58
O005237,1,P0275,1,515.35,0,15.17,530.52
O005238,1,P0204,3,387.0,0.1,9.25,1054.15
O005239,1,P0231,1,766.78,0,10.28,777.06
O005240,1,P0186,1,638.99,0.15,12.12,555.26
O005240,2,P0313,1,555.72,0.1,19.32,519.47
O005241,1,P0027,2,406.86,0.1,4.7,737.05
O005242,1,P0297,2,38.06,0,11.92,88.04
O005243,1,P0034,1,293.49,0.15,21.37,270.84
O005243,2,P0317,1,811.43,0,33.23,844.66
O005244,1,P0036,1,67.34,0.15,5.92,63.16
O005244,2,P0085,1,554.3,0.05,21.92,548.5
O005245,1,P0211,1,980.09,0,35.7,1015.79
O005246,1,P0049,1,841.2,0.1,4.75,761.83
O005247,1,P0101,2,92.83,0,22.95,208.61
O005248,1,P0263,2,574.22,0,2,1150.44
O005249,1,P0290,1,617.79,0,2.11,619.9
O005249,2,P0303,2,483.69,0.1,12.09,882.73
O005250,1,P0203,1,420.71,0,11.84,432.55
O005251,1,P0144,1,649.77,0.1,10.23,595.02
O005252,1,P0032,1,577.34,0,19.31,596.65
O005253,1,P0320,1,907.09,0,7.25,914.34
O005254,1,P0073,1,139.62,0,13.68,153.3
O005254,2,P0129,5,104.68,0.1,2,473.06
O005254,3,P0089,1,625.43,0.2,13.19,513.53
O005255,1,P0317,2,811.43,0,24.65,1647.51
O005256,1,P0166,50,20.64,0,4.4,1036.4
O005257,1,P0145,1,247.46,0,10.8,258.26
O005257,2,P0168,1,45.44,0,3.41,48.85
O005257,3,P0314,1,745.22,0,16.11,761.33
O005257,4,P0081,2,312.38,0,15.12,639.88
O005258,1,P0079,1,165.37,0,6.77,172.14
O005259,1,P0304,2,396.52,0.05,3.29,756.68
O005260,1,P0310,2,8.5,0.1,18.56,33.86
O005261,1,P0250,1,375.47,0,14.11,389.58
O005262,1,P0188,1,480.75,0.1,19.39,452.06
O005263,1,P0035,3,544.32,0.15,10.52,1398.54
O005264,1,P0266,1,242.67,0,10.61,253.28
O005265,1,P0156,1,90.87,0,5.44,96.31
O005265,2,P0066,1,451.94,0,14.24,466.18
O005265,3,P0004,1,803.36,0.1,10.55,733.57
O005266,1,P0052,1,782.48,0.05,14.95,758.31
O005266,2,P0074,1,81.29,0.2,2,67.03
O005266,3,P0023,1,587.39,0.1,20.81,549.46
O005266,4,P0122,1,149.46,0.1,19.45,153.96
O005267,1,P0070,1,298.91,0,14.94,313.85
O005268,1,P0173,1,758.26,0,2.3,760.56
O005269,1,P0290,1,617.79,0,9.21,627.0
O005270,1,P0176,1,265.34,0,22.97,288.31
O005270,2,P0263,1,574.22,0.05,2,547.51
O005271,1,P0050,1,745.53,0,2,747.53
O005272,1,P0061,1,776.86,0,5.49,782.35
O005272,2,P0068,1,148.48,0,27.03,175.51
O005273,1,P0148,1,188.16,0.05,14.31,193.06
O005273,2,P0233,3,84.69,0.2,18.56,221.82
O005274,1,P0136,1,784.55,0,9.92,794.47
O005274,2,P0314,2,745.22,0,6.33,1496.77
O005274,3,P0163,3,825.28,0,28.25,2504.09
O005274,4,P0318,1,432.06,0,2.58,434.64
O005275,1,P0151,2,785.65,0,4.98,1576.28
O005276,1,P0193,1,216.15,0,11.85,228.0
O005277,1,P0184,1,112.13,0.05,19.79,126.31
O005278,1,P0167,1,9.0,0.1,14.54,22.64
O005278,2,P0298,2,410.7,0.1,2,741.26
O005279,1,P0304,2,396.52,0.1,22.11,735.85
O005280,1,P0067,2,355.88,0.1,6.86,647.44
O005280,2,P0271,4,775.17,0,10.16,3110.84
O005280,3,P0258,1,81.39,0.05,21.08,98.4
O005281,1,P0222,1,182.56,0.2,10.73,156.78
O005281,2,P0062,1,673.39,0.05,5.51,645.23
O005282,1,P0251,1,266.39,0.05,8.45,261.52
O005283,1,P0270,1,949.79,0.2,2,761.83
O005283,2,P0138,1,870.78,0,10.62,881.4
O005284,1,P0209,4,690.43,0.1,11.23,2496.78
O005285,1,P0155,1,88.23,0,22.63,110.86
O005286,1,P0016,2,576.57,0,16.21,1169.35
O005287,1,P0232,1,295.67,0,17.82,313.49
O005287,2,P0270,1,949.79,0.05,11.05,913.35
O005287,3,P0059,1,953.24,0,4.29,957.53
O005288,1,P0067,1,355.88,0,27.04,382.92
O005288,2,P0157,2,807.11,0.1,7.8,1460.6
O005288,3,P0053,1,360.49,0,2,362.49
O005289,1,P0242,3,722.98,0,9.79,2178.73
O005290,1,P0096,1,224.82,0,2,226.82
O005290,2,P0202,2,115.37,0.1,23.25,230.92
O005291,1,P0106,1,236.99,0.05,9.46,234.6
O005292,1,P0144,1,649.77,0,5.48,655.25
O005292,2,P0027,1,406.86,0.15,12.39,358.22
O005292,3,P0293,1,564.26,0,7.84,572.1
O005293,1,P0132,5,107.93,0,3.79,543.44
O005294,1,P0134,3,574.47,0,24.18,1747.59
O005295,1,P0200,1,499.63,0.1,19.11,468.78
O005295,2,P0221,1,188.81,0.15,12.48,172.97
O005296,1,P0105,1,18.23,0,5.03,23.26
O005296,2,P0207,1,469.0,0.05,10.27,455.82
O005296,3,P0010,1,362.93,0.1,8.78,335.42
O005296,4,P0252,1,259.81,0,27.86,287.67
O005297,1,P0230,1,438.21,0,12.98,451.19
O005297,2,P0133,1,17.03,0.1,21.75,37.08
O005297,3,P0298,2,410.7,0,9.13,830.53
O005298,1,P0078,1,314.17,0.2,11.62,262.96
O005299,1,P0081,1,312.38,0.1,7.2,288.34
O005299,2,P0291,3,657.02,0,20.51,1991.57
O005300,1,P0104,1,521.9,0.05,6.88,502.68
O005301,1,P0195,1,256.53,0,12.83,269.36
O005302,1,P0211,1,980.09,0.05,9.27,940.36
O005302,2,P0235,1,6.83,0.05,19.9,26.39
O005303,1,P0026,1,659.65,0,16.34,675.99
O005303,2,P0168,2,45.44,0,12.67,103.55
O005304,1,P0070,2,298.91,0,6.25,604.07
O005305,1,P0119,2,229.62,0,10.85,470.09
O005305,2,P0302,2,340.59,0.15,22.4,601.4
O005305,3,P0281,4,372.41,0,20.34,1509.98
O005306,1,P0207,1,469.0,0,7.71,476.71
O005306,2,P0290,1,617.79,0,8.4,626.19
O005306,3,P0302,1,340.59,0,2,342.59
O005307,1,P0162,1,529.22,0,21.38,550.6
O005307,2,P0052,3,782.48,0.1,4.09,2116.79
O005308,1,P0274,1,832.77,0,20.33,853.1
O005308,2,P0103,1,158.36,0.1,8.8,151.32
O005309,1,P0160,1,413.02,0,6.58,419.6
O005309,2,P0013,1,110.57,0.1,16.66,116.17
O005310,1,P0222,2,182.56,0,11.47,376.59
O005311,1,P0168,1,45.44,0.1,2,42.9
O005311,2,P0118,1,588.11,0,7.72,595.83
O005311,3,P0259,2,849.86,0,11.88,1711.6
O005312,1,P0029,1,490.19,0.1,7.07,448.24
O005313,1,P0294,2,73.38,0.15,10.79,135.54
O005313,2,P0283,2,433.94,0.1,17.61,798.7
O005314,1,P0257,2,486.52,0.2,10.21,788.64
O005315,1,P0139,3,531.18,0,6.41,1599.95
O005315,2,P0242,1,722.98,0.2,19.02,597.4
O005316,1,P0165,2,27.21,0.05,16.31,68.01
O005316,2,P0070,1,298.91,0.05,26.94,310.9
O005316,3,P0205,1,468.82,0,17.18,486.0
O005317,1,P0007,1,306.83,0,15.87,322.7
O005317,2,P0160,1,413.02,0,20.0,433.02
O005318,1,P0164,1,13.57,0.1,14.18,26.39
O005318,2,P0092,1,901.51,0,23.89,925.4
O005319,1,P0019,1,618.71,0.1,19.75,576.59
O005319,2,P0209,1,690.43,0,4.45,694.88
O005320,1,P0239,1,873.44,0,5.49,878.93
O005321,1,P0053,2,360.49,0,14.95,735.93
O005321,2,P0039,1,205.22,0,10.56,215.78
O005322,1,P0245,1,489.42,0.15,18.07,434.08
O005323,1,P0150,1,23.53,0.05,9.93,32.28
O005324,1,P0020,1,1036.19,0,6.11,1042.3
O005325,1,P0200,2,499.63,0.1,4.64,903.97
O005326,1,P0305,5,330.82,0,13.79,1667.89
O005326,2,P0194,1,140.84,0,16.03,156.87
O005326,3,P0202,1,115.37,0.1,11.0,114.83
O005327,1,P0199,2,324.1,0,2,650.2
O005328,1,P0179,1,159.25,0,17.26,176.51
O005328,2,P0050,1,745.53,0.15,6.38,640.08
O005329,1,P0271,1,775.17,0,24.05,799.22
O005330,1,P0115,1,602.48,0.05,4.32,576.68
O005330,2,P0012,2,529.58,0.05,15.14,1021.34
O005331,1,P0091,1,86.5,0,2,88.5
O005331,2,P0029,1,490.19,0,17.53,507.72
O005332,1,P0148,2,188.16,0.05,16.36,373.86
O005333,1,P0178,1,294.67,0.05,18.08,298.02
O005333,2,P0010,1,362.93,0.05,11.01,355.79
O005334,1,P0052,1,782.48,0.1,22.17,726.4
O005334,2,P0153,2,339.5,0.05,8.33,653.38
O005334,3,P0164,1,13.57,0.05,21.26,34.15
O005335,1,P0266,1,242.67,0,11.59,254.26
O005335,2,P0163,1,825.28,0,14.54,839.82
O005335,3,P0232,1,295.67,0,14.72,310.39
O005336,1,P0272,1,724.17,0.15,2,617.54
O005337,1,P0037,1,1028.12,0,7.67,1035.79
O005337,2,P0061,2,776.86,0,18.46,1572.18
O005338,1,P0059,1,953.24,0.15,10.66,820.91
O005339,1,P0231,1,766.78,0,10.06,776.84
O005339,2,P0255,1,854.74,0.2,31.34,715.13
O005340,1,P0307,4,69.12,0,3.58,280.06
O005340,2,P0170,2,444.66,0,7.99,897.31
O005341,1,P0173,5,758.26,0,24.93,3816.23
O005342,1,P0143,1,110.16,0.1,9.57,108.71
O005342,2,P0277,1,49.26,0.1,5.23,49.56
O005342,3,P0228,50,539.71,0,2,26987.5
O005343,1,P0171,1,427.19,0.15,6.91,370.02
O005343,2,P0106,1,236.99,0.1,4.5,217.79
O005343,3,P0297,1,38.06,0.15,12.03,44.38
O005343,4,P0273,1,75.24,0,16.07,91.31
O005344,1,P0115,2,602.48,0,16.9,1221.86
O005344,2,P0167,1,9.0,0.05,14.26,22.81
O005344,3,P0060,2,27.23,0.05,20.99,72.73
O005345,1,P0206,1,75.89,0.05,7.54,79.64
O005346,1,P0310,2,8.5,0,11.54,28.54
O005347,1,P0200,2,499.63,0.05,2,951.3
O005347,2,P0060,1,27.23,0,19.03,46.26
O005347,3,P0252,5,259.81,0.15,7.33,1111.52
O005348,1,P0152,2,817.49,0.1,22.4,1493.88
O005348,2,P0249,1,575.36,0,19.11,594.47
O005349,1,P0199,1,324.1,0.05,12.28,320.17
O005349,2,P0012,1,529.58,0,22.57,552.15
O005350,1,P0043,1,118.53,0,22.48,141.01
O005351,1,P0295,2,164.98,0,21.26,351.22
O005351,2,P0212,1,486.38,0.2,6.66,395.76
O005352,1,P0090,1,907.45,0.1,13.12,829.83
O005353,1,P0305,1,330.82,0.1,30.72,328.46
O005354,1,P0277,4,49.26,0,13.92,210.96
O005354,2,P0140,1,227.4,0.1,8.52,213.18
O005355,1,P0154,2,25.6,0.1,7.79,53.87
O005356,1,P0292,2,386.72,0.05,16.53,751.3
O005357,1,P0088,2,259.63,0,10.21,529.47
O005357,2,P0285,4,53.42,0,10.09,223.77
O005358,1,P0051,3,371.95,0.2,18.56,911.24
O005358,2,P0145,1,247.46,0.05,9.22,244.31
O005359,1,P0266,2,242.67,0,15.33,500.67
O005359,2,P0284,1,501.64,0,14.5,516.14
O005360,1,P0166,1,20.64,0,3.6,24.24
O005361,1,P0192,2,951.76,0,10.06,1913.58
O005362,1,P0011,1,363.12,0,10.95,374.07
O005363,1,P0180,1,358.61,0,23.46,382.07
O005363,2,P0202,1,115.37,0.05,25.88,135.48
O005363,3,P0248,1,363.73,0.05,2,347.54
O005364,1,P0207,1,469.0,0.1,14.28,436.38
O005364,2,P0213,1,693.96,0,2.87,696.83
O005365,1,P0301,1,263.33,0.1,8.73,245.73
O005366,1,P0131,1,185.19,0,12.45,197.64
O005366,2,P0278,1,480.16,0.15,8.5,416.64
O005366,3,P0307,1,69.12,0.1,8.4,70.61
O005367,1,P0101,2,92.83,0,5.61,191.27
O005368,1,P0248,1,363.73,0,2,365.73
O005369,1,P0034,5,293.49,0,10.67,1478.12
O005370,1,P0119,3,229.62,0.1,3.47,623.44
O005371,1,P0319,1,702.73,0,20.29,723.02
O005371,2,P0176,1,265.34,0,16.23,281.57
O005372,1,P0089,1,625.43,0.05,23.88,618.04
O005372,2,P0004,1,803.36,0,7.55,810.91
O005373,1,P0145,2,247.46,0,9.22,504.14
O005374,1,P0064,1,145.78,0.1,2.78,133.98
O005375,1,P0250,1,375.47,0.05,2,358.7
O005376,1,P0254,1,824.63,0.1,12.81,754.98
O005376,2,P0276,1,820.81,0,19.49,840.3
O005376,3,P0249,1,575.36,0,12.83,588.19
O005376,4,P0102,2,249.53,0,11.59,510.65
O005377,1,P0191,1,654.69,0.1,4.59,593.81
O005377,2,P0027,1,406.86,0.1,2.29,368.46
O005378,1,P0151,1,785.65,0.05,14.13,760.5
O005378,2,P0302,1,340.59,0.15,16.24,305.74
O005378,3,P0298,1,410.7,0.05,10.7,400.86
O005378,4,P0106,3,236.99,0,14.55,725.52
O005379,1,P0013,1,110.57,0.1,15.41,114.92
O005380,1,P0052,2,782.48,0.15,18.8,1349.02
O005380,2,P0145,1,247.46,0,11.45,258.91
O005381,1,P0021,2,806.92,0.1,18.96,1471.42
O005382,1,P0041,5,126.39,0,2,633.95
O005383,1,P0101,2,92.83,0,14.65,200.31
O005384,1,P0251,1,266.39,0,16.71,283.1
O005384,2,P0175,1,568.15,0.1,2,513.34
O005385,1,P0123,1,202.44,0.05,14.11,206.43
O005386,1,P0184,1,112.13,0,7.46,119.59
O005386,2,P0304,1,396.52,0.05,5.47,382.16
O005387,1,P0167,1,9.0,0,4.72,13.72
O005387,2,P0020,1,1036.19,0,9.39,1045.58
O005388,1,P0042,2,584.05,0,2,1170.1
O005388,2,P0163,2,825.28,0,20.94,1671.5
O005388,3,P0045,1,72.1,0,2,74.1
O005389,1,P0233,1,84.69,0,10.91,95.6
O005390,1,P0073,1,139.62,0,7.85,147.47
O005390,2,P0307,2,69.12,0.1,13.2,137.62
O005391,1,P0047,1,224.37,0,29.3,253.67
O005391,2,P0208,1,723.84,0,13.6,737.44
O005392,1,P0106,1,236.99,0.05,9.12,234.26
O005393,1,P0076,1,1058.97,0,22.04,1081.01
O005394,1,P0131,1,185.19,0,16.76,201.95
O005394,2,P0172,2,461.92,0.05,22.77,900.42
O005394,3,P0003,1,146.76,0,11.81,158.57
O005395,1,P0114,1,967.11,0,18.54,985.65
O005395,2,P0240,1,237.45,0,14.93,252.38
O005396,1,P0221,1,188.81,0,6.97,195.78
O005397,1,P0036,3,67.34,0,3.58,205.6
O005398,1,P0146,1,288.94,0,2,290.94
O005399,1,P0101,1,92.83,0.1,29.77,113.32
O005400,1,P0156,1,90.87,0,2.55,93.42
O005401,1,P0115,1,602.48,0,30.71,633.19
O005401,2,P0132,1,107.93,0.05,28.67,131.2
O005401,3,P0122,1,149.46,0,12.48,161.94
O005401,4,P0001,1,342.26,0,2,344.26
O005402,1,P0001,1,342.26,0.2,20.03,293.84
O005403,1,P0225,1,84.06,0,19.98,104.04
O005404,1,P0003,1,146.76,0.05,14.78,154.2
O005405,1,P0229,1,81.64,0.1,19.28,92.76
O005405,2,P0232,1,295.67,0.2,8.02,244.56
O005405,3,P0271,1,775.17,0.05,17.04,753.45
O005406,1,P0003,1,146.76,0,10.37,157.13
O005407,1,P0050,2,745.53,0,3.24,1494.3
O005407,2,P0309,2,541.39,0.05,11.5,1040.14
O005408,1,P0160,2,413.02,0,11.39,837.43
O005409,1,P0283,1,433.94,0.1,9.31,399.86
O005410,1,P0156,1,90.87,0.2,15.6,88.3
O005411,1,P0118,1,588.11,0,2.67,590.78
O005411,2,P0253,2,162.64,0,14.64,339.92
O005412,1,P0025,1,343.24,0,7.52,350.76
O005412,2,P0303,1,483.69,0,13.86,497.55
O005413,1,P0004,3,803.36,0,22.6,2432.68
O005413,2,P0275,1,515.35,0.05,14.24,503.82
O005414,1,P0258,1,81.39,0,4.99,86.38
O005415,1,P0009,2,17.8,0,8.94,44.54
O005416,1,P0293,3,564.26,0,8.41,1701.19
O005416,2,P0137,1,168.37,0.05,2,161.95
O005416,3,P0298,1,410.7,0.2,4.0,332.56
O005417,1,P0298,1,410.7,0.1,15.43,385.06
O005418,1,P0194,2,140.84,0,2,283.68
O005419,1,P0114,1,967.11,0,17.07,984.18
O005420,1,P0270,1,949.79,0,11.11,960.9
O005420,2,P0285,1,53.42,0,27.94,81.36
O005421,1,P0288,2,898.37,0,2,1798.74
O005422,1,P0149,1,858.19,0.15,20.54,750.0
O005423,1,P0180,1,358.61,0.1,22.28,345.03
O005424,1,P0198,1,764.66,0,3.12,767.78
O005425,1,P0020,1,1036.19,0.15,3.75,884.51
O005426,1,P0084,1,294.21,0.1,7.89,272.68
O005426,2,P0096,1,224.82,0,15.77,240.59
O005426,3,P0274,1,832.77,0.1,2.6,752.09
O005426,4,P0295,3,164.98,0,19.5,514.44
O005427,1,P0208,2,723.84,0,13.99,1461.67
O005427,2,P0317,2,811.43,0,12.55,1635.41
O005428,1,P0023,2,587.39,0,2,1176.78
O005429,1,P0253,1,162.64,0.05,10.95,165.46
O005430,1,P0240,1,237.45,0.05,19.44,245.02
O005431,1,P0207,1,469.0,0,16.78,485.78
O005432,1,P0042,1,584.05,0,10.02,594.07
O005433,1,P0249,1,575.36,0.1,24.38,542.2
O005434,1,P0103,4,158.36,0.1,14.92,585.02
O005434,2,P0295,1,164.98,0,4.26,169.24
O005434,3,P0187,2,106.77,0.15,7.85,189.36
O005435,1,P0211,2,980.09,0.05,15.48,1877.65
O005436,1,P0257,2,486.52,0,5.79,978.83
O005436,2,P0308,2,109.62,0,20.44,239.68
O005437,1,P0036,1,67.34,0,5.03,72.37
O005437,2,P0068,2,148.48,0,10.07,307.03
O005438,1,P0284,1,501.64,0.1,12.45,463.93
O005438,2,P0282,1,856.4,0,9.51,865.91
O005438,3,P0024,1,832.14,0,12.94,845.08
O005439,1,P0066,1,451.94,0,12.3,464.24
O005439,2,P0215,2,1003.36,0.1,14.64,1820.69
O005439,3,P0014,1,187.84,0.1,6.22,175.28
O005440,1,P0213,1,693.96,0.15,7.77,597.64
O005440,2,P0028,1,305.36,0.2,14.28,258.57
O005441,1,P0128,1,835.43,0,2,837.43
O005441,2,P0001,3,342.26,0,14.17,1040.95
O005442,1,P0240,1,237.45,0.15,9.98,211.81
O005443,1,P0118,1,588.11,0,3.66,591.77
O005443,2,P0198,2,764.66,0,24.73,1554.05
O005444,1,P0286,1,518.79,0.1,15.6,482.51
O005444,2,P0124,2,336.97,0,17.74,691.68
O005444,3,P0242,2,722.98,0.15,21.16,1250.23
O005445,1,P0214,1,42.92,0,13.02,55.94
O005446,1,P0284,1,501.64,0,19.67,521.31
O005447,1,P0241,4,307.92,0.05,2.41,1172.51
O005448,1,P0170,1,444.66,0,22.02,466.68
O005449,1,P0206,2,75.89,0.05,14.87,159.06
O005450,1,P0236,1,397.11,0.1,2,359.4
O005451,1,P0175,3,568.15,0.05,12.17,1631.4
O005452,1,P0091,1,86.5,0,15.0,101.5
O005452,2,P0154,2,25.6,0,6.99,58.19
O005453,1,P0024,1,832.14,0,9.4,841.54
O005453,2,P0050,1,745.53,0.1,13.75,684.73
O005454,1,P0065,2,492.73,0,20.55,1006.01
O005455,1,P0261,1,745.54,0.1,15.61,686.6
O005455,2,P0094,1,756.84,0.1,10.07,691.23
O005456,1,P0202,1,115.37,0,8.68,124.05
O005456,2,P0159,1,343.13,0.2,25.61,300.11
O005457,1,P0138,2,870.78,0,21.01,1762.57
O005458,1,P0071,1,250.08,0.1,23.27,248.34
O005458,2,P0248,5,363.73,0,20.98,1839.63
O005458,3,P0080,1,194.14,0,6.8,200.94
O005459,1,P0107,1,435.88,0.05,2,416.09
O005459,2,P0178,1,294.67,0.15,20.1,270.57
O005460,1,P0112,1,400.76,0.05,4.77,385.49
O005460,2,P0292,1,386.72,0,14.68,401.4
O005461,1,P0025,5,343.24,0,2.57,1718.77
O005461,2,P0228,2,539.71,0,10.72,1090.14
O005461,3,P0092,1,901.51,0.1,23.82,835.18
O005462,1,P0089,1,625.43,0,5.52,630.95
O005462,2,P0239,1,873.44,0.2,13.33,712.08
O005463,1,P0158,3,130.71,0.15,26.8,360.11
O005463,2,P0186,1,638.99,0.1,11.87,586.96
O005464,1,P0119,2,229.62,0,21.63,480.87
O005464,2,P0295,2,164.98,0,14.47,344.43
O005465,1,P0297,1,38.06,0.05,18.21,54.37
O005465,2,P0022,1,623.29,0.05,20.74,612.87
O005465,3,P0268,1,214.47,0,9.75,224.22
O005466,1,P0197,4,756.59,0,4.46,3030.82
O005466,2,P0049,2,841.2,0,9.74,1692.14
O005466,3,P0085,1,554.3,0,11.93,566.23
O005466,4,P0030,3,122.57,0,24.51,392.22
O005467,1,P0085,1,554.3,0,2.93,557.23
O005467,2,P0092,1,901.51,0.05,5.21,861.64
O005468,1,P0153,1,339.5,0,7.22,346.72
O005468,2,P0274,3,832.77,0,22.0,2520.31
O005468,3,P0104,2,521.9,0.05,24.34,1015.95
O005468,4,P0204,1,387.0,0,3.3,390.3
O005469,1,P0086,3,579.39,0,2,1740.17
O005470,1,P0218,1,363.84,0,17.11,380.95
O005470,2,P0156,1,90.87,0,17.88,108.75
O005471,1,P0187,1,106.77,0,2.71,109.48
O005472,1,P0265,1,240.13,0.1,12.12,228.24
O005472,2,P0284,2,501.64,0.1,21.47,924.42
O005472,3,P0048,1,920.6,0.05,17.49,892.06
O005473,1,P0122,1,149.46,0.2,9.25,128.82
O005473,2,P0234,1,354.24,0,18.98,373.22
O005473,3,P0040,1,354.01,0,2,356.01
O005474,1,P0052,2,782.48,0.15,19.64,1349.86
O005474,2,P0193,1,216.15,0,22.38,238.53
O005475,1,P0264,1,502.16,0.2,11.54,413.27
O005475,2,P0226,2,706.04,0,11.61,1423.69
O005475,3,P0067,2,355.88,0,9.65,721.41
O005476,1,P0097,1,267.08,0.1,2,242.37
O005476,2,P0220,1,103.24,0.05,2,100.08
O005476,3,P0160,2,413.02,0,2,828.04
O005477,1,P0268,1,214.47,0.2,7.31,178.89
O005477,2,P0054,1,429.08,0,20.28,449.36
O005478,1,P0134,3,574.47,0,4.96,1728.37
O005478,2,P0122,1,149.46,0.2,29.88,149.45
O005479,1,P0001,1,342.26,0.05,21.56,346.71
O005480,1,P0293,1,564.26,0,13.49,577.75
O005481,1,P0239,1,873.44,0,20.4,893.84
O005482,1,P0167,2,9.0,0,2,20.0
O005483,1,P0075,1,233.38,0.15,11.88,210.25
O005484,1,P0279,1,489.87,0.05,8.46,473.84
O005485,1,P0307,1,69.12,0,15.88,85.0
O005486,1,P0271,2,775.17,0.1,25.05,1420.36
O005486,2,P0280,1,128.6,0.05,12.15,134.32
O005487,1,P0138,1,870.78,0.1,21.6,805.3
O005487,2,P0229,1,81.64,0.15,8.18,77.57
O005487,3,P0145,1,247.46,0.1,22.5,245.21
O005488,1,P0042,1,584.05,0.15,2,498.44
O005488,2,P0136,1,784.55,0.1,19.47,725.57
O005488,3,P0191,2,654.69,0,10.99,1320.37
O005488,4,P0016,1,576.57,0.1,20.34,539.25
O005489,1,P0270,3,949.79,0,18.0,2867.37
O005489,2,P0136,1,784.55,0,10.22,794.77
O005489,3,P0207,1,469.0,0.05,9.43,454.98
O005490,1,P0078,1,314.17,0.1,19.58,302.33
O005490,2,P0248,1,363.73,0,7.12,370.85
O005490,3,P0128,2,835.43,0,12.18,1683.04
O005490,4,P0236,3,397.11,0.05,9.15,1140.91
O005491,1,P0089,2,625.43,0.05,9.43,1197.75
O005491,2,P0097,2,267.08,0.15,22.16,476.2
O005492,1,P0172,1,461.92,0,16.13,478.05
O005493,1,P0243,1,711.65,0.1,2.46,642.95
O005493,2,P0201,1,583.78,0,20.76,604.54
O005493,3,P0072,1,38.74,0.15,21.53,54.46
O005494,1,P0162,1,529.22,0.05,16.82,519.58
O005494,2,P0238,1,645.9,0.05,10.75,624.35
O005494,3,P0173,5,758.26,0,8.22,3799.52
O005495,1,P0166,1,20.64,0.05,8.59,28.2
O005496,1,P0156,1,90.87,0.15,10.87,88.11
O005496,2,P0317,1,811.43,0.1,22.07,752.36
O005497,1,P0281,1,372.41,0.05,24.39,378.18
O005498,1,P0277,2,49.26,0,19.38,117.9
O005499,1,P0105,1,18.23,0,19.38,37.61
O005500,1,P0066,1,451.94,0.1,21.13,427.88
O005501,1,P0145,2,247.46,0.05,24.71,494.88
O005502,1,P0132,1,107.93,0,23.78,131.71
O005503,1,P0165,1,27.21,0.15,15.71,38.84
O005503,2,P0154,1,25.6,0,23.81,49.41
O005504,1,P0116,1,339.23,0,13.45,352.68
O005505,1,P0021,1,806.92,0,13.3,820.22
O005505,2,P0007,1,306.83,0,19.1,325.93
O005506,1,P0101,1,92.83,0,5.89,98.72
O005507,1,P0313,3,555.72,0.05,8.2,1592.0
O005507,2,P0055,1,237.15,0.15,19.21,220.79
O005507,3,P0271,2,775.17,0,7.94,1558.28
O005508,1,P0270,1,949.79,0.1,11.52,866.33
O005508,2,P0164,1,13.57,0,4.35,17.92
O005508,3,P0298,1,410.7,0.05,29.46,419.62
O005508,4,P0118,1,588.11,0,21.85,609.96
O005509,1,P0167,1,9.0,0,16.93,25.93
O005509,2,P0258,1,81.39,0.05,2,79.32
O005510,1,P0056,1,581.05,0,7.3,588.35
O005510,2,P0294,3,73.38,0.2,11.09,187.2
O005510,3,P0308,2,109.62,0,21.09,240.33
O005510,4,P0233,2,84.69,0.05,12.8,173.71
O005511,1,P0138,1,870.78,0.1,3.99,787.69
O005512,1,P0317,1,811.43,0,12.18,823.61
O005512,2,P0154,1,25.6,0,20.43,46.03
O005512,3,P0301,1,263.33,0,19.94,283.27
O005512,4,P0161,2,67.49,0,12.5,147.48
O005513,1,P0098,1,701.13,0.1,15.3,646.32
O005514,1,P0274,1,832.77,0,17.33,850.1
O005514,2,P0057,1,286.31,0.15,10.25,253.61
O005515,1,P0025,1,343.24,0,8.05,351.29
O005516,1,P0046,1,190.18,0,2,192.18
O005516,2,P0314,2,745.22,0.05,7.92,1423.84
O005517,1,P0038,1,778.2,0,16.3,794.5
O005518,1,P0302,1,340.59,0,11.77,352.36
O005519,1,P0305,4,330.82,0.05,25.19,1282.31
O005520,1,P0108,2,957.8,0.05,2,1821.82
O005520,2,P0120,1,62.98,0,19.09,82.07
O005520,3,P0099,1,458.56,0,19.9,478.46
O005521,1,P0068,3,148.48,0.05,8.96,432.13
O005522,1,P0208,2,723.84,0.05,22.7,1398.0
O005522,2,P0242,2,722.98,0.1,13.44,1314.8
O005523,1,P0306,3,219.19,0,10.86,668.43
O005523,2,P0303,1,483.69,0,6.65,490.34
O005524,1,P0095,1,97.16,0.05,8.33,100.63
O005524,2,P0011,1,363.12,0,12.66,375.78
O005524,3,P0209,1,690.43,0.05,7.79,663.7
O005525,1,P0130,1,491.43,0,10.37,501.8
O005526,1,P0300,1,398.18,0,20.85,419.03
O005527,1,P0207,2,469.0,0.1,2.7,846.9
O005528,1,P0094,1,756.84,0,21.07,777.91
O005528,2,P0003,2,146.76,0,10.76,304.28
O005528,3,P0105,1,18.23,0.05,5.26,22.58
O005529,1,P0081,1,312.38,0,16.16,328.54
O005530,1,P0101,1,92.83,0.1,12.95,96.5
O005531,1,P0290,1,617.79,0,8.33,626.12
O005532,1,P0008,1,193.75,0,24.9,218.65
O005533,1,P0314,2,745.22,0,10.93,1501.37
O005534,1,P0265,3,240.13,0,2,722.39
O005535,1,P0297,5,38.06,0,9.22,199.52
O005536,1,P0023,1,587.39,0,16.18,603.57
O005537,1,P0124,1,336.97,0,15.9,352.87
O005537,2,P0171,1,427.19,0,20.16,447.35
O005538,1,P0301,1,263.33,0,10.65,273.98
O005539,1,P0170,1,444.66,0,6.39,451.05
O005539,2,P0050,2,745.53,0,10.71,1501.77
O005539,3,P0128,2,835.43,0.1,6.16,1509.93
O005540,1,P0232,1,295.67,0.1,12.6,278.7
O005541,1,P0258,2,81.39,0.05,7.74,162.38
O005541,2,P0115,1,602.48,0,21.49,623.97
O005542,1,P0015,1,284.04,0.1,13.54,269.18
O005543,1,P0199,4,324.1,0.1,23.14,1189.9
O005543,2,P0156,3,90.87,0,9.69,282.3
O005544,1,P0262,1,519.27,0,7.26,526.53
O005544,2,P0018,2,598.9,0,2,1199.8
O005545,1,P0296,1,428.51,0,10.02,438.53
O005546,1,P0301,2,263.33,0,5.64,532.3
O005546,2,P0285,2,53.42,0.05,2,103.5
O005546,3,P0302,1,340.59,0,10.22,350.81
O005546,4,P0135,3,504.23,0,4.88,1517.57
O005547,1,P0171,2,427.19,0,19.3,873.68
O005547,2,P0216,1,823.56,0.05,7.24,789.62
O005547,3,P0142,1,483.04,0.15,15.53,426.11
O005548,1,P0188,1,480.75,0.15,18.37,427.01
O005549,1,P0044,1,456.63,0,2.34,458.97
O005549,2,P0235,2,6.83,0,9.97,23.63
O005550,1,P0020,2,1036.19,0,9.97,2082.35
O005551,1,P0253,4,162.64,0,11.73,662.29
O005551,2,P0291,1,657.02,0,2,659.02
O005552,1,P0204,1,387.0,0,8.38,395.38
O005553,1,P0145,1,247.46,0,11.97,259.43
O005553,2,P0160,2,413.02,0,7.71,833.75
O005554,1,P0133,2,17.03,0.05,19.29,51.65
O005554,2,P0293,1,564.26,0.05,6.39,542.44
O005554,3,P0039,1,205.22,0,18.27,223.49
O005555,1,P0038,1,778.2,0,4.9,783.1
O005555,2,P0042,1,584.05,0.1,17.48,543.12
O005555,3,P0291,1,657.02,0,10.19,667.21
O005556,1,P0059,2,953.24,0,10.07,1916.55
O005557,1,P0169,1,410.06,0,16.53,426.59
O005557,2,P0296,1,428.51,0,2,430.51
O005558,1,P0272,1,724.17,0.15,15.86,631.4
O005558,2,P0080,1,194.14,0,7.09,201.23
O005558,3,P0319,1,702.73,0,9.07,711.8
O005559,1,P0153,1,339.5,0,23.48,362.98
O005560,1,P0299,1,28.85,0,6.25,35.1
O005561,1,P0296,1,428.51,0.05,13.41,420.49
O005561,2,P0031,1,397.25,0.1,4.5,362.03
O005562,1,P0072,1,38.74,0,17.17,55.91
O005563,1,P0078,1,314.17,0,11.59,325.76
O005564,1,P0072,2,38.74,0,12.17,89.65
O005564,2,P0237,1,956.17,0.2,11.24,776.18
O005565,1,P0148,1,188.16,0,9.59,197.75
O005565,2,P0020,1,1036.19,0,14.83,1051.02
O005566,1,P0033,1,310.62,0.2,18.41,266.91
O005566,2,P0108,2,957.8,0,8.06,1923.66
O005567,1,P0258,1,81.39,0,14.94,96.33
O005567,2,P0223,1,72.48,0.05,10.15,79.01
O005567,3,P0002,1,556.12,0,11.29,567.41
O005567,4,P0281,1,372.41,0,17.4,389.81
O005568,1,P0249,3,575.36,0,15.97,1742.05
O005568,2,P0188,3,480.75,0,11.72,1453.97
O005569,1,P0232,1,295.67,0,13.62,309.29
O005570,1,P0133,2,17.03,0,20.73,54.79
O005571,1,P0314,2,745.22,0,16.92,1507.36
O005572,1,P0312,1,681.66,0.15,13.81,593.22
O005572,2,P0096,1,224.82,0,5.93,230.75
O005572,3,P0191,1,654.69,0.15,13.66,570.15
O005573,1,P0314,1,745.22,0,6.38,751.6
O005573,2,P0175,1,568.15,0,2,570.15
O005573,3,P0310,1,8.5,0.1,28.78,36.43
O005574,1,P0310,1,8.5,0,19.14,27.64
O005574,2,P0066,4,451.94,0,20.44,1828.2
O005575,1,P0128,1,835.43,0,17.16,852.59
O005575,2,P0126,2,311.62,0,7.39,630.63
O005576,1,P0077,1,20.98,0.1,13.17,32.05
O005577,1,P0260,2,623.36,0,11.9,1258.62
O005578,1,P0242,1,722.98,0,10.7,733.68
O005579,1,P0022,30,623.29,0,10.69,18709.39
O005580,1,P0320,1,907.09,0.05,14.09,875.83
O005580,2,P0076,2,1058.97,0,21.29,2139.23
O005581,1,P0176,1,265.34,0.15,2,227.54
O005582,1,P0065,1,492.73,0,2,494.73
O005582,2,P0188,1,480.75,0.15,14.2,422.84
O005582,3,P0093,1,952.7,0.1,5.85,863.28
O005583,1,P0291,2,657.02,0,18.65,1332.69
O005584,1,P0118,1,588.11,0.15,2,501.89
O005585,1,P0231,1,766.78,0.05,23.09,751.53
O005586,1,P0106,1,236.99,0,4.39,241.38
O005587,1,P0306,1,219.19,0,13.28,232.47
O005587,2,P0270,4,949.79,0,11.4,3810.56
O005588,1,P0215,2,1003.36,0,12.13,2018.85
O005589,1,P0175,1,568.15,0,14.71,582.86
O005590,1,P0017,3,237.22,0.1,13.77,654.26
O005590,2,P0147,1,535.43,0,10.86,546.29
O005590,3,P0150,1,23.53,0,14.46,37.99
O005591,1,P0068,2,148.48,0.15,14.13,266.55
O005591,2,P0121,1,97.09,0,20.93,118.02
O005591,3,P0079,2,165.37,0.05,14.28,328.48
O005592,1,P0238,1,645.9,0.15,14.24,563.25
O005593,1,P0149,2,858.19,0,21.44,1737.82
O005593,2,P0253,1,162.64,0,15.48,178.12
O005593,3,P0242,2,722.98,0.05,9.05,1382.71
O005594,1,P0212,1,486.38,0,15.89,502.27
O005594,2,P0132,1,107.93,0.1,9.98,107.12
O005594,3,P0059,1,953.24,0,5.99,959.23
O005595,1,P0209,4,690.43,0,13.82,2775.54
O005595,2,P0258,3,81.39,0,16.93,261.1
O005596,1,P0171,1,427.19,0.2,19.25,361.0
O005597,1,P0271,1,775.17,0.2,23.92,644.06
O005598,1,P0187,1,106.77,0.15,9.64,100.39
O005598,2,P0209,1,690.43,0.1,3.12,624.51
O005598,3,P0072,2,38.74,0,11.52,89.0
O005599,1,P0088,1,259.63,0.1,22.21,255.88
O005600,1,P0064,1,145.78,0,22.73,168.51
O005601,1,P0162,1,529.22,0,21.74,550.96
O005601,2,P0217,1,390.23,0.1,10.14,361.35
O005602,1,P0265,3,240.13,0.2,9.74,586.05
O005603,1,P0211,2,980.09,0,20.38,1980.56
O005604,1,P0306,2,219.19,0.15,7.08,379.7
O005604,2,P0099,1,458.56,0.05,2.16,437.79
O005605,1,P0007,1,306.83,0,19.55,326.38
O005605,2,P0289,1,88.04,0,14.17,102.21
O005606,1,P0197,1,756.59,0.05,2,720.76
O005607,1,P0040,1,354.01,0,16.37,370.38
O005608,1,P0116,1,339.23,0,10.63,349.86
O005609,1,P0171,1,427.19,0,15.83,443.02
O005610,1,P0291,1,657.02,0,16.78,673.8
O005610,2,P0283,2,433.94,0.15,4.54,742.24
O005611,1,P0184,1,112.13,0,2,114.13
O005611,2,P0043,3,118.53,0.05,18.37,356.18
O005612,1,P0001,1,342.26,0,3.04,345.3
O005612,2,P0300,1,398.18,0,10.41,408.59
O005612,3,P0284,1,501.64,0,7.28,508.92
O005613,1,P0175,1,568.15,0,20.35,588.5
O005614,1,P0017,1,237.22,0.05,13.22,238.58
O005615,1,P0153,1,339.5,0.05,11.62,334.14
O005616,1,P0012,2,529.58,0.1,17.44,970.68
O005617,1,P0286,1,518.79,0,19.74,538.53
O005618,1,P0160,2,413.02,0,29.59,855.63
O005618,2,P0079,4,165.37,0.1,15.29,610.62
O005618,3,P0252,1,259.81,0.1,8.88,242.71
O005619,1,P0205,1,468.82,0.1,11.12,433.06
O005620,1,P0119,1,229.62,0.15,22.04,217.22
O005620,2,P0254,1,824.63,0,12.45,837.08
O005621,1,P0320,3,907.09,0.1,13.71,2462.85
O005622,1,P0045,1,72.1,0,13.04,85.14
O005623,1,P0271,1,775.17,0,7.39,782.56
O005624,1,P0021,1,806.92,0,6.94,813.86
O005625,1,P0053,1,360.49,0.05,5.26,347.73
O005625,2,P0250,1,375.47,0.15,11.81,330.96
O005626,1,P0270,1,949.79,0,8.66,958.45
O005627,1,P0126,1,311.62,0,17.77,329.39
O005628,1,P0187,1,106.77,0.2,16.67,102.09
O005629,1,P0027,4,406.86,0.05,13.34,1559.41
O005629,2,P0124,1,336.97,0.1,17.19,320.46
O005630,1,P0026,1,659.65,0.15,32.34,593.04
O005631,1,P0125,3,329.73,0.15,11.8,852.61
O005632,1,P0151,2,785.65,0,11.01,1582.31
O005633,1,P0241,1,307.92,0.2,10.39,256.73
O005633,2,P0217,1,390.23,0.15,8.33,340.03
O005634,1,P0320,1,907.09,0,17.71,924.8
O005634,2,P0052,2,782.48,0,28.48,1593.44
O005635,1,P0023,1,587.39,0,2,589.39
O005635,2,P0248,5,363.73,0.05,2,1729.72
O005635,3,P0236,1,397.11,0.1,2,359.4
O005636,1,P0121,2,97.09,0,16.97,211.15
O005637,1,P0296,1,428.51,0,11.6,440.11
O005638,1,P0250,1,375.47,0.05,23.77,380.47
O005639,1,P0127,1,597.61,0.2,18.15,496.24
O005639,2,P0081,1,312.38,0,3.04,315.42
O005639,3,P0124,1,336.97,0.1,14.31,317.58
O005640,1,P0037,1,1028.12,0,21.7,1049.82
O005640,2,P0026,1,659.65,0.2,6.11,533.83
O005641,1,P0163,4,825.28,0,30.37,3331.49
O005642,1,P0249,1,575.36,0.05,11.1,557.69
O005642,2,P0151,1,785.65,0,9.86,795.51
O005643,1,P0110,1,1039.88,0.2,22.25,854.15
O005644,1,P0280,2,128.6,0,22.49,279.69
O005645,1,P0003,1,146.76,0,11.56,158.32
O005645,2,P0235,1,6.83,0,2,8.83
O005646,1,P0130,1,491.43,0.2,8.82,401.96
O005646,2,P0082,1,362.46,0,14.52,376.98
O005647,1,P0104,2,521.9,0.1,6.8,946.22
O005648,1,P0024,1,832.14,0,12.7,844.84
O005648,2,P0240,1,237.45,0,25.5,262.95
O005648,3,P0199,1,324.1,0.15,15.25,290.74
O005649,1,P0066,1,451.94,0,37.59,489.53
O005650,1,P0203,1,420.71,0,12.62,433.33
O005651,1,P0035,1,544.32,0,19.01,563.33
O005652,1,P0193,2,216.15,0,12.19,444.49
O005653,1,P0077,1,20.98,0,7.42,28.4
O005654,1,P0222,1,182.56,0.2,15.2,161.25
O005655,1,P0286,1,518.79,0,18.82,537.61
O005656,1,P0258,1,81.39,0.1,7.05,80.3
O005657,1,P0218,1,363.84,0,15.22,379.06
O005657,2,P0179,1,159.25,0,12.99,172.24
O005657,3,P0198,1,764.66,0,14.43,779.09
O005658,1,P0159,2,343.13,0,4.27,690.53
O005658,2,P0125,1,329.73,0,8.47,338.2
O005659,1,P0196,1,753.97,0.05,2,718.27
O005659,2,P0043,1,118.53,0.15,3.08,103.83
O005659,3,P0269,1,256.16,0.15,8.18,225.92
O005660,1,P0074,2,81.29,0,14.21,176.79
O005660,2,P0129,1,104.68,0.1,25.97,120.18
O005660,3,P0221,2,188.81,0,18.57,396.19
O005661,1,P0231,1,766.78,0,17.88,784.66
O005662,1,P0295,2,164.98,0.05,20.4,333.86
O005663,1,P0002,2,556.12,0,21.56,1133.8
O005664,1,P0315,2,174.01,0.05,20.59,351.21
O005664,2,P0102,1,249.53,0,13.16,262.69
O005665,1,P0111,1,127.38,0,2,129.38
O005665,2,P0086,5,579.39,0,7.55,2904.5
O005665,3,P0151,1,785.65,0.05,10.91,757.28
O005665,4,P0217,1,390.23,0.05,21.14,391.86
O005666,1,P0308,1,109.62,0,2,111.62
O005667,1,P0020,1,1036.19,0.1,7.18,939.75
O005667,2,P0110,1,1039.88,0.1,18.27,954.16
O005667,3,P0012,1,529.58,0.15,6.31,456.45
O005668,1,P0038,1,778.2,0,14.95,793.15
O005668,2,P0217,2,390.23,0.05,22.48,763.92
O005668,3,P0267,4,1088.78,0,20.4,4375.52
O005668,4,P0108,1,957.8,0,9.64,967.44
O005669,1,P0144,1,649.77,0.05,6.31,623.59
O005669,2,P0320,1,907.09,0.1,30.89,847.27
O005670,1,P0020,1,1036.19,0.05,6.34,990.72
O005670,2,P0300,1,398.18,0,8.6,406.78
O005671,1,P0286,1,518.79,0,6.91,525.7
O005672,1,P0308,1,109.62,0,11.33,120.95
O005673,1,P0198,1,764.66,0,10.99,775.65
O005673,2,P0035,1,544.32,0,12.62,556.94
O005673,3,P0021,1,806.92,0,15.97,822.89
O005674,1,P0205,1,468.82,0.15,7.29,405.79
O005675,1,P0272,1,724.17,0.05,16.1,704.06
O005675,2,P0062,1,673.39,0.1,13.39,619.44
O005675,3,P0224,1,355.54,0,6.46,362.0
O005676,1,P0128,1,835.43,0,2,837.43
O005677,1,P0018,1,598.9,0,10.73,609.63
O005677,2,P0243,2,711.65,0.2,18.34,1156.98
O005678,1,P0130,2,491.43,0.15,27.76,863.19
O005678,2,P0188,2,480.75,0.05,2.15,915.57
O005679,1,P0096,2,224.82,0.15,10.34,392.53
O005679,2,P0041,2,126.39,0,2,254.78
O005679,3,P0300,4,398.18,0,28.42,1621.14
O005680,1,P0117,2,794.64,0,14.57,1603.85
O005681,1,P0181,1,364.59,0,22.05,386.64
O005681,2,P0307,1,69.12,0,16.7,85.82
O005682,1,P0256,1,847.43,0.05,5.18,810.24
O005682,2,P0118,1,588.11,0.1,9.73,539.03
O005682,3,P0133,1,17.03,0,2,19.03
O005683,1,P0060,5,27.23,0,17.5,153.65
O005684,1,P0265,1,240.13,0.15,20.75,224.86
O005685,1,P0104,1,521.9,0,8.72,530.62
O005686,1,P0267,1,1088.78,0,12.02,1100.8
O005687,1,P0098,1,701.13,0,11.36,712.49
O005687,2,P0177,1,95.11,0,2,97.11
O005688,1,P0255,1,854.74,0,3.06,857.8
O005688,2,P0155,1,88.23,0,2,90.23
O005689,1,P0116,4,339.23,0,19.86,1376.78
O005690,1,P0022,1,623.29,0.05,28.18,620.31
O005691,1,P0130,1,491.43,0,12.1,503.53
O005691,2,P0319,1,702.73,0.05,12.45,680.04
O005691,3,P0054,1,429.08,0.05,8.58,416.21
O005692,1,P0077,1,20.98,0.1,3.56,22.44
O005692,2,P0148,1,188.16,0,12.28,200.44
O005692,3,P0256,1,847.43,0,10.58,858.01
O005693,1,P0281,1,372.41,0.15,16.63,333.18
O005694,1,P0286,3,518.79,0,17.64,1574.01
O005694,2,P0144,3,649.77,0,6.74,1956.05
O005695,1,P0028,1,305.36,0,8.27,313.63
O005695,2,P0084,1,294.21,0.2,19.07,254.44
O005696,1,P0033,1,310.62,0,9.68,320.3
O005697,1,P0121,1,97.09,0,11.6,108.69
O005698,1,P0059,1,953.24,0,2.26,955.5
O005699,1,P0189,1,630.91,0.05,2,601.36
O005700,1,P0108,1,957.8,0,17.75,975.55
O005700,2,P0252,1,259.81,0,20.2,280.01
O005700,3,P0161,3,67.49,0,30.34,232.81
O005701,1,P0183,4,808.84,0,11.19,3246.55
O005702,1,P0169,1,410.06,0,13.98,424.04
O005702,2,P0059,2,953.24,0.15,14.32,1634.83
O005703,1,P0053,4,360.49,0,14.71,1456.67
O005704,1,P0022,2,623.29,0,35.3,1281.88
O005704,2,P0312,1,681.66,0,24.57,706.23
O005704,3,P0194,2,140.84,0,6.93,288.61
O005704,4,P0226,5,706.04,0,9.5,3539.7
O005705,1,P0007,1,306.83,0.1,9.26,285.41
O005706,1,P0091,1,86.5,0.05,11.68,93.85
O005707,1,P0160,1,413.02,0.15,11.78,362.85
O005708,1,P0280,1,128.6,0.05,13.13,135.3
O005708,2,P0285,1,53.42,0.15,9.61,55.02
O005709,1,P0142,4,483.04,0,13.76,1945.92
O005709,2,P0022,1,623.29,0,6.3,629.59
O005709,3,P0212,2,486.38,0,2,974.76
O005710,1,P0293,2,564.26,0.15,18.01,977.25
O005710,2,P0086,1,579.39,0.05,2,552.42
O005711,1,P0019,2,618.71,0.1,7.1,1120.78
O005712,1,P0305,2,330.82,0,2,663.64
O005713,1,P0165,1,27.21,0,14.45,41.66
O005714,1,P0162,2,529.22,0,2,1060.44
O005715,1,P0203,1,420.71,0,24.18,444.89
O005716,1,P0196,1,753.97,0.15,4.46,645.33
O005717,1,P0027,4,406.86,0,10.39,1637.83
O005717,2,P0109,1,194.26,0,2,196.26
O005718,1,P0211,1,980.09,0,10.18,990.27
O005719,1,P0112,1,400.76,0,8.44,409.2
O005720,1,P0215,1,1003.36,0.05,12.89,966.08
O005720,2,P0078,1,314.17,0,15.44,329.61
O005721,1,P0265,1,240.13,0.1,2,218.12
O005722,1,P0158,1,130.71,0,7.22,137.93
O005722,2,P0218,1,363.84,0,7.98,371.82
O005723,1,P0018,2,598.9,0,8.24,1206.04
O005723,2,P0129,1,104.68,0,2.84,107.52
O005724,1,P0006,1,202.12,0.15,3.17,174.97
O005724,2,P0201,1,583.78,0,7.2,590.98
O005725,1,P0217,1,390.23,0.05,14.56,385.28
O005725,2,P0315,2,174.01,0.1,8.7,321.92
O005725,3,P0233,1,84.69,0,10.66,95.35
O005726,1,P0253,1,162.64,0.1,6.8,153.18
O005727,1,P0069,2,423.73,0.05,13.32,818.41
O005728,1,P0028,2,305.36,0,2,612.72
O005728,2,P0250,1,375.47,0.15,18.17,337.32
O005729,1,P0075,1,233.38,0,18.62,252.0
O005730,1,P0276,1,820.81,0,8.84,829.65
O005730,2,P0003,1,146.76,0.2,18.71,136.12
O005731,1,P0287,1,756.46,0,2.59,759.05
O005731,2,P0289,1,88.04,0,7.62,95.66
O005731,3,P0018,2,598.9,0,2,1199.8
O005731,4,P0251,1,266.39,0.2,6.51,219.62
O005732,1,P0285,2,53.42,0,15.73,122.57
O005733,1,P0240,4,237.45,0.1,10.96,865.78
O005734,1,P0037,1,1028.12,0,21.3,1049.42
O005735,1,P0239,1,873.44,0,2,875.44
O005735,2,P0061,1,776.86,0,15.92,792.78
O005735,3,P0262,3,519.27,0,2,1559.81
O005735,4,P0176,1,265.34,0.2,11.41,223.68
O005736,1,P0145,5,247.46,0,13.01,1250.31
O005736,2,P0168,1,45.44,0.05,31.72,74.89
O005736,3,P0273,2,75.24,0.1,3.15,138.58
O005737,1,P0293,1,564.26,0,6.78,571.04
O005738,1,P0206,3,75.89,0.2,2,184.14
O005738,2,P0295,1,164.98,0.2,2,133.98
O005738,3,P0246,1,236.21,0,10.1,246.31
O005738,4,P0182,3,150.43,0,4.71,456.0
O005739,1,P0213,3,693.96,0,9.64,2091.52
O005740,1,P0074,1,81.29,0,4.74,86.03
O005741,1,P0063,1,310.44,0,13.7,324.14
O005742,1,P0239,1,873.44,0,4.31,877.75
O005742,2,P0210,1,949.92,0,17.15,967.07
O005742,3,P0231,1,766.78,0,11.15,777.93
O005742,4,P0101,1,92.83,0,16.09,108.92
O005743,1,P0127,1,597.61,0,21.71,619.32
O005744,1,P0011,1,363.12,0.05,20.17,365.13
O005744,2,P0085,1,554.3,0.05,26.11,552.69
O005745,1,P0285,1,53.42,0,21.67,75.09
O005745,2,P0026,1,659.65,0,6.77,666.42
O005745,3,P0294,1,73.38,0.1,21.55,87.59
O005746,1,P0128,1,835.43,0,12.01,847.44
O005747,1,P0106,5,236.99,0,18.01,1202.96
O005748,1,P0294,1,73.38,0.1,13.4,79.44
O005748,2,P0199,1,324.1,0,14.5,338.6
O005749,1,P0199,1,324.1,0.15,18.27,293.75
O005750,1,P0200,2,499.63,0,9.62,1008.88
O005751,1,P0168,3,45.44,0.2,2,111.06
O005751,2,P0267,1,1088.78,0.1,12.32,992.22
O005752,1,P0007,1,306.83,0,11.62,318.45
O005752,2,P0132,1,107.93,0,12.58,120.51
O005752,3,P0043,1,118.53,0,2,120.53
O005753,1,P0207,1,469.0,0,4.5,473.5
O005754,1,P0220,1,103.24,0.2,29.62,112.21
O005755,1,P0124,1,336.97,0.05,6.47,326.59
O005755,2,P0189,1,630.91,0.2,13.97,518.7
O005755,3,P0167,1,9.0,0,15.56,24.56
O005755,4,P0039,2,205.22,0.1,21.14,390.54
O005756,1,P0203,1,420.71,0,2,422.71
O005757,1,P0293,1,564.26,0,15.93,580.19
O005758,1,P0086,1,579.39,0,17.84,597.23
O005758,2,P0275,1,515.35,0.1,14.39,478.21
O005759,1,P0278,1,480.16,0,2.75,482.91
O005759,2,P0025,1,343.24,0.1,14.07,322.99
O005760,1,P0301,1,263.33,0.05,5.36,255.52
O005761,1,P0277,2,49.26,0.05,6.09,99.68
O005762,1,P0108,1,957.8,0,10.57,968.37
O005763,1,P0087,1,118.02,0.05,12.43,124.55
O005764,1,P0288,1,898.37,0,11.23,909.6
O005764,2,P0210,2,949.92,0,31.41,1931.25
O005765,1,P0173,1,758.26,0.15,2.44,646.96
O005765,2,P0071,1,250.08,0.1,5.13,230.2
O005766,1,P0053,2,360.49,0,2,722.98
O005766,2,P0034,2,293.49,0,9.3,596.28
O005766,3,P0063,1,310.44,0.05,2,296.92
O005767,1,P0048,1,920.6,0,18.11,938.71
O005768,1,P0005,1,9999.99,0.2,14.07,8014.06
O005769,1,P0243,1,711.65,0.1,14.57,655.06
O005769,2,P0289,1,88.04,0,20.8,108.84
O005770,1,P0049,3,841.2,0,11.68,2535.28
O005771,1,P0066,3,451.94,0.1,6.76,1227.0
O005772,1,P0081,1,312.38,0.15,6.43,271.95
O005772,2,P0018,1,598.9,0,23.44,622.34
O005773,1,P0236,1,397.11,0,12.77,409.88
O005774,1,P0114,2,967.11,0.2,2,1549.38
O005775,1,P0067,1,355.88,0,12.7,368.58
O005776,1,P0230,2,438.21,0,24.8,901.22
O005777,1,P0169,2,410.06,0.1,2,740.11
O005777,2,P0003,1,146.76,0,3.35,150.11
O005778,1,P0177,1,95.11,0.05,2,92.35
O005779,1,P0200,2,499.63,0.05,10.29,959.59
O005779,2,P0179,1,159.25,0.15,2.11,137.47
O005780,1,P0150,1,23.53,0,2,25.53
O005780,2,P0158,2,130.71,0.15,12.15,234.36
O005780,3,P0272,1,724.17,0,6.31,730.48
O005781,1,P0034,1,293.49,0.1,9.67,273.81
O005782,1,P0096,1,224.82,0,10.44,235.26
O005783,1,P0149,2,858.19,0.15,7.99,1466.91
O005784,1,P0003,1,146.76,0,8.35,155.11
O005784,2,P0079,1,165.37,0.1,17.82,166.65
O005784,3,P0048,1,920.6,0.05,15.43,890.0
O005784,4,P0226,4,706.04,0,11.11,2835.27
O005785,1,P0122,1,149.46,0.05,9.63,151.62
O005785,2,P0170,2,444.66,0.15,3.98,759.9
O005785,3,P0119,2,229.62,0,7.17,466.41
O005786,1,P0158,1,130.71,0,23.57,154.28
O005786,2,P0184,1,112.13,0,22.02,134.15
O005787,1,P0071,1,250.08,0.15,10.14,222.71
O005788,1,P0266,3,242.67,0.05,15.02,706.63
O005789,1,P0182,1,150.43,0.05,2.36,145.27
O005790,1,P0025,1,343.24,0,11.45,354.69
O005791,1,P0105,4,18.23,0.1,7.47,73.1
O005791,2,P0140,2,227.4,0.2,27.83,391.67
O005792,1,P0240,1,237.45,0.2,10.14,200.1
O005793,1,P0317,1,811.43,0.15,18.74,708.46
O005793,2,P0075,2,233.38,0,18.69,485.45
O005793,3,P0068,1,148.48,0,5.84,154.32
O005794,1,P0067,2,355.88,0.1,20.69,661.27
O005794,2,P0066,1,451.94,0.15,15.38,399.53
O005794,3,P0185,3,8.75,0,15.45,41.7
O005795,1,P0012,1,529.58,0.1,4.18,480.8
O005796,1,P0061,1,776.86,0,16.97,793.83
O005796,2,P0085,2,554.3,0.05,5.23,1058.4
O005797,1,P0292,1,386.72,0,7.62,394.34
O005797,2,P0233,1,84.69,0,25.7,110.39
O005798,1,P0284,1,501.64,0,32.99,534.63
O005798,2,P0018,2,598.9,0.2,21.86,980.1
O005798,3,P0149,1,858.19,0,11.87,870.06
O005799,1,P0136,2,784.55,0.15,6.62,1340.35
O005799,2,P0141,2,92.1,0.2,20.28,167.64
O005800,1,P0012,1,529.58,0.05,2.0,505.1
O005800,2,P0075,2,233.38,0,2.11,468.87
O005800,3,P0284,1,501.64,0,20.02,521.66
O005801,1,P0069,1,423.73,0,14.56,438.29
O005801,2,P0082,1,362.46,0.05,7.71,352.05
O005801,3,P0086,1,579.39,0.2,5.78,469.29
O005802,1,P0313,1,555.72,0,28.03,583.75
O005803,1,P0264,1,502.16,0,23.53,525.69
O005804,1,P0201,1,583.78,0,4.35,588.13
O005804,2,P0015,1,284.04,0,13.12,297.16
O005804,3,P0094,1,756.84,0.1,13.31,694.47
O005805,1,P0005,2,9999.99,0,19.17,20019.15
O005806,1,P0147,1,535.43,0,24.94,560.37
O005807,1,P0075,2,233.38,0,15.75,482.51
O005807,2,P0279,2,489.87,0.2,12.84,796.63
O005808,1,P0060,2,27.23,0,14.29,68.75
O005808,2,P0137,1,168.37,0,6.6,174.97
O005808,3,P0204,2,387.0,0,9.45,783.45
O005809,1,P0027,1,406.86,0,11.47,418.33
O005809,2,P0130,1,491.43,0,2,493.43
O005810,1,P0024,3,832.14,0.05,13.98,2385.58
O005810,2,P0001,1,342.26,0,8.76,351.02
O005811,1,P0184,1,112.13,0.05,12.66,119.18
O005812,1,P0293,1,564.26,0.15,18.77,498.39
O005812,2,P0129,3,104.68,0,9.6,323.64
O005813,1,P0312,1,681.66,0,8.14,689.8
O005814,1,P0223,1,72.48,0,10.64,83.12
O005814,2,P0032,4,577.34,0.05,19.08,2212.97
O005815,1,P0128,1,835.43,0.15,13.11,723.23
O005815,2,P0180,1,358.61,0,11.06,369.67
O005816,1,P0203,2,420.71,0.05,23.88,823.23
O005817,1,P0282,1,856.4,0,4.78,861.18
O005817,2,P0165,1,27.21,0.1,2.36,26.85
O005818,1,P0275,1,515.35,0.05,20.8,510.38
O005818,2,P0045,1,72.1,0.15,19.63,80.91
O005819,1,P0228,1,539.71,0.2,31.67,463.44
O005820,1,P0286,1,518.79,0.2,3.75,418.78
O005820,2,P0237,2,956.17,0,4.05,1916.39
O005821,1,P0242,1,722.98,0,3.94,726.92
O005822,1,P0007,3,306.83,0,21.33,941.82
O005823,1,P0048,2,920.6,0.1,14.2,1671.28
O005823,2,P0185,1,8.75,0,5.3,14.05
O005823,3,P0080,3,194.14,0,21.93,604.35
O005824,1,P0131,2,185.19,0,10.74,381.12
O005824,2,P0300,1,398.18,0,12.59,410.77
O005825,1,P0209,1,690.43,0.05,17.95,673.86
O005825,2,P0293,5,564.26,0,4.5,2825.8
O005826,1,P0235,1,6.83,0.05,6.38,12.87
O005826,2,P0020,1,1036.19,0.1,21.75,954.32
O005827,1,P0285,1,53.42,0,19.32,72.74
O005828,1,P0216,1,823.56,0.15,12.17,712.2
O005828,2,P0206,4,75.89,0,9.41,312.97
O005828,3,P0061,1,776.86,0.15,19.09,679.42
O005829,1,P0026,1,659.65,0.15,14.23,574.93
O005830,1,P0147,1,535.43,0,2.2,537.63
O005830,2,P0165,1,27.21,0,10.39,37.6
O005830,3,P0253,1,162.64,0.05,2,156.51
O005831,1,P0200,2,499.63,0.1,9.12,908.45
O005832,1,P0308,1,109.62,0,25.98,135.6
O005832,2,P0261,1,745.54,0.1,27.42,698.41
O005833,1,P0060,1,27.23,0,7.06,34.29
O005834,1,P0012,1,529.58,0.1,17.29,493.91
O005834,2,P0072,1,38.74,0,19.66,58.4
O005835,1,P0194,1,140.84,0,9.15,149.99
O005836,1,P0166,1,20.64,0,15.33,35.97
O005836,2,P0026,2,659.65,0.15,18.45,1139.86
O005837,1,P0135,1,504.23,0.1,7.45,461.26
O005838,1,P0306,1,219.19,0,16.57,235.76
O005839,1,P0276,1,820.81,0,15.77,836.58
O005840,1,P0040,2,354.01,0,5.06,713.08
O005840,2,P0041,2,126.39,0,13.18,265.96
O005841,1,P0043,1,118.53,0.05,11.01,123.61
O005842,1,P0307,2,69.12,0.2,2,112.59
O005843,1,P0085,1,554.3,0.1,2.06,500.93
O005844,1,P0090,1,907.45,0.2,7.38,733.34
O005844,2,P0258,1,81.39,0.1,8.79,82.04
O005845,1,P0202,3,115.37,0.2,2,278.89
O005845,2,P0238,2,645.9,0,8.5,1300.3
O005845,3,P0106,2,236.99,0.2,4.61,383.79
O005846,1,P0177,1,95.11,0.05,15.79,106.14
O005846,2,P0293,1,564.26,0,16.09,580.35
O005847,1,P0001,1,342.26,0.2,17.99,291.8
O005847,2,P0133,1,17.03,0.15,15.22,29.7
O005847,3,P0155,1,88.23,0,20.37,108.6
O005848,1,P0162,1,529.22,0.1,4.87,481.17
O005849,1,P0277,1,49.26,0,24.53,73.79
O005850,1,P0211,1,980.09,0.1,8.08,890.16
O005851,1,P0264,1,502.16,0,20.22,522.38
O005852,1,P0305,4,330.82,0,4.05,1327.33
O005852,2,P0265,5,240.13,0.05,2,1142.62
O005853,1,P0195,1,256.53,0,16.07,272.6
O005853,2,P0266,1,242.67,0,14.68,257.35
O005853,3,P0270,1,949.79,0,2.22,952.01
O005853,4,P0049,1,841.2,0.1,22.07,779.15
O005854,1,P0188,1,480.75,0,8.91,489.66
O005855,1,P0233,2,84.69,0.05,10.2,171.11
O005856,1,P0103,1,158.36,0,26.51,184.87
O005856,2,P0035,1,544.32,0,3.86,548.18
O005856,3,P0099,1,458.56,0,4.16,462.72
O005856,4,P0003,1,146.76,0,9.82,156.58
O005857,1,P0075,1,233.38,0.1,7.25,217.29
O005857,2,P0055,1,237.15,0,10.09,247.24
O005858,1,P0134,1,574.47,0,19.21,593.68
O005859,1,P0037,2,1028.12,0,10.08,2066.32
O005860,1,P0309,1,541.39,0.1,17.74,504.99
O005861,1,P0093,1,952.7,0,17.07,969.77
O005862,1,P0289,3,88.04,0.1,10.53,248.24
O005863,1,P0182,3,150.43,0.05,19.62,448.35
O005864,1,P0305,1,330.82,0,21.6,352.42
O005864,2,P0217,3,390.23,0,9.49,1180.18
O005864,3,P0286,1,518.79,0,2,520.79
O005865,1,P0100,2,237.44,0,2,476.88
O005865,2,P0129,2,104.68,0.2,10.75,178.24
O005865,3,P0133,2,17.03,0,21.79,55.85
O005866,1,P0207,4,469.0,0.15,14.6,1609.2
O005867,1,P0183,1,808.84,0.1,18.55,746.51
O005868,1,P0296,1,428.51,0.05,12.72,419.8
O005869,1,P0118,1,588.11,0,8.23,596.34
O005870,1,P0207,1,469.0,0,11.51,480.51
O005871,1,P0274,1,832.77,0,16.17,848.94
O005872,1,P0064,1,145.78,0.05,11.51,150.0
O005873,1,P0194,1,140.84,0.05,10.13,143.93
O005873,2,P0204,1,387.0,0,22.49,409.49
O005874,1,P0107,1,435.88,0.1,2,394.29
O005875,1,P0168,1,45.44,0.15,5.54,44.16
O005875,2,P0125,1,329.73,0,16.15,345.88
O005875,3,P0142,1,483.04,0.15,16.41,426.99
O005876,1,P0035,3,544.32,0.15,23.2,1411.22
O005876,2,P0229,1,81.64,0,12.11,93.75
O005876,3,P0186,1,638.99,0,24.4,663.39
O005877,1,P0179,1,159.25,0,6.59,165.84
O005877,2,P0063,1,310.44,0,5.07,315.51
O005877,3,P0300,2,398.18,0,6.68,803.04
O005877,4,P0285,1,53.42,0.15,25.29,70.7
O005878,1,P0145,1,247.46,0.05,20.63,255.72
O005878,2,P0312,5,681.66,0,8.35,3416.65
O005879,1,P0118,1,588.11,0,21.09,609.2
O005879,2,P0113,1,814.98,0.05,15.72,789.95
O005880,1,P0268,2,214.47,0.15,10.62,375.22
O005881,1,P0083,1,594.36,0,2,596.36
O005882,1,P0264,1,502.16,0,4.77,506.93
O005883,1,P0185,1,8.75,0.15,24.63,32.07
O005883,2,P0171,1,427.19,0.15,7.08,370.19
O005884,1,P0284,1,501.64,0.05,22.62,499.18
O005885,1,P0241,1,307.92,0,8.43,316.35
O005886,1,P0169,1,410.06,0,11.47,421.53
O005887,1,P0094,1,756.84,0.1,8.55,689.71
O005887,2,P0044,2,456.63,0,5.48,918.74
O005887,3,P0090,3,907.45,0,18.17,2740.52
O005888,1,P0151,3,785.65,0,2,2358.95
O005889,1,P0306,2,219.19,0,22.44,460.82
O005890,1,P0292,1,386.72,0.05,10.06,377.44
O005891,1,P0213,3,693.96,0,11.08,2092.96
O005891,2,P0101,1,92.83,0.1,13.9,97.45
O005892,1,P0095,1,97.16,0,20.89,118.05
O005892,2,P0051,1,371.95,0.05,21.59,374.94
O005892,3,P0306,2,219.19,0.15,13.45,386.07
O005893,1,P0240,1,237.45,0,3.49,240.94
O005893,2,P0148,1,188.16,0,2,190.16
O005893,3,P0014,1,187.84,0.05,5.85,184.3
O005894,1,P0187,1,106.77,0,17.89,124.66
O005895,1,P0037,1,1028.12,0,2,1030.12
O005895,2,P0317,1,811.43,0.15,15.11,704.83
O005895,3,P0148,1,188.16,0.15,2,161.94
O005896,1,P0147,5,535.43,0,20.68,2697.83
O005897,1,P0100,1,237.44,0,23.38,260.82
O005897,2,P0220,1,103.24,0.15,18.5,106.25
O005897,3,P0059,2,953.24,0,15.73,1922.21
O005898,1,P0254,1,824.63,0,6.65,831.28
O005899,1,P0303,1,483.69,0,17.66,501.35
O005900,1,P0094,1,756.84,0,11.12,767.96
O005900,2,P0201,1,583.78,0,7.83,591.61
O005900,3,P0231,1,766.78,0,19.98,786.76
O005900,4,P0082,1,362.46,0.05,8.66,353.0
O005901,1,P0255,1,854.74,0.05,8.4,820.4
O005901,2,P0002,1,556.12,0,15.86,571.98
O005901,3,P0031,1,397.25,0,8.08,405.33
O005901,4,P0030,1,122.57,0,6.75,129.32
O005902,1,P0086,1,579.39,0,21.97,601.36
O005902,2,P0051,1,371.95,0,9.87,381.82
O005902,3,P0317,1,811.43,0,18.11,829.54
O005903,1,P0240,4,237.45,0,5.45,955.25
O005904,1,P0153,4,339.5,0,11.98,1369.98
O005905,1,P0183,3,808.84,0.2,15.43,1956.65
O005906,1,P0272,1,724.17,0.05,2,689.96
O005906,2,P0275,1,515.35,0,4.84,520.19
O005907,1,P0188,1,480.75,0,2,482.75
O005908,1,P0258,4,81.39,0.1,14.28,307.28
O005908,2,P0301,2,263.33,0.1,11.0,484.99
O005908,3,P0155,1,88.23,0.15,4.99,79.99
O005908,4,P0158,1,130.71,0,15.14,145.85
O005909,1,P0265,2,240.13,0.1,19.37,451.6
O005910,1,P0221,1,188.81,0,9.03,197.84
O005911,1,P0098,1,701.13,0.2,15.6,576.5
O005912,1,P0044,1,456.63,0.1,11.37,422.34
O005913,1,P0319,1,702.73,0.05,18.03,685.62
O005914,1,P0121,1,97.09,0.1,8.2,95.58
O005915,1,P0084,1,294.21,0.1,22.34,287.13
O005916,1,P0090,2,907.45,0.05,12.57,1736.72
O005916,2,P0086,1,579.39,0,3.39,582.78
O005917,1,P0151,1,785.65,0,11.41,797.06
O005918,1,P0122,2,149.46,0.05,2,285.97
O005918,2,P0114,1,967.11,0.05,4.33,923.08
O005918,3,P0067,1,355.88,0,23.63,379.51
O005919,1,P0094,2,756.84,0,14.0,1527.68
O005920,1,P0086,2,579.39,0.1,15.31,1058.21
O005921,1,P0300,2,398.18,0.15,14.32,691.23
O005922,1,P0207,1,469.0,0,20.56,489.56
O005922,2,P0122,1,149.46,0,19.75,169.21
O005922,3,P0255,1,854.74,0,14.44,869.18
O005923,1,P0079,2,165.37,0.05,11.37,325.57
O005924,1,P0178,3,294.67,0.1,10.07,805.68
O005925,1,P0127,2,597.61,0,21.03,1216.25
O005926,1,P0251,2,266.39,0,15.5,548.28
O005926,2,P0265,1,240.13,0.15,19.44,223.55
O005926,3,P0256,1,847.43,0,10.81,858.24
O005926,4,P0292,1,386.72,0.05,16.87,384.25
O005927,1,P0054,3,429.08,0.15,20.3,1114.45
O005927,2,P0192,1,951.76,0.1,418.72,1275.3
O005928,1,P0224,2,355.54,0.05,2,677.53
O005928,2,P0092,1,901.51,0,2,903.51
O005928,3,P0177,1,95.11,0,25.68,120.79
O005929,1,P0292,1,386.72,0,11.06,397.78
O005929,2,P0143,2,110.16,0,8.62,228.94
O005929,3,P0260,3,623.36,0,4.23,1874.31
O005930,1,P0302,1,340.59,0,13.91,354.5
O005931,1,P0089,1,625.43,0,8.02,633.45
O005931,2,P0319,4,702.73,0.2,5.55,2254.29
O005932,1,P0234,1,354.24,0.1,20.12,338.94
O005933,1,P0302,2,340.59,0.05,15.72,662.84
O005934,1,P0095,1,97.16,0.05,7.1,99.4
O005934,2,P0292,1,386.72,0.1,25.54,373.59
O005935,1,P0065,1,492.73,0.2,19.61,413.79
O005935,2,P0162,1,529.22,0,2,531.22
O005936,1,P0308,1,109.62,0.15,11.77,104.95
O005936,2,P0077,2,20.98,0,13.39,55.35
O005937,1,P0219,1,553.58,0.1,10.56,508.78
O005937,2,P0031,1,397.25,0,11.04,408.29
O005938,1,P0167,1,9.0,0,9.43,18.43
O005938,2,P0239,2,873.44,0,18.98,1765.86
O005938,3,P0199,2,324.1,0,14.99,663.19
O005939,1,P0038,3,778.2,0.1,15.26,2116.4
O005940,1,P0041,3,126.39,0,12.08,391.25
O005940,2,P0097,3,267.08,0,3.3,804.54
O005941,1,P0055,1,237.15,0.1,3.76,217.19
O005941,2,P0110,20,1039.88,0,16.91,20814.51
O005942,1,P0107,2,435.88,0,17.62,889.38
O005943,1,P0280,1,128.6,0,10.13,138.73
O005944,1,P0162,1,529.22,0,18.01,547.23
O005945,1,P0236,1,397.11,0.15,8.3,345.84
O005946,1,P0203,1,420.71,0,19.91,440.62
O005946,2,P0224,1,355.54,0.1,20.73,340.72
O005947,1,P0157,3,807.11,0.15,12.91,2071.04
O005948,1,P0279,1,489.87,0,12.6,502.47
O005948,2,P0032,1,577.34,0,13.69,591.03
O005949,1,P0206,1,75.89,0,18.38,94.27
O005949,2,P0024,2,832.14,0.1,16.56,1514.41
O005950,1,P0182,1,150.43,0.15,13.17,141.04
O005951,1,P0316,1,419.97,0.1,25.52,403.49
O005952,1,P0140,1,227.4,0,13.9,241.3
O005953,1,P0235,1,6.83,0,7.98,14.81
O005953,2,P0001,4,342.26,0,24.37,1393.41
O005954,1,P0249,3,575.36,0.05,16.61,1656.39
O005955,1,P0095,1,97.16,0,20.91,118.07
O005956,1,P0181,1,364.59,0.05,7.04,353.4
O005956,2,P0082,1,362.46,0,2.61,365.07
O005957,1,P0064,1,145.78,0,2,147.78
O005958,1,P0013,2,110.57,0.15,21.19,209.16
O005959,1,P0184,2,112.13,0,9.79,234.05
O005960,1,P0167,1,9.0,0.15,24.31,31.96
O005960,2,P0150,2,23.53,0.1,20.69,63.04
O005961,1,P0109,3,194.26,0.2,7.51,473.73
O005962,1,P0302,1,340.59,0.1,11.77,318.3
O005963,1,P0216,1,823.56,0,15.18,838.74
O005964,1,P0041,1,126.39,0,21.7,148.09
O005965,1,P0167,1,9.0,0,3.13,12.13
O005966,1,P0102,1,249.53,0.05,8.4,245.45
O005967,1,P0258,1,81.39,0.1,5.99,79.24
O005968,1,P0302,1,340.59,0.15,2,291.5
O005968,2,P0307,2,69.12,0,14.08,152.32
O005969,1,P0087,1,118.02,0,8.61,126.63
O005969,2,P0170,1,444.66,0.2,2,357.73
O005969,3,P0278,1,480.16,0.1,12.51,444.65
O005970,1,P0281,1,372.41,0.05,4.94,358.73
O005971,1,P0241,1,307.92,0,12.79,320.71
O005971,2,P0219,1,553.58,0.05,16.24,542.14
O005972,1,P0221,1,188.81,0.05,6.16,185.53
O005972,2,P0065,1,492.73,0.05,3.84,471.93
O005973,1,P0194,4,140.84,0.15,9.91,488.77
O005974,1,P0227,2,292.14,0,3.26,587.54
O005974,2,P0182,1,150.43,0,26.55,176.98
O005974,3,P0314,1,745.22,0,21.72,766.94
O005975,1,P0213,1,693.96,0,21.25,715.21
O005975,2,P0085,1,554.3,0,14.71,569.01
O005975,3,P0109,1,194.26,0,10.64,204.9
O005976,1,P0230,2,438.21,0.05,2,834.6
O005977,1,P0197,1,756.59,0,8.06,764.65
O005978,1,P0297,1,38.06,0,26.97,65.03
O005979,1,P0107,1,435.88,0,17.4,453.28
O005979,2,P0135,1,504.23,0,18.56,522.79
O005979,3,P0141,1,92.1,0,7.43,99.53
O005980,1,P0103,1,158.36,0.05,8.99,159.43
O005981,1,P0167,1,9.0,0,30.67,39.67
O005982,1,P0182,1,150.43,0.1,16.52,151.91
O005983,1,P0045,1,72.1,0.05,9.29,77.78
O005983,2,P0169,1,410.06,0,2,412.06
O005984,1,P0010,1,362.93,0.1,7.06,333.7
O005985,1,P0046,2,190.18,0,25.5,405.86
O005986,1,P0145,3,247.46,0.15,9.67,640.69
O005986,2,P0254,2,824.63,0,8.99,1658.25
O005987,1,P0200,3,499.63,0,2.16,1501.05
O005987,2,P0049,1,841.2,0.2,16.03,688.99
O005987,3,P0164,1,13.57,0.2,14.97,25.83
O005988,1,P0285,1,53.42,0,8.52,61.94
O005989,1,P0197,1,756.59,0,11.41,768.0
O005990,1,P0294,1,73.38,0,16.62,90.0
O005990,2,P0072,1,38.74,0,24.83,63.57
O005991,1,P0008,2,193.75,0,2,389.5
O005991,2,P0280,1,128.6,0.1,2.72,118.46
O005992,1,P0009,1,17.8,0,15.5,33.3
O005992,2,P0145,1,247.46,0.2,2,199.97
O005993,1,P0156,1,90.87,0,6.68,97.55
O005993,2,P0296,2,428.51,0.15,8.98,737.45
O005993,3,P0263,1,574.22,0.1,3.35,520.15
O005994,1,P0176,1,265.34,0.05,3.78,255.85
O005995,1,P0025,2,343.24,0.1,15.83,633.66
O005995,2,P0047,1,224.37,0,16.13,240.5
O005996,1,P0256,2,847.43,0,3.62,1698.48
O005996,2,P0232,1,295.67,0,21.1,316.77
O005997,1,P0068,1,148.48,0,14.49,162.97
O005998,1,P0258,4,81.39,0,8.49,334.05
O005999,1,P0172,2,461.92,0,17.29,941.13
O006000,1,P0013,1,110.57,0,19.57,130.14
O006000,2,P0095,1,97.16,0.1,18.41,105.85
O006000,3,P0209,2,690.43,0,21.26,1402.12
O006001,1,P0219,1,553.58,0,9.92,563.5
O006002,1,P0026,2,659.65,0.05,16.58,1269.91
O006003,1,P0274,1,832.77,0.05,16.12,807.25
O006003,2,P0314,1,745.22,0.05,10.7,718.66
O006004,1,P0250,2,375.47,0,17.97,768.91
O006004,2,P0230,2,438.21,0.2,6.25,707.39
O006004,3,P0051,1,371.95,0,14.62,386.57
O006004,4,P0167,2,9.0,0,4.03,22.03
O006005,1,P0050,1,745.53,0,15.78,761.31
O006005,2,P0267,1,1088.78,0,11.2,1099.98
O006006,1,P0185,1,8.75,0.1,2,9.88
O006006,2,P0222,1,182.56,0.1,28.73,193.03
O006006,3,P0284,5,501.64,0.1,2,2259.38
O006007,1,P0039,2,205.22,0.2,19.26,347.61
O006008,1,P0090,1,907.45,0.05,10.52,872.6
O006009,1,P0304,1,396.52,0,9.92,406.44
O006009,2,P0012,1,529.58,0,17.53,547.11
O006010,1,P0163,1,825.28,0,27.46,852.74
O006011,1,P0024,1,832.14,0,18.59,850.73
O006012,1,P0211,1,980.09,0.15,2.95,836.03
O006012,2,P0114,1,967.11,0.1,20.58,890.98
O006012,3,P0320,1,907.09,0,8.71,915.8
O006012,4,P0186,1,638.99,0,4.95,643.94
O006013,1,P0303,1,483.69,0,13.32,497.01
O006014,1,P0206,1,75.89,0.2,16.26,76.97
O006014,2,P0240,5,237.45,0,12.57,1199.82
O006014,3,P0123,1,202.44,0,7.49,209.93
O006015,1,P0158,1,130.71,0,15.61,146.32
O006016,1,P0296,1,428.51,0,14.06,442.57
O006016,2,P0284,1,501.64,0.1,13.7,465.18
O006017,1,P0166,2,20.64,0,15.44,56.72
O006017,2,P0163,1,825.28,0,22.75,848.03
O006018,1,P0279,1,489.87,0.2,11.12,403.02
O006019,1,P0191,2,654.69,0.15,8.46,1121.43
O006020,1,P0138,1,870.78,0,2,872.78
O006021,1,P0281,5,372.41,0.1,2,1677.85
O006021,2,P0046,1,190.18,0,16.46,206.64
O006022,1,P0130,2,491.43,0.05,5.02,938.74
O006023,1,P0203,2,420.71,0,24.65,866.07
O006024,1,P0304,1,396.52,0,16.79,413.31
O006024,2,P0123,1,202.44,0.1,5.92,188.12
O006024,3,P0314,2,745.22,0,28.99,1519.43
O006024,4,P0254,2,824.63,0.1,2,1486.33
O006025,1,P0008,2,193.75,0.15,24.3,353.68
O006026,1,P0261,1,745.54,0,14.88,760.42
O006026,2,P0053,1,360.49,0,11.51,372.0
O006027,1,P0176,1,265.34,0,14.45,279.79
O006028,1,P0190,5,449.88,0,21.25,2270.65
O006029,1,P0208,1,723.84,0,11.03,734.87
O006030,1,P0029,2,490.19,0,15.15,995.53
O006030,2,P0232,2,295.67,0,2,593.34
O006031,1,P0224,1,355.54,0,25.16,380.7
O006032,1,P0294,1,73.38,0,22.22,95.6
O006033,1,P0169,1,410.06,0,24.29,434.35
O006034,1,P0166,1,20.64,0.2,18.66,35.17
O006034,2,P0062,1,673.39,0.1,26.75,632.8
O006034,3,P0087,1,118.02,0.1,18.2,124.42
O006035,1,P0116,3,339.23,0,9.66,1027.35
O006035,2,P0178,2,294.67,0.2,13.73,485.2
O006036,1,P0277,1,49.26,0,2,51.26
O006037,1,P0010,1,362.93,0,12.48,375.41
O006038,1,P0203,1,420.71,0.05,22.87,422.54
O006039,1,P0023,3,587.39,0.05,14.29,1688.35
O006039,2,P0240,1,237.45,0,20.43,257.88
O006040,1,P0257,1,486.52,0,21.98,508.5
O006041,1,P0024,3,832.14,0.15,2,2123.96
O006041,2,P0175,1,568.15,0,28.33,596.48
O006041,3,P0253,1,162.64,0,10.89,173.53
O006041,4,P0117,1,794.64,0,2.33,796.97
O006042,1,P0176,1,265.34,0,2,267.34
O006043,1,P0281,2,372.41,0.15,2,635.1
O006044,1,P0058,2,156.02,0,7.92,319.96
O006045,1,P0061,2,776.86,0.1,2,1400.35
O006046,1,P0104,1,521.9,0.05,2,497.8
O006047,1,P0028,1,305.36,0.05,23.97,314.06
O006047,2,P0177,1,95.11,0,8.57,103.68
O006047,3,P0318,1,432.06,0,13.13,445.19
O006048,1,P0054,1,429.08,0.2,12.82,356.08
O006049,1,P0126,1,311.62,0.1,8.5,288.96
O006049,2,P0170,1,444.66,0,13.27,457.93
O006050,1,P0021,1,806.92,0.05,5.44,772.01
O006051,1,P0250,1,375.47,0.15,4.23,323.38
O006051,2,P0145,1,247.46,0,10.21,257.67
O006052,1,P0168,1,45.44,0.05,9.99,53.16
O006052,2,P0319,1,702.73,0,7.61,710.34
O006052,3,P0053,1,360.49,0.15,17.0,323.42
O006052,4,P0218,1,363.84,0.05,20.4,366.05
O006053,1,P0293,2,564.26,0.1,11.9,1027.57
O006054,1,P0222,1,182.56,0,7.59,190.15
O006054,2,P0200,1,499.63,0,15.9,515.53
O006055,1,P0177,2,95.11,0,15.67,205.89
O006056,1,P0258,1,81.39,0,13.27,94.66
O006057,1,P0206,2,75.89,0,17.62,169.4
O006058,1,P0226,1,706.04,0,26.49,732.53
O006059,1,P0300,1,398.18,0,8.72,406.9
O006060,1,P0160,1,413.02,0,19.31,432.33
O006061,1,P0136,1,784.55,0.05,15.34,760.66
O006062,1,P0145,1,247.46,0,5.24,252.7
O006063,1,P0031,3,397.25,0.05,13.88,1146.04
O006064,1,P0149,2,858.19,0.1,20.52,1565.26
O006065,1,P0314,1,745.22,0,9.52,754.74
O006066,1,P0288,1,898.37,0,22.56,920.93
O006067,1,P0165,1,27.21,0.1,19.95,44.44
O006068,1,P0016,1,576.57,0.15,14.64,504.72
O006069,1,P0016,1,576.57,0,2,578.57
O006070,1,P0145,2,247.46,0.15,18.12,438.8
O006071,1,P0052,1,782.48,0,11.32,793.8
O006072,1,P0096,1,224.82,0,15.82,240.64
O006073,1,P0246,20,236.21,0,23.83,4748.03
O006074,1,P0071,1,250.08,0.2,9.42,209.48
O006074,2,P0308,1,109.62,0,2,111.62
O006075,1,P0088,1,259.63,0,10.09,269.72
O006076,1,P0316,1,419.97,0,11.14,431.11
O006077,1,P0284,1,501.64,0.15,28.5,454.89
O006078,1,P0270,1,949.79,0,2,951.79
O006079,1,P0317,1,811.43,0.2,3.77,652.91
O006080,1,P0221,1,188.81,0,25.03,213.84
O006080,2,P0184,2,112.13,0,11.12,235.38
O006081,1,P0269,1,256.16,0,5.08,261.24
O006081,2,P0234,3,354.24,0,6.59,1069.31
O006082,1,P0012,1,529.58,0,7.4,536.98
O006083,1,P0216,1,823.56,0,8.31,831.87
O006083,2,P0235,1,6.83,0.1,11.4,17.55
O006084,1,P0066,1,451.94,0,21.62,473.56
O006084,2,P0293,1,564.26,0,2,566.26
O006084,3,P0169,2,410.06,0.1,7.19,745.3
O006084,4,P0194,1,140.84,0,18.13,158.97
O006085,1,P0068,1,148.48,0,7.59,156.07
O006085,2,P0113,1,814.98,0.15,2,694.73
O006086,1,P0069,4,423.73,0,11.94,1706.86
O006086,2,P0166,1,20.64,0.05,6.69,26.3
O006086,3,P0298,1,410.7,0,2,412.7
O006086,4,P0175,1,568.15,0,16.83,584.98
O006087,1,P0211,2,980.09,0,6.98,1967.16
O006088,1,P0188,1,480.75,0,14.75,495.5
O006089,1,P0105,4,18.23,0,12.2,85.12
O006090,1,P0037,1,1028.12,0,4.92,1033.04
O006091,1,P0057,2,286.31,0.1,9.18,524.54
O006091,2,P0135,1,504.23,0,2,506.23
O006091,3,P0111,1,127.38,0,2,129.38
O006092,1,P0015,1,284.04,0.15,5.15,246.58
O006093,1,P0234,1,354.24,0,18.43,372.67
O006093,2,P0274,2,832.77,0.1,23.55,1522.54
O006094,1,P0076,3,1058.97,0.2,12.69,2554.22
O006095,1,P0169,1,410.06,0.05,10.38,399.94
O006096,1,P0243,1,711.65,0.05,7.7,683.77
O006096,2,P0193,1,216.15,0,11.11,227.26
O006097,1,P0014,1,187.84,0.1,13.22,182.28
O006098,1,P0292,1,386.72,0,11.38,398.1
O006099,1,P0223,1,72.48,0,12.03,84.51
O006100,1,P0316,2,419.97,0.15,12.63,726.58
O006101,1,P0243,2,711.65,0,30.04,1453.34
O006102,1,P0045,2,72.1,0,16.69,160.89
O006103,1,P0137,1,168.37,0,13.33,181.7
O006104,1,P0069,1,423.73,0.1,26.5,407.86
O006104,2,P0095,1,97.16,0.15,5.74,88.33
O006105,1,P0059,1,953.24,0,2,955.24
O006106,1,P0198,1,764.66,0,2,766.66
O006107,1,P0309,3,541.39,0.2,9.13,1308.47
O006107,2,P0165,1,27.21,0,2,29.21
O006108,1,P0158,3,130.71,0,9.14,401.27
O006108,2,P0149,1,858.19,0,4.39,862.58
O006109,1,P0213,1,693.96,0.1,8.85,633.41
O006110,1,P0007,1,306.83,0,12.54,319.37
O006111,1,P0122,1,149.46,0,22.3,171.76
O006111,2,P0051,1,371.95,0.05,7.93,361.28
O006111,3,P0105,1,18.23,0,31.23,49.46
O006112,1,P0055,1,237.15,0.15,18.06,219.64
O006113,1,P0320,1,907.09,0,12.29,919.38
O006114,1,P0114,2,967.11,0.05,7.19,1844.7
O006115,1,P0018,2,598.9,0.15,8.99,1027.12
O006115,2,P0284,1,501.64,0.1,12.89,464.37
O006115,3,P0128,1,835.43,0.15,20.0,730.12
O006116,1,P0006,1,202.12,0,10.05,212.17
O006116,2,P0208,1,723.84,0,18.21,742.05
O006117,1,P0201,1,583.78,0.15,6.22,502.43
O006118,1,P0316,1,419.97,0,25.53,445.5
O006118,2,P0258,1,81.39,0.1,10.15,83.4
O006118,3,P0142,1,483.04,0,32.04,515.08
O006118,4,P0031,1,397.25,0,21.3,418.55
O006119,1,P0032,1,577.34,0.1,3.19,522.8
O006120,1,P0065,1,492.73,0.1,18.8,462.26
O006121,1,P0075,2,233.38,0,9.58,476.34
O006122,1,P0174,1,845.79,0,10.96,856.75
O006123,1,P0057,4,286.31,0,23.23,1168.47
O006123,2,P0214,1,42.92,0.1,16.25,54.88
O006124,1,P0086,1,579.39,0,21.03,600.42
O006125,1,P0159,1,343.13,0,18.99,362.12
O006126,1,P0306,1,219.19,0.2,25.04,200.39
O006126,2,P0305,1,330.82,0.1,12.32,310.06
O006127,1,P0257,2,486.52,0.1,16.65,892.39
O006128,1,P0204,1,387.0,0,12.12,399.12
O006129,1,P0013,2,110.57,0,9.83,230.97
O006129,2,P0203,1,420.71,0,11.98,432.69
O006130,1,P0218,1,363.84,0,14.9,378.74
O006131,1,P0315,1,174.01,0.1,9.67,166.28
O006132,1,P0309,1,541.39,0,15.96,557.35
O006133,1,P0025,1,343.24,0.15,11.1,302.85
O006133,2,P0289,2,88.04,0.05,2,169.28
O006134,1,P0095,1,97.16,0,2,99.16
O006135,1,P0188,2,480.75,0.05,4.92,918.34
O006135,2,P0233,1,84.69,0,18.46,103.15
O006136,1,P0288,1,898.37,0.1,12.7,821.23
O006136,2,P0093,1,952.7,0,16.14,968.84
O006137,1,P0098,2,701.13,0.1,7.46,1269.49
O006137,2,P0144,1,649.77,0,12.09,661.86
O006138,1,P0260,3,623.36,0,2,1872.08
O006139,1,P0229,2,81.64,0,17.4,180.68
O006140,1,P0118,2,588.11,0.05,21.14,1138.55
O006141,1,P0009,1,17.8,0.05,19.64,36.55
O006141,2,P0199,1,324.1,0.2,23.24,282.52
O006142,1,P0012,2,529.58,0.1,11.42,964.66
O006143,1,P0271,3,775.17,0.1,2,2094.96
O006143,2,P0198,1,764.66,0.05,2.5,728.93
O006143,3,P0153,1,339.5,0,20.23,359.73
O006144,1,P0099,1,458.56,0.2,2,368.85
O006145,1,P0318,2,432.06,0,3.56,867.68
O006145,2,P0150,1,23.53,0,17.32,40.85
O006146,1,P0127,1,597.61,0.05,2,569.73
O006146,2,P0271,1,775.17,0.05,8.54,744.95
O006147,1,P0215,3,1003.36,0,15.56,3025.64
O006148,1,P0147,2,535.43,0.1,23.27,987.04
O006148,2,P0128,1,835.43,0,7.33,842.76
O006149,1,P0257,3,486.52,0,6.14,1465.7
O006150,1,P0180,1,358.61,0.05,13.51,354.19
O006151,1,P0015,3,284.04,0.1,4.75,771.66
O006151,2,P0247,2,315.54,0,8.61,639.69
O006151,3,P0268,1,214.47,0,15.12,229.59
O006152,1,P0297,1,38.06,0.15,15.01,47.36
O006153,1,P0287,1,756.46,0,24.27,780.73
O006154,1,P0187,1,106.77,0,14.83,121.6
O006154,2,P0310,1,8.5,0.1,7.23,14.88
O006155,1,P0312,1,681.66,0,19.09,700.75
O006156,1,P0245,1,489.42,0,4.38,493.8
O006156,2,P0021,1,806.92,0,2,808.92
O006157,1,P0072,1,38.74,0,5.64,44.38
O006157,2,P0310,1,8.5,0,16.33,24.83
O006158,1,P0257,2,486.52,0.05,12.41,936.8
O006159,1,P0104,1,521.9,0.1,12.04,481.75
O006160,1,P0223,2,72.48,0.05,2,139.71
O006161,1,P0174,1,845.79,0,22.55,868.34
O006162,1,P0039,1,205.22,0.15,15.6,190.04
O006163,1,P0244,3,316.68,0.1,3.69,858.73
O006164,1,P0297,1,38.06,0.2,6.53,36.98
O006165,1,P0258,1,81.39,0,19.36,100.75
O006166,1,P0283,1,433.94,0,25.15,459.09
O006167,1,P0086,1,579.39,0.1,10.08,531.53
O006167,2,P0101,1,92.83,0,4.34,97.17
O006168,1,P0241,1,307.92,0,4.59,312.51
O006168,2,P0192,1,951.76,0.1,2,858.58
O006169,1,P0228,1,539.71,0,17.65,557.36
O006169,2,P0265,1,240.13,0,10.06,250.19
O006170,1,P0099,2,458.56,0.15,3.81,783.36
O006170,2,P0186,1,638.99,0.05,2,609.04
O006171,1,P0282,1,856.4,0,14.31,870.71
O006171,2,P0243,1,711.65,0.05,14.21,690.28
O006171,3,P0012,1,529.58,0.15,14.59,464.73
O006172,1,P0224,3,355.54,0,25.19,1091.81
O006172,2,P0035,1,544.32,0.2,16.97,452.43
O006172,3,P0025,4,343.24,0.1,20.31,1255.97
O006173,1,P0015,3,284.04,0,14.85,866.97
O006174,1,P0214,1,42.92,0.05,12.24,53.01
O006174,2,P0002,1,556.12,0.1,12.25,512.76
O006175,1,P0178,2,294.67,0,10.89,600.23
O006175,2,P0082,1,362.46,0.1,21.47,347.68
O006175,3,P0017,1,237.22,0.15,18.85,220.49
O006176,1,P0095,1,97.16,0,21.81,118.97
O006177,1,P0292,2,386.72,0,9.02,782.46
O006177,2,P0212,2,486.38,0.15,19.79,846.64
O006177,3,P0306,1,219.19,0.2,3.37,178.72
O006178,1,P0024,1,832.14,0,20.27,852.41
O006178,2,P0060,1,27.23,0,10.57,37.8
O006179,1,P0272,2,724.17,0,14.49,1462.83
O006180,1,P0049,1,841.2,0.15,9.83,724.85
O006180,2,P0127,1,597.61,0,2.06,599.67
O006180,3,P0068,3,148.48,0.1,12.01,412.91
O006181,1,P0194,1,140.84,0,19.2,160.04
O006182,1,P0164,1,13.57,0.05,29.15,42.04
O006182,2,P0157,1,807.11,0,20.93,828.04
O006183,1,P0232,1,295.67,0,16.18,311.85
O006184,1,P0166,1,20.64,0.05,11.4,31.01
O006184,2,P0120,2,62.98,0,7.02,132.98
O006185,1,P0208,2,723.84,0.05,7.47,1382.77
O006185,2,P0115,1,602.48,0.1,10.66,552.89
O006185,3,P0177,1,95.11,0.1,5.97,91.57
O006186,1,P0249,1,575.36,0.15,7.68,496.74
O006186,2,P0144,2,649.77,0,5.86,1305.4
O006187,1,P0269,2,256.16,0.05,21.67,508.37
O006187,2,P0022,1,623.29,0,8.62,631.91
O006188,1,P0133,1,17.03,0.2,15.65,29.27
O006188,2,P0279,1,489.87,0.1,10.44,451.32
O006188,3,P0100,1,237.44,0.1,9.49,223.19
O006189,1,P0319,3,702.73,0.05,2,2004.78
O006190,1,P0008,1,193.75,0,3.17,196.92
O006190,2,P0308,1,109.62,0,13.02,122.64
O006190,3,P0004,1,803.36,0,18.63,821.99
O006191,1,P0037,1,1028.12,0,23.07,1051.19
O006191,2,P0032,1,577.34,0,3.65,580.99
O006191,3,P0064,2,145.78,0.1,21.06,283.46
O006192,1,P0276,5,820.81,0.2,3.84,3287.08
O006193,1,P0121,1,97.09,0,2,99.09
O006193,2,P0142,1,483.04,0,11.88,494.92
O006194,1,P0297,1,38.06,0.15,5.35,37.7
O006195,1,P0026,1,659.65,0.05,3.9,630.57
O006196,1,P0040,2,354.01,0,2,710.02
O006197,1,P0262,4,519.27,0.1,2,1871.37
O006198,1,P0054,1,429.08,0.1,2,388.17
O006199,1,P0215,1,1003.36,0.1,2,905.02
O006200,1,P0008,2,193.75,0,14.01,401.51
O006200,2,P0309,2,541.39,0,5.25,1088.03
O006200,3,P0032,2,577.34,0,18.92,1173.6
O006201,1,P0089,2,625.43,0.15,4.54,1067.77
O006201,2,P0032,1,577.34,0,13.01,590.35
O006201,3,P0050,1,745.53,0.1,8.98,679.96
O006202,1,P0163,2,825.28,0,12.71,1663.27
O006203,1,P0039,1,205.22,0.15,2,176.44
O006204,1,P0231,1,766.78,0,3.98,770.76
O006205,1,P0231,1,766.78,0,5.75,772.53
O006206,1,P0038,2,778.2,0,10.62,1567.02
O006206,2,P0151,2,785.65,0,15.66,1586.96
O006207,1,P0279,1,489.87,0.05,27.7,493.08
O006208,1,P0040,1,354.01,0,23.56,377.57
O006208,2,P0152,1,817.49,0.1,6.42,742.16
O006209,1,P0245,2,489.42,0,5.73,984.57
O006210,1,P0106,2,236.99,0,23.21,497.19
O006211,1,P0105,1,18.23,0,5.12,23.35
O006211,2,P0316,3,419.97,0.2,31.95,1039.88
O006212,1,P0007,2,306.83,0,11.94,625.6
O006213,1,P0106,1,236.99,0,27.98,264.97
O006214,1,P0198,1,764.66,0.15,2,651.96
O006214,2,P0127,2,597.61,0.05,8.71,1144.17
O006215,1,P0262,1,519.27,0.15,19.26,460.64
O006216,1,P0258,1,81.39,0,10.52,91.91
O006217,1,P0083,1,594.36,0.1,23.06,557.98
O006218,1,P0158,2,130.71,0.15,9.78,231.99
O006218,2,P0220,1,103.24,0,16.83,120.07
O006218,3,P0007,1,306.83,0.15,15.98,276.79
O006219,1,P0097,1,267.08,0.05,20.96,274.69
O006219,2,P0270,1,949.79,0,14.6,964.39
O006219,3,P0126,3,311.62,0.15,12.5,807.13
O006219,4,P0118,1,588.11,0,2.76,590.87
O006220,1,P0120,1,62.98,0.15,14.32,67.85
O006220,2,P0261,2,745.54,0,13.72,1504.8
O006221,1,P0174,1,845.79,0,10.82,856.61
O006222,1,P0309,1,541.39,0.05,4.53,518.85
O006222,2,P0129,3,104.68,0,22.13,336.17
O006223,1,P0139,3,531.18,0.15,12.02,1366.53
O006224,1,P0252,1,259.81,0.1,15.54,249.37
O006225,1,P0003,1,146.76,0.1,2.91,134.99
O006226,1,P0027,1,406.86,0,2,408.86
O006226,2,P0033,1,310.62,0,24.35,334.97
O006227,1,P0319,1,702.73,0,13.46,716.19
O006228,1,P0295,1,164.98,0.2,4.6,136.58
O006229,1,P0262,1,519.27,0.05,5.95,499.26
O006230,1,P0187,1,106.77,0.05,12.4,113.83
O006230,2,P0121,1,97.09,0.15,8.34,90.87
O006231,1,P0118,1,588.11,0,12.64,600.75
O006231,2,P0201,1,583.78,0,5.37,589.15
O006232,1,P0052,2,782.48,0.2,2,1253.97
O006233,1,P0219,3,553.58,0.1,6.29,1500.96
O006233,2,P0162,1,529.22,0.15,5.31,455.15
O006234,1,P0301,1,263.33,0,9.03,272.36
O006234,2,P0019,1,618.71,0.05,8.37,596.14
O006234,3,P0162,1,529.22,0.2,13.56,436.94
O006235,1,P0018,1,598.9,0.1,6.05,545.06
O006236,1,P0318,1,432.06,0.1,8.28,397.13
O006237,1,P0260,1,623.36,0.1,13.74,574.76
O006238,1,P0270,1,949.79,0,6.3,956.09
O006238,2,P0212,2,486.38,0,7.1,979.86
O006238,3,P0263,3,574.22,0,2,1724.66
O006239,1,P0082,2,362.46,0,12.04,736.96
O006240,1,P0085,3,554.3,0,2,1664.9
O006240,2,P0107,1,435.88,0,2.73,438.61
O006241,1,P0255,2,854.74,0.2,2,1369.58
O006241,2,P0030,3,122.57,0,9.23,376.94
O006242,1,P0258,2,81.39,0,4.26,167.04
O006242,2,P0081,1,312.38,0,2,314.38
O006243,1,P0238,1,645.9,0.15,22.44,571.46
O006244,1,P0196,1,753.97,0,17.32,771.29
O006245,1,P0218,1,363.84,0.2,19.41,310.48
O006245,2,P0078,1,314.17,0,17.26,331.43
O006246,1,P0235,1,6.83,0.05,8.97,15.46
O006246,2,P0183,4,808.84,0.15,16.14,2766.2
O006247,1,P0014,1,187.84,0.15,6.27,165.93
O006247,2,P0209,1,690.43,0,5.37,695.8
O006247,3,P0233,2,84.69,0,11.23,180.61
O006248,1,P0135,1,504.23,0,17.7,521.93
O006248,2,P0208,1,723.84,0,5.57,729.41
O006248,3,P0152,1,817.49,0,19.77,837.26
O006249,1,P0199,2,324.1,0,9.18,657.38
O006249,2,P0114,2,967.11,0.2,8.66,1556.04
O006250,1,P0297,1,38.06,0,13.22,51.28
O006251,1,P0255,1,854.74,0,13.16,867.9
O006252,1,P0150,1,23.53,0,14.77,38.3
O006253,1,P0281,1,372.41,0,18.48,390.89
O006253,2,P0077,3,20.98,0,14.43,77.37
O006253,3,P0286,1,518.79,0,6.19,524.98
O006254,1,P0104,1,521.9,0.1,11.01,480.72
O006255,1,P0174,1,845.79,0,10.87,856.66
O006255,2,P0206,1,75.89,0,15.93,91.82
O006256,1,P0130,1,491.43,0,18.51,509.94
O006256,2,P0229,1,81.64,0.15,24.59,93.98
O006256,3,P0295,1,164.98,0,4.59,169.57
O006257,1,P0147,1,535.43,0,5.0,540.43
O006258,1,P0118,1,588.11,0,2,590.11
O006259,1,P0120,1,62.98,0.05,11.56,71.39
O006260,1,P0067,1,355.88,0.1,9.37,329.66
O006261,1,P0174,1,845.79,0.2,2,678.63
O006261,2,P0254,2,824.63,0,7.92,1657.18
O006261,3,P0065,3,492.73,0,8.53,1486.72
O006261,4,P0139,2,531.18,0.05,10.88,1020.12
O006262,1,P0319,1,702.73,0.15,17.27,614.59
O006263,1,P0118,2,588.11,0,27.0,1203.22
O006263,2,P0080,1,194.14,0,10.18,204.32
O006264,1,P0007,1,306.83,0,10.84,317.67
O006265,1,P0078,2,314.17,0.15,7.87,541.96
O006265,2,P0222,1,182.56,0,6.31,188.87
O006265,3,P0271,1,775.17,0,7.08,782.25
O006266,1,P0295,1,164.98,0,14.09,179.07
O006267,1,P0268,2,214.47,0.2,24.86,368.01
O006268,1,P0285,1,53.42,0,14.19,67.61
O006269,1,P0024,1,832.14,0.1,21.18,770.11
O006269,2,P0052,1,782.48,0.1,17.3,721.53
O006270,1,P0282,2,856.4,0,7.01,1719.81
O006271,1,P0053,1,360.49,0.15,24.54,330.96
O006271,2,P0282,1,856.4,0,26.77,883.17
O006272,1,P0011,2,363.12,0,10.25,736.49
O006273,1,P0151,1,785.65,0.15,23.09,690.89
O006273,2,P0034,1,293.49,0,24.55,318.04
O006274,1,P0191,1,654.69,0,20.29,674.98
O006275,1,P0154,1,25.6,0,24.8,50.4
O006275,2,P0262,1,519.27,0.2,15.35,430.77
O006276,1,P0043,1,118.53,0.05,10.91,123.51
O006277,1,P0282,1,856.4,0,17.15,873.55
O006278,1,P0271,1,775.17,0,13.05,788.22
O006278,2,P0226,1,706.04,0,2,708.04
O006278,3,P0034,4,293.49,0,11.63,1185.59
O006278,4,P0229,1,81.64,0,6.96,88.6
O006279,1,P0155,1,88.23,0.1,15.97,95.38
O006279,2,P0081,1,312.38,0,21.31,333.69
O006279,3,P0007,1,306.83,0,12.61,319.44
O006280,1,P0107,1,435.88,0.05,8.4,422.49
O006280,2,P0256,1,847.43,0,17.0,864.43
O006280,3,P0009,1,17.8,0.1,2,18.02
O006281,1,P0116,2,339.23,0,6.74,685.2
O006282,1,P0260,4,623.36,0,11.44,2504.88
O006283,1,P0073,2,139.62,0.15,20.95,258.3
O006283,2,P0004,1,803.36,0,8.54,811.9
O006283,3,P0234,1,354.24,0.1,7.29,326.11
O006284,1,P0018,5,598.9,0.1,17.88,2712.93
O006284,2,P0160,2,413.02,0,18.67,844.71
O006285,1,P0088,4,259.63,0.1,9.11,943.78
O006285,2,P0104,1,521.9,0.05,18.02,513.82
O006285,3,P0027,1,406.86,0.15,19.59,365.42
O006286,1,P0293,1,564.26,0.2,2,453.41
O006287,1,P0122,1,149.46,0.2,8.32,127.89
O006288,1,P0129,2,104.68,0.05,10.05,208.94
O006289,1,P0069,1,423.73,0.05,11.05,413.59
O006290,1,P0090,2,907.45,0.1,2,1635.41
O006291,1,P0152,1,817.49,0.15,17.78,712.65
O006292,1,P0222,4,182.56,0.05,2,695.73
O006292,2,P0255,1,854.74,0,32.87,887.61
O006292,3,P0276,1,820.81,0.15,4.28,701.97
O006292,4,P0294,2,73.38,0,13.79,160.55
O006293,1,P0241,1,307.92,0.2,15.36,261.7
O006293,2,P0055,1,237.15,0,3.79,240.94
O006294,1,P0104,1,521.9,0.1,11.25,480.96
O006295,1,P0025,1,343.24,0,23.33,366.57
O006295,2,P0148,1,188.16,0,2,190.16
O006295,3,P0157,2,807.11,0.1,3.76,1456.56
O006296,1,P0290,1,617.79,0.05,11.8,598.7
O006297,1,P0188,1,480.75,0,22.49,503.24
O006298,1,P0176,1,265.34,0,9.82,275.16
O006299,1,P0035,1,544.32,0.1,10.28,500.17
O006299,2,P0184,4,112.13,0.05,26.64,452.73
O006299,3,P0272,1,724.17,0,19.04,743.21
O006300,1,P0163,2,825.28,0.2,14.18,1334.63
O006301,1,P0139,1,531.18,0,2,533.18
O006302,1,P0196,1,753.97,0.15,14.27,655.14
O006302,2,P0271,1,775.17,0,18.85,794.02
O006302,3,P0283,3,433.94,0,13.43,1315.25
O006303,1,P0081,1,312.38,0,12.51,324.89
O006304,1,P0125,1,329.73,0.1,12.67,309.43
O006305,1,P0011,2,363.12,0.05,8.59,698.52
O006306,1,P0071,1,250.08,0,8.03,258.11
O006307,1,P0208,2,723.84,0.2,3.23,1161.37
O006308,1,P0128,1,835.43,0,3.47,838.9
O006309,1,P0180,1,358.61,0.1,16.38,339.13
O006310,1,P0204,2,387.0,0.05,17.74,753.04
O006311,1,P0188,3,480.75,0.05,9.22,1379.36
O006311,2,P0278,1,480.16,0,23.16,503.32
O006311,3,P0178,2,294.67,0,16.62,605.96
O006311,4,P0237,1,956.17,0.05,12.88,921.24
O006312,1,P0182,1,150.43,0,11.93,162.36
O006312,2,P0103,3,158.36,0.2,24.89,404.95
O006313,1,P0312,1,681.66,0,2,683.66
O006314,1,P0291,1,657.02,0,18.07,675.09
O006314,2,P0286,1,518.79,0,7.21,526.0
O006315,1,P0050,1,745.53,0,27.76,773.29
O006315,2,P0120,2,62.98,0.05,11.34,131.0
O006316,1,P0184,1,112.13,0.05,6.17,112.69
O006316,2,P0298,1,410.7,0.15,2,351.09
O006317,1,P0105,2,18.23,0,21.54,58.0
O006317,2,P0055,1,237.15,0,10.62,247.77
O006318,1,P0140,1,227.4,0,11.03,238.43
O006318,2,P0177,1,95.11,0,2,97.11
O006318,3,P0263,1,574.22,0,19.69,593.91
O006319,1,P0298,1,410.7,0,2,412.7
O006319,2,P0040,1,354.01,0.05,7.62,343.93
O006320,1,P0307,1,69.12,0,12.86,81.98
O006321,1,P0144,1,649.77,0.15,3.24,555.54
O006322,1,P0173,1,758.26,0.1,2,684.43
O006323,1,P0091,1,86.5,0.15,8.98,82.5
O006324,1,P0292,1,386.72,0.1,8.59,356.64
O006324,2,P0007,4,306.83,0.05,3.14,1169.09
O006324,3,P0157,1,807.11,0.15,2,688.04
O006325,1,P0191,1,654.69,0.15,9.74,566.23
O006326,1,P0239,1,873.44,0,17.56,891.0
O006326,2,P0235,1,6.83,0,17.23,24.06
O006327,1,P0192,1,951.76,0.05,11.42,915.59
O006327,2,P0240,2,237.45,0,17.57,492.47
O006327,3,P0018,1,598.9,0,5.38,604.28
O006327,4,P0261,1,745.54,0.2,2.61,599.04
O006328,1,P0093,1,952.7,0,13.43,966.13
O006328,2,P0191,1,654.69,0,21.8,676.49
O006329,1,P0310,1,8.5,0.15,12.72,19.95
O006330,1,P0099,1,458.56,0,2.33,460.89
O006331,1,P0204,4,387.0,0,7.77,1555.77
O006331,2,P0023,1,587.39,0,2,589.39
O006331,3,P0025,1,343.24,0,12.18,355.42
O006331,4,P0180,1,358.61,0,14.0,372.61
O006332,1,P0255,1,854.74,0.1,14.64,783.91
O006333,1,P0132,1,107.93,0,7.95,115.88
O006334,1,P0290,1,617.79,0,2.98,620.77
O006335,1,P0169,2,410.06,0,10.88,831.0
O006336,1,P0041,1,126.39,0,6.56,132.95
O006336,2,P0292,1,386.72,0,16.2,402.92
O006337,1,P0300,1,398.18,0.2,3.59,322.13
O006338,1,P0170,1,444.66,0.05,5.13,427.56
O006338,2,P0284,1,501.64,0.05,10.36,486.92
O006339,1,P0270,2,949.79,0.15,12.67,1627.31
O006339,2,P0236,1,397.11,0.1,2,359.4
O006339,3,P0268,1,214.47,0,31.03,245.5
O006340,1,P0185,1,8.75,0.15,2,9.44
O006341,1,P0229,1,81.64,0,2,83.64
O006341,2,P0147,2,535.43,0,14.74,1085.6
O006341,3,P0165,1,27.21,0.15,11.18,34.31
O006342,1,P0071,2,250.08,0.15,4.95,430.09
O006342,2,P0243,1,711.65,0.05,8.75,684.82
O006342,3,P0144,2,649.77,0.05,9.53,1244.09
O006342,4,P0083,1,594.36,0,10.78,605.14
O006343,1,P0069,1,423.73,0,13.04,436.77
O006343,2,P0289,1,88.04,0.05,9.47,93.11
O006343,3,P0225,1,84.06,0.1,12.49,88.14
O006344,1,P0122,1,149.46,0.05,14.59,156.58
O006344,2,P0011,1,363.12,0.05,26.03,370.99
O006344,3,P0214,1,42.92,0,2,44.92
O006344,4,P0314,3,745.22,0,2.91,2238.57
O006345,1,P0286,2,518.79,0,15.77,1053.35
O006346,1,P0238,1,645.9,0,11.31,657.21
O006346,2,P0028,3,305.36,0.15,18.26,796.93
O006347,1,P0248,1,363.73,0.1,12.86,340.22
O006348,1,P0289,1,88.04,0.05,27.67,111.31
O006348,2,P0314,1,745.22,0.05,2,709.96
O006348,3,P0158,2,130.71,0,3.02,264.44
O006349,1,P0148,1,188.16,0,10.36,198.52
O006349,2,P0243,1,711.65,0.05,8.55,684.62
O006350,1,P0165,1,27.21,0,12.1,39.31
O006351,1,P0008,2,193.75,0,13.69,401.19
O006352,1,P0244,1,316.68,0,11.13,327.81
O006353,1,P0234,1,354.24,0,34.93,389.17
O006354,1,P0236,2,397.11,0.15,16.13,691.22
O006355,1,P0255,2,854.74,0,19.17,1728.65
O006356,1,P0233,1,84.69,0,16.44,101.13
O006357,1,P0098,1,701.13,0,2,703.13
O006358,1,P0317,1,811.43,0.15,4.17,693.89
O006358,2,P0129,1,104.68,0,20.19,124.87
O006358,3,P0031,2,397.25,0,19.46,813.96
O006358,4,P0169,1,410.06,0.05,7.92,397.48
O006359,1,P0017,2,237.22,0.05,16.07,466.79
O006360,1,P0254,4,824.63,0,13.72,3312.24
O006361,1,P0083,1,594.36,0.1,15.48,550.4
O006361,2,P0036,1,67.34,0,21.13,88.47
O006361,3,P0319,1,702.73,0,6.48,709.21
O006361,4,P0040,1,354.01,0.2,3.19,286.4
O006362,1,P0115,1,602.48,0,2,604.48
O006363,1,P0315,2,174.01,0,17.75,365.77
O006364,1,P0156,30,90.87,0.05,2.47,2592.26
O006365,1,P0173,3,758.26,0.1,9.41,2056.71
O006365,2,P0300,1,398.18,0,2,400.18
O006366,1,P0158,1,130.71,0,16.46,147.17
O006367,1,P0268,1,214.47,0,5.85,220.32
O006368,1,P0200,5,499.63,0.1,25.82,2274.16
O006368,2,P0255,2,854.74,0.1,29.06,1567.59
O006369,1,P0179,2,159.25,0,21.32,339.82
O006369,2,P0281,3,372.41,0,10.52,1127.75
O006370,1,P0234,2,354.24,0.05,6.77,679.83
O006370,2,P0142,4,483.04,0,13.47,1945.63
O006370,3,P0229,1,81.64,0,2,83.64
O006371,1,P0308,5,109.62,0,7.48,555.58
O006372,1,P0019,1,618.71,0.05,16.31,604.08
O006373,1,P0010,1,362.93,0,27.36,390.29
O006373,2,P0320,1,907.09,0.15,10.31,781.34
O006373,3,P0181,1,364.59,0.1,19.1,347.23
O006373,4,P0050,1,745.53,0,2,747.53
O006374,1,P0230,1,438.21,0.15,5.52,378.0
O006375,1,P0043,1,118.53,0,14.46,132.99
O006376,1,P0144,1,649.77,0.15,22.89,575.19
O006377,1,P0243,1,711.65,0,2,713.65
O006378,1,P0320,3,907.09,0.05,18.3,2603.51
O006379,1,P0296,2,428.51,0,29.67,886.69
O006379,2,P0304,2,396.52,0.15,9.96,684.04
O006380,1,P0002,3,556.12,0.1,2,1503.52
O006381,1,P0131,1,185.19,0,12.59,197.78
O006382,1,P0172,1,461.92,0,2.35,464.27
O006382,2,P0278,1,480.16,0.1,17.4,449.54
O006383,1,P0317,5,811.43,0,3.22,4060.37
O006383,2,P0283,1,433.94,0.05,9.58,421.82
O006384,1,P0035,2,544.32,0.2,9.53,880.44
O006384,2,P0033,1,310.62,0,7.94,318.56
O006385,1,P0281,1,372.41,0,25.0,397.41
O006386,1,P0242,1,722.98,0,8.61,731.59
O006387,1,P0193,1,216.15,0,11.78,227.93
O006388,1,P0215,1,1003.36,0.15,5.19,858.05
O006389,1,P0143,1,110.16,0.05,14.06,118.71
O006389,2,P0303,1,483.69,0,11.01,494.7
O006389,3,P0077,1,20.98,0.15,6.38,24.21
O006389,4,P0187,1,106.77,0,2,108.77
O006390,1,P0027,1,406.86,0,24.62,431.48
O006390,2,P0007,1,306.83,0.1,14.13,290.28
O006391,1,P0100,2,237.44,0.15,11.8,415.45
O006392,1,P0070,2,298.91,0,10.69,608.51
O006392,2,P0006,2,202.12,0.1,20.46,384.28
O006392,3,P0054,1,429.08,0,2,431.08
O006393,1,P0010,2,362.93,0.2,2,582.69
O006393,2,P0041,2,126.39,0.1,14.4,241.9
O006394,1,P0108,1,957.8,0.15,30.67,844.8
O006394,2,P0318,1,432.06,0.05,29.91,440.37
O006395,1,P0011,1,363.12,0,4.33,367.45
O006395,2,P0119,1,229.62,0.15,2,197.18
O006395,3,P0262,1,519.27,0,29.39,548.66
O006396,1,P0195,1,256.53,0.15,2,220.05
O006397,1,P0157,1,807.11,0.1,2,728.4
O006397,2,P0033,1,310.62,0.1,17.18,296.74
O006397,3,P0269,1,256.16,0.05,8.65,252.0
O006398,1,P0073,1,139.62,0,19.33,158.95
O006399,1,P0134,1,574.47,0.15,7.52,495.82
O006399,2,P0142,1,483.04,0.05,9.07,467.96
O006400,1,P0218,1,363.84,0,20.75,384.59
O006400,2,P0063,1,310.44,0.15,17.06,280.93
O006400,3,P0257,1,486.52,0,18.53,505.05
O006401,1,P0219,1,553.58,0,12.45,566.03
O006402,1,P0054,1,429.08,0.15,11.35,376.07
O006403,1,P0153,2,339.5,0.05,15.61,660.66
O006404,1,P0266,1,242.67,0,16.25,258.92
O006404,2,P0160,1,413.02,0,23.15,436.17
O006404,3,P0223,1,72.48,0,12.83,85.31
O006405,1,P0300,1,398.18,0,7.14,405.32
O006406,1,P0140,2,227.4,0,11.55,466.35
O006406,2,P0237,4,956.17,0.05,2.21,3635.66
O006407,1,P0198,4,764.66,0,26.9,3085.54
O006407,2,P0026,1,659.65,0,7.15,666.8
O006407,3,P0120,1,62.98,0,10.74,73.72
O006408,1,P0089,2,625.43,0,2,1252.86
O006408,2,P0233,2,84.69,0.1,2,154.44
O006409,1,P0115,1,602.48,0.2,24.07,506.05
O006409,2,P0132,2,107.93,0,8.0,223.86
O006409,3,P0304,3,396.52,0.05,8.0,1138.08
O006410,1,P0281,3,372.41,0,4.15,1121.38
O006410,2,P0144,1,649.77,0,13.86,663.63
O006411,1,P0029,1,490.19,0,13.58,503.77
O006411,2,P0272,1,724.17,0,23.85,748.02
O006412,1,P0277,1,49.26,0,3.05,52.31
O006413,1,P0083,1,594.36,0,25.35,619.71
O006413,2,P0265,1,240.13,0.1,11.03,227.15
O006414,1,P0037,1,1028.12,0,8.74,1036.86
O006414,2,P0247,3,315.54,0,2,948.62
O006415,1,P0174,1,845.79,0.15,20.13,739.05
O006415,2,P0198,2,764.66,0,19.06,1548.38
O006415,3,P0167,1,9.0,0,2,11.0
O006415,4,P0153,1,339.5,0,11.96,351.46
O006416,1,P0302,1,340.59,0,12.89,353.48
O006416,2,P0055,2,237.15,0.05,22.22,472.8
O006416,3,P0070,1,298.91,0,14.81,313.72
O006417,1,P0039,2,205.22,0,15.12,425.56
O006417,2,P0256,2,847.43,0,2,1696.86
O006417,3,P0221,3,188.81,0,4.54,570.97
O006418,1,P0029,1,490.19,0.05,21.0,486.68
O006419,1,P0197,1,756.59,0.2,26.5,631.77
O006420,1,P0209,1,690.43,0,2,692.43
O006421,1,P0211,1,980.09,0,11.53,991.62
O006422,1,P0148,3,188.16,0,12.26,576.74
O006422,2,P0304,1,396.52,0.05,14.36,391.05
O006423,1,P0170,1,444.66,0.05,24.14,446.57
O006423,2,P0259,1,849.86,0.05,21.38,828.75
O006423,3,P0037,2,1028.12,0,7.31,2063.55
O006424,1,P0292,1,386.72,0,16.56,403.28
O006424,2,P0320,1,907.09,0.05,7.83,869.57
O006425,1,P0179,1,159.25,0,17.92,177.17
O006426,1,P0162,3,529.22,0,21.81,1609.47
O006427,1,P0190,2,449.88,0.1,11.49,821.27
O006427,2,P0224,2,355.54,0,16.59,727.67
O006428,1,P0067,1,355.88,0,27.25,383.13
O006428,2,P0046,1,190.18,0.05,5.51,186.18
O006429,1,P0316,1,419.97,0,10.72,430.69
O006430,1,P0286,1,518.79,0.05,10.6,503.45
O006430,2,P0016,2,576.57,0.15,9.53,989.7
O006431,1,P0242,1,722.98,0,10.93,733.91
O006432,1,P0139,1,531.18,0.05,6.48,511.1
O006432,2,P0178,1,294.67,0,20.35,315.02
O006432,3,P0157,2,807.11,0.05,22.25,1555.76
O006432,4,P0092,1,901.51,0.05,20.6,877.03
O006433,1,P0290,1,617.79,0.05,6.84,593.74
O006433,2,P0136,1,784.55,0,23.32,807.87
O006433,3,P0140,1,227.4,0,2,229.4
O006434,1,P0151,1,785.65,0,11.84,797.49
O006435,1,P0196,1,753.97,0,3.72,757.69
O006436,1,P0190,1,449.88,0,6.28,456.16
O006437,1,P0183,2,808.84,0,2,1619.68
O006437,2,P0124,1,336.97,0.15,23.72,310.14
O006437,3,P0161,2,67.49,0.05,12.44,140.67
O006438,1,P0205,1,468.82,0,8.9,477.72
O006438,2,P0156,3,90.87,0,15.18,287.79
O006439,1,P0299,1,28.85,0.2,5.83,28.91
O006439,2,P0040,1,354.01,0.15,13.5,314.41
O006440,1,P0244,1,316.68,0,13.83,330.51
O006440,2,P0234,1,354.24,0,8.5,362.74
O006441,1,P0244,2,316.68,0,23.61,656.97
O006442,1,P0145,1,247.46,0.1,7.63,230.34
O006442,2,P0310,1,8.5,0.2,4.97,11.77
O006442,3,P0108,1,957.8,0,15.93,973.73
O006443,1,P0058,3,156.02,0,15.29,483.35
O006443,2,P0080,1,194.14,0.2,3.84,159.15
O006443,3,P0316,2,419.97,0,2.37,842.31
O006443,4,P0227,1,292.14,0.05,14.94,292.47
O006444,1,P0144,3,649.77,0,4.52,1953.83
O006445,1,P0239,1,873.44,0.15,27.57,769.99
O006445,2,P0246,1,236.21,0.05,16.13,240.53
O006445,3,P0081,1,312.38,0.15,16.92,282.44
O006446,1,P0126,1,311.62,0,17.19,328.81
O006446,2,P0269,1,256.16,0,29.99,286.15
O006447,1,P0072,1,38.74,0.05,20.55,57.35
O006448,1,P0019,2,618.71,0.1,2,1115.68
O006448,2,P0307,1,69.12,0,4.01,73.13
O006449,1,P0153,1,339.5,0,13.95,353.45
O006450,1,P0139,1,531.18,0,2.3,533.48
O006450,2,P0007,1,306.83,0,7.76,314.59
O006450,3,P0048,1,920.6,0,14.87,935.47
O006451,1,P0096,4,224.82,0,22.12,921.4
O006452,1,P0307,1,69.12,0,20.2,89.32
O006452,2,P0073,1,139.62,0,19.07,158.69
O006452,3,P0210,1,949.92,0,17.86,967.78
O006453,1,P0080,1,194.14,0,9.57,203.71
O006454,1,P0007,1,306.83,0,10.0,316.83
O006454,2,P0233,1,84.69,0,8.04,92.73
O006455,1,P0306,1,219.19,0.15,22.1,208.41
O006456,1,P0188,1,480.75,0,8.2,488.95
O006457,1,P0118,4,588.11,0.15,10.64,2010.21
O006457,2,P0112,1,400.76,0.05,12.48,393.2
O006458,1,P0182,1,150.43,0.05,7.29,150.2
O006459,1,P0243,1,711.65,0,10.0,721.65
O006459,2,P0222,4,182.56,0,10.63,740.87
O006460,1,P0234,1,354.24,0,5.61,359.85
O006461,1,P0290,1,617.79,0,12.95,630.74
O006461,2,P0067,2,355.88,0.15,25.64,630.64
O006462,1,P0259,1,849.86,0.2,6.37,686.26
O006463,1,P0226,2,706.04,0.1,29.48,1300.35
O006463,2,P0259,1,849.86,0,16.57,866.43
O006464,1,P0001,1,342.26,0.05,16.82,341.97
O006464,2,P0219,1,553.58,0,20.42,574.0
O006465,1,P0128,1,835.43,0,16.07,851.5
O006466,1,P0086,1,579.39,0.15,15.56,508.04
O006466,2,P0317,2,811.43,0.15,2,1381.43
O006467,1,P0098,1,701.13,0,11.46,712.59
O006468,1,P0221,1,188.81,0.1,14.85,184.78
O006468,2,P0110,1,1039.88,0,20.74,1060.62
O006468,3,P0044,2,456.63,0.15,11.55,787.82
O006469,1,P0157,1,807.11,0.05,9.9,776.65
O006470,1,P0262,3,519.27,0,7.66,1565.47
O006470,2,P0179,1,159.25,0,20.09,179.34
O006470,3,P0141,1,92.1,0.1,33.08,115.97
O006471,1,P0257,2,486.52,0.05,31.06,955.45
O006472,1,P0196,2,753.97,0,2,1509.94
O006472,2,P0123,3,202.44,0.2,7.37,493.23
O006472,3,P0060,2,27.23,0.05,8.06,59.8
O006473,1,P0146,3,288.94,0,5.66,872.48
O006473,2,P0085,4,554.3,0.05,12.12,2118.46
O006474,1,P0055,4,237.15,0,5.24,953.84
O006474,2,P0233,1,84.69,0.2,23.14,90.89
O006475,1,P0247,1,315.54,0.1,8.44,292.43
O006475,2,P0183,1,808.84,0.05,16.51,784.91
O006475,3,P0048,2,920.6,0.05,24.85,1773.99
O006475,4,P0217,2,390.23,0,4.01,784.47
O006476,1,P0155,2,88.23,0,12.14,188.6
O006477,1,P0243,2,711.65,0.05,19.71,1371.85
O006477,2,P0167,1,9.0,0.1,2,10.1
O006477,3,P0179,1,159.25,0,15.49,174.74
O006478,1,P0011,1,363.12,0.05,13.14,358.1
O006479,1,P0088,1,259.63,0,3.15,262.78
O006480,1,P0315,1,174.01,0,7.11,181.12
O006480,2,P0033,1,310.62,0,8.53,319.15
O006481,1,P0063,1,310.44,0,3.98,314.42
O006482,1,P0189,1,630.91,0,8.08,638.99
O006483,1,P0167,2,9.0,0.05,13.03,30.13
O006483,2,P0245,1,489.42,0,25.0,514.42
O006484,1,P0039,1,205.22,0.05,9.39,204.35
O006485,1,P0317,1,811.43,0.2,21.57,670.71
O006486,1,P0149,1,858.19,0.15,3.51,732.97
O006487,1,P0219,1,553.58,0.1,7.81,506.03
O006488,1,P0188,1,480.75,0,5.1,485.85
O006488,2,P0112,2,400.76,0,17.21,818.73
O006489,1,P0284,1,501.64,0,6.54,508.18
O006490,1,P0313,1,555.72,0,15.68,571.4
O006491,1,P0311,1,347.85,0.1,12.35,325.42
O006491,2,P0111,1,127.38,0.05,2.58,123.59
O006492,1,P0180,1,358.61,0,9.67,368.28
O006492,2,P0051,2,371.95,0.2,3.65,598.77
O006493,1,P0251,2,266.39,0,20.83,553.61
O006494,1,P0094,2,756.84,0,11.05,1524.73
O006495,1,P0130,2,491.43,0.05,10.26,943.98
O006495,2,P0081,1,312.38,0,15.17,327.55
O006496,1,P0196,1,753.97,0,17.28,771.25
O006496,2,P0046,2,190.18,0,4.24,384.6
O006496,3,P0073,1,139.62,0,6.81,146.43
O006496,4,P0109,1,194.26,0.05,3.01,187.56
O006497,1,P0100,1,237.44,0,6.48,243.92
O006497,2,P0178,2,294.67,0,10.11,599.45
O006497,3,P0314,5,745.22,0,2,3728.1
O006498,1,P0201,1,583.78,0.05,2,556.59
O006499,1,P0264,1,502.16,0,12.37,514.53
O006500,1,P0226,1,706.04,0,24.94,730.98
O006501,1,P0078,1,314.17,0,15.77,329.94
O006502,1,P0194,1,140.84,0,8.59,149.43
O006503,1,P0005,2,9999.99,0,21.21,20021.19
O006504,1,P0239,1,873.44,0.05,5.2,834.97
O006504,2,P0154,1,25.6,0.05,17.13,41.45
O006505,1,P0074,1,81.29,0,17.05,98.34
O006506,1,P0222,1,182.56,0,15.22,197.78
O006507,1,P0284,1,501.64,0,17.38,519.02
O006508,1,P0149,1,858.19,0.1,5.06,777.43
O006509,1,P0145,1,247.46,0,3.34,250.8
O006510,1,P0098,3,701.13,0.05,22.34,2020.56
O006511,1,P0006,1,202.12,0,18.51,220.63
O006512,1,P0296,1,428.51,0,2.23,430.74
O006513,1,P0043,1,118.53,0.1,14.34,121.02
O006514,1,P0096,2,224.82,0.05,15.72,442.88
O006515,1,P0300,1,398.18,0.2,11.07,329.61
O006516,1,P0086,1,579.39,0,3.17,582.56
O006517,1,P0063,1,310.44,0.1,2,281.4
O006517,2,P0235,2,6.83,0,28.09,41.75
O006518,1,P0156,2,90.87,0,16.66,198.4
O006519,1,P0097,1,267.08,0.1,10.85,251.22
O006520,1,P0064,2,145.78,0,2.35,293.91
O006521,1,P0313,1,555.72,0,10.97,566.69
O006522,1,P0064,3,145.78,0.2,11.48,361.35
O006523,1,P0141,1,92.1,0.2,21.61,95.29
O006523,2,P0123,1,202.44,0.2,17.83,179.78
O006524,1,P0012,1,529.58,0.15,2,452.14
O006525,1,P0011,1,363.12,0.15,18.17,326.82
O006526,1,P0114,1,967.11,0.15,3.13,825.17
O006527,1,P0056,1,581.05,0,22.0,603.05
O006527,2,P0132,2,107.93,0.15,24.7,208.18
O006528,1,P0311,3,347.85,0,12.74,1056.29
O006529,1,P0132,1,107.93,0,13.78,121.71
O006530,1,P0195,5,256.53,0,14.45,1297.1
O006531,1,P0180,1,358.61,0,2,360.61
O006532,1,P0136,1,784.55,0,19.15,803.7
O006532,2,P0053,2,360.49,0.1,13.79,662.67
O006532,3,P0061,1,776.86,0.05,10.85,748.87
O006532,4,P0193,2,216.15,0,12.18,444.48
O006533,1,P0099,1,458.56,0.1,25.76,438.46
O006533,2,P0260,3,623.36,0,4.22,1874.3
O006534,1,P0314,1,745.22,0,2,747.22
O006535,1,P0077,5,20.98,0.1,5.04,99.45
O006536,1,P0258,1,81.39,0,17.76,99.15
O006537,1,P0270,1,949.79,0,2,951.79
O006537,2,P0076,2,1058.97,0,20.48,2138.42
O006538,1,P0166,1,20.64,0,10.26,30.9
O006538,2,P0046,1,190.18,0,4.55,194.73
O006538,3,P0151,2,785.65,0,6.66,1577.96
O006539,1,P0117,1,794.64,0.15,4.02,679.46
O006539,2,P0253,1,162.64,0,12.32,174.96
O006539,3,P0304,1,396.52,0,6.47,402.99
O006540,1,P0193,2,216.15,0.2,17.64,363.48
O006541,1,P0282,2,856.4,0.15,3.05,1458.93
O006541,2,P0145,20,247.46,0,19.13,4968.33
O006541,3,P0073,1,139.62,0.15,11.09,129.77
O006542,1,P0027,1,406.86,0.15,13.76,359.59
O006542,2,P0209,1,690.43,0.2,2,554.34
O006542,3,P0215,2,1003.36,0.05,5.17,1911.55
O006543,1,P0126,2,311.62,0,14.75,637.99
O006543,2,P0304,1,396.52,0,26.31,422.83
O006543,3,P0245,1,489.42,0.15,22.76,438.77
O006544,1,P0157,1,807.11,0.1,6.73,733.13
O006545,1,P0250,1,375.47,0.15,18.42,337.57
O006545,2,P0081,4,312.38,0,28.01,1277.53
O006546,1,P0142,1,483.04,0.05,8.92,467.81
O006547,1,P0317,2,811.43,0,19.49,1642.35
O006547,2,P0096,1,224.82,0,6.11,230.93
O006548,1,P0319,1,702.73,0.1,23.7,656.16
O006549,1,P0080,1,194.14,0,12.04,206.18
O006549,2,P0068,1,148.48,0,5.49,153.97
O006549,3,P0193,1,216.15,0,2.92,219.07
O006550,1,P0245,2,489.42,0.1,10.61,891.57
O006551,1,P0158,1,130.71,0,2,132.71
O006551,2,P0297,1,38.06,0.2,17.7,48.15
O006552,1,P0230,1,438.21,0,16.51,454.72
O006552,2,P0155,1,88.23,0,9.87,98.1
O006553,1,P0020,2,1036.19,0.05,14.65,1983.41
O006554,1,P0271,1,775.17,0.05,2,738.41
O006555,1,P0047,3,224.37,0.1,15.66,621.46
O006556,1,P0263,4,574.22,0.15,6.19,1958.54
O006557,1,P0309,1,541.39,0.05,7.49,521.81
O006558,1,P0228,1,539.71,0,9.78,549.49
O006558,2,P0258,3,81.39,0,3.42,247.59
O006559,1,P0238,2,645.9,0,21.27,1313.07
O006559,2,P0043,1,118.53,0,22.33,140.86
O006560,1,P0113,2,814.98,0,15.2,1645.16
O006560,2,P0042,1,584.05,0,11.57,595.62
O006561,1,P0136,2,784.55,0.05,2.79,1493.43
O006561,2,P0216,2,823.56,0.15,11.06,1411.11
O006562,1,P0250,1,375.47,0,12.9,388.37
O006563,1,P0080,1,194.14,0.15,10.47,175.49
O006563,2,P0037,2,1028.12,0,23.67,2079.91
O006563,3,P0293,3,564.26,0,25.46,1718.24
O006564,1,P0299,1,28.85,0,20.44,49.29
O006565,1,P0085,1,554.3,0,15.2,569.5
O006565,2,P0110,1,1039.88,0.1,5.23,941.12
O006565,3,P0318,1,432.06,0,13.74,445.8
O006566,1,P0077,1,20.98,0,3.85,24.83
O006566,2,P0082,1,362.46,0,8.62,371.08
O006567,1,P0067,1,355.88,0,3.02,358.9
O006567,2,P0298,1,410.7,0.05,8.92,399.08
O006568,1,P0296,2,428.51,0,19.12,876.14
O006569,1,P0043,1,118.53,0.05,23.26,135.86
O006570,1,P0215,1,1003.36,0,4.54,1007.9
O006571,1,P0184,1,112.13,0,14.94,127.07
O006571,2,P0264,2,502.16,0,8.63,1012.95
O006572,1,P0161,1,67.49,0,7.97,75.46
O006573,1,P0086,1,579.39,0.1,10.0,531.45
O006573,2,P0128,1,835.43,0.1,6.94,758.83
O006574,1,P0281,1,372.41,0,8.67,381.08
O006575,1,P0121,2,97.09,0,20.27,214.45
O006575,2,P0220,1,103.24,0,4.62,107.86
O006575,3,P0179,1,159.25,0,13.43,172.68
O006575,4,P0277,2,49.26,0,29.45,127.97
O006576,1,P0012,1,529.58,0,2,531.58
O006576,2,P0136,1,784.55,0.05,3.06,748.38
O006577,1,P0181,1,364.59,0,3.56,368.15
O006578,1,P0309,2,541.39,0.15,12.91,933.27
O006578,2,P0077,1,20.98,0.1,13.34,32.22
O006579,1,P0113,1,814.98,0,9.21,824.19
O006580,1,P0027,1,406.86,0.1,8.38,374.55
O006580,2,P0043,1,118.53,0.05,13.92,126.52
O006581,1,P0266,1,242.67,0,9.67,252.34
O006581,2,P0120,3,62.98,0,15.4,204.34
O006582,1,P0067,1,355.88,0,15.82,371.7
O006583,1,P0130,1,491.43,0,2,493.43
O006583,2,P0279,1,489.87,0.15,6.24,422.63
O006583,3,P0298,2,410.7,0,16.96,838.36
O006584,1,P0235,2,6.83,0,20.45,34.11
O006585,1,P0134,1,574.47,0,14.11,588.58
O006586,1,P0082,1,362.46,0.05,11.81,356.15
O006586,2,P0091,1,86.5,0,5.9,92.4
O006586,3,P0036,1,67.34,0,13.11,80.45
O006586,4,P0002,1,556.12,0,6.43,562.55
O006587,1,P0294,2,73.38,0,15.34,162.1
O006587,2,P0066,1,451.94,0,2,453.94
O006588,1,P0196,1,753.97,0,31.76,785.73
O006589,1,P0006,1,202.12,0.15,2,173.8
O006589,2,P0010,1,362.93,0.15,6.1,314.59
O006589,3,P0161,1,67.49,0.05,8.44,72.56
O006590,1,P0030,1,122.57,0,4.18,126.75
O006591,1,P0081,4,312.38,0,18.6,1268.12
O006592,1,P0120,1,62.98,0,6.61,69.59
O006593,1,P0210,3,949.92,0.2,17.62,2297.43
O006594,1,P0101,1,92.83,0,6.94,99.77
O006594,2,P0266,1,242.67,0.1,12.88,231.28
O006594,3,P0144,1,649.77,0,21.78,671.55
O006594,4,P0180,1,358.61,0,9.3,367.91
O006595,1,P0016,1,576.57,0.05,7.82,555.56
O006596,1,P0030,3,122.57,0,9.76,377.47
O006597,1,P0288,1,898.37,0.05,2,855.45
O006598,1,P0300,1,398.18,0,2,400.18
O006598,2,P0067,1,355.88,0.1,7.12,327.41
O006599,1,P0103,2,158.36,0,24.76,341.48
O006600,1,P0009,1,17.8,0,10.13,27.93
O006601,1,P0298,1,410.7,0,2.9,413.6
O006602,1,P0175,1,568.15,0,29.16,597.31
O006603,1,P0172,1,461.92,0,10.91,472.83
O006603,2,P0009,1,17.8,0,16.83,34.63
O006604,1,P0306,1,219.19,0,4.2,223.39
O006604,2,P0030,1,122.57,0,16.29,138.86
O006604,3,P0014,1,187.84,0.1,13.57,182.63
O006604,4,P0120,1,62.98,0,5.0,67.98
O006605,1,P0041,1,126.39,0.05,9.65,129.72
O006605,2,P0304,1,396.52,0,5.65,402.17
O006605,3,P0283,1,433.94,0.05,18.09,430.33
O006606,1,P0085,2,554.3,0,15.71,1124.31
O006607,1,P0123,2,202.44,0,2,406.88
O006607,2,P0186,1,638.99,0,10.81,649.8
O006607,3,P0083,2,594.36,0.15,18.54,1028.95
O006608,1,P0223,1,72.48,0.15,2,63.61
O006608,2,P0251,2,266.39,0,9.65,542.43
O006608,3,P0234,1,354.24,0,2.08,356.32
O006608,4,P0185,3,8.75,0,15.87,42.12
O006609,1,P0105,1,18.23,0,20.52,38.75
O006610,1,P0181,1,364.59,0.1,18.59,346.72
O006611,1,P0147,1,535.43,0.05,26.36,535.02
O006611,2,P0208,1,723.84,0.05,21.87,709.52
O006612,1,P0011,1,363.12,0.1,2,328.81
O006613,1,P0238,3,645.9,0,31.35,1969.05
O006614,1,P0074,2,81.29,0.1,7.28,153.6
O006614,2,P0153,1,339.5,0.15,2,290.57
O006615,1,P0245,2,489.42,0,8.43,987.27
O006615,2,P0234,1,354.24,0,21.46,375.7
O006615,3,P0214,1,42.92,0.1,7.01,45.64
O006616,1,P0043,1,118.53,0.05,18.24,130.84
O006616,2,P0173,2,758.26,0.1,28.69,1393.56
O006616,3,P0032,1,577.34,0.15,9.72,500.46
O006617,1,P0170,1,444.66,0.05,13.48,435.91
O006618,1,P0003,3,146.76,0,3.85,444.13
O006618,2,P0032,1,577.34,0,15.23,592.57
O006618,3,P0212,2,486.38,0.1,10.29,885.77
O006619,1,P0303,1,483.69,0,34.41,518.1
O006619,2,P0264,1,502.16,0.05,26.37,503.42
O006620,1,P0289,5,88.04,0.1,16.57,412.75
O006620,2,P0069,1,423.73,0.05,10.89,413.43
O006620,3,P0293,1,564.26,0,18.1,582.36
O006620,4,P0148,1,188.16,0,20.23,208.39
O006621,1,P0281,2,372.41,0.1,12.87,683.21
O006621,2,P0165,1,27.21,0,7.84,35.05
O006622,1,P0056,5,581.05,0,21.89,2927.14
O006622,2,P0136,2,784.55,0,11.51,1580.61
O006622,3,P0271,1,775.17,0,21.28,796.45
O006623,1,P0285,4,53.42,0.15,9.1,190.73
O006623,2,P0273,1,75.24,0.05,28.07,99.55
O006624,1,P0264,1,502.16,0,18.21,520.37
O006625,1,P0093,1,952.7,0.15,11.1,820.9
O006625,2,P0061,1,776.86,0.2,5.91,627.4
O006625,3,P0288,1,898.37,0.05,23.25,876.7
O006625,4,P0297,1,38.06,0,10.65,48.71
O006626,1,P0150,1,23.53,0,22.95,46.48
O006626,2,P0153,1,339.5,0.05,2,324.52
O006627,1,P0041,1,126.39,0,2,128.39
O006627,2,P0232,4,295.67,0.1,5.73,1070.14
O006628,1,P0298,2,410.7,0,17.69,839.09
O006628,2,P0301,2,263.33,0,22.33,548.99
O006628,3,P0030,1,122.57,0,13.73,136.3
O006629,1,P0310,1,8.5,0.05,2,10.07
O006630,1,P0164,1,13.57,0.1,16.83,29.04
O006631,1,P0228,1,539.71,0,16.15,555.86
O006631,2,P0033,5,310.62,0,15.62,1568.72
O006632,1,P0247,1,315.54,0,23.74,339.28
O006633,1,P0228,1,539.71,0.1,10.52,496.26
O006633,2,P0038,1,778.2,0.2,2,624.56
O006634,1,P0048,1,920.6,0,19.54,940.14
O006635,1,P0063,1,310.44,0.05,7.72,302.64
O006635,2,P0230,5,438.21,0,2,2193.05
O006635,3,P0281,1,372.41,0,5.0,377.41
O006636,1,P0082,5,362.46,0.05,2,1723.68
O006637,1,P0298,4,410.7,0.05,5.87,1566.53
O006638,1,P0150,2,23.53,0.15,22.68,62.68
O006638,2,P0278,2,480.16,0,11.81,972.13
O006639,1,P0085,5,554.3,0.1,5.96,2500.31
O006640,1,P0231,4,766.78,0.1,2,2762.41
O006641,1,P0281,1,372.41,0,2,374.41
O006642,1,P0121,2,97.09,0,20.45,214.63
O006643,1,P0101,1,92.83,0,21.17,114.0
O006644,1,P0226,1,706.04,0,12.29,718.33
O006645,1,P0012,2,529.58,0.05,3.17,1009.37
O006646,1,P0311,1,347.85,0.2,5.4,283.68
O006647,1,P0043,3,118.53,0,7.12,362.71
O006647,2,P0257,2,486.52,0,17.0,990.04
O006647,3,P0285,1,53.42,0.05,20.96,71.71
O006647,4,P0111,1,127.38,0.1,2,116.64
O006648,1,P0240,1,237.45,0,19.65,257.1
O006649,1,P0038,1,778.2,0.15,16.11,677.58
O006650,1,P0279,3,489.87,0,16.26,1485.87
O006651,1,P0014,1,187.84,0,15.4,203.24
O006652,1,P0226,1,706.04,0.05,2,672.74
O006653,1,P0135,2,504.23,0.2,7.64,814.41
O006654,1,P0253,1,162.64,0,5.58,168.22
O006655,1,P0248,1,363.73,0.1,10.81,338.17
O006655,2,P0263,1,574.22,0.05,4.38,549.89
O006656,1,P0035,1,544.32,0.05,17.78,534.88
O006657,1,P0282,2,856.4,0,12.7,1725.5
O006658,1,P0107,1,435.88,0.1,16.76,409.05
O006659,1,P0272,1,724.17,0,4.73,728.9
O006659,2,P0206,1,75.89,0.05,15.23,87.33
O006659,3,P0027,1,406.86,0.05,4.74,391.26
O006660,1,P0046,1,190.18,0,25.41,215.59
O006661,1,P0264,2,502.16,0.05,21.45,975.55
O006662,1,P0300,1,398.18,0.05,9.2,387.47
O006662,2,P0031,3,397.25,0,6.36,1198.11
O006663,1,P0126,3,311.62,0,5.15,940.01
O006664,1,P0141,1,92.1,0,3.54,95.64
O006664,2,P0194,1,140.84,0,19.79,160.63
O006664,3,P0121,1,97.09,0,5.74,102.83
O006665,1,P0187,1,106.77,0.05,15.63,117.06
O006666,1,P0174,1,845.79,0.1,9.91,771.12
O006666,2,P0095,1,97.16,0,6.01,103.17
O006666,3,P0228,1,539.71,0.1,7.72,493.46
O006667,1,P0305,1,330.82,0,17.02,347.84
O006667,2,P0186,1,638.99,0.05,28.12,635.16
O006668,1,P0197,1,756.59,0,23.68,780.27
O006669,1,P0010,1,362.93,0,2.06,364.99
O006669,2,P0029,1,490.19,0,16.81,507.0
O006670,1,P0068,1,148.48,0,8.28,156.76
O006671,1,P0029,1,490.19,0,18.99,509.18
O006671,2,P0134,1,574.47,0,2,576.47
O006671,3,P0241,1,307.92,0,7.4,315.32
O006672,1,P0232,1,295.67,0.2,25.49,262.03
O006672,2,P0093,3,952.7,0,30.23,2888.33
O006673,1,P0281,2,372.41,0.1,11.21,681.55
O006673,2,P0284,1,501.64,0.15,6.58,432.97
O006674,1,P0262,1,519.27,0,10.22,529.49
O006675,1,P0039,1,205.22,0,22.39,227.61
O006675,2,P0126,2,311.62,0,17.47,640.71
O006676,1,P0298,1,410.7,0,24.62,435.32
O006677,1,P0161,1,67.49,0.2,21.35,75.34
O006678,1,P0141,1,92.1,0,5.37,97.47
O006679,1,P0209,2,690.43,0.2,15.66,1120.35
O006679,2,P0073,1,139.62,0,14.54,154.16
O006680,1,P0014,1,187.84,0,16.39,204.23
O006680,2,P0231,1,766.78,0.1,15.47,705.57
O006681,1,P0043,5,118.53,0,13.38,606.03
O006681,2,P0210,2,949.92,0,12.32,1912.16
O006681,3,P0193,1,216.15,0,12.07,228.22
O006682,1,P0082,2,362.46,0,7.57,732.49
O006683,1,P0083,1,594.36,0,10.75,605.11
O006684,1,P0035,1,544.32,0,19.01,563.33
O006685,1,P0065,2,492.73,0.1,7.28,894.19
O006686,1,P0191,2,654.69,0.1,21.05,1199.49
O006686,2,P0311,1,347.85,0,9.28,357.13
O006687,1,P0037,5,1028.12,0,2,5142.6
O006688,1,P0247,1,315.54,0,19.9,335.44
O006689,1,P0010,3,362.93,0,16.63,1105.42
O006690,1,P0085,30,554.3,0.15,2,14136.65
O006690,2,P0196,1,753.97,0.05,22.03,738.3
O006691,1,P0225,1,84.06,0,21.79,105.85
O006692,1,P0135,3,504.23,0.15,13.3,1299.09
O006693,1,P0237,3,956.17,0.1,2,2583.66
O006693,2,P0244,1,316.68,0,15.77,332.45
O006693,3,P0099,1,458.56,0,2.82,461.38
O006694,1,P0123,1,202.44,0,11.84,214.28
O006694,2,P0230,2,438.21,0,9.26,885.68
O006695,1,P0281,1,372.41,0,10.12,382.53
O006696,1,P0085,2,554.3,0.2,18.79,905.67
O006697,1,P0144,2,649.77,0,3.38,1302.92
O006698,1,P0131,2,185.19,0,2.84,373.22
O006699,1,P0150,2,23.53,0.1,17.27,59.62
O006700,1,P0106,1,236.99,0.05,11.04,236.18
O006700,2,P0083,1,594.36,0.05,25.33,589.97
O006701,1,P0196,5,753.97,0,19.25,3789.1
O006702,1,P0199,2,324.1,0,4.48,652.68
O006703,1,P0254,2,824.63,0,11.95,1661.21
O006703,2,P0058,1,156.02,0.1,5.53,145.95
O006704,1,P0076,1,1058.97,0.2,8.31,855.49
O006705,1,P0276,2,820.81,0.05,3.41,1562.95
O006706,1,P0308,1,109.62,0,5.32,114.94
O006706,2,P0256,1,847.43,0.1,2,764.69
O006707,1,P0006,1,202.12,0.15,26.77,198.57
O006708,1,P0073,1,139.62,0.05,2,134.64
O006708,2,P0072,2,38.74,0,10.43,87.91
O006709,1,P0207,1,469.0,0,18.09,487.09
O006710,1,P0114,1,967.11,0.15,8.45,830.49
O006710,2,P0108,5,957.8,0,4.18,4793.18
O006710,3,P0092,1,901.51,0,15.25,916.76
O006711,1,P0051,2,371.95,0.2,2,597.12
O006711,2,P0082,1,362.46,0.1,20.53,346.74
O006712,1,P0046,1,190.18,0.1,11.05,182.21
O006713,1,P0249,5,575.36,0.05,9.61,2742.57
O006714,1,P0068,1,148.48,0,24.25,172.73
O006715,1,P0242,1,722.98,0.05,20.15,706.98
O006715,2,P0105,1,18.23,0.1,8.05,24.46
O006716,1,P0237,3,956.17,0.1,5.38,2587.04
O006716,2,P0207,2,469.0,0,21.91,959.91
O006717,1,P0274,1,832.77,0.1,17.6,767.09
O006718,1,P0289,2,88.04,0.05,2,169.28
O006719,1,P0022,1,623.29,0.1,21.3,582.26
O006720,1,P0302,1,340.59,0.1,19.09,325.62
O006721,1,P0180,1,358.61,0,3.61,362.22
O006721,2,P0143,2,110.16,0,8.56,228.88
O006722,1,P0134,1,574.47,0.05,8.21,553.96
O006722,2,P0320,1,907.09,0,13.14,920.23
O006722,3,P0292,1,386.72,0,15.6,402.32
O006722,4,P0282,1,856.4,0.15,5.99,733.93
O006723,1,P0238,1,645.9,0.1,4.19,585.5
O006723,2,P0138,1,870.78,0,32.23,903.01
O006724,1,P0219,3,553.58,0.05,5.8,1583.5
O006724,2,P0215,1,1003.36,0,7.0,1010.36
O006725,1,P0056,2,581.05,0,2.66,1164.76
O006725,2,P0187,1,106.77,0,7.46,114.23
O006725,3,P0261,1,745.54,0,11.48,757.02
O006726,1,P0116,1,339.23,0.2,8.0,279.38
O006726,2,P0224,1,355.54,0,13.06,368.6
O006727,1,P0030,1,122.57,0,9.94,132.51
O006728,1,P0230,1,438.21,0.1,15.11,409.5
O006728,2,P0168,1,45.44,0,19.13,64.57
O006729,1,P0081,5,312.38,0.05,2,1485.81
O006729,2,P0258,3,81.39,0,19.3,263.47
O006730,1,P0225,1,84.06,0,20.83,104.89
O006730,2,P0124,1,336.97,0,15.98,352.95
O006731,1,P0134,1,574.47,0,6.92,581.39
O006731,2,P0052,2,782.48,0.1,2.08,1410.54
O006732,1,P0045,1,72.1,0.1,29.3,94.19
O006733,1,P0233,1,84.69,0,6.63,91.32
O006733,2,P0033,1,310.62,0.05,5.99,301.08
O006733,3,P0110,1,1039.88,0.05,28.66,1016.55
O006734,1,P0088,1,259.63,0,12.72,272.35
O006735,1,P0081,2,312.38,0.15,9.09,540.14
O006736,1,P0043,2,118.53,0,16.74,253.8
O006736,2,P0079,1,165.37,0.15,13.68,154.24
O006737,1,P0309,1,541.39,0,10.71,552.1
O006737,2,P0183,2,808.84,0.15,13.47,1388.5
O006738,1,P0246,1,236.21,0,13.37,249.58
O006738,2,P0309,50,541.39,0.1,24.68,24387.23
O006739,1,P0111,1,127.38,0.05,6.05,127.06
O006740,1,P0259,1,849.86,0.2,6.07,685.96
O006740,2,P0187,1,106.77,0.15,2,92.75
O006741,1,P0071,1,250.08,0,15.28,265.36
O006741,2,P0147,3,535.43,0.15,22.87,1388.22
O006742,1,P0054,1,429.08,0,27.55,456.63
O006742,2,P0274,1,832.77,0.05,24.69,815.82
O006742,3,P0241,2,307.92,0,2,617.84
O006743,1,P0231,1,766.78,0,14.39,781.17
O006744,1,P0177,1,95.11,0.05,12.64,102.99
O006745,1,P0275,1,515.35,0,13.12,528.47
O006746,1,P0076,1,1058.97,0.1,14.77,967.84
O006747,1,P0010,1,362.93,0,26.29,389.22
O006747,2,P0200,1,499.63,0,8.45,508.08
O006747,3,P0057,1,286.31,0.15,12.74,256.1
O006748,1,P0148,1,188.16,0.05,11.49,190.24
O006749,1,P0260,1,623.36,0,19.37,642.73
O006750,1,P0114,1,967.11,0.15,8.8,830.84
O006751,1,P0254,1,824.63,0.1,29.59,771.76
O006751,2,P0307,1,69.12,0.1,5.15,67.36
O006752,1,P0294,3,73.38,0.15,11.43,198.55
O006753,1,P0045,1,72.1,0,8.92,81.02
O006753,2,P0152,1,817.49,0.05,9.12,785.74
O006753,3,P0275,2,515.35,0.05,16.9,996.06
O006754,1,P0060,1,27.23,0.1,2,26.51
O006754,2,P0087,2,118.02,0.2,2,190.83
O006754,3,P0173,2,758.26,0,9.99,1526.51
O006755,1,P0027,3,406.86,0,2,1222.58
O006755,2,P0269,1,256.16,0,4.15,260.31
O006755,3,P0021,2,806.92,0,3.29,1617.13
O006756,1,P0191,2,654.69,0,2,1311.38
O006757,1,P0264,1,502.16,0.05,14.05,491.1
O006758,1,P0198,1,764.66,0,5.61,770.27
O006758,2,P0152,1,817.49,0,11.63,829.12
O006758,3,P0020,1,1036.19,0,12.93,1049.12
O006758,4,P0277,1,49.26,0,9.99,59.25
O006759,1,P0272,2,724.17,0.05,5.8,1381.72
O006759,2,P0147,1,535.43,0,15.37,550.8
O006760,1,P0018,1,598.9,0,17.98,616.88
O006761,1,P0314,1,745.22,0,11.2,756.42
O006762,1,P0232,1,295.67,0,14.89,310.56
O006763,1,P0225,1,84.06,0.05,2,81.86
O006764,1,P0102,1,249.53,0.1,18.89,243.47
O006764,2,P0230,1,438.21,0,16.14,454.35
O006765,1,P0213,3,693.96,0,9.46,2091.34
O006766,1,P0254,1,824.63,0,22.47,847.1
O006767,1,P0281,1,372.41,0,20.14,392.55
O006768,1,P0146,3,288.94,0,16.81,883.63
O006768,2,P0074,1,81.29,0,2,83.29
O006769,1,P0233,1,84.69,0,9.58,94.27
O006770,1,P0231,1,766.78,0,2,768.78
O006771,1,P0122,2,149.46,0.05,4.7,288.67
O006772,1,P0264,3,502.16,0,2,1508.48
O006773,1,P0099,1,458.56,0.1,22.75,435.45
O006774,1,P0066,2,451.94,0.15,13.52,781.82
O006775,1,P0186,2,638.99,0.05,17.65,1231.73
O006775,2,P0042,1,584.05,0.05,9.17,564.02
O006776,1,P0308,1,109.62,0,14.57,124.19
O006777,1,P0075,1,233.38,0.1,9.88,219.92
O006777,2,P0278,1,480.16,0.05,4.05,460.2
O006777,3,P0223,3,72.48,0.15,24.36,209.18
O006778,1,P0039,2,205.22,0,8.24,418.68
O006778,2,P0127,1,597.61,0.05,19.15,586.88
O006778,3,P0077,1,20.98,0,8.13,29.11
O006779,1,P0025,1,343.24,0.1,14.95,323.87
O006780,1,P0306,2,219.19,0,6.95,445.33
O006781,1,P0129,2,104.68,0,18.09,227.45
O006782,1,P0125,1,329.73,0,2,331.73
O006782,2,P0152,2,817.49,0.05,24.42,1577.65
O006783,1,P0114,1,967.11,0,21.1,988.21
O006784,1,P0219,1,553.58,0,12.71,566.29
O006785,1,P0091,1,86.5,0,2,88.5
O006785,2,P0315,4,174.01,0,12.97,709.01
O006786,1,P0148,1,188.16,0,18.13,206.29
O006786,2,P0115,1,602.48,0.05,8.6,580.96
O006786,3,P0011,2,363.12,0,28.01,754.25
O006787,1,P0079,1,165.37,0,10.92,176.29
O006788,1,P0170,1,444.66,0,7.48,452.14
O006789,1,P0262,2,519.27,0,6.25,1044.79
O006790,1,P0225,1,84.06,0.15,8.92,80.37
O006791,1,P0191,2,654.69,0,5.26,1314.64
O006791,2,P0178,1,294.67,0,17.29,311.96
O006792,1,P0053,2,360.49,0,15.67,736.65
O006792,2,P0014,1,187.84,0,6.35,194.19
O006792,3,P0233,1,84.69,0,16.17,100.86
O006793,1,P0139,3,531.18,0.05,5.87,1519.73
O006794,1,P0227,2,292.14,0,12.67,596.95
O006794,2,P0081,1,312.38,0.15,21.95,287.47
O006794,3,P0095,1,97.16,0,10.34,107.5
O006795,1,P0051,1,371.95,0.1,14.28,349.03
O006795,2,P0046,1,190.18,0.05,2,182.67
O006796,1,P0232,1,295.67,0,17.38,313.05
O006796,2,P0244,1,316.68,0,12.14,328.82
O006797,1,P0055,1,237.15,0,9.23,246.38
O006797,2,P0149,2,858.19,0,19.47,1735.85
O006797,3,P0124,1,336.97,0,17.97,354.94
O006797,4,P0318,1,432.06,0.1,2,390.85
O006798,1,P0303,1,483.69,0,3.08,486.77
O006798,2,P0211,2,980.09,0.2,2,1570.14
O006798,3,P0235,2,6.83,0,16.21,29.87
O006799,1,P0201,1,583.78,0,15.24,599.02
O006799,2,P0045,1,72.1,0,24.53,96.63
O006800,1,P0133,1,17.03,0.15,3.01,17.49
O006801,1,P0194,1,140.84,0.1,21.67,148.43
O006801,2,P0203,1,420.71,0,18.64,439.35
O006801,3,P0025,3,343.24,0,10.1,1039.82
O006802,1,P0037,1,1028.12,0,20.0,1048.12
O006802,2,P0051,3,371.95,0,17.29,1133.14
O006803,1,P0245,1,489.42,0,16.26,505.68
O006803,2,P0045,1,72.1,0.05,3.31,71.8
O006803,3,P0195,1,256.53,0,20.33,276.86
O006804,1,P0105,2,18.23,0.1,9.56,42.37
O006804,2,P0157,2,807.11,0.05,26.96,1560.47
O006804,3,P0097,1,267.08,0.05,5.86,259.59
O006804,4,P0271,1,775.17,0,13.32,788.49
O006805,1,P0144,1,649.77,0.1,8.39,593.18
O006806,1,P0205,1,468.82,0.1,10.76,432.7
O006806,2,P0175,1,568.15,0.1,24.11,535.44
O006807,1,P0177,1,95.11,0,14.22,109.33
O006807,2,P0267,1,1088.78,0,9.4,1098.18
O006807,3,P0166,1,20.64,0.15,11.07,28.61
O006808,1,P0285,1,53.42,0.1,6.78,54.86
O006809,1,P0115,1,602.48,0,10.87,613.35
O006809,2,P0266,1,242.67,0,8.53,251.2
O006809,3,P0163,2,825.28,0,2.61,1653.17
O006810,1,P0236,1,397.11,0.05,18.14,395.39
O006810,2,P0282,2,856.4,0.15,2,1457.88
O006810,3,P0221,2,188.81,0.1,2,341.86
O006811,1,P0273,1,75.24,0,10.35,85.59
O006812,1,P0143,1,110.16,0,16.93,127.09
O006813,1,P0073,5,139.62,0.15,20.03,613.41
O006813,2,P0099,1,458.56,0,9.36,467.92
O006814,1,P0112,1,400.76,0,18.4,419.16
O006814,2,P0100,4,237.44,0,19.54,969.3
O006814,3,P0017,1,237.22,0.2,8.56,198.34
O006815,1,P0247,1,315.54,0,13.6,329.14
O006816,1,P0089,2,625.43,0,25.29,1276.15
O006816,2,P0320,1,907.09,0,10.04,917.13
O006817,1,P0167,1,9.0,0,22.32,31.32
O006818,1,P0204,1,387.0,0.15,2,330.95
O006818,2,P0049,1,841.2,0.05,11.33,810.47
O006819,1,P0317,5,811.43,0,17.45,4074.6
O006820,1,P0167,1,9.0,0.05,24.63,33.18
O006820,2,P0001,2,342.26,0,2.32,686.84
O006821,1,P0216,1,823.56,0,8.44,832.0
O006822,1,P0184,1,112.13,0,4.7,116.83
O006823,1,P0246,1,236.21,0.15,18.87,219.65
O006823,2,P0077,1,20.98,0.2,22.4,39.18
O006823,3,P0030,1,122.57,0.05,13.07,129.51
O006824,1,P0219,1,553.58,0,13.54,567.12
O006825,1,P0208,2,723.84,0,17.11,1464.79
O006825,2,P0269,2,256.16,0,6.28,518.6
O006826,1,P0144,1,649.77,0.15,16.48,568.78
O006827,1,P0131,1,185.19,0.1,2,168.67
O006828,1,P0084,4,294.21,0,18.77,1195.61
O006828,2,P0202,1,115.37,0,2,117.37
O006828,3,P0173,1,758.26,0.05,10.02,730.37
O006829,1,P0251,1,266.39,0,22.45,288.84
O006830,1,P0055,1,237.15,0,24.82,261.97
O006830,2,P0284,1,501.64,0.15,11.2,437.59
O006831,1,P0192,4,951.76,0,5.96,3813.0
O006832,1,P0139,3,531.18,0,2.98,1596.52
O006833,1,P0194,2,140.84,0.1,16.64,270.15
O006834,1,P0127,2,597.61,0.2,13.07,969.25
O006834,2,P0135,1,504.23,0.15,14.07,442.67
O006835,1,P0159,1,343.13,0,16.43,359.56
O006836,1,P0069,2,423.73,0,2,849.46
O006836,2,P0108,1,957.8,0.05,11.99,921.9
O006837,1,P0027,1,406.86,0,8.48,415.34
O006837,2,P0047,2,224.37,0.2,17.34,376.33
O006837,3,P0050,4,745.53,0,2.24,2984.36
O006838,1,P0056,1,581.05,0,10.41,591.46
O006839,1,P0124,1,336.97,0.2,10.06,279.64
O006840,1,P0110,1,1039.88,0,9.9,1049.78
O006840,2,P0184,2,112.13,0,16.57,240.83
O006840,3,P0122,3,149.46,0.1,16.69,420.23
O006841,1,P0234,2,354.24,0,12.94,721.42
O006841,2,P0150,1,23.53,0.15,2,22.0
O006841,3,P0080,1,194.14,0,12.97,207.11
O006842,1,P0256,1,847.43,0,5.26,852.69
O006842,2,P0177,1,95.11,0.05,3.0,93.35
O006843,1,P0148,2,188.16,0,12.33,388.65
O006844,1,P0140,1,227.4,0.15,28.58,221.87
O006844,2,P0212,1,486.38,0,10.77,497.15
O006845,1,P0003,1,146.76,0,10.96,157.72
O006845,2,P0049,1,841.2,0,14.27,855.47
O006845,3,P0091,1,86.5,0,10.73,97.23
O006845,4,P0297,5,38.06,0.1,6.31,177.58
O006846,1,P0169,1,410.06,0.05,29.09,418.65
O006846,2,P0191,4,654.69,0,21.77,2640.53
O006847,1,P0295,1,164.98,0,22.99,187.97
O006848,1,P0208,1,723.84,0.05,2.11,689.76
O006849,1,P0078,1,314.17,0.05,15.36,313.82
O006850,1,P0050,1,745.53,0,5.36,750.89
O006850,2,P0001,2,342.26,0.05,5.35,655.64
O006850,3,P0068,1,148.48,0.1,20.36,153.99
O006851,1,P0096,2,224.82,0.1,27.05,431.73
O006852,1,P0106,2,236.99,0,4.38,478.36
O006852,2,P0127,1,597.61,0,18.34,615.95
O006852,3,P0041,1,126.39,0.1,21.22,134.97
O006853,1,P0185,1,8.75,0.15,21.89,29.33
O006854,1,P0085,1,554.3,0,16.26,570.56
O006854,2,P0262,1,519.27,0.15,9.45,450.83
O006855,1,P0018,1,598.9,0.05,9.43,578.38
O006855,2,P0023,1,587.39,0.2,18.89,488.8
O006856,1,P0148,1,188.16,0,17.77,205.93
O006857,1,P0220,1,103.24,0.05,10.83,108.91
O006858,1,P0207,1,469.0,0.05,9.53,455.08
O006858,2,P0306,1,219.19,0,22.78,241.97
O006858,3,P0268,3,214.47,0,5.15,648.56
O006859,1,P0188,2,480.75,0,8.47,969.97
O006860,1,P0224,1,355.54,0,15.04,370.58
O006861,1,P0186,3,638.99,0.05,7.97,1829.09
O006861,2,P0145,2,247.46,0.05,17.66,487.83
O006862,1,P0057,2,286.31,0,16.69,589.31
O006862,2,P0147,1,535.43,0,5.24,540.67
O006863,1,P0286,1,518.79,0,17.84,536.63
O006863,2,P0122,1,149.46,0.05,15.14,157.13
O006864,1,P0212,1,486.38,0,14.69,501.07
O006864,2,P0269,1,256.16,0.15,2,219.74
O006864,3,P0207,3,469.0,0,7.39,1414.39
O006865,1,P0093,3,952.7,0.05,2,2717.2
O006866,1,P0110,1,1039.88,0,2,1041.88
O006866,2,P0143,2,110.16,0,16.43,236.75
O006867,1,P0116,3,339.23,0,7.38,1025.07
O006867,2,P0265,1,240.13,0.2,12.11,204.21
O006868,1,P0299,2,28.85,0,2,59.7
O006869,1,P0017,2,237.22,0,34.44,508.88
O006869,2,P0137,1,168.37,0,19.92,188.29
O006870,1,P0088,1,259.63,0.05,14.9,261.55
O006870,2,P0157,1,807.11,0,10.2,817.31
O006871,1,P0247,1,315.54,0.05,14.2,313.96
O006871,2,P0104,1,521.9,0,11.88,533.78
O006872,1,P0206,1,75.89,0.2,15.58,76.29
O006873,1,P0265,1,240.13,0.1,12.9,229.02
O006873,2,P0149,1,858.19,0.1,2,774.37
O006874,1,P0252,1,259.81,0,18.97,278.78
O006874,2,P0010,1,362.93,0,7.3,370.23
O006874,3,P0298,3,410.7,0.1,22.83,1131.72
O006875,1,P0067,1,355.88,0,13.06,368.94
O006876,1,P0215,1,1003.36,0,2,1005.36
O006877,1,P0140,1,227.4,0,9.78,237.18
O006878,1,P0298,1,410.7,0.05,13.25,403.41
O006879,1,P0165,1,27.21,0,13.87,41.08
O006880,1,P0306,1,219.19,0.15,14.95,201.26
O006880,2,P0089,5,625.43,0.1,10.08,2824.51
O006881,1,P0257,2,486.52,0.05,12.42,936.81
O006881,2,P0026,2,659.65,0.05,18.0,1271.33
O006881,3,P0160,1,413.02,0,12.78,425.8
O006882,1,P0187,1,106.77,0.15,16.97,107.72
O006883,1,P0255,1,854.74,0,2,856.74
O006883,2,P0015,1,284.04,0.05,21.74,291.58
O006884,1,P0198,5,764.66,0,23.41,3846.71
O006884,2,P0146,1,288.94,0,2,290.94
O006885,1,P0295,2,164.98,0,17.38,347.34
O006885,2,P0098,1,701.13,0.1,6.62,637.64
O006886,1,P0148,1,188.16,0,10.15,198.31
O006886,2,P0303,1,483.69,0,2,485.69
O006886,3,P0057,1,286.31,0.1,31.86,289.54
O006887,1,P0143,1,110.16,0.2,14.97,103.1
O006888,1,P0034,1,293.49,0,6.53,300.02
O006888,2,P0140,1,227.4,0,25.22,252.62
O006889,1,P0309,1,541.39,0,35.76,577.15
O006890,1,P0011,4,363.12,0.1,2,1309.23
O006890,2,P0092,1,901.51,0.1,2,813.36
O006891,1,P0099,3,458.56,0,2,1377.68
O006892,1,P0028,1,305.36,0.15,20.87,280.43
O006892,2,P0274,1,832.77,0,6.11,838.88
O006893,1,P0068,1,148.48,0,8.04,156.52
O006894,1,P0189,2,630.91,0,2,1263.82
O006895,1,P0093,1,952.7,0.15,2,811.8
O006896,1,P0218,1,363.84,0,24.38,388.22
O006897,1,P0135,1,504.23,0.2,5.93,409.31
O006897,2,P0134,1,574.47,0,6.0,580.47
O006898,1,P0159,2,343.13,0,16.25,702.51
O006898,2,P0230,1,438.21,0,28.54,466.75
O006899,1,P0063,3,310.44,0,14.04,945.36
O006900,1,P0107,1,435.88,0,16.41,452.29
O006901,1,P0111,2,127.38,0.05,19.79,261.81
O006902,1,P0288,4,898.37,0,18.16,3611.64
O006903,1,P0174,1,845.79,0.05,16.71,820.21
O006903,2,P0121,1,97.09,0,18.53,115.62
O006904,1,P0094,1,756.84,0,8.84,765.68
O006904,2,P0154,4,25.6,0.05,20.94,118.22
O006905,1,P0110,1,1039.88,0.1,10.61,946.5
O006905,2,P0111,1,127.38,0,15.45,142.83
O006905,3,P0144,1,649.77,0,2.22,651.99
O006906,1,P0034,1,293.49,0,19.06,312.55
O006906,2,P0050,3,745.53,0,6.89,2243.48
O006906,3,P0218,1,363.84,0.1,6.74,334.2
O006907,1,P0256,2,847.43,0,12.89,1707.75
O006908,1,P0145,4,247.46,0.2,11.81,803.68
O006908,2,P0048,1,920.6,0,12.8,933.4
O006908,3,P0300,1,398.18,0,2,400.18
O006908,4,P0200,1,499.63,0.2,9.54,409.24
O006909,1,P0093,1,952.7,0.1,11.7,869.13
O006909,2,P0254,1,824.63,0,19.41,844.04
O006909,3,P0050,1,745.53,0.1,13.22,684.2
O006910,1,P0266,3,242.67,0,9.54,737.55
O006910,2,P0301,1,263.33,0,2.75,266.08
O006911,1,P0244,1,316.68,0,17.17,333.85
O006911,2,P0086,1,579.39,0,24.31,603.7
O006911,3,P0279,1,489.87,0,10.49,500.36
O006912,1,P0276,1,820.81,0,26.65,847.46
O006913,1,P0229,1,81.64,0.05,4.72,82.28
O006914,1,P0159,1,343.13,0,17.94,361.07
O006914,2,P0278,2,480.16,0.05,12.31,924.61
O006915,1,P0309,1,541.39,0.15,4.29,464.47
O006915,2,P0059,1,953.24,0,7.67,960.91
O006916,1,P0276,1,820.81,0,2,822.81
O006917,1,P0168,1,45.44,0.1,6.78,47.68
O006918,1,P0121,2,97.09,0,20.24,214.42
O006919,1,P0203,1,420.71,0.1,2.14,380.78
O006919,2,P0249,2,575.36,0.1,14.95,1050.6
O006920,1,P0126,2,311.62,0.15,26.35,556.1
O006921,1,P0057,1,286.31,0.05,5.59,277.58
O006921,2,P0014,1,187.84,0,9.09,196.93
O006922,1,P0151,2,785.65,0,3.33,1574.63
O006923,1,P0239,1,873.44,0,27.62,901.06
O006924,1,P0021,1,806.92,0,24.52,831.44
O006925,1,P0100,3,237.44,0,5.21,717.53
O006925,2,P0177,1,95.11,0.2,4.58,80.67
O006925,3,P0123,2,202.44,0.05,24.2,408.84
O006926,1,P0006,1,202.12,0.05,19.84,211.85
O006926,2,P0189,1,630.91,0,14.51,645.42
O006927,1,P0158,2,130.71,0,8.08,269.5
O006928,1,P0195,1,256.53,0,27.82,284.35
O006928,2,P0235,1,6.83,0,21.67,28.5
O006929,1,P0221,2,188.81,0.1,23.75,363.61
O006930,1,P0130,1,491.43,0,2.78,494.21
O006930,2,P0119,2,229.62,0.05,15.3,451.58
O006931,1,P0088,5,259.63,0,7.85,1306.0
O006931,2,P0192,1,951.76,0.2,435.58,1196.99
O006932,1,P0021,1,806.92,0.15,22.18,708.06
O006932,2,P0243,2,711.65,0,5.84,1429.14
O006932,3,P0172,1,461.92,0,2,463.92
O006933,1,P0187,2,106.77,0,18.71,232.25
O006933,2,P0083,3,594.36,0.1,20.44,1625.21
O006933,3,P0034,1,293.49,0.1,2,266.14
O006934,1,P0019,2,618.71,0,11.16,1248.58
O006935,1,P0065,1,492.73,0.1,25.05,468.51
O006936,1,P0152,1,817.49,0,21.22,838.71
O006936,2,P0254,2,824.63,0.1,13.92,1498.25
O006936,3,P0128,1,835.43,0.2,10.92,679.26
O006936,4,P0236,3,397.11,0.05,12.33,1144.09
O006937,1,P0304,1,396.52,0,12.67,409.19
O006938,1,P0287,3,756.46,0.1,6.99,2049.43
O006939,1,P0095,1,97.16,0,28.18,125.34
O006939,2,P0089,3,625.43,0,19.39,1895.68
O006940,1,P0009,1,17.8,0.05,9.1,26.01
O006941,1,P0033,2,310.62,0,3.44,624.68
O006941,2,P0007,1,306.83,0,15.89,322.72
O006941,3,P0250,1,375.47,0,17.39,392.86
O006942,1,P0082,2,362.46,0.1,2,654.43
O006942,2,P0283,1,433.94,0.1,4.29,394.84
O006943,1,P0179,1,159.25,0.15,2,137.36
O006944,1,P0073,1,139.62,0.05,17.07,149.71
O006945,1,P0216,1,823.56,0,19.09,842.65
O006945,2,P0179,2,159.25,0.1,8.93,295.58
O006946,1,P0039,1,205.22,0,12.29,217.51
O006947,1,P0130,1,491.43,0.05,13.03,479.89
O006947,2,P0142,1,483.04,0.05,24.94,483.83
O006948,1,P0298,1,410.7,0,18.11,428.81
O006949,1,P0113,1,814.98,0.05,20.16,794.39
O006950,1,P0184,4,112.13,0,2,450.52
O006951,1,P0268,2,214.47,0.05,22.53,430.02
O006951,2,P0283,5,433.94,0,2.46,2172.16
O006952,1,P0248,1,363.73,0.1,18.26,345.62
O006953,1,P0200,1,499.63,0,23.79,523.42
O006953,2,P0075,1,233.38,0.05,18.67,240.38
O006954,1,P0081,1,312.38,0,15.77,328.15
O006954,2,P0061,2,776.86,0,20.9,1574.62
O006955,1,P0132,1,107.93,0,16.87,124.8
O006956,1,P0126,2,311.62,0,7.46,630.7
O006956,2,P0047,1,224.37,0.1,3.86,205.79
O006956,3,P0069,2,423.73,0,24.83,872.29
O006956,4,P0306,1,219.19,0.05,9.06,217.29
O006957,1,P0163,1,825.28,0,12.26,837.54
O006957,2,P0120,2,62.98,0,19.72,145.68
O006957,3,P0302,1,340.59,0.2,2,274.47
O006958,1,P0210,1,949.92,0.05,7.56,909.98
O006959,1,P0124,3,336.97,0.1,27.13,936.95
O006959,2,P0184,1,112.13,0.05,2,108.52
O006960,1,P0035,1,544.32,0,8.49,552.81
O006961,1,P0088,1,259.63,0,2,261.63
O006961,2,P0145,2,247.46,0,5.1,500.02
O006962,1,P0301,1,263.33,0.15,23.47,247.3
O006962,2,P0250,3,375.47,0,11.89,1138.3
O006963,1,P0077,1,20.98,0,18.63,39.61
O006963,2,P0190,1,449.88,0,24.71,474.59
O006963,3,P0019,1,618.71,0,2,620.71
O006964,1,P0258,1,81.39,0,4.31,85.7
O006964,2,P0135,1,504.23,0,19.63,523.86
O006964,3,P0278,1,480.16,0.15,5.38,413.52
O006965,1,P0092,1,901.51,0,2,903.51
O006965,2,P0219,1,553.58,0,11.26,564.84
O006966,1,P0237,1,956.17,0,20.83,977.0
O006966,2,P0277,1,49.26,0.05,2.68,49.48
O006966,3,P0132,5,107.93,0,27.13,566.78
O006967,1,P0046,2,190.18,0.15,4.16,327.47
O006967,2,P0284,1,501.64,0.2,13.38,414.69
O006968,1,P0084,5,294.21,0,9.14,1480.19
O006969,1,P0276,2,820.81,0,19.82,1661.44
O006970,1,P0048,1,920.6,0,4.61,925.21
O006971,1,P0130,1,491.43,0,30.02,521.45
O006972,1,P0316,1,419.97,0.05,5.33,404.3
O006973,1,P0240,1,237.45,0,9.89,247.34
O006974,1,P0167,1,9.0,0.2,2,9.2
O006974,2,P0048,1,920.6,0,23.82,944.42
O006974,3,P0197,4,756.59,0,2,3028.36
O006975,1,P0267,1,1088.78,0.05,19.13,1053.47
O006975,2,P0202,1,115.37,0,13.15,128.52
O006976,1,P0287,1,756.46,0.15,18.4,661.39
O006977,1,P0059,2,953.24,0.15,23.72,1644.23
O006977,2,P0184,1,112.13,0,8.23,120.36
O006977,3,P0053,3,360.49,0.1,8.49,981.81
O006978,1,P0147,1,535.43,0,22.56,557.99
O006978,2,P0157,1,807.11,0.1,14.6,741.0
O006979,1,P0163,3,825.28,0,8.19,2484.03
O006979,2,P0278,1,480.16,0,8.07,488.23
O006980,1,P0137,2,168.37,0.05,4.47,324.37
O006981,1,P0132,1,107.93,0,2,109.93
O006981,2,P0159,2,343.13,0.2,2,551.01
O006982,1,P0100,1,237.44,0.15,13.59,215.41
O006983,1,P0203,1,420.71,0.2,2.38,338.95
O006984,1,P0001,2,342.26,0.05,8.31,658.6
O006985,1,P0060,2,27.23,0,4.31,58.77
O006985,2,P0095,1,97.16,0,22.65,119.81
O006986,1,P0268,1,214.47,0,7.35,221.82
O006987,1,P0122,1,149.46,0,2,151.46
O006988,1,P0309,1,541.39,0.1,7.44,494.69
O006988,2,P0160,1,413.02,0.1,8.99,380.71
O006988,3,P0289,1,88.04,0.05,24.62,108.26
O006988,4,P0021,1,806.92,0.15,13.97,699.85
O006989,1,P0070,1,298.91,0,22.51,321.42
O006990,1,P0051,1,371.95,0.05,2,355.35
O006990,2,P0176,1,265.34,0.05,13.13,265.2
O006991,1,P0244,1,316.68,0,18.66,335.34
O006991,2,P0283,1,433.94,0,2,435.94
O006991,3,P0280,1,128.6,0,14.25,142.85
O006992,1,P0272,1,724.17,0,7.99,732.16
O006993,1,P0107,1,435.88,0.05,3.57,417.66
O006994,1,P0073,2,139.62,0,2,281.24
O006995,1,P0152,2,817.49,0.05,9.09,1562.32
O006996,1,P0204,1,387.0,0.1,8.91,357.21
O006996,2,P0057,3,286.31,0.2,11.89,699.03
O006997,1,P0096,1,224.82,0,16.31,241.13
O006997,2,P0003,1,146.76,0.15,38.97,163.72
O006998,1,P0254,1,824.63,0.05,6.52,789.92
O006999,1,P0024,1,832.14,0,15.98,848.12
O007000,1,P0136,2,784.55,0,2,1571.1
O007001,1,P0220,1,103.24,0,34.6,137.84
O007002,1,P0289,1,88.04,0.1,8.4,87.64
O007002,2,P0087,1,118.02,0,11.17,129.19
O007003,1,P0018,1,598.9,0,12.57,611.47
O007003,2,P0111,1,127.38,0.1,8.04,122.68
O007004,1,P0313,1,555.72,0,18.4,574.12
O007005,1,P0026,1,659.65,0.05,13.14,639.81
O007006,1,P0294,2,73.38,0,6.0,152.76
O007007,1,P0280,3,128.6,0.1,9.53,356.75
O007008,1,P0180,2,358.61,0,7.18,724.4
O007008,2,P0117,1,794.64,0,4.38,799.02
O007008,3,P0122,1,149.46,0.1,26.06,160.57
O007009,1,P0206,1,75.89,0.2,18.06,78.77
O007010,1,P0251,2,266.39,0.2,11.6,437.82
O007010,2,P0225,2,84.06,0,17.49,185.61
O007010,3,P0318,3,432.06,0.2,11.37,1048.31
O007011,1,P0247,1,315.54,0.1,28.43,312.42
O007012,1,P0184,2,112.13,0.1,10.66,212.49
O007012,2,P0106,1,236.99,0.15,17.21,218.65
O007012,3,P0141,2,92.1,0.2,11.17,158.53
O007013,1,P0127,2,597.61,0.1,14.28,1089.98
O007013,2,P0115,1,602.48,0,20.4,622.88
O007014,1,P0102,1,249.53,0.05,10.19,247.24
O007014,2,P0193,3,216.15,0,23.8,672.25
O007014,3,P0191,1,654.69,0,9.73,664.42
O007014,4,P0054,1,429.08,0.05,18.49,426.12
O007015,1,P0059,2,953.24,0.1,17.89,1733.72
O007016,1,P0076,2,1058.97,0,9.88,2127.82
O007017,1,P0205,1,468.82,0.05,18.73,464.11
O007018,1,P0256,1,847.43,0.2,22.01,699.95
O007019,1,P0003,1,146.76,0,13.63,160.39
O007019,2,P0089,2,625.43,0.1,10.11,1135.88
O007020,1,P0302,1,340.59,0,13.05,353.64
O007021,1,P0016,1,576.57,0.1,13.54,532.45
O007021,2,P0183,2,808.84,0,8.85,1626.53
O007022,1,P0066,1,451.94,0.2,10.38,371.93
O007023,1,P0002,1,556.12,0.15,12.02,484.72
O007023,2,P0076,1,1058.97,0,8.01,1066.98
O007024,1,P0277,1,49.26,0,13.61,62.87
O007025,1,P0028,1,305.36,0,17.26,322.62
O007025,2,P0236,2,397.11,0.1,17.01,731.81
O007026,1,P0051,2,371.95,0.1,17.96,687.47
O007027,1,P0252,1,259.81,0,2.63,262.44
O007027,2,P0231,2,766.78,0,23.45,1557.01
O007028,1,P0181,1,364.59,0,5.46,370.05
O007029,1,P0254,1,824.63,0,20.16,844.79
O007030,1,P0262,4,519.27,0,5.7,2082.78
O007030,2,P0313,3,555.72,0,2,1669.16
O007031,1,P0183,1,808.84,0.15,8.47,695.98
O007032,1,P0155,1,88.23,0,8.53,96.76
O007033,1,P0019,2,618.71,0.2,16.66,1006.6
O007034,1,P0239,1,873.44,0,8.63,882.07
O007034,2,P0011,1,363.12,0.2,13.92,304.42
O007034,3,P0142,1,483.04,0.1,9.4,444.14
O007034,4,P0045,1,72.1,0.05,13.9,82.39
O007035,1,P0175,1,568.15,0.05,16.45,556.19
O007036,1,P0213,3,693.96,0.15,33.98,1803.58
O007037,1,P0008,1,193.75,0.15,12.66,177.35
O007038,1,P0280,2,128.6,0,11.02,268.22
O007038,2,P0263,1,574.22,0.05,2,547.51
O007038,3,P0169,1,410.06,0.1,11.8,380.85
O007038,4,P0266,1,242.67,0,2,244.67
O007039,1,P0242,2,722.98,0,8.76,1454.72
O007040,1,P0059,1,953.24,0,7.1,960.34
O007041,1,P0078,1,314.17,0,9.05,323.22
O007042,1,P0044,1,456.63,0.2,25.64,390.94
O007042,2,P0317,2,811.43,0,8.58,1631.44
O007042,3,P0232,1,295.67,0,13.88,309.55
O007042,4,P0192,3,951.76,0,21.18,2876.46
O007043,1,P0123,4,202.44,0,9.63,819.39
O007044,1,P0225,1,84.06,0,2,86.06
O007044,2,P0061,2,776.86,0,13.98,1567.7
O007045,1,P0237,5,956.17,0.1,8.62,4311.38
O007045,2,P0181,1,364.59,0,11.54,376.13
O007046,1,P0316,1,419.97,0.05,17.46,416.43
O007046,2,P0106,1,236.99,0,4.51,241.5
O007046,3,P0081,1,312.38,0,4.1,316.48
O007047,1,P0101,1,92.83,0.2,2.89,77.15
O007047,2,P0294,2,73.38,0,20.34,167.1
O007048,1,P0269,1,256.16,0,12.56,268.72
O007049,1,P0067,2,355.88,0.05,2.68,678.85
O007050,1,P0200,1,499.63,0.05,21.48,496.13
O007050,2,P0285,1,53.42,0,2,55.42
O007050,3,P0189,1,630.91,0,24.47,655.38
O007051,1,P0215,1,1003.36,0.15,26.9,879.76
O007052,1,P0060,2,27.23,0.1,10.55,59.56
O007052,2,P0145,1,247.46,0.05,7.78,242.87
O007052,3,P0231,2,766.78,0,5.99,1539.55
O007053,1,P0300,1,398.18,0.2,18.33,336.87
O007054,1,P0126,1,311.62,0.15,14.97,279.85
O007054,2,P0203,2,420.71,0.05,17.74,817.09
O007055,1,P0312,1,681.66,0,14.89,696.55
O007056,1,P0212,1,486.38,0.15,5.33,418.75
O007057,1,P0140,2,227.4,0.05,21.07,453.13
O007058,1,P0045,2,72.1,0,14.28,158.48
O007059,1,P0152,1,817.49,0.1,25.52,761.26
O007060,1,P0270,1,949.79,0,19.53,969.32
O007061,1,P0145,3,247.46,0.05,2,707.26
O007061,2,P0107,1,435.88,0,10.98,446.86
O007062,1,P0146,1,288.94,0,21.49,310.43
O007062,2,P0249,3,575.36,0,4.32,1730.4
O007062,3,P0102,4,249.53,0,9.67,1007.79
O007063,1,P0130,1,491.43,0.1,11.21,453.5
O007063,2,P0202,1,115.37,0.15,6.08,104.14
O007064,1,P0212,1,486.38,0.05,9.16,471.22
O007064,2,P0270,1,949.79,0,16.56,966.35
O007065,1,P0053,4,360.49,0,9.1,1451.06
O007066,1,P0086,1,579.39,0,11.72,591.11
O007066,2,P0292,1,386.72,0.15,25.95,354.66
O007066,3,P0291,2,657.02,0,27.71,1341.75
O007067,1,P0096,3,224.82,0,11.68,686.14
O007068,1,P0028,1,305.36,0.05,6.19,296.28
O007069,1,P0319,1,702.73,0,28.94,731.67
O007069,2,P0073,1,139.62,0,21.38,161.0
O007070,1,P0024,3,832.14,0.15,13.97,2135.93
O007070,2,P0298,2,410.7,0.15,19.42,717.61
O007070,3,P0084,1,294.21,0,24.91,319.12
O007070,4,P0140,1,227.4,0,2,229.4
O007071,1,P0320,3,907.09,0,2,2723.27
O007071,2,P0229,1,81.64,0.2,13.96,79.27
O007072,1,P0284,1,501.64,0,2.41,504.05
O007073,1,P0124,2,336.97,0.05,10.26,650.5
O007074,1,P0288,1,898.37,0,5.63,904.0
O007075,1,P0222,1,182.56,0,10.12,192.68
O007076,1,P0265,1,240.13,0,14.74,254.87
O007077,1,P0255,1,854.74,0.1,2,771.27
O007078,1,P0141,1,92.1,0,25.36,117.46
O007079,1,P0186,1,638.99,0,17.26,656.25
O007079,2,P0024,1,832.14,0.1,14.62,763.55
O007080,1,P0045,2,72.1,0.15,6.06,128.63
O007081,1,P0264,4,502.16,0,13.13,2021.77
O007082,1,P0219,3,553.58,0.15,11.69,1423.32
O007083,1,P0258,1,81.39,0,2.87,84.26
O007084,1,P0097,1,267.08,0.05,2,255.73
O007085,1,P0017,1,237.22,0,17.03,254.25
O007086,1,P0030,1,122.57,0,16.14,138.71
O007087,1,P0198,4,764.66,0,26.74,3085.38
O007087,2,P0301,4,263.33,0,27.33,1080.65
O007088,1,P0160,2,413.02,0.15,15.51,717.64
O007088,2,P0120,2,62.98,0,16.51,142.47
O007089,1,P0270,1,949.79,0.1,26.35,881.16
O007090,1,P0264,2,502.16,0,2,1006.32
O007091,1,P0114,1,967.11,0.1,4.05,874.45
O007092,1,P0268,1,214.47,0,13.64,228.11
O007092,2,P0196,3,753.97,0.05,24.53,2173.34
O007093,1,P0245,1,489.42,0,11.47,500.89
O007094,1,P0270,3,949.79,0,23.44,2872.81
O007095,1,P0003,1,146.76,0,17.69,164.45
O007096,1,P0159,1,343.13,0,2,345.13
O007097,1,P0034,1,293.49,0,2,295.49
O007097,2,P0162,4,529.22,0,21.59,2138.47
O007097,3,P0153,1,339.5,0,20.51,360.01
O007098,1,P0100,1,237.44,0,13.94,251.38
O007098,2,P0183,1,808.84,0.2,19.45,666.52
O007098,3,P0133,3,17.03,0,17.11,68.2
O007099,1,P0263,5,574.22,0,18.81,2889.91
O007100,1,P0267,1,1088.78,0.1,7.47,987.37
O007100,2,P0078,5,314.17,0.05,2,1494.31
O007100,3,P0157,1,807.11,0.2,26.88,672.57
O007100,4,P0161,1,67.49,0.05,5.35,69.47
O007101,1,P0271,3,775.17,0.1,19.51,2112.47
O007102,1,P0240,1,237.45,0,20.62,258.07
O007102,2,P0096,1,224.82,0,22.8,247.62
O007102,3,P0134,2,574.47,0,14.21,1163.15
O007102,4,P0016,3,576.57,0.2,4.61,1388.38
O007103,1,P0229,1,81.64,0.05,10.46,88.02
O007104,1,P0105,1,18.23,0,2,20.23
O007104,2,P0117,1,794.64,0.15,14.06,689.5
O007105,1,P0247,1,315.54,0.05,15.24,315.0
O007106,1,P0250,1,375.47,0,8.59,384.06
O007107,1,P0062,1,673.39,0,2,675.39
O007108,1,P0101,5,92.83,0,10.06,474.21
O007109,1,P0029,2,490.19,0.2,32.1,816.4
O007109,2,P0114,4,967.11,0,28.35,3896.79
O007110,1,P0054,1,429.08,0,2.51,431.59
O007111,1,P0083,2,594.36,0,22.01,1210.73
O007111,2,P0170,2,444.66,0.2,13.94,725.4
O007112,1,P0142,1,483.04,0.05,11.33,470.22
O007113,1,P0311,1,347.85,0,2,349.85
O007113,2,P0204,1,387.0,0.1,18.77,367.07
O007114,1,P0063,1,310.44,0,18.11,328.55
O007115,1,P0008,1,193.75,0,24.61,218.36
O007116,1,P0146,1,288.94,0.2,2,233.15
O007116,2,P0183,2,808.84,0.05,3.28,1540.08
O007117,1,P0263,2,574.22,0,3.94,1152.38
O007118,1,P0136,1,784.55,0,4.85,789.4
O007119,1,P0077,2,20.98,0,15.93,57.89
O007120,1,P0236,1,397.11,0,20.14,417.25
O007120,2,P0095,3,97.16,0.05,15.29,292.2
O007120,3,P0283,1,433.94,0,12.77,446.71
O007121,1,P0252,1,259.81,0.1,16.83,250.66
O007121,2,P0307,1,69.12,0,10.22,79.34
O007122,1,P0037,2,1028.12,0,22.92,2079.16
O007122,2,P0108,2,957.8,0.15,2,1630.26
O007123,1,P0256,1,847.43,0,17.98,865.41
O007124,1,P0176,1,265.34,0,2,267.34
O007124,2,P0223,1,72.48,0,8.47,80.95
O007125,1,P0038,2,778.2,0,11.11,1567.51
O007126,1,P0010,1,362.93,0.15,15.72,324.21
O007127,1,P0129,1,104.68,0,13.53,118.21
O007128,1,P0274,2,832.77,0.1,15.78,1514.77
O007129,1,P0172,1,461.92,0,27.16,489.08
O007130,1,P0274,1,832.77,0,9.61,842.38
O007131,1,P0061,1,776.86,0.05,4.73,742.75
O007131,2,P0156,1,90.87,0,14.54,105.41
O007132,1,P0177,1,95.11,0,21.1,116.21
O007132,2,P0126,1,311.62,0.05,11.92,307.96
O007133,1,P0167,2,9.0,0,2,20.0
O007134,1,P0172,1,461.92,0,18.89,480.81
O007135,1,P0174,1,845.79,0,10.11,855.9
O007136,1,P0167,1,9.0,0,11.76,20.76
O007137,1,P0315,2,174.01,0.15,15.0,310.82
O007137,2,P0074,1,81.29,0,7.57,88.86
O007137,3,P0230,1,438.21,0,18.36,456.57
O007138,1,P0093,2,952.7,0,16.58,1921.98
O007139,1,P0267,2,1088.78,0,14.08,2191.64
O007140,1,P0023,1,587.39,0,13.42,600.81
O007140,2,P0123,1,202.44,0.15,5.4,177.47
O007141,1,P0049,1,841.2,0.05,6.61,805.75
O007141,2,P0212,3,486.38,0,33.88,1493.02
O007141,3,P0022,1,623.29,0,2.76,626.05
O007142,1,P0279,2,489.87,0.05,7.33,938.08
O007143,1,P0060,1,27.23,0.1,11.16,35.67
O007143,2,P0165,1,27.21,0.15,10.15,33.28
O007144,1,P0287,3,756.46,0,23.91,2293.29
O007144,2,P0031,1,397.25,0.1,2.25,359.78
O007144,3,P0103,1,158.36,0,15.31,173.67
O007145,1,P0048,1,920.6,0,8.91,929.51
O007146,1,P0073,1,139.62,0,4.04,143.66
O007147,1,P0027,1,406.86,0.2,10.39,335.88
O007148,1,P0144,1,649.77,0,15.14,664.91
O007148,2,P0141,1,92.1,0.2,2,75.68
O007148,3,P0248,1,363.73,0.1,23.29,350.65
O007149,1,P0210,1,949.92,0.1,12.27,867.2
O007150,1,P0226,1,706.04,0,21.53,727.57
O007151,1,P0005,1,9999.99,0.05,9.04,9509.03
O007151,2,P0274,3,832.77,0.1,12.68,2261.16
O007151,3,P0319,1,702.73,0.05,11.75,679.34
O007152,1,P0234,1,354.24,0.1,13.79,332.61
O007153,1,P0278,2,480.16,0,5.43,965.75
O007153,2,P0156,2,90.87,0.1,11.62,175.19
O007154,1,P0166,5,20.64,0,9.51,112.71
O007155,1,P0102,1,249.53,0,4.21,253.74
O007156,1,P0050,3,745.53,0,18.55,2255.14
O007156,2,P0152,1,817.49,0,4.85,822.34
O007157,1,P0009,1,17.8,0.15,6.88,22.01
O007158,1,P0280,1,128.6,0,22.1,150.7
O007159,1,P0128,2,835.43,0.05,18.2,1605.52
O007160,1,P0098,1,701.13,0.05,17.58,683.65
O007160,2,P0114,1,967.11,0,15.17,982.28
O007160,3,P0145,2,247.46,0.15,2,422.68
O007161,1,P0131,1,185.19,0,13.71,198.9
O007162,1,P0313,1,555.72,0.05,6.39,534.32
O007162,2,P0232,1,295.67,0.05,9.23,290.12
O007163,1,P0148,2,188.16,0,10.31,386.63
O007164,1,P0292,1,386.72,0,8.56,395.28
O007164,2,P0104,1,521.9,0,12.31,534.21
O007165,1,P0227,1,292.14,0,2.96,295.1
O007165,2,P0065,3,492.73,0,4.84,1483.03
O007166,1,P0166,2,20.64,0,2,43.28
O007167,1,P0275,4,515.35,0,2,2063.4
O007167,2,P0283,5,433.94,0.15,4.52,1848.76
O007168,1,P0275,1,515.35,0,11.11,526.46
O007169,1,P0293,2,564.26,0.1,7.73,1023.4
O007170,1,P0105,1,18.23,0,12.2,30.43
O007171,1,P0123,2,202.44,0,10.34,415.22
O007172,1,P0224,3,355.54,0,15.96,1082.58
O007172,2,P0103,1,158.36,0,11.27,169.63
O007172,3,P0139,1,531.18,0.2,30.65,455.59
O007173,1,P0163,2,825.28,0,11.83,1662.39
O007174,1,P0263,1,574.22,0,8.87,583.09
O007175,1,P0184,2,112.13,0.15,9.81,200.43
O007176,1,P0024,1,832.14,0.05,8.03,798.56
O007176,2,P0307,1,69.12,0,24.26,93.38
O007177,1,P0135,1,504.23,0,17.95,522.18
O007178,1,P0255,1,854.74,0,14.53,869.27
O007179,1,P0267,1,1088.78,0.15,16.56,942.02
O007180,1,P0040,1,354.01,0.1,23.39,342.0
O007180,2,P0055,1,237.15,0.15,14.16,215.74
O007181,1,P0247,1,315.54,0,4.82,320.36
O007181,2,P0049,1,841.2,0,8.47,849.67
O007182,1,P0198,1,764.66,0,11.89,776.55
O007182,2,P0069,1,423.73,0.15,2,362.17
O007183,1,P0161,2,67.49,0,15.24,150.22
O007183,2,P0098,1,701.13,0.15,2,597.96
O007184,1,P0287,1,756.46,0.1,21.52,702.33
O007184,2,P0068,1,148.48,0.15,2,128.21
O007185,1,P0017,1,237.22,0.15,4.64,206.28
O007186,1,P0039,1,205.22,0.1,15.91,200.61
O007187,1,P0066,2,451.94,0.15,11.98,780.28
O007188,1,P0312,3,681.66,0.2,2,1637.98
O007189,1,P0308,5,109.62,0,6.22,554.32
O007189,2,P0240,2,237.45,0.1,20.6,448.01
O007189,3,P0142,1,483.04,0,10.25,493.29
O007190,1,P0087,1,118.02,0.1,15.15,121.37
O007191,1,P0271,4,775.17,0.1,4.81,2795.42
O007191,2,P0302,1,340.59,0,25.73,366.32
O007192,1,P0019,3,618.71,0.1,16.67,1687.19
O007192,2,P0103,1,158.36,0,7.84,166.2
O007192,3,P0303,1,483.69,0,16.77,500.46
O007193,1,P0209,1,690.43,0.05,7.65,663.56
O007193,2,P0201,1,583.78,0.05,4.7,559.29
O007193,3,P0011,1,363.12,0,11.22,374.34
O007194,1,P0237,1,956.17,0.1,3.52,864.07
O007195,1,P0098,2,701.13,0,18.62,1420.88
O007195,2,P0086,2,579.39,0.1,19.75,1062.65
O007196,1,P0066,2,451.94,0,20.1,923.98
O007197,1,P0048,1,920.6,0.05,24.85,899.42
O007198,1,P0139,2,531.18,0,27.07,1089.43
O007198,2,P0097,1,267.08,0,4.22,271.3
O007199,1,P0149,2,858.19,0,12.01,1728.39
O007200,1,P0239,1,873.44,0,6.82,880.26
O007200,2,P0008,3,193.75,0,21.56,602.81
O007200,3,P0139,3,531.18,0.05,4.85,1518.71
O007201,1,P0163,1,825.28,0.1,12.27,755.02
O007202,1,P0072,2,38.74,0,2,79.48
O007202,2,P0304,1,396.52,0.15,17.18,354.22
O007203,1,P0115,2,602.48,0.2,17.17,981.14
O007204,1,P0208,1,723.84,0,6.89,730.73
O007205,1,P0236,1,397.11,0.1,14.95,372.35
O007205,2,P0320,1,907.09,0,22.33,929.42
O007206,1,P0124,1,336.97,0.1,14.32,317.59
O007207,1,P0012,1,529.58,0,10.74,540.32
O007208,1,P0135,1,504.23,0.05,22.56,501.58
O007209,1,P0290,2,617.79,0,9.89,1245.47
O007210,1,P0139,2,531.18,0.05,2,1011.24
O007211,1,P0141,1,92.1,0,15.06,107.16
O007211,2,P0077,1,20.98,0.1,9.86,28.74
O007212,1,P0288,1,898.37,0,10.69,909.06
O007213,1,P0113,2,814.98,0.05,26.06,1574.52
O007213,2,P0110,1,1039.88,0,17.53,1057.41
O007214,1,P0032,1,577.34,0,13.77,591.11
O007214,2,P0149,1,858.19,0,12.03,870.22
O007214,3,P0120,1,62.98,0,19.88,82.86
O007215,1,P0093,2,952.7,0,2,1907.4
O007215,2,P0239,4,873.44,0.05,24.95,3344.02
O007215,3,P0012,1,529.58,0,9.45,539.03
O007216,1,P0058,1,156.02,0,2,158.02
O007217,1,P0158,1,130.71,0.1,21.57,139.21
O007217,2,P0029,2,490.19,0.1,15.1,897.44
O007218,1,P0035,1,544.32,0.1,4.81,494.7
O007219,1,P0189,3,630.91,0.05,9.87,1807.96
O007220,1,P0092,1,901.51,0.1,15.25,826.61
O007221,1,P0301,2,263.33,0,11.91,538.57
O007222,1,P0244,1,316.68,0.1,2,287.01
O007222,2,P0305,1,330.82,0,3.45,334.27
O007222,3,P0225,2,84.06,0,19.41,187.53
O007222,4,P0135,2,504.23,0.1,24.28,931.89
O007223,1,P0201,2,583.78,0.05,22.73,1131.91
O007224,1,P0031,1,397.25,0,6.72,403.97
O007225,1,P0057,1,286.31,0.15,2,245.36
O007225,2,P0145,1,247.46,0,19.82,267.28
O007225,3,P0078,1,314.17,0,3.52,317.69
O007225,4,P0012,2,529.58,0.1,17.49,970.73
O007226,1,P0241,3,307.92,0.05,29.11,906.68
O007227,1,P0293,2,564.26,0.05,11.31,1083.4
O007228,1,P0179,1,159.25,0,17.19,176.44
O007228,2,P0085,3,554.3,0,15.32,1678.22
O007228,3,P0139,1,531.18,0.1,12.97,491.03
O007229,1,P0245,2,489.42,0.05,6.7,936.6
O007230,1,P0121,1,97.09,0,9.07,106.16
O007231,1,P0215,1,1003.36,0,19.67,1023.03
O007232,1,P0194,1,140.84,0.05,15.53,149.33
O007233,1,P0304,1,396.52,0,11.84,408.36
O007233,2,P0246,5,236.21,0,17.93,1198.98
O007234,1,P0276,2,820.81,0.05,6.95,1566.49
O007234,2,P0172,1,461.92,0,14.41,476.33
O007234,3,P0040,1,354.01,0.2,12.0,295.21
O007235,1,P0096,3,224.82,0.2,8.8,548.37
O007236,1,P0025,1,343.24,0,18.01,361.25
O007237,1,P0216,1,823.56,0,11.82,835.38
O007237,2,P0089,1,625.43,0,19.39,644.82
O007237,3,P0137,2,168.37,0.1,8.85,311.92
O007238,1,P0143,2,110.16,0.15,12.68,199.95
O007238,2,P0159,1,343.13,0.15,18.4,310.06
O007239,1,P0248,2,363.73,0,9.66,737.12
O007239,2,P0229,1,81.64,0.05,9.89,87.45
O007240,1,P0194,4,140.84,0.15,16.57,495.43
O007240,2,P0004,1,803.36,0,2,805.36
O007241,1,P0126,1,311.62,0.1,11.41,291.87
O007242,1,P0107,1,435.88,0.05,2,416.09
O007242,2,P0290,1,617.79,0,10.45,628.24
O007243,1,P0174,1,845.79,0.15,22.19,741.11
O007243,2,P0148,3,188.16,0,2,566.48
O007244,1,P0315,1,174.01,0,12.37,186.38
O007244,2,P0147,2,535.43,0,2,1072.86
O007245,1,P0134,3,574.47,0,10.41,1733.82
O007246,1,P0032,1,577.34,0,16.76,594.1
O007247,1,P0080,1,194.14,0,15.57,209.71
O007247,2,P0233,1,84.69,0,10.8,95.49
O007248,1,P0059,1,953.24,0.05,15.35,920.93
O007248,2,P0069,1,423.73,0.15,13.09,373.26
O007249,1,P0252,1,259.81,0,8.05,267.86
O007250,1,P0049,3,841.2,0,15.94,2539.54
O007251,1,P0132,1,107.93,0,10.4,118.33
O007251,2,P0250,1,375.47,0.2,13.01,313.39
O007252,1,P0057,1,286.31,0.05,2.63,274.62
O007253,1,P0034,1,293.49,0,13.16,306.65
O007254,1,P0292,1,386.72,0,26.22,412.94
O007255,1,P0049,2,841.2,0,17.02,1699.42
O007256,1,P0283,1,433.94,0.05,14.26,426.5
O007256,2,P0092,1,901.51,0.15,14.14,780.42
O007257,1,P0023,1,587.39,0,7.24,594.63
O007258,1,P0023,1,587.39,0,10.19,597.58
O007258,2,P0114,1,967.11,0.1,35.65,906.05
O007259,1,P0302,1,340.59,0.05,11.94,335.5
O007260,1,P0122,1,149.46,0,9.55,159.01
O007261,1,P0042,1,584.05,0,15.08,599.13
O007261,2,P0289,1,88.04,0,13.06,101.1
O007261,3,P0062,1,673.39,0,3.02,676.41
O007262,1,P0247,1,315.54,0.05,16.96,316.72
O007263,1,P0127,2,597.61,0.2,8.63,964.81
O007263,2,P0004,1,803.36,0,2.76,806.12
O007264,1,P0060,1,27.23,0.1,13.38,37.89
O007264,2,P0303,3,483.69,0,16.1,1467.17
O007265,1,P0039,1,205.22,0.15,11.44,185.88
O007265,2,P0052,1,782.48,0.15,9.88,674.99
O007266,1,P0023,1,587.39,0.05,20.18,578.2
O007267,1,P0188,1,480.75,0,14.7,495.45
O007268,1,P0014,2,187.84,0,15.29,390.97
O007268,2,P0094,1,756.84,0,33.66,790.5
O007269,1,P0129,1,104.68,0.05,18.53,117.98
O007270,1,P0159,3,343.13,0,5.58,1034.97
O007271,1,P0210,1,949.92,0,9.91,959.83
O007271,2,P0137,3,168.37,0,2.15,507.26
O007272,1,P0114,1,967.11,0.1,26.67,897.07
O007273,1,P0113,2,814.98,0.2,7.28,1311.25
O007274,1,P0195,1,256.53,0.1,7.34,238.22
O007275,1,P0295,4,164.98,0.1,14.94,608.87
O007276,1,P0219,1,553.58,0,10.0,563.58
O007276,2,P0271,2,775.17,0.05,3.0,1475.82
O007277,1,P0192,2,951.76,0,16.25,1919.77
O007278,1,P0176,2,265.34,0.05,9.18,513.33
O007279,1,P0224,1,355.54,0,14.32,369.86
O007279,2,P0319,1,702.73,0,9.76,712.49
O007280,1,P0154,1,25.6,0,2,27.6
O007281,1,P0159,1,343.13,0,14.2,357.33
O007282,1,P0070,2,298.91,0,2,599.82
O007283,1,P0041,1,126.39,0,3.8,130.19
O007283,2,P0119,1,229.62,0.05,6.63,224.77
O007284,1,P0120,1,62.98,0,28.57,91.55
O007284,2,P0259,1,849.86,0,18.39,868.25
O007284,3,P0206,1,75.89,0,13.29,89.18
O007285,1,P0168,1,45.44,0,17.2,62.64
O007285,2,P0033,1,310.62,0.15,9.12,273.15
O007286,1,P0314,1,745.22,0,22.01,767.23
O007287,1,P0175,2,568.15,0,16.71,1153.01
O007288,1,P0110,1,1039.88,0.15,5.86,889.76
O007289,1,P0005,3,9999.99,0.05,11.98,28511.95
O007290,1,P0148,2,188.16,0.05,13.77,371.27
O007290,2,P0133,1,17.03,0.1,7.85,23.18
O007290,3,P0282,1,856.4,0.15,8.71,736.65
O007291,1,P0170,1,444.66,0.05,2.96,425.39
O007292,1,P0275,1,515.35,0.05,10.19,499.77
O007292,2,P0087,1,118.02,0.1,9.97,116.19
O007293,1,P0037,4,1028.12,0.1,12.13,3713.36
O007293,2,P0186,1,638.99,0,10.09,649.08
O007293,3,P0158,1,130.71,0,25.58,156.29
O007293,4,P0140,1,227.4,0,14.57,241.97
O007294,1,P0296,1,428.51,0.05,2,409.08
O007295,1,P0015,1,284.04,0.15,2,243.43
O007295,2,P0219,1,553.58,0.2,2.53,445.39
O007296,1,P0287,1,756.46,0,19.44,775.9
O007296,2,P0130,2,491.43,0.1,20.86,905.43
O007296,3,P0260,1,623.36,0,14.61,637.97
O007296,4,P0213,2,693.96,0,27.31,1415.23
O007297,1,P0132,1,107.93,0.1,20.29,117.43
O007297,2,P0070,2,298.91,0,2,599.82
O007297,3,P0041,1,126.39,0.15,9.37,116.8
O007297,4,P0183,1,808.84,0.1,20.65,748.61
O007298,1,P0208,1,723.84,0.1,9.49,660.95
O007298,2,P0138,1,870.78,0,2,872.78
O007299,1,P0318,1,432.06,0.05,14.52,424.98
O007299,2,P0159,1,343.13,0,14.16,357.29
O007300,1,P0248,1,363.73,0,15.07,378.8
O007301,1,P0135,1,504.23,0,12.36,516.59
O007302,1,P0033,2,310.62,0.15,12.18,540.23
O007303,1,P0140,1,227.4,0.15,21.75,215.04
O007303,2,P0187,1,106.77,0,2,108.77
O007303,3,P0109,2,194.26,0.1,21.88,371.55
O007304,1,P0006,2,202.12,0,19.95,424.19
O007305,1,P0167,1,9.0,0.05,15.74,24.29
O007305,2,P0014,2,187.84,0,20.24,395.92
O007305,3,P0128,1,835.43,0,4.9,840.33
O007306,1,P0174,2,845.79,0.05,13.55,1620.55
O007306,2,P0101,4,92.83,0,17.54,388.86
O007307,1,P0108,1,957.8,0,14.81,972.61
O007307,2,P0129,3,104.68,0,21.72,335.76
O007307,3,P0291,2,657.02,0,28.45,1342.49
O007308,1,P0259,1,849.86,0.1,13.39,778.26
O007309,1,P0139,1,531.18,0,17.18,548.36
O007309,2,P0057,2,286.31,0,21.59,594.21
O007310,1,P0226,1,706.04,0,11.68,717.72
O007310,2,P0191,4,654.69,0.1,2,2358.88
O007311,1,P0187,1,106.77,0.05,13.12,114.55
O007312,1,P0091,2,86.5,0.2,27.69,166.09
O007312,2,P0124,1,336.97,0.05,16.01,336.13
O007313,1,P0284,1,501.64,0.05,19.76,496.32
O007313,2,P0137,1,168.37,0.05,17.72,177.67
O007313,3,P0081,1,312.38,0,14.71,327.09
O007314,1,P0212,2,486.38,0.05,19.15,943.27
O007314,2,P0231,1,766.78,0,20.79,787.57
O007315,1,P0233,1,84.69,0,27.99,112.68
O007315,2,P0013,1,110.57,0,7.45,118.02
O007316,1,P0157,1,807.11,0.15,11.48,697.52
O007316,2,P0232,2,295.67,0,9.45,600.79
O007317,1,P0127,1,597.61,0,11.6,609.21
O007318,1,P0194,1,140.84,0.1,19.2,145.96
O007318,2,P0097,1,267.08,0.05,5.31,259.04
O007318,3,P0203,3,420.71,0.15,21.61,1094.42
O007319,1,P0297,1,38.06,0,15.81,53.87
O007319,2,P0052,1,782.48,0,6.84,789.32
O007320,1,P0102,1,249.53,0.1,20.53,245.11
O007320,2,P0129,1,104.68,0,19.5,124.18
O007321,1,P0104,1,521.9,0,9.23,531.13
O007322,1,P0088,1,259.63,0,9.69,269.32
O007323,1,P0187,2,106.77,0.05,2.87,205.73
O007323,2,P0310,1,8.5,0,24.24,32.74
O007324,1,P0272,1,724.17,0,3.54,727.71
O007325,1,P0099,1,458.56,0,3.21,461.77
O007326,1,P0158,2,130.71,0,5.84,267.26
O007326,2,P0295,1,164.98,0,25.6,190.58
O007326,3,P0282,2,856.4,0.15,17.8,1473.68
O007327,1,P0164,1,13.57,0.2,13.4,24.26
O007328,1,P0074,2,81.29,0,23.86,186.44
O007328,2,P0113,1,814.98,0,9.09,824.07
O007329,1,P0270,1,949.79,0.05,2.97,905.27
O007329,2,P0028,2,305.36,0.15,2,521.11
O007329,3,P0107,1,435.88,0.1,9.87,402.16
O007330,1,P0232,2,295.67,0,9.75,601.09
O007331,1,P0110,1,1039.88,0,2,1041.88
O007332,1,P0245,1,489.42,0.15,8.49,424.5
O007332,2,P0187,1,106.77,0.1,32.5,128.59
O007333,1,P0082,2,362.46,0,5.73,730.65
O007334,1,P0215,1,1003.36,0.15,25.66,878.52
O007335,1,P0119,1,229.62,0,15.11,244.73
O007336,1,P0038,1,778.2,0,12.17,790.37
O007336,2,P0051,1,371.95,0,2,373.95
O007337,1,P0310,1,8.5,0,4.7,13.2
O007338,1,P0054,3,429.08,0.05,2,1224.88
O007338,2,P0231,1,766.78,0,14.54,781.32
O007339,1,P0209,1,690.43,0.05,26.55,682.46
O007340,1,P0018,3,598.9,0,2,1798.7
O007341,1,P0010,1,362.93,0,6.47,369.4
O007341,2,P0047,1,224.37,0.1,23.16,225.09
O007341,3,P0161,1,67.49,0,2,69.49
O007342,1,P0222,2,182.56,0,18.9,384.02
O007343,1,P0259,1,849.86,0,20.09,869.95
O007344,1,P0263,1,574.22,0.05,16.59,562.1
O007344,2,P0284,4,501.64,0,22.86,2029.42
O007345,1,P0270,1,949.79,0.1,14.48,869.29
O007346,1,P0072,1,38.74,0,10.91,49.65
O007347,1,P0011,1,363.12,0,10.71,373.83
O007348,1,P0169,1,410.06,0,13.72,423.78
O007348,2,P0254,1,824.63,0.1,7.18,749.35
O007348,3,P0151,1,785.65,0.15,12.65,680.45
O007348,4,P0153,1,339.5,0,16.49,355.99
O007349,1,P0032,1,577.34,0,2,579.34
O007349,2,P0067,2,355.88,0,13.66,725.42
O007349,3,P0300,1,398.18,0,17.07,415.25
O007350,1,P0018,1,598.9,0,2,600.9
O007351,1,P0196,2,753.97,0.05,10.15,1442.69
O007351,2,P0068,3,148.48,0,12.55,457.99
O007352,1,P0320,3,907.09,0,11.81,2733.08
O007353,1,P0071,2,250.08,0.15,3.55,428.69
O007354,1,P0034,1,293.49,0.15,20.06,269.53
O007355,1,P0272,3,724.17,0,22.97,2195.48
O007356,1,P0044,2,456.63,0,8.51,921.77
O007356,2,P0214,2,42.92,0,8.96,94.8
O007357,1,P0247,1,315.54,0,22.01,337.55
O007357,2,P0239,1,873.44,0,9.03,882.47
O007357,3,P0201,1,583.78,0,11.89,595.67
O007357,4,P0226,1,706.04,0,2,708.04
O007358,1,P0250,1,375.47,0.05,9.43,366.13
O007358,2,P0197,1,756.59,0.1,14.42,695.35
O007359,1,P0218,1,363.84,0.1,15.15,342.61
O007359,2,P0063,2,310.44,0,7.12,628.0
O007359,3,P0116,1,339.23,0,8.76,347.99
O007359,4,P0028,1,305.36,0.05,25.8,315.89
O007360,1,P0225,1,84.06,0.05,17.06,96.92
O007361,1,P0285,1,53.42,0,15.65,69.07
O007361,2,P0260,3,623.36,0,15.13,1885.21
O007362,1,P0127,2,597.61,0.1,8.83,1084.53
O007363,1,P0106,1,236.99,0.05,13.21,238.35
O007364,1,P0203,2,420.71,0.05,4.05,803.4
O007364,2,P0246,1,236.21,0.1,7.95,220.54
O007365,1,P0242,1,722.98,0,3.5,726.48
O007366,1,P0035,1,544.32,0,25.11,569.43
O007366,2,P0169,2,410.06,0,28.81,848.93
O007367,1,P0017,4,237.22,0,19.75,968.63
O007367,2,P0282,1,856.4,0,2.95,859.35
O007368,1,P0148,2,188.16,0.2,17.72,318.78
O007368,2,P0105,1,18.23,0,14.26,32.49
O007369,1,P0212,1,486.38,0.05,5.26,467.32
O007370,1,P0254,2,824.63,0,10.08,1659.34
O007370,2,P0039,2,205.22,0,27.07,437.51
O007370,3,P0120,1,62.98,0,12.66,75.64
O007371,1,P0040,1,354.01,0,2,356.01
O007371,2,P0182,1,150.43,0,22.34,172.77
O007371,3,P0123,2,202.44,0,14.09,418.97
O007372,1,P0086,1,579.39,0.15,15.75,508.23
O007372,2,P0083,2,594.36,0.05,26.1,1155.38
O007373,1,P0213,1,693.96,0.05,8.88,668.14
O007374,1,P0256,1,847.43,0,20.05,867.48
O007375,1,P0305,1,330.82,0,14.38,345.2
O007376,1,P0242,1,722.98,0,18.02,741.0
O007376,2,P0189,1,630.91,0.1,5.23,573.05
O007377,1,P0221,1,188.81,0,25.29,214.1
O007377,2,P0240,1,237.45,0,2,239.45
O007377,3,P0245,1,489.42,0.1,18.1,458.58
O007378,1,P0247,3,315.54,0,2,948.62
O007378,2,P0180,1,358.61,0,5.37,363.98
O007379,1,P0133,1,17.03,0.05,24.49,40.67
O007379,2,P0082,1,362.46,0,18.12,380.58
O007379,3,P0176,1,265.34,0,19.52,284.86
O007380,1,P0111,1,127.38,0.1,18.28,132.92
O007380,2,P0292,1,386.72,0.2,13.85,323.23
O007381,1,P0021,5,806.92,0,11.98,4046.58
O007382,1,P0150,1,23.53,0.05,22.5,44.85
O007383,1,P0084,1,294.21,0.1,17.06,281.85
O007384,1,P0060,1,27.23,0.05,12.89,38.76
O007385,1,P0289,1,88.04,0,18.38,106.42
O007386,1,P0114,1,967.11,0.05,5.11,923.86
O007387,1,P0138,1,870.78,0,2,872.78
O007387,2,P0305,1,330.82,0,20.0,350.82
O007387,3,P0272,5,724.17,0,17.59,3638.44
O007388,1,P0193,1,216.15,0.05,13.0,218.34
O007389,1,P0273,1,75.24,0,3.47,78.71
O007389,2,P0291,2,657.02,0,4.88,1318.92
O007389,3,P0196,2,753.97,0,12.8,1520.74
O007390,1,P0077,2,20.98,0.05,15.8,55.66
O007390,2,P0056,1,581.05,0,2.07,583.12
O007390,3,P0044,2,456.63,0,8.04,921.3
O007390,4,P0112,2,400.76,0.1,8.44,729.81
O007391,1,P0238,1,645.9,0,16.68,662.58
O007392,1,P0040,2,354.01,0.05,9.42,682.04
O007393,1,P0035,1,544.32,0,3.75,548.07
O007393,2,P0191,3,654.69,0.05,2.95,1868.82
O007393,3,P0073,1,139.62,0,4.25,143.87
O007394,1,P0204,1,387.0,0,12.78,399.78
O007395,1,P0111,1,127.38,0.1,13.32,127.96
O007395,2,P0045,2,72.1,0,12.11,156.31
O007396,1,P0062,2,673.39,0.15,6.66,1151.42
O007396,2,P0290,2,617.79,0.15,11.32,1061.56
O007397,1,P0099,2,458.56,0,7.6,924.72
O007397,2,P0013,1,110.57,0.15,16.18,110.16
O007398,1,P0122,1,149.46,0.15,9.92,136.96
O007399,1,P0320,3,907.09,0.05,13.8,2599.01
O007400,1,P0073,1,139.62,0.15,22.78,141.46
O007400,2,P0210,2,949.92,0,15.25,1915.09
O007400,3,P0190,1,449.88,0,12.66,462.54
O007401,1,P0115,2,602.48,0,11.12,1216.08
O007402,1,P0309,1,541.39,0.1,4.58,491.83
O007403,1,P0276,1,820.81,0,18.64,839.45
O007403,2,P0271,2,775.17,0,20.64,1570.98
O007404,1,P0051,2,371.95,0.1,12.43,681.94
O007404,2,P0016,2,576.57,0,12.99,1166.13
O007404,3,P0074,2,81.29,0,13.44,176.02
O007405,1,P0065,1,492.73,0.15,17.55,436.37
O007405,2,P0291,3,657.02,0.15,7.22,1682.62
O007406,1,P0044,2,456.63,0.05,4.17,871.77
O007406,2,P0205,2,468.82,0.15,20.8,817.79
O007407,1,P0066,2,451.94,0.15,12.78,781.08
O007408,1,P0301,2,263.33,0,16.07,542.73
O007408,2,P0288,1,898.37,0,18.59,916.96
O007408,3,P0121,1,97.09,0,4.6,101.69
O007409,1,P0238,1,645.9,0,10.77,656.67
O007409,2,P0279,1,489.87,0.1,14.96,455.84
O007409,3,P0201,2,583.78,0.15,10.85,1003.28
O007410,1,P0232,1,295.67,0,2.98,298.65
O007411,1,P0300,2,398.18,0,22.26,818.62
O007412,1,P0153,1,339.5,0.2,8.8,280.4
O007412,2,P0213,5,693.96,0.15,11.52,2960.85
O007413,1,P0265,1,240.13,0,23.96,264.09
O007413,2,P0026,2,659.65,0,35.0,1354.3
O007414,1,P0265,1,240.13,0.15,21.25,225.36
O007414,2,P0309,1,541.39,0,2,543.39
O007414,3,P0099,1,458.56,0,4.95,463.51
O007415,1,P0215,2,1003.36,0.2,3.26,1608.64
O007416,1,P0300,1,398.18,0.15,5.29,343.74
O007416,2,P0285,1,53.42,0.05,18.89,69.64
O007417,1,P0054,2,429.08,0.2,197.95,884.48
O007418,1,P0057,2,286.31,0.05,6.25,550.24
O007418,2,P0285,2,53.42,0,15.35,122.19
O007418,3,P0079,2,165.37,0,11.71,342.45
O007418,4,P0033,1,310.62,0.1,12.68,292.24
O007419,1,P0263,1,574.22,0.2,12.01,471.39
O007420,1,P0034,1,293.49,0.05,18.35,297.17
O007421,1,P0047,3,224.37,0,8.44,681.55
O007421,2,P0164,1,13.57,0.15,19.57,31.1
O007421,3,P0039,2,205.22,0.1,25.96,395.36
O007422,1,P0121,1,97.09,0.05,12.73,104.97
O007423,1,P0103,4,158.36,0.05,2,603.77
O007423,2,P0038,2,778.2,0.05,17.53,1496.11
O007424,1,P0151,1,785.65,0,4.94,790.59
O007424,2,P0129,1,104.68,0,6.87,111.55
O007425,1,P0078,1,314.17,0,17.78,331.95
O007426,1,P0092,1,901.51,0.2,16.18,737.39
O007427,1,P0183,1,808.84,0,6.59,815.43
O007427,2,P0251,2,266.39,0.2,4.1,430.32
O007428,1,P0196,1,753.97,0,11.87,765.84
O007429,1,P0124,1,336.97,0,16.64,353.61
O007430,1,P0030,1,122.57,0,16.84,139.41
O007430,2,P0304,1,396.52,0,17.8,414.32
O007430,3,P0008,1,193.75,0.05,10.2,194.26
O007430,4,P0173,2,758.26,0.05,20.99,1461.68
O007431,1,P0057,5,286.31,0.1,14.74,1303.13
O007432,1,P0187,3,106.77,0,4.41,324.72
O007433,1,P0015,3,284.04,0.05,17.71,827.22
O007433,2,P0168,1,45.44,0,13.88,59.32
O007434,1,P0263,1,574.22,0,2,576.22
O007435,1,P0192,1,951.76,0.05,4.87,909.04
O007435,2,P0204,4,387.0,0,15.47,1563.47
O007436,1,P0043,1,118.53,0.1,5.29,111.97
O007437,1,P0101,1,92.83,0.15,26.08,104.99
O007438,1,P0098,2,701.13,0,4.87,1407.13
O007439,1,P0151,1,785.65,0,8.82,794.47
O007439,2,P0088,1,259.63,0.05,21.0,267.65
O007440,1,P0292,1,386.72,0.1,2,350.05
O007440,2,P0005,1,9999.99,0,2.96,10002.95
O007441,1,P0031,1,397.25,0,17.05,414.3
O007441,2,P0272,1,724.17,0,14.31,738.48
O007441,3,P0295,1,164.98,0.2,10.47,142.45
O007442,1,P0183,1,808.84,0,11.88,820.72
O007443,1,P0090,1,907.45,0.15,12.53,783.86
O007443,2,P0134,1,574.47,0,19.34,593.81
O007444,1,P0095,1,97.16,0,17.68,114.84
O007444,2,P0040,1,354.01,0,2,356.01
O007445,1,P0070,5,298.91,0,2,1496.55
O007445,2,P0005,1,9999.99,0.15,26.42,8526.41
O007445,3,P0308,1,109.62,0.1,10.06,108.72
O007446,1,P0280,1,128.6,0,15.41,144.01
O007446,2,P0293,1,564.26,0.15,20.36,499.98
O007447,1,P0281,1,372.41,0,2,374.41
O007447,2,P0073,1,139.62,0.15,14.17,132.85
O007447,3,P0151,1,785.65,0,16.16,801.81
O007448,1,P0282,2,856.4,0.05,11.23,1638.39
O007449,1,P0142,1,483.04,0.1,5.93,440.67
O007450,1,P0111,2,127.38,0,18.02,272.78
O007451,1,P0159,1,343.13,0,17.59,360.72
O007451,2,P0078,1,314.17,0,2.33,316.5
O007452,1,P0178,1,294.67,0.1,18.83,284.03
O007452,2,P0072,2,38.74,0.15,12.08,77.94
O007453,1,P0273,2,75.24,0.1,2,137.43
O007454,1,P0254,1,824.63,0.15,9.19,710.13
O007455,1,P0113,1,814.98,0.15,4.33,697.06
O007456,1,P0023,1,587.39,0.15,2,501.28
O007456,2,P0010,1,362.93,0.1,15.07,341.71
O007457,1,P0168,1,45.44,0.2,2,38.35
O007458,1,P0130,1,491.43,0,17.18,508.61
O007459,1,P0201,1,583.78,0,16.87,600.65
O007460,1,P0217,1,390.23,0.05,15.44,386.16
O007461,1,P0010,1,362.93,0.05,2.78,347.56
O007462,1,P0302,1,340.59,0,12.02,352.61
O007462,2,P0229,1,81.64,0.1,4.78,78.26
O007462,3,P0117,2,794.64,0,27.35,1616.63
O007462,4,P0148,1,188.16,0.1,4.84,174.18
O007463,1,P0062,1,673.39,0.05,6.92,646.64
O007464,1,P0074,5,81.29,0.15,9.95,355.43
O007464,2,P0318,1,432.06,0,8.87,440.93
O007464,3,P0097,1,267.08,0,18.98,286.06
O007464,4,P0135,1,504.23,0,13.65,517.88
O007465,1,P0094,1,756.84,0.15,2,645.31
O007465,2,P0254,4,824.63,0,23.98,3322.5
O007465,3,P0229,2,81.64,0,13.55,176.83
O007466,1,P0269,2,256.16,0,23.4,535.72
O007467,1,P0009,3,17.8,0.2,22.73,65.45
O007468,1,P0311,1,347.85,0,5.27,353.12
O007468,2,P0161,1,67.49,0,4.52,72.01
O007469,1,P0265,1,240.13,0.05,17.87,245.99
O007470,1,P0305,1,330.82,0,8.61,339.43
O007471,1,P0315,1,174.01,0,9.36,183.37
O007472,1,P0141,1,92.1,0,5.03,97.13
O007473,1,P0283,2,433.94,0,12.7,880.58
O007474,1,P0106,1,236.99,0,2,238.99
O007474,2,P0059,1,953.24,0.1,13.85,871.77
O007475,1,P0185,2,8.75,0.1,12.97,28.72
O007475,2,P0127,2,597.61,0,24.71,1219.93
O007476,1,P0140,2,227.4,0.05,7.94,440.0
O007476,2,P0057,3,286.31,0,10.3,869.23
O007476,3,P0244,1,316.68,0.15,10.33,279.51
O007477,1,P0303,1,483.69,0,20.43,504.12
O007478,1,P0297,1,38.06,0,2,40.06
O007479,1,P0274,4,832.77,0,16.01,3347.09
O007480,1,P0025,1,343.24,0.05,6.84,332.92
O007481,1,P0189,1,630.91,0,12.77,643.68
O007481,2,P0111,1,127.38,0,13.86,141.24
O007482,1,P0307,1,69.12,0,5.63,74.75
O007483,1,P0050,2,745.53,0.05,14.33,1430.84
O007483,2,P0306,1,219.19,0,11.95,231.14
O007484,1,P0319,1,702.73,0.05,14.54,682.13
O007484,2,P0123,1,202.44,0,5.6,208.04
O007484,3,P0303,2,483.69,0,18.76,986.14
O007485,1,P0096,1,224.82,0.1,7.45,209.79
O007485,2,P0075,1,233.38,0.1,9.74,219.78
O007485,3,P0289,2,88.04,0.15,10.28,159.95
O007486,1,P0272,5,724.17,0.1,15.36,3274.12
O007487,1,P0211,1,980.09,0,10.18,990.27
O007487,2,P0182,3,150.43,0,24.12,475.41
O007487,3,P0203,1,420.71,0,2,422.71
O007487,4,P0117,1,794.64,0,20.1,814.74
O007488,1,P0268,1,214.47,0.1,22.37,215.39
O007489,1,P0223,1,72.48,0,12.72,85.2
O007490,1,P0257,2,486.52,0.15,2.46,829.54
O007490,2,P0086,4,579.39,0.15,2,1971.93
O007491,1,P0055,1,237.15,0.05,4.64,229.93
O007491,2,P0219,1,553.58,0,23.05,576.63
O007491,3,P0082,3,362.46,0,20.74,1108.12
O007491,4,P0212,3,486.38,0.15,20.2,1260.47
O007492,1,P0218,1,363.84,0.05,11.35,357.0
O007493,1,P0287,5,756.46,0,15.94,3798.24
O007494,1,P0221,1,188.81,0.05,16.71,196.08
O007495,1,P0298,2,410.7,0,2.55,823.95
O007496,1,P0119,2,229.62,0.05,15.86,452.14
O007496,2,P0011,2,363.12,0,9.68,735.92
O007497,1,P0182,1,150.43,0.05,5.9,148.81
O007498,1,P0124,30,336.97,0,14.7,10123.8
O007499,1,P0200,2,499.63,0,2,1001.26
O007499,2,P0232,1,295.67,0,2.13,297.8
O007500,1,P0123,2,202.44,0,20.6,425.48
O007501,1,P0071,1,250.08,0,3.48,253.56
O007501,2,P0073,2,139.62,0,26.08,305.32
O007502,1,P0123,1,202.44,0,6.36,208.8
O007502,2,P0141,1,92.1,0,22.87,114.97
O007502,3,P0006,1,202.12,0,18.29,220.41
O007502,4,P0278,1,480.16,0,23.45,503.61
O007503,1,P0181,1,364.59,0.1,2,330.13
O007504,1,P0319,3,702.73,0,24.42,2132.61
O007505,1,P0024,1,832.14,0.1,15.21,764.14
O007506,1,P0097,1,267.08,0.05,8.81,262.54
O007507,1,P0189,1,630.91,0.1,2,569.82
O007508,1,P0198,1,764.66,0,13.28,777.94
O007509,1,P0169,1,410.06,0.1,15.0,384.05
O007510,1,P0304,2,396.52,0.1,10.08,723.82
O007510,2,P0072,2,38.74,0,12.14,89.62
O007510,3,P0269,1,256.16,0.05,11.99,255.34
O007510,4,P0016,1,576.57,0.05,23.65,571.39
O007511,1,P0312,1,681.66,0,2,683.66
O007511,2,P0032,2,577.34,0.1,13.5,1052.71
O007511,3,P0057,4,286.31,0.15,23.94,997.39
O007511,4,P0140,2,227.4,0,2,456.8
O007512,1,P0167,2,9.0,0,23.01,41.01
O007512,2,P0084,1,294.21,0,26.55,320.76
O007512,3,P0308,5,109.62,0.1,12.48,505.77
O007513,1,P0156,1,90.87,0.05,23.27,109.6
O007514,1,P0114,2,967.11,0.15,10.11,1654.2
O007514,2,P0267,1,1088.78,0,27.46,1116.24
O007514,3,P0081,1,312.38,0,16.84,329.22
O007515,1,P0108,1,957.8,0.15,24.85,838.98
O007516,1,P0172,2,461.92,0,2.01,925.85
O007516,2,P0193,1,216.15,0,26.45,242.6
O007517,1,P0159,1,343.13,0,15.62,358.75
O007517,2,P0087,1,118.02,0,10.22,128.24
O007518,1,P0176,3,265.34,0,15.24,811.26
O007519,1,P0143,2,110.16,0,10.4,230.72
O007520,1,P0233,1,84.69,0,5.07,89.76
O007521,1,P0270,1,949.79,0,12.0,961.79
O007521,2,P0190,1,449.88,0.05,13.35,440.74
O007521,3,P0052,5,782.48,0,12.38,3924.78
O007522,1,P0096,1,224.82,0.15,10.85,201.95
O007522,2,P0050,1,745.53,0.05,12.24,720.49
O007523,1,P0069,1,423.73,0.2,8.26,347.24
O007523,2,P0080,1,194.14,0,7.42,201.56
O007524,1,P0096,2,224.82,0,23.52,473.16
O007524,2,P0143,1,110.16,0,13.13,123.29
O007525,1,P0003,3,146.76,0.05,21.8,440.07
O007526,1,P0039,1,205.22,0,3.07,208.29
O007527,1,P0020,1,1036.19,0.15,5.8,886.56
O007528,1,P0231,5,766.78,0.05,15.18,3657.38
O007529,1,P0142,1,483.04,0.05,26.69,485.58
O007530,1,P0074,1,81.29,0.1,15.67,88.83
O007531,1,P0055,1,237.15,0,22.97,260.12
O007532,1,P0261,1,745.54,0,2.78,748.32
O007533,1,P0037,1,1028.12,0,6.56,1034.68
O007534,1,P0259,1,849.86,0.15,2.36,724.74
O007535,1,P0187,1,106.77,0.05,23.45,124.88
O007535,2,P0033,1,310.62,0,24.11,334.73
O007535,3,P0277,3,49.26,0,15.31,163.09
O007536,1,P0169,1,410.06,0,2,412.06
O007536,2,P0115,2,602.48,0.05,24.02,1168.73
O007536,3,P0229,1,81.64,0,8.34,89.98
O007536,4,P0298,2,410.7,0,3.58,824.98
O007537,1,P0214,1,42.92,0.05,6.89,47.66
O007538,1,P0113,1,814.98,0,10.25,825.23
O007538,2,P0300,1,398.18,0,12.39,410.57
O007539,1,P0071,1,250.08,0,2,252.08
O007539,2,P0165,1,27.21,0,10.42,37.63
O007540,1,P0231,1,766.78,0.1,2,692.1
O007540,2,P0200,1,499.63,0,13.88,513.51
O007540,3,P0243,2,711.65,0,11.63,1434.93
O007541,1,P0196,1,753.97,0.05,11.15,727.42
O007542,1,P0198,1,764.66,0.2,12.23,623.96
O007543,1,P0256,1,847.43,0.1,22.04,784.73
O007544,1,P0293,1,564.26,0.1,18.82,526.65
O007545,1,P0065,1,492.73,0.05,16.04,484.13
O007546,1,P0249,3,575.36,0.1,12.38,1565.85
O007547,1,P0280,3,128.6,0,17.74,403.54
O007548,1,P0273,1,75.24,0,3.0,78.24
O007548,2,P0184,1,112.13,0,12.56,124.69
O007549,1,P0224,1,355.54,0,22.29,377.83
O007550,1,P0093,2,952.7,0.05,16.8,1826.93
O007550,2,P0206,1,75.89,0,17.19,93.08
O007551,1,P0087,1,118.02,0,13.15,131.17
O007551,2,P0220,1,103.24,0,18.58,121.82
O007552,1,P0072,3,38.74,0,13.53,129.75
O007553,1,P0048,1,920.6,0,10.57,931.17
O007554,1,P0247,1,315.54,0,21.55,337.09
O007555,1,P0043,1,118.53,0,13.87,132.4
O007555,2,P0094,2,756.84,0,4.34,1518.02
O007556,1,P0224,1,355.54,0,10.94,366.48
O007557,1,P0140,2,227.4,0,2,456.8
O007557,2,P0010,1,362.93,0.15,11.9,320.39
O007558,1,P0224,2,355.54,0.15,21.81,626.23
O007558,2,P0033,1,310.62,0.1,3.96,283.52
O007558,3,P0026,4,659.65,0,10.19,2648.79
O007559,1,P0003,1,146.76,0,9.29,156.05
O007560,1,P0293,2,564.26,0,26.08,1154.6
O007560,2,P0194,2,140.84,0.05,13.0,280.6
O007561,1,P0248,4,363.73,0.05,13.54,1395.71
O007562,1,P0007,1,306.83,0.1,7.69,283.84
O007562,2,P0100,1,237.44,0.15,8.65,210.47
O007562,3,P0254,2,824.63,0,10.56,1659.82
O007563,1,P0104,1,521.9,0,22.96,544.86
O007563,2,P0138,4,870.78,0,4.06,3487.18
O007564,1,P0251,1,266.39,0.05,27.95,281.02
O007564,2,P0140,1,227.4,0,17.95,245.35
O007565,1,P0246,2,236.21,0,18.84,491.26
O007566,1,P0169,3,410.06,0,2,1232.18
O007566,2,P0292,4,386.72,0,11.9,1558.78
O007567,1,P0275,1,515.35,0,17.8,533.15
O007568,1,P0103,1,158.36,0,26.13,184.49
O007568,2,P0148,1,188.16,0.15,15.86,175.8
O007568,3,P0163,1,825.28,0.05,11.32,795.34
O007569,1,P0156,1,90.87,0,20.21,111.08
O007569,2,P0298,5,410.7,0.15,3.38,1748.86
O007570,1,P0037,1,1028.12,0.05,14.1,990.81
O007570,2,P0215,1,1003.36,0.15,8.81,861.67
O007570,3,P0096,1,224.82,0,2,226.82
O007571,1,P0255,1,854.74,0,16.69,871.43
O007572,1,P0310,1,8.5,0.05,16.63,24.7
O007573,1,P0251,1,266.39,0,13.24,279.63
O007574,1,P0096,4,224.82,0,15.86,915.14
O007575,1,P0155,1,88.23,0,2,90.23
O007576,1,P0105,1,18.23,0,14.49,32.72
O007576,2,P0089,3,625.43,0,13.03,1889.32
O007577,1,P0053,1,360.49,0.1,20.18,344.62
O007578,1,P0306,2,219.19,0,9.87,448.25
O007579,1,P0206,1,75.89,0.1,6.85,75.15
O007580,1,P0292,1,386.72,0,18.71,405.43
O007581,1,P0246,1,236.21,0,7.59,243.8
O007581,2,P0123,2,202.44,0,24.01,428.89
O007582,1,P0230,1,438.21,0,2,440.21
O007582,2,P0244,2,316.68,0,14.3,647.66
O007582,3,P0201,1,583.78,0,22.32,606.1
O007583,1,P0055,1,237.15,0,10.21,247.36
O007583,2,P0228,1,539.71,0.1,7.26,493.0
O007584,1,P0025,1,343.24,0,28.17,371.41
O007584,2,P0262,1,519.27,0,8.49,527.76
O007585,1,P0189,1,630.91,0,2,632.91
O007585,2,P0227,1,292.14,0.05,2,279.53
O007585,3,P0289,1,88.04,0,2,90.04
O007585,4,P0245,1,489.42,0,20.42,509.84
O007586,1,P0157,1,807.11,0.1,12.66,739.06
O007587,1,P0019,1,618.71,0,10.68,629.39
O007587,2,P0291,3,657.02,0,10.84,1981.9
O007588,1,P0098,1,701.13,0,10.14,711.27
O007589,1,P0189,1,630.91,0.05,20.09,619.45
O007590,1,P0304,1,396.52,0.1,19.18,376.05
O007591,1,P0180,1,358.61,0,18.33,376.94
O007591,2,P0298,1,410.7,0.1,6.31,375.94
O007592,1,P0314,1,745.22,0,20.16,765.38
O007592,2,P0130,1,491.43,0.05,29.47,496.33
O007592,3,P0071,1,250.08,0,3.47,253.55
O007593,1,P0024,1,832.14,0,16.62,848.76
O007594,1,P0199,1,324.1,0,16.11,340.21
O007594,2,P0002,4,556.12,0.05,13.5,2126.76
O007595,1,P0201,1,583.78,0,15.22,599.0
O007595,2,P0269,1,256.16,0.05,2,245.35
O007596,1,P0084,1,294.21,0,11.8,306.01
O007597,1,P0137,4,168.37,0.1,17.59,623.72
O007597,2,P0242,1,722.98,0,2,724.98
O007597,3,P0194,1,140.84,0,22.63,163.47
O007598,1,P0120,1,62.98,0.15,14.09,67.62
O007599,1,P0052,1,782.48,0.1,22.8,727.03
O007600,1,P0153,1,339.5,0.05,19.43,341.95
O007601,1,P0124,1,336.97,0.15,9.97,296.39
O007601,2,P0280,1,128.6,0,15.23,143.83
O007602,1,P0152,2,817.49,0,3.71,1638.69
O007602,2,P0114,1,967.11,0,21.29,988.4
O007603,1,P0299,1,28.85,0,9.88,38.73
O007603,2,P0120,1,62.98,0.1,9.47,66.15
O007604,1,P0179,2,159.25,0,14.66,333.16
O007605,1,P0110,1,1039.88,0,13.0,1052.88
O007606,1,P0117,1,794.64,0,11.49,806.13
O007606,2,P0237,1,956.17,0,9.76,965.93
O007607,1,P0098,2,701.13,0.05,18.45,1350.6
O007608,1,P0078,2,314.17,0,14.7,643.04
O007608,2,P0128,1,835.43,0,17.43,852.86
O007609,1,P0043,1,118.53,0.15,2,102.75
O007609,2,P0053,2,360.49,0,2.14,723.12
O007610,1,P0184,1,112.13,0,20.73,132.86
O007611,1,P0238,1,645.9,0,21.61,667.51
O007612,1,P0021,1,806.92,0.05,14.88,781.45
O007613,1,P0006,3,202.12,0.1,3.07,548.79
O007614,1,P0094,1,756.84,0.05,5.58,724.58
O007614,2,P0109,1,194.26,0,14.03,208.29
O007615,1,P0027,1,406.86,0,7.08,413.94
O007615,2,P0143,1,110.16,0,11.32,121.48
O007615,3,P0024,1,832.14,0,20.69,852.83
O007615,4,P0162,1,529.22,0,6.17,535.39
O007616,1,P0102,3,249.53,0.05,21.54,732.7
O007616,2,P0228,2,539.71,0.1,5.02,976.5
O007616,3,P0158,3,130.71,0.15,8.45,341.76
O007617,1,P0298,2,410.7,0.1,17.64,756.9
O007618,1,P0156,1,90.87,0,11.7,102.57
O007618,2,P0195,1,256.53,0,17.72,274.25
O007619,1,P0154,1,25.6,0.15,14.25,36.01
O007620,1,P0222,1,182.56,0,17.15,199.71
O007620,2,P0149,2,858.19,0,14.94,1731.32
O007620,3,P0075,1,233.38,0.15,25.42,223.79
O007621,1,P0252,1,259.81,0,22.75,282.56
O007622,1,P0062,1,673.39,0,22.36,695.75
O007623,1,P0301,2,263.33,0.05,2,502.33
O007623,2,P0274,5,832.77,0.05,11.61,3967.27
O007624,1,P0169,1,410.06,0,18.79,428.85
O007625,1,P0004,1,803.36,0,19.91,823.27
O007626,1,P0077,1,20.98,0,13.31,34.29
O007627,1,P0282,1,856.4,0,15.38,871.78
O007628,1,P0074,1,81.29,0,19.92,101.21
O007628,2,P0211,1,980.09,0,14.81,994.9
O007629,1,P0015,1,284.04,0,16.24,300.28
O007630,1,P0063,2,310.44,0,14.04,634.92
O007630,2,P0042,2,584.05,0,10.69,1178.79
O007630,3,P0283,1,433.94,0.1,25.85,416.4
O007631,1,P0235,1,6.83,0.05,17.69,24.18
O007632,1,P0160,2,413.02,0,2,828.04
O007632,2,P0234,1,354.24,0.15,2,303.1
O007633,1,P0163,1,825.28,0,2,827.28
O007633,2,P0037,1,1028.12,0,11.0,1039.12
O007634,1,P0264,1,502.16,0,8.21,510.37
O007634,2,P0308,1,109.62,0,10.95,120.57
O007635,1,P0212,1,486.38,0,9.65,496.03
O007636,1,P0145,1,247.46,0,5.43,252.89
O007637,1,P0261,1,745.54,0,14.03,759.57
O007638,1,P0160,1,413.02,0.2,13.46,343.88
O007638,2,P0148,1,188.16,0.05,17.18,195.93
O007639,1,P0147,5,535.43,0.1,11.38,2420.82
O007639,2,P0062,3,673.39,0.05,14.41,1933.57
O007640,1,P0190,5,449.88,0,28.11,2277.51
O007640,2,P0056,1,581.05,0.1,6.25,529.19
O007641,1,P0176,1,265.34,0,12.98,278.32
O007642,1,P0162,1,529.22,0.1,8.34,484.64
O007643,1,P0223,1,72.48,0,17.84,90.32
O007644,1,P0232,1,295.67,0.15,7.78,259.1
O007645,1,P0281,1,372.41,0,7.39,379.8
O007645,2,P0256,1,847.43,0.15,2,722.32
O007645,3,P0083,2,594.36,0,11.71,1200.43
O007646,1,P0012,2,529.58,0.2,16.45,863.78
O007646,2,P0260,3,623.36,0.1,12.91,1695.98
O007647,1,P0249,1,575.36,0.05,19.99,566.58
O007647,2,P0019,2,618.71,0.1,2,1115.68
O007648,1,P0032,3,577.34,0,8.78,1740.8
O007649,1,P0260,1,623.36,0,24.51,647.87
O007649,2,P0318,2,432.06,0.2,13.51,704.81
O007650,1,P0120,2,62.98,0.05,5.08,124.74
O007650,2,P0039,4,205.22,0,5.55,826.43
O007651,1,P0142,1,483.04,0,12.08,495.12
O007652,1,P0310,1,8.5,0.05,2,10.07
O007653,1,P0270,1,949.79,0,7.58,957.37
O007654,1,P0028,1,305.36,0,2,307.36
O007655,1,P0061,1,776.86,0,10.86,787.72
O007656,1,P0049,2,841.2,0,8.23,1690.63
O007657,1,P0117,1,794.64,0,12.95,807.59
O007658,1,P0024,1,832.14,0,2.19,834.33
O007659,1,P0254,1,824.63,0,16.3,840.93
O007660,1,P0311,3,347.85,0.1,19.6,958.8
O007660,2,P0099,1,458.56,0.05,4.18,439.81
O007660,3,P0047,1,224.37,0,13.49,237.86
O007661,1,P0238,2,645.9,0,10.3,1302.1
O007662,1,P0199,1,324.1,0,12.65,336.75
O007662,2,P0232,5,295.67,0,7.94,1486.29
O007662,3,P0197,1,756.59,0.05,18.41,737.17
O007663,1,P0058,1,156.02,0,4.74,160.76
O007664,1,P0169,1,410.06,0,23.45,433.51
O007664,2,P0056,3,581.05,0.1,2.35,1571.18
O007665,1,P0237,1,956.17,0.2,19.64,784.58
O007665,2,P0054,1,429.08,0.15,20.08,384.8
O007666,1,P0013,3,110.57,0.05,28.45,343.57
O007666,2,P0255,1,854.74,0,14.46,869.2
O007666,3,P0134,1,574.47,0.1,19.65,536.67
O007667,1,P0216,5,823.56,0.05,19.62,3931.53
O007668,1,P0264,1,502.16,0,7.89,510.05
O007669,1,P0250,1,375.47,0.05,2,358.7
O007670,1,P0149,1,858.19,0,2,860.19
O007671,1,P0170,1,444.66,0,12.42,457.08
O007671,2,P0112,1,400.76,0.15,19.8,360.45
O007671,3,P0012,2,529.58,0,14.75,1073.91
O007672,1,P0042,1,584.05,0,8.47,592.52
O007673,1,P0103,2,158.36,0,11.56,328.28
O007674,1,P0140,4,227.4,0.15,19.35,792.51
O007675,1,P0056,1,581.05,0,15.9,596.95
O007676,1,P0197,5,756.59,0.15,12.41,3227.92
O007676,2,P0289,1,88.04,0,12.65,100.69
O007676,3,P0163,2,825.28,0.2,19.32,1339.77
O007677,1,P0002,1,556.12,0,12.45,568.57
O007677,2,P0245,1,489.42,0.15,8.64,424.65
O007678,1,P0169,1,410.06,0,3.96,414.02
O007679,1,P0142,1,483.04,0,4.38,487.42
O007679,2,P0130,1,491.43,0,5.64,497.07
O007680,1,P0041,1,126.39,0.15,4.84,112.27
O007680,2,P0071,2,250.08,0,12.98,513.14
O007681,1,P0122,1,149.46,0.1,6.94,141.45
O007681,2,P0224,1,355.54,0,5.62,361.16
O007682,1,P0159,3,343.13,0.1,16.43,942.88
O007682,2,P0216,1,823.56,0.15,3.36,703.39
O007683,1,P0232,1,295.67,0.05,7.47,288.36
O007683,2,P0180,3,358.61,0.05,23.07,1045.11
O007684,1,P0169,1,410.06,0,19.02,429.08
O007684,2,P0016,1,576.57,0,15.5,592.07
O007685,1,P0166,1,20.64,0,16.88,37.52
O007686,1,P0111,1,127.38,0.15,17.57,125.84
O007686,2,P0026,1,659.65,0,17.46,677.11
O007687,1,P0107,2,435.88,0.1,13.38,797.96
O007688,1,P0126,3,311.62,0.15,19.04,813.67
O007689,1,P0056,4,581.05,0.05,5.3,2213.29
O007689,2,P0082,1,362.46,0,26.51,388.97
O007689,3,P0168,1,45.44,0,19.67,65.11
O007689,4,P0254,1,824.63,0.15,17.77,718.71
O007690,1,P0067,2,355.88,0,16.51,728.27
O007691,1,P0027,1,406.86,0.05,19.73,406.25
O007691,2,P0257,1,486.52,0,13.46,499.98
O007691,3,P0004,1,803.36,0.05,36.86,800.05
O007692,1,P0215,1,1003.36,0.1,3.24,906.26
O007693,1,P0184,1,112.13,0,20.31,132.44
O007694,1,P0252,2,259.81,0,6.53,526.15
O007694,2,P0320,1,907.09,0.2,19.04,744.71
O007694,3,P0284,1,501.64,0,2,503.64
O007695,1,P0268,2,214.47,0,7.41,436.35
O007695,2,P0061,1,776.86,0.05,14.27,752.29
O007695,3,P0284,1,501.64,0.05,4.55,481.11
O007696,1,P0086,1,579.39,0,12.42,591.81
O007697,1,P0045,2,72.1,0,18.83,163.03
O007698,1,P0276,1,820.81,0.1,8.72,747.45
O007699,1,P0282,4,856.4,0.1,10.58,3093.62
O007699,2,P0042,1,584.05,0.05,17.78,572.63
O007699,3,P0194,1,140.84,0.2,2,114.67
O007700,1,P0211,1,980.09,0,10.6,990.69
O007701,1,P0134,2,574.47,0.2,21.46,940.61
O007701,2,P0107,1,435.88,0.05,9.93,424.02
O007702,1,P0125,1,329.73,0,15.13,344.86
O007702,2,P0162,2,529.22,0,9.49,1067.93
O007703,1,P0243,1,711.65,0.2,6.51,575.83
O007703,2,P0099,2,458.56,0.05,14.34,885.6
O007703,3,P0225,1,84.06,0.1,9.27,84.92
O007704,1,P0191,1,654.69,0.1,2.16,591.38
O007704,2,P0082,1,362.46,0.05,14.08,358.42
O007705,1,P0178,3,294.67,0.15,13.4,764.81
O007705,2,P0099,1,458.56,0.1,9.83,422.53
O007705,3,P0193,1,216.15,0.1,3.24,197.78
O007706,1,P0222,2,182.56,0.15,5.12,315.47
O007706,2,P0263,1,574.22,0.1,14.19,530.99
O007707,1,P0191,3,654.69,0,9.08,1973.15
O007708,1,P0184,2,112.13,0,2,226.26
O007709,1,P0225,1,84.06,0,14.43,98.49
O007710,1,P0205,4,468.82,0,2,1877.28
O007711,1,P0199,1,324.1,0,11.33,335.43
O007712,1,P0024,4,832.14,0,9.48,3338.04
O007713,1,P0130,4,491.43,0,9.69,1975.41
O007714,1,P0241,2,307.92,0,15.46,631.3
O007714,2,P0108,1,957.8,0.2,9.17,775.41
O007715,1,P0317,1,811.43,0,22.34,833.77
O007716,1,P0193,1,216.15,0.05,12.05,217.39
O007716,2,P0134,4,574.47,0,16.79,2314.67
O007716,3,P0152,1,817.49,0.1,31.45,767.19
O007717,1,P0060,2,27.23,0,24.96,79.42
O007718,1,P0031,2,397.25,0.05,13.65,768.42
O007719,1,P0039,5,205.22,0,9.93,1036.03
O007719,2,P0032,1,577.34,0,5.02,582.36
O007720,1,P0284,1,501.64,0,5.76,507.4
O007720,2,P0097,1,267.08,0.15,20.52,247.54
O007721,1,P0224,1,355.54,0.05,2,339.76
O007722,1,P0156,2,90.87,0.1,12.42,175.99
O007723,1,P0062,1,673.39,0,17.44,690.83
O007724,1,P0276,1,820.81,0.05,6.03,785.8
O007724,2,P0170,1,444.66,0,3.35,448.01
O007725,1,P0023,1,587.39,0.15,12.39,511.67
O007725,2,P0116,2,339.23,0.15,23.03,599.72
O007725,3,P0044,2,456.63,0,8.14,921.4
O007725,4,P0042,2,584.05,0,14.32,1182.42
O007726,1,P0300,1,398.18,0,9.27,407.45
O007726,2,P0001,2,342.26,0.15,16.15,597.99
O007727,1,P0129,1,104.68,0,17.43,122.11
O007727,2,P0053,1,360.49,0,17.54,378.03
O007728,1,P0220,1,103.24,0.1,25.81,118.73
O007728,2,P0106,1,236.99,0,6.81,243.8
O007729,1,P0290,1,617.79,0,14.15,631.94
O007729,2,P0175,1,568.15,0,11.73,579.88
O007730,1,P0083,2,594.36,0,2,1190.72
O007730,2,P0005,1,9999.99,0,2,10001.99
O007731,1,P0287,4,756.46,0.2,16.8,2437.47
O007732,1,P0024,5,832.14,0,2,4162.7
O007733,1,P0315,1,174.01,0.15,12.86,160.77
O007734,1,P0020,5,1036.19,0,12.2,5193.15
O007734,2,P0258,1,81.39,0,18.88,100.27
O007735,1,P0254,1,824.63,0.05,11.5,794.9
O007735,2,P0054,1,429.08,0.15,9.73,374.45
O007735,3,P0028,2,305.36,0,3.42,614.14
O007736,1,P0188,1,480.75,0.2,19.68,404.28
O007736,2,P0271,1,775.17,0,4.04,779.21
O007736,3,P0231,2,766.78,0.05,2,1458.88
O007736,4,P0223,1,72.48,0.2,17.78,75.76
O007737,1,P0312,1,681.66,0.1,11.58,625.07
O007738,1,P0164,2,13.57,0.05,25.31,51.09
O007738,2,P0283,1,433.94,0.05,3.64,415.88
O007739,1,P0219,1,553.58,0,18.11,571.69
O007740,1,P0031,2,397.25,0,35.56,830.06
O007741,1,P0173,1,758.26,0,19.69,777.95
O007742,1,P0210,1,949.92,0,7.62,957.54
O007743,1,P0063,1,310.44,0.1,12.09,291.49
O007743,2,P0101,1,92.83,0,12.46,105.29
O007743,3,P0220,4,103.24,0,16.52,429.48
O007743,4,P0288,2,898.37,0,22.69,1819.43
O007744,1,P0107,1,435.88,0,2,437.88
O007745,1,P0119,2,229.62,0.05,19.06,455.34
O007746,1,P0180,3,358.61,0,11.9,1087.73
O007747,1,P0176,1,265.34,0,6.95,272.29
O007747,2,P0112,3,400.76,0.1,19.78,1101.83
O007748,1,P0081,2,312.38,0,26.81,651.57
O007749,1,P0011,2,363.12,0,11.49,737.73
O007749,2,P0033,1,310.62,0,4.1,314.72
O007750,1,P0109,2,194.26,0,2,390.52
O007751,1,P0203,1,420.71,0.15,16.23,373.83
O007752,1,P0297,3,38.06,0.15,15.75,112.8
O007752,2,P0023,1,587.39,0,2,589.39
O007752,3,P0312,1,681.66,0,18.08,699.74
O007753,1,P0068,1,148.48,0.05,18.69,159.75
O007754,1,P0051,1,371.95,0.1,3.13,337.88
O007755,1,P0279,1,489.87,0.1,10.86,451.74
O007756,1,P0287,1,756.46,0.15,14.11,657.1
O007756,2,P0094,3,756.84,0.05,2,2158.99
O007757,1,P0148,2,188.16,0.05,27.75,385.25
O007758,1,P0018,1,598.9,0,28.83,627.73
O007758,2,P0161,1,67.49,0,2,69.49
O007758,3,P0274,1,832.77,0,16.66,849.43
O007758,4,P0165,1,27.21,0,11.73,38.94
O007759,1,P0074,1,81.29,0,2,83.29
O007760,1,P0023,1,587.39,0,2,589.39
O007761,1,P0247,1,315.54,0.2,11.53,263.96
O007762,1,P0087,1,118.02,0,26.72,144.74
O007763,1,P0268,1,214.47,0,23.95,238.42
O007763,2,P0223,1,72.48,0,20.21,92.69
O007764,1,P0039,1,205.22,0.05,7.41,202.37
O007765,1,P0011,1,363.12,0.05,20.88,365.84
O007766,1,P0206,1,75.89,0,10.31,86.2
O007766,2,P0276,1,820.81,0,14.49,835.3
O007767,1,P0049,2,841.2,0,183.29,1865.69
O007767,2,P0201,3,583.78,0,4.6,1755.94
O007768,1,P0293,2,564.26,0.1,16.75,1032.42
O007768,2,P0083,1,594.36,0,13.26,607.62
O007769,1,P0145,3,247.46,0,20.88,763.26
O007769,2,P0281,2,372.41,0,2,746.82
O007769,3,P0064,4,145.78,0,21.04,604.16
O007770,1,P0121,2,97.09,0.15,3.35,168.4
O007770,2,P0241,1,307.92,0.1,15.3,292.43
O007770,3,P0020,1,1036.19,0,2,1038.19
O007771,1,P0299,2,28.85,0,18.41,76.11
O007771,2,P0098,2,701.13,0.05,2,1334.15
O007772,1,P0111,1,127.38,0,2,129.38
O007772,2,P0164,2,13.57,0,11.82,38.96
O007773,1,P0064,3,145.78,0,21.03,458.37
O007774,1,P0144,1,649.77,0.1,19.17,603.96
O007775,1,P0189,1,630.91,0.05,3.85,603.21
O007776,1,P0111,1,127.38,0,5.16,132.54
O007777,1,P0061,1,776.86,0,8.86,785.72
O007778,1,P0092,2,901.51,0,20.32,1823.34
O007779,1,P0164,1,13.57,0,2,15.57
O007779,2,P0257,1,486.52,0.05,12.12,474.31
O007780,1,P0216,1,823.56,0.15,14.52,714.55
O007781,1,P0084,3,294.21,0.1,4.65,799.02
O007782,1,P0091,2,86.5,0,17.62,190.62
O007783,1,P0061,2,776.86,0,10.77,1564.49
O007783,2,P0119,2,229.62,0.1,2,415.32
O007784,1,P0075,1,233.38,0,26.55,259.93
O007785,1,P0093,1,952.7,0,2,954.7
O007786,1,P0150,1,23.53,0,32.62,56.15
O007787,1,P0140,1,227.4,0.2,5.67,187.59
O007787,2,P0005,2,9999.99,0.1,2,18001.98
O007788,1,P0314,1,745.22,0,3.19,748.41
O007789,1,P0012,1,529.58,0,11.41,540.99
O007789,2,P0168,1,45.44,0,15.42,60.86
O007789,3,P0203,1,420.71,0.15,14.17,371.77
O007790,1,P0186,1,638.99,0.15,6.97,550.11
O007791,1,P0027,1,406.86,0.15,6.29,352.12
O007792,1,P0204,1,387.0,0,12.64,399.64
O007792,2,P0251,2,266.39,0,2.58,535.36
O007793,1,P0090,1,907.45,0,12.29,919.74
O007793,2,P0278,1,480.16,0,2,482.16
O007793,3,P0192,1,951.76,0.05,7.03,911.2
O007793,4,P0215,2,1003.36,0.1,2,1808.05
O007794,1,P0064,1,145.78,0.05,7.58,146.07
O007794,2,P0292,1,386.72,0.1,2.07,350.12
O007794,3,P0279,1,489.87,0,13.25,503.12
O007795,1,P0043,1,118.53,0.15,19.35,120.1
O007796,1,P0046,1,190.18,0,17.66,207.84
O007796,2,P0029,1,490.19,0,19.83,510.02
O007796,3,P0197,1,756.59,0.2,15.72,620.99
O007797,1,P0185,1,8.75,0,6.85,15.6
O007798,1,P0060,1,27.23,0.05,21.99,47.86
O007799,1,P0259,1,849.86,0.1,6.49,771.36
O007799,2,P0127,1,597.61,0.2,2,480.09
O007800,1,P0191,1,654.69,0,13.27,667.96
O007800,2,P0125,1,329.73,0,9.02,338.75
O007800,3,P0075,1,233.38,0.15,6.76,205.13
O007800,4,P0032,1,577.34,0,8.56,585.9
O007801,1,P0285,1,53.42,0.1,14.41,62.49
O007801,2,P0209,1,690.43,0,15.63,706.06
O007802,1,P0027,2,406.86,0.05,13.6,786.63
O007802,2,P0297,1,38.06,0.05,12.62,48.78
O007802,3,P0191,1,654.69,0,9.89,664.58
O007803,1,P0027,2,406.86,0,5.99,819.71
O007803,2,P0085,5,554.3,0,21.84,2793.34
O007804,1,P0041,1,126.39,0,14.65,141.04
O007804,2,P0120,1,62.98,0,12.32,75.3
O007805,1,P0224,2,355.54,0,3.48,714.56
O007805,2,P0143,1,110.16,0,10.85,121.01
O007805,3,P0057,1,286.31,0,19.26,305.57
O007806,1,P0303,1,483.69,0.15,26.4,437.54
O007806,2,P0232,1,295.67,0,16.73,312.4
O007807,1,P0025,1,343.24,0.05,10.88,336.96
O007807,2,P0235,2,6.83,0.1,12.69,24.98
O007808,1,P0186,1,638.99,0,11.37,650.36
O007808,2,P0172,1,461.92,0.15,2,394.63
O007809,1,P0290,2,617.79,0.15,5.32,1055.56
O007809,2,P0277,1,49.26,0.1,10.11,54.44
O007810,1,P0205,1,468.82,0,19.21,488.03
O007810,2,P0247,1,315.54,0.05,25.22,324.98
O007810,3,P0314,1,745.22,0.1,20.37,691.07
O007811,1,P0201,2,583.78,0.05,13.9,1123.08
O007812,1,P0005,3,9999.99,0,2,30001.97
O007812,2,P0299,2,28.85,0,19.09,76.79
O007813,1,P0205,2,468.82,0.05,6.36,897.12
O007813,2,P0178,1,294.67,0.15,11.06,261.53
O007814,1,P0167,1,9.0,0.05,8.72,17.27
O007815,1,P0203,2,420.71,0,433.5,1274.92
O007815,2,P0199,5,324.1,0.1,17.93,1476.38
O007816,1,P0303,1,483.69,0.2,14.37,401.32
O007816,2,P0278,3,480.16,0.05,16.69,1385.15
O007817,1,P0008,1,193.75,0.1,20.81,195.19
O007817,2,P0195,1,256.53,0.05,18.76,262.46
O007818,1,P0264,5,502.16,0.05,13.74,2399.0
O007819,1,P0317,1,811.43,0.1,13.37,743.66
O007820,1,P0058,2,156.02,0.15,28.97,294.2
O007820,2,P0146,1,288.94,0,10.93,299.87
O007820,3,P0025,1,343.24,0,2,345.24
O007821,1,P0163,1,825.28,0,11.79,837.07
O007821,2,P0214,2,42.92,0,16.11,101.95
O007822,1,P0089,1,625.43,0,7.51,632.94
O007822,2,P0282,1,856.4,0,10.8,867.2
O007822,3,P0157,1,807.11,0,7.71,814.82
O007822,4,P0059,1,953.24,0.15,7.53,817.78
O007823,1,P0025,1,343.24,0,3.01,346.25
O007824,1,P0312,1,681.66,0,6.14,687.8
O007825,1,P0247,1,315.54,0,18.17,333.71
O007825,2,P0068,4,148.48,0,7.98,601.9
O007825,3,P0276,1,820.81,0,2,822.81
O007826,1,P0257,2,486.52,0,7.16,980.2
O007827,1,P0084,1,294.21,0.2,14.54,249.91
O007827,2,P0295,1,164.98,0,12.64,177.62
O007828,1,P0012,1,529.58,0,5.27,534.85
O007828,2,P0110,2,1039.88,0,20.35,2100.11
O007829,1,P0294,1,73.38,0,16.91,90.29
O007829,2,P0055,1,237.15,0.2,12.96,202.68
O007829,3,P0124,1,336.97,0.2,7.51,277.09
O007830,1,P0089,1,625.43,0,30.09,655.52
O007831,1,P0144,1,649.77,0,3.66,653.43
O007832,1,P0290,2,617.79,0.05,19.67,1193.47
O007832,2,P0314,1,745.22,0.05,15.55,723.51
O007832,3,P0164,1,13.57,0,10.41,23.98
O007833,1,P0028,2,305.36,0.15,6.37,525.48
O007833,2,P0199,1,324.1,0,15.81,339.91
O007834,1,P0125,2,329.73,0.1,18.71,612.22
O007835,1,P0167,1,9.0,0,14.6,23.6
O007836,1,P0172,1,461.92,0.15,2,394.63
O007836,2,P0030,1,122.57,0.05,23.43,139.87
O007837,1,P0293,1,564.26,0,9.71,573.97
O007838,1,P0277,1,49.26,0,15.96,65.22
O007838,2,P0103,1,158.36,0.1,3.54,146.06
O007838,3,P0308,1,109.62,0,2,111.62
O007839,1,P0186,1,638.99,0,18.32,657.31
O007839,2,P0133,1,17.03,0.05,16.19,32.37
O007839,3,P0258,1,81.39,0.2,2.14,67.25
O007839,4,P0319,1,702.73,0,18.37,721.1
O007840,1,P0087,1,118.02,0.1,11.1,117.32
O007841,1,P0064,1,145.78,0.05,14.68,153.17
O007842,1,P0190,2,449.88,0.15,18.09,782.89
O007843,1,P0060,1,27.23,0.1,2,26.51
O007844,1,P0244,1,316.68,0.1,15.4,300.41
O007844,2,P0028,2,305.36,0,2,612.72
O007845,1,P0020,1,1036.19,0,12.53,1048.72
O007846,1,P0217,2,390.23,0,10.88,791.34
O007847,1,P0019,1,618.71,0,8.33,627.04
O007847,2,P0299,2,28.85,0,14.27,71.97
O007847,3,P0271,1,775.17,0.05,12.22,748.63
O007848,1,P0090,1,907.45,0.1,20.27,836.98
O007849,1,P0289,2,88.04,0,8.31,184.39
O007850,1,P0309,1,541.39,0.05,15.45,529.77
O007851,1,P0011,1,363.12,0,8.9,372.02
O007852,1,P0224,4,355.54,0.05,14.12,1365.17
O007853,1,P0228,1,539.71,0,7.1,546.81
O007853,2,P0050,1,745.53,0,10.65,756.18
O007854,1,P0303,1,483.69,0.05,25.81,485.32
O007855,1,P0202,1,115.37,0.05,6.5,116.1
O007855,2,P0189,1,630.91,0,12.26,643.17
O007855,3,P0271,2,775.17,0,12.35,1562.69
O007856,1,P0029,3,490.19,0.1,2,1325.51
O007856,2,P0015,1,284.04,0,11.62,295.66
O007857,1,P0299,1,28.85,0.2,2,25.08
O007857,2,P0009,2,17.8,0,6.25,41.85
O007858,1,P0076,1,1058.97,0,24.36,1083.33
O007859,1,P0269,1,256.16,0,3.46,259.62
O007859,2,P0042,1,584.05,0.05,6.2,561.05
O007860,1,P0130,1,491.43,0,10.58,502.01
O007861,1,P0075,1,233.38,0.2,11.15,197.85
O007861,2,P0211,1,980.09,0,17.91,998.0
O007861,3,P0142,3,483.04,0,12.83,1461.95
O007862,1,P0306,1,219.19,0,10.87,230.06
O007863,1,P0020,2,1036.19,0,2,2074.38
O007863,2,P0187,4,106.77,0.1,33.37,417.74
O007864,1,P0248,3,363.73,0.1,16.71,998.78
O007864,2,P0104,1,521.9,0,11.68,533.58
O007865,1,P0103,1,158.36,0,14.82,173.18
O007865,2,P0164,1,13.57,0,15.92,29.49
O007866,1,P0269,2,256.16,0,22.08,534.4
O007867,1,P0044,1,456.63,0.05,17.83,451.63
O007867,2,P0181,1,364.59,0,10.79,375.38
O007867,3,P0291,2,657.02,0,6.16,1320.2
O007868,1,P0257,1,486.52,0.05,2,464.19
O007869,1,P0142,1,483.04,0,18.88,501.92
O007870,1,P0292,1,386.72,0.05,5.06,372.44
O007870,2,P0249,1,575.36,0,7.18,582.54
O007870,3,P0230,1,438.21,0,3.26,441.47
O007870,4,P0256,1,847.43,0,2,849.43
O007871,1,P0040,1,354.01,0.05,14.65,350.96
O007871,2,P0075,1,233.38,0.1,16.0,226.04
O007872,1,P0287,1,756.46,0.05,2,720.64
O007872,2,P0135,1,504.23,0,2,506.23
O007873,1,P0003,1,146.76,0,15.28,162.04
O007874,1,P0215,2,1003.36,0,6.14,2012.86
O007875,1,P0142,5,483.04,0.2,21.94,1954.1
O007876,1,P0225,3,84.06,0.1,20.86,247.82
O007877,1,P0009,1,17.8,0.05,17.4,34.31
O007878,1,P0017,1,237.22,0.2,11.44,201.22
O007879,1,P0027,1,406.86,0,3.96,410.82
O007880,1,P0258,3,81.39,0.2,6.53,201.87
O007881,1,P0183,1,808.84,0.2,7.51,654.58
O007882,1,P0143,1,110.16,0,18.77,128.93
O007882,2,P0074,2,81.29,0.1,12.82,159.14
O007882,3,P0194,1,140.84,0.1,25.77,152.53
O007883,1,P0237,1,956.17,0,16.77,972.94
O007883,2,P0261,2,745.54,0,4.27,1495.35
O007883,3,P0184,1,112.13,0,15.64,127.77
O007884,1,P0050,2,745.53,0,2,1493.06
O007884,2,P0305,1,330.82,0,4.98,335.8
O007885,1,P0050,1,745.53,0.15,13.79,647.49
O007886,1,P0252,3,259.81,0,19.78,799.21
O007887,1,P0206,1,75.89,0.05,14.78,86.88
O007888,1,P0068,1,148.48,0.1,13.3,146.93
O007889,1,P0147,1,535.43,0,2,537.43
O007890,1,P0318,1,432.06,0,2.11,434.17
O007890,2,P0088,3,259.63,0,23.23,802.12
O007891,1,P0178,1,294.67,0.2,10.12,245.86
O007891,2,P0245,1,489.42,0.05,12.41,477.36
O007891,3,P0289,1,88.04,0.2,2,72.43
O007891,4,P0191,1,654.69,0.15,12.18,568.67
O007892,1,P0077,1,20.98,0,14.44,35.42
O007893,1,P0306,1,219.19,0,5.89,225.08
O007893,2,P0195,1,256.53,0,7.58,264.11
O007894,1,P0046,1,190.18,0.15,21.13,182.78
O007895,1,P0001,3,342.26,0.15,8.73,881.49
O007895,2,P0293,1,564.26,0,25.05,589.31
O007896,1,P0295,1,164.98,0,6.89,171.87
O007896,2,P0154,1,25.6,0.15,18.92,40.68
O007897,1,P0130,1,491.43,0.05,10.73,477.59
O007897,2,P0180,2,358.61,0.1,11.36,656.86
O007898,1,P0251,1,266.39,0,10.35,276.74
O007899,1,P0230,5,438.21,0,13.21,2204.26
O007900,1,P0118,2,588.11,0,2,1178.22
O007900,2,P0067,2,355.88,0,14.9,726.66
O007900,3,P0319,3,702.73,0,14.82,2123.01
O007900,4,P0150,1,23.53,0,8.06,31.59
O007901,1,P0095,1,97.16,0,7.65,104.81
O007901,2,P0045,1,72.1,0.1,4.23,69.12
O007901,3,P0143,1,110.16,0.05,7.53,112.18
O007902,1,P0003,1,146.76,0,19.38,166.14
O007902,2,P0036,1,67.34,0,16.11,83.45
O007903,1,P0104,1,521.9,0.1,11.55,481.26
O007903,2,P0284,4,501.64,0.1,17.35,1823.25
O007903,3,P0024,3,832.14,0.15,22.77,2144.73
O007904,1,P0304,2,396.52,0.05,2,755.39
O007904,2,P0010,2,362.93,0.2,2,582.69
O007905,1,P0087,1,118.02,0.05,13.15,125.27
O007906,1,P0151,1,785.65,0.1,2,709.09
O007907,1,P0108,1,957.8,0,5.48,963.28
O007908,1,P0136,1,784.55,0,10.39,794.94
O007909,1,P0085,1,554.3,0.15,17.43,488.58
O007910,1,P0243,1,711.65,0.15,2,606.9
O007911,1,P0169,1,410.06,0,9.38,419.44
O007912,1,P0078,1,314.17,0.1,11.38,294.13
O007912,2,P0139,1,531.18,0.2,10.73,435.67
O007913,1,P0229,2,81.64,0.1,15.56,162.51
O007913,2,P0156,2,90.87,0,12.37,194.11
O007914,1,P0269,1,256.16,0.05,7.45,250.8
O007915,1,P0106,1,236.99,0,13.7,250.69
O007915,2,P0173,1,758.26,0.15,17.54,662.06
O007916,1,P0224,1,355.54,0.15,4.83,307.04
O007917,1,P0304,1,396.52,0,14.44,410.96
O007918,1,P0313,3,555.72,0,8.81,1675.97
O007919,1,P0095,2,97.16,0,11.05,205.37
O007920,1,P0074,1,81.29,0,2,83.29
O007921,1,P0213,1,693.96,0.05,4.74,664.0
O007922,1,P0281,1,372.41,0,4.02,376.43
O007923,1,P0318,1,432.06,0,30.11,462.17
O007923,2,P0284,1,501.64,0,15.66,517.3
O007924,1,P0300,1,398.18,0,7.1,405.28
O007924,2,P0070,1,298.91,0,19.35,318.26
O007925,1,P0164,2,13.57,0,13.42,40.56
O007925,2,P0093,1,952.7,0,17.22,969.92
O007926,1,P0265,3,240.13,0.05,29.99,714.36
O007926,2,P0152,3,817.49,0.05,5.13,2334.98
O007927,1,P0282,1,856.4,0.1,16.95,787.71
O007928,1,P0191,2,654.69,0,2,1311.38
O007929,1,P0135,2,504.23,0.1,16.19,923.8
O007930,1,P0237,1,956.17,0.1,17.74,878.29
O007931,1,P0227,1,292.14,0,21.99,314.13
O007931,2,P0016,1,576.57,0,2,578.57
O007931,3,P0228,1,539.71,0,10.17,549.88
O007931,4,P0091,1,86.5,0,10.68,97.18
O007932,1,P0075,2,233.38,0.15,12.78,409.53
O007933,1,P0130,1,491.43,0,5.06,496.49
O007933,2,P0148,2,188.16,0,12.26,388.58
O007934,1,P0209,2,690.43,0.2,9.13,1113.82
O007935,1,P0319,2,702.73,0.1,15.78,1280.69
O007936,1,P0259,2,849.86,0.1,16.93,1546.68
O007937,1,P0284,1,501.64,0,2,503.64
O007938,1,P0309,1,541.39,0,13.33,554.72
O007938,2,P0146,1,288.94,0,21.18,310.12
O007938,3,P0256,1,847.43,0.1,7.96,770.65
O007938,4,P0178,1,294.67,0.05,12.19,292.13
O007939,1,P0148,1,188.16,0.15,2,161.94
O007940,1,P0029,1,490.19,0.05,12.13,477.81
O007940,2,P0221,1,188.81,0.2,6.36,157.41
O007940,3,P0245,2,489.42,0.1,8.27,889.23
O007941,1,P0005,2,9999.99,0,2.29,20002.27
O007942,1,P0001,2,342.26,0,14.48,699.0
O007942,2,P0273,1,75.24,0.15,16.78,80.73
O007943,1,P0022,4,623.29,0,24.88,2518.04
O007943,2,P0305,1,330.82,0.1,15.87,313.61
O007943,3,P0028,1,305.36,0,15.57,320.93
O007944,1,P0160,1,413.02,0,11.25,424.27
O007944,2,P0205,2,468.82,0.15,18.07,815.06
O007944,3,P0252,1,259.81,0,17.66,277.47
O007944,4,P0078,1,314.17,0.05,8.94,307.4
O007945,1,P0185,1,8.75,0,8.05,16.8
O007946,1,P0228,1,539.71,0,18.2,557.91
O007946,2,P0266,2,242.67,0.05,11.64,472.71
O007946,3,P0073,1,139.62,0,22.95,162.57
O007946,4,P0221,2,188.81,0.05,9.5,368.24
O007947,1,P0184,1,112.13,0,11.65,123.78
O007948,1,P0132,1,107.93,0.1,11.84,108.98
O007949,1,P0217,2,390.23,0,8.86,789.32
O007950,1,P0183,1,808.84,0,2,810.84
O007950,2,P0299,1,28.85,0,23.68,52.53
O007951,1,P0202,3,115.37,0,5.78,351.89
O007951,2,P0254,1,824.63,0.1,16.24,758.41
O007952,1,P0182,5,150.43,0,10.46,762.61
O007953,1,P0070,1,298.91,0,12.54,311.45
O007953,2,P0123,4,202.44,0.05,17.44,786.71
O007954,1,P0215,1,1003.36,0.1,8.64,911.66
O007954,2,P0315,1,174.01,0,11.91,185.92
O007954,3,P0158,4,130.71,0.05,23.14,519.84
O007955,1,P0285,1,53.42,0,12.29,65.71
O007956,1,P0086,1,579.39,0.1,4.37,525.82
O007956,2,P0212,1,486.38,0,7.45,493.83
O007957,1,P0284,1,501.64,0,8.99,510.63
O007958,1,P0100,1,237.44,0,20.74,258.18
O007958,2,P0072,1,38.74,0.05,16.85,53.65
O007959,1,P0184,1,112.13,0.1,6.56,107.48
O007959,2,P0039,1,205.22,0,4.71,209.93
O007959,3,P0209,2,690.43,0,11.93,1392.79
O007960,1,P0187,1,106.77,0,19.64,126.41
O007961,1,P0039,1,205.22,0.05,2,196.96
O007962,1,P0164,1,13.57,0,9.42,22.99
O007962,2,P0078,1,314.17,0,13.81,327.98
O007963,1,P0032,1,577.34,0.1,2.22,521.83
O007964,1,P0071,2,250.08,0,8.88,509.04
O007964,2,P0137,1,168.37,0,17.64,186.01
O007965,1,P0116,1,339.23,0,6.27,345.5
O007966,1,P0163,1,825.28,0.1,8.12,750.87
O007966,2,P0129,2,104.68,0.1,9.85,198.27
O007966,3,P0217,1,390.23,0.15,9.33,341.03
O007967,1,P0168,1,45.44,0,11.21,56.65
O007967,2,P0267,4,1088.78,0.1,14.86,3934.47
O007967,3,P0160,1,413.02,0,13.38,426.4
O007968,1,P0044,2,456.63,0,7.37,920.63
O007969,1,P0226,1,706.04,0,16.04,722.08
O007969,2,P0241,1,307.92,0.15,11.39,273.12
O007969,3,P0056,1,581.05,0.1,27.78,550.72
O007970,1,P0019,2,618.71,0,13.36,1250.78
O007970,2,P0280,1,128.6,0.05,12.8,134.97
O007971,1,P0237,2,956.17,0.1,5.63,1726.74
O007972,1,P0155,2,88.23,0.05,5.12,172.76
O007972,2,P0255,1,854.74,0.05,13.67,825.67
O007973,1,P0286,2,518.79,0.05,20.76,1006.46
O007973,2,P0073,2,139.62,0,2,281.24
O007974,1,P0137,4,168.37,0.1,13.83,619.96
O007975,1,P0025,1,343.24,0.1,2,310.92
O007975,2,P0254,1,824.63,0.1,3.42,745.59
O007976,1,P0060,1,27.23,0,12.58,39.81
O007976,2,P0088,1,259.63,0.05,10.89,257.54
O007977,1,P0194,3,140.84,0,9.34,431.86
O007977,2,P0132,1,107.93,0.1,2,99.14
O007978,1,P0320,1,907.09,0,14.66,921.75
O007978,2,P0098,1,701.13,0,19.62,720.75
O007978,3,P0144,1,649.77,0.1,5.53,590.32
O007978,4,P0286,1,518.79,0,18.96,537.75
O007979,1,P0108,1,957.8,0.1,9.08,871.1
O007979,2,P0067,1,355.88,0.1,18.69,338.98
O007980,1,P0077,1,20.98,0,22.17,43.15
O007981,1,P0002,1,556.12,0,2,558.12
O007982,1,P0056,2,581.05,0,3.23,1165.33
O007983,1,P0013,1,110.57,0,2,112.57
O007984,1,P0031,1,397.25,0.05,11.46,388.85
O007985,1,P0214,1,42.92,0.05,9.18,49.95
O007986,1,P0180,2,358.61,0,18.84,736.06
O007986,2,P0121,5,97.09,0.15,23.93,436.56
O007986,3,P0301,2,263.33,0,5.38,532.04
O007986,4,P0028,1,305.36,0.2,4.29,248.58
O007987,1,P0235,1,6.83,0,17.57,24.4
O007988,1,P0302,1,340.59,0.1,2,308.53
O007988,2,P0111,3,127.38,0,13.34,395.48
O007989,1,P0180,1,358.61,0,21.23,379.84
O007990,1,P0282,1,856.4,0,12.97,869.37
O007990,2,P0273,1,75.24,0,19.92,95.16
O007990,3,P0231,2,766.78,0,2,1535.56
O007991,1,P0242,1,722.98,0,2,724.98
O007991,2,P0065,1,492.73,0,20.55,513.28
O007992,1,P0004,1,803.36,0.1,7.93,730.95
O007992,2,P0229,1,81.64,0,15.69,97.33
O007993,1,P0231,3,766.78,0,26.39,2326.73
O007993,2,P0245,1,489.42,0.15,8.26,424.27
O007993,3,P0065,1,492.73,0.2,21.19,415.37
O007994,1,P0295,1,164.98,0,15.63,180.61
O007995,1,P0057,1,286.31,0.1,15.69,273.37
O007996,1,P0011,1,363.12,0.1,12.02,338.83
O007996,2,P0152,1,817.49,0.1,13.95,749.69
O007997,1,P0279,1,489.87,0,13.08,502.95
O007997,2,P0040,1,354.01,0,17.21,371.22
O007998,1,P0150,1,23.53,0.05,8.73,31.08
O007998,2,P0077,2,20.98,0,10.26,52.22
O007999,1,P0189,1,630.91,0.15,17.89,554.16
O008000,1,P0100,1,237.44,0,7.06,244.5
O008000,2,P0151,1,785.65,0,13.72,799.37
