order_id,customer_id,purchase_datetime,status,estimated_delivery_datetime,delivered_datetime
O000001,C01105,2026-06-17 14:55:28,delivered,2026-06-27 14:55:28,2026-06-23 14:55:28
O000002,C00409,2024-09-12 05:44:29,delivered,2024-09-14 05:44:29,2024-09-23 05:44:29
O000003,C00515,2024-02-08 08:53:58,delivered,2024-02-14 08:53:58,2024-02-13 08:53:58
O000004,C02275,2025-03-16 02:52:19,cancelled,2025-03-27 02:52:19,
O000005,C00839,2024-10-30 06:41:00,delivered,2024-11-07 06:41:00,2024-11-02 06:41:00
O000006,C00577,2025-08-05 10:12:56,delivered,2025-08-16 10:12:56,2025-08-12 10:12:56
O000007,C00664,2026-04-14 20:21:20,delivered,2026-04-20 20:21:20,2026-04-17 20:21:20
O000008,C00883,2024-07-28 00:21:45,delivered,2024-08-02 00:21:45,2024-08-03 00:21:45
O000009,C01059,2026-04-15 17:45:15,delivered,2026-04-17 17:45:15,2026-04-19 17:45:15
O000010,C01061,2025-11-07 19:53:46,delivered,2025-11-10 19:53:46,2025-11-14 19:53:46
O000011,C00608,2024-12-13 18:24:54,processing,2024-12-16 18:24:54,
O000012,C01989,2024-09-12 22:50:08,delivered,2024-09-23 22:50:08,2024-09-15 22:50:08
O000013,C00205,2025-11-16 02:41:30,delivered,2025-11-18 02:41:30,2025-11-21 02:41:30
O000014,C00449,2025-05-20 03:42:52,delivered,2025-05-24 03:42:52,2025-05-24 03:42:52
O000015,C00076,2024-11-08 18:17:04,shipped,2024-11-17 18:17:04,
O000016,C00745,2025-02-10 15:33:05,delivered,2025-02-15 15:33:05,2025-02-15 15:33:05
O000017,C02423,2024-11-21 11:29:53,delivered,2024-12-02 11:29:53,2024-11-26 11:29:53
O000018,C01392,2024-04-09 07:04:57,delivered,2024-04-12 07:04:57,2024-04-13 07:04:57
O000019,C00709,2026-03-11 02:46:36,delivered,2026-03-17 02:46:36,2026-03-15 02:46:36
O000020,C01812,2025-10-15 19:05:36,delivered,2025-10-22 19:05:36,2025-10-20 19:05:36
O000021,C01165,2024-06-16 22:16:21,delivered,2024-06-21 22:16:21,2024-06-22 22:16:21
O000022,C00661,2025-07-06 12:15:26,delivered,2025-07-14 12:15:26,2025-07-12 12:15:26
O000023,C00245,2025-04-06 14:29:40,delivered,2025-04-14 14:29:40,2025-04-13 14:29:40
O000024,C02072,2024-12-10 23:07:10,delivered,2024-12-22 23:07:10,2024-12-22 23:07:10
O000025,C02458,2026-01-15 02:18:16,delivered,2026-01-22 02:18:16,2026-01-25 02:18:16
O000026,C00479,2025-04-16 18:19:11,delivered,2025-04-23 18:19:11,2025-04-25 18:19:11
O000027,C02430,2025-08-02 05:55:00,delivered,2025-08-07 05:55:00,2025-08-05 05:55:00
O000028,C01045,2025-07-26 12:48:49,delivered,2025-08-06 12:48:49,2025-07-31 12:48:49
O000029,C01200,2026-03-06 21:16:22,delivered,2026-03-12 21:16:22,2026-03-11 21:16:22
O000030,C00908,2024-01-01 20:15:12,processing,2024-01-12 20:15:12,
O000031,C00189,2025-11-26 12:33:28,delivered,2025-12-08 12:33:28,2025-11-28 12:33:28
O000032,C00080,2025-10-31 04:18:27,delivered,2025-11-04 04:18:27,2025-11-01 04:18:27
O000033,C01533,2024-06-17 10:57:17,cancelled,2024-06-25 10:57:17,
O000034,C01801,2026-03-23 01:04:13,delivered,2026-03-29 01:04:13,2026-03-26 01:04:13
O000035,C01616,2024-05-10 23:58:19,delivered,2024-05-13 23:58:19,2024-05-16 23:58:19
O000036,C00742,2025-08-21 11:06:52,delivered,2025-08-28 11:06:52,2025-09-02 11:06:52
O000037,C00488,2024-12-30 21:08:17,delivered,2025-01-10 21:08:17,2025-01-08 21:08:17
O000038,C00154,2025-06-09 17:16:25,delivered,2025-06-13 17:16:25,2025-06-15 17:16:25
O000039,C02313,2026-06-03 03:54:34,delivered,2026-06-15 03:54:34,2026-06-06 03:54:34
O000040,C01541,2025-10-06 15:39:22,delivered,2025-10-13 15:39:22,2025-10-15 15:39:22
O000041,C01395,2024-06-16 03:27:58,delivered,2024-06-26 03:27:58,2024-06-18 03:27:58
O000042,C01520,2026-04-23 17:51:01,delivered,2026-05-04 17:51:01,2026-04-26 17:51:01
O000043,C01893,2024-01-15 11:56:53,delivered,2024-01-25 11:56:53,2024-01-17 11:56:53
O000044,C00432,2025-03-31 17:02:23,delivered,2025-04-07 17:02:23,2025-04-04 17:02:23
O000045,C01617,2024-01-21 04:25:30,delivered,2024-01-26 04:25:30,2024-01-27 04:25:30
O000046,C02033,2024-07-29 13:48:11,delivered,2024-08-02 13:48:11,2024-08-05 13:48:11
O000047,C01845,2025-11-12 08:58:04,delivered,2025-11-19 08:58:04,2025-11-21 08:58:04
O000048,C00116,2026-05-25 05:46:02,delivered,2026-06-02 05:46:02,2026-06-04 05:46:02
O000049,C00839,2024-12-08 19:29:37,processing,2024-12-20 19:29:37,
O000050,C00551,2026-05-27 18:32:10,processing,2026-06-02 18:32:10,
O000051,C00015,2025-08-06 06:19:27,delivered,2025-08-16 06:19:27,2025-08-11 06:19:27
O000052,C00088,2025-10-19 15:28:01,delivered,2025-10-29 15:28:01,2025-10-21 15:28:01
O000053,C00387,2024-08-26 00:18:24,delivered,2024-09-06 00:18:24,2024-09-07 00:18:24
O000054,C01459,2025-04-06 16:48:52,delivered,2025-04-12 16:48:52,2025-04-12 16:48:52
O000055,C01945,2024-06-03 14:11:28,returned,2024-06-14 14:11:28,2024-06-12 14:11:28
O000056,C01252,2025-01-26 19:08:42,delivered,2025-02-03 19:08:42,2025-02-02 19:08:42
O000057,C01677,2025-07-10 21:14:26,delivered,2025-07-17 21:14:26,2025-07-15 21:14:26
O000058,C00310,2025-11-01 14:11:38,delivered,2025-11-05 14:11:38,2025-11-10 14:11:38
O000059,C00880,2025-08-24 09:49:33,delivered,2025-08-28 09:49:33,2025-09-05 09:49:33
O000060,C01927,2025-02-22 02:52:21,delivered,2025-03-05 02:52:21,2025-03-01 02:52:21
O000061,C02049,2025-06-22 09:48:09,delivered,2025-06-28 09:48:09,2025-06-23 09:48:09
O000062,C00809,2026-03-15 11:52:14,returned,2026-03-21 11:52:14,2026-03-19 11:52:14
O000063,C01195,2026-01-31 14:41:02,delivered,2026-02-11 14:41:02,2026-02-06 14:41:02
O000064,C01591,2024-01-10 19:43:31,delivered,2024-01-17 19:43:31,2024-01-19 19:43:31
O000065,C01065,2026-04-04 00:26:17,delivered,2026-04-09 00:26:17,2026-04-09 00:26:17
O000066,C01094,2026-06-21 23:26:45,delivered,2026-06-25 23:26:45,2026-06-25 23:26:45
O000067,C01074,2025-12-06 11:49:27,processing,2025-12-15 11:49:27,
O000068,C01175,2025-11-12 14:28:31,delivered,2025-11-14 14:28:31,2025-11-20 14:28:31
O000069,C02181,2026-01-02 13:37:35,delivered,2026-01-10 13:37:35,2026-01-05 13:37:35
O000070,C01267,2025-05-18 05:25:16,delivered,2025-05-25 05:25:16,2025-05-25 05:25:16
O000071,C01439,2025-12-16 14:34:13,cancelled,2025-12-20 14:34:13,
O000072,C01914,2026-04-29 02:55:53,delivered,2026-05-10 02:55:53,2026-05-06 02:55:53
O000073,C01550,2025-07-14 05:32:50,cancelled,2025-07-18 05:32:50,
O000074,C00802,2025-07-13 20:02:26,delivered,2025-07-17 20:02:26,2025-07-18 20:02:26
O000075,C01064,2026-06-05 00:39:56,delivered,2026-06-08 00:39:56,2026-06-14 00:39:56
O000076,C02035,2024-05-25 03:39:30,delivered,2024-06-06 03:39:30,2024-06-02 03:39:30
O000077,C01220,2025-05-01 04:15:06,delivered,2025-05-10 04:15:06,2025-05-06 04:15:06
O000078,C00039,2025-10-05 04:23:11,delivered,2025-10-14 04:23:11,2025-10-09 04:23:11
O000079,C00434,2025-03-12 01:00:03,delivered,2025-03-22 01:00:03,2025-03-16 01:00:03
O000080,C00029,2024-07-05 10:26:30,delivered,2024-07-17 10:26:30,2024-07-10 10:26:30
O000081,C01575,2025-09-08 13:55:25,delivered,2025-09-17 13:55:25,2025-09-13 13:55:25
O000082,C00892,2024-07-21 13:15:07,delivered,2024-08-02 13:15:07,2024-07-22 13:15:07
O000083,C00064,2024-11-19 08:19:27,delivered,2024-11-22 08:19:27,2024-11-23 08:19:27
O000084,C00013,2024-11-29 00:37:18,shipped,2024-12-05 00:37:18,
O000085,C01381,2024-11-24 04:02:50,delivered,2024-11-27 04:02:50,2024-12-05 04:02:50
O000086,C00078,2024-06-06 10:45:49,delivered,2024-06-14 10:45:49,2024-06-12 10:45:49
O000087,C01971,2025-11-11 02:13:41,delivered,2025-11-20 02:13:41,2025-11-13 02:13:41
O000088,C01707,2025-03-14 09:07:36,delivered,2025-03-23 09:07:36,2025-03-21 09:07:36
O000089,C01947,2025-09-13 01:53:51,delivered,2025-09-25 01:53:51,2025-09-15 01:53:51
O000090,C02442,2026-05-24 16:21:40,delivered,2026-05-30 16:21:40,2026-05-30 16:21:40
O000091,C00845,2024-07-03 02:10:16,delivered,2024-07-07 02:10:16,2024-07-13 02:10:16
O000092,C01099,2026-05-07 20:06:55,delivered,2026-05-17 20:06:55,2026-05-13 20:06:55
O000093,C02252,2024-01-15 03:28:57,returned,2024-01-21 03:28:57,2024-01-23 03:28:57
O000094,C01403,2025-12-02 00:23:32,cancelled,2025-12-08 00:23:32,
O000095,C01142,2026-03-12 16:09:03,delivered,2026-03-17 16:09:03,2026-03-18 16:09:03
O000096,C00911,2024-12-22 23:44:47,delivered,2025-01-02 23:44:47,2024-12-30 23:44:47
O000097,C01855,2026-01-10 00:01:14,delivered,2026-01-20 00:01:14,2026-01-11 00:01:14
O000098,C01226,2026-06-22 08:40:20,delivered,2026-06-28 08:40:20,2026-06-27 08:40:20
O000099,C01358,2024-12-18 02:09:42,delivered,2024-12-23 02:09:42,2024-12-26 02:09:42
O000100,C00945,2024-05-05 04:35:57,shipped,2024-05-11 04:35:57,
O000101,C00232,2024-04-30 05:11:36,delivered,2024-05-09 05:11:36,2024-05-05 05:11:36
O000102,C00525,2025-03-09 09:58:42,delivered,2025-03-13 09:58:42,2025-03-18 09:58:42
O000103,C00563,2024-10-03 02:13:26,delivered,2024-10-06 02:13:26,2024-10-06 02:13:26
O000104,C00629,2024-04-05 18:16:01,delivered,2024-04-11 18:16:01,2024-04-07 18:16:01
O000105,C02413,2025-08-26 20:19:23,delivered,2025-08-29 20:19:23,2025-08-29 20:19:23
O000106,C01791,2025-12-28 17:23:49,delivered,2026-01-01 17:23:49,2026-01-06 17:23:49
O000107,C01436,2024-01-09 03:52:11,delivered,2024-01-16 03:52:11,2024-01-14 03:52:11
O000108,C00666,2024-09-08 09:57:31,delivered,2024-09-19 09:57:31,2024-09-10 09:57:31
O000109,C02355,2024-08-12 08:56:32,delivered,2024-08-17 08:56:32,2024-08-14 08:56:32
O000110,C01713,2026-04-30 01:59:54,delivered,2026-05-08 01:59:54,2026-05-08 01:59:54
O000111,C01681,2024-04-27 00:27:09,delivered,2024-05-08 00:27:09,2024-05-03 00:27:09
O000112,C01029,2025-09-10 10:38:34,delivered,2025-09-12 10:38:34,2025-09-18 10:38:34
O000113,C02296,2024-08-12 16:12:45,delivered,2024-08-18 16:12:45,2024-08-21 16:12:45
O000114,C00561,2025-03-04 20:22:03,delivered,2025-03-10 20:22:03,2025-03-09 20:22:03
O000115,C02186,2024-03-20 09:32:01,delivered,2024-03-22 09:32:01,2024-03-23 09:32:01
O000116,C00276,2025-01-11 23:59:52,delivered,2025-01-14 23:59:52,2025-01-20 23:59:52
O000117,C00137,2024-12-11 01:19:44,delivered,2024-12-16 01:19:44,2024-12-12 01:19:44
O000118,C00750,2026-01-22 06:40:39,delivered,2026-01-31 06:40:39,2026-01-31 06:40:39
O000119,C01290,2026-03-28 23:13:02,delivered,2026-03-30 23:13:02,2026-03-31 23:13:02
O000120,C01944,2024-07-15 21:07:30,delivered,2024-07-25 21:07:30,2024-07-21 21:07:30
O000121,C00961,2026-06-24 03:10:16,delivered,2026-06-29 03:10:16,2026-07-01 03:10:16
O000122,C02488,2025-06-27 05:54:46,cancelled,2025-07-03 05:54:46,
O000123,C00213,2024-04-15 13:49:16,delivered,2024-04-21 13:49:16,2024-04-23 13:49:16
O000124,C02210,2024-02-02 18:50:40,delivered,2024-02-05 18:50:40,2024-02-05 18:50:40
O000125,C01717,2025-07-06 00:04:46,delivered,2025-07-17 00:04:46,2025-07-13 00:04:46
O000126,C02437,2025-01-25 22:56:43,delivered,2025-02-06 22:56:43,2025-01-30 22:56:43
O000127,C01839,2024-01-01 04:48:03,cancelled,2024-01-07 04:48:03,
O000128,C00067,2024-09-05 14:34:02,shipped,2024-09-11 14:34:02,
O000129,C02398,2024-03-16 04:42:33,delivered,2024-03-22 04:42:33,2024-03-18 04:42:33
O000130,C01016,2024-08-08 11:40:23,delivered,2024-08-17 11:40:23,2024-08-16 11:40:23
O000131,C01649,2024-01-11 01:04:04,delivered,2024-01-14 01:04:04,2024-01-19 01:04:04
O000132,C00485,2024-01-18 07:25:55,delivered,2024-01-29 07:25:55,2024-01-20 07:25:55
O000133,C00228,2025-06-15 06:39:00,delivered,2025-06-20 06:39:00,2025-06-18 06:39:00
O000134,C01764,2025-08-08 12:07:53,returned,2025-08-12 12:07:53,2025-08-11 12:07:53
O000135,C00255,2024-08-19 15:15:24,delivered,2024-08-30 15:15:24,2024-08-25 15:15:24
O000136,C01704,2026-06-05 04:41:05,delivered,2026-06-12 04:41:05,2026-06-12 04:41:05
O000137,C00324,2026-01-16 03:28:29,delivered,2026-01-25 03:28:29,2026-01-25 03:28:29
O000138,C00481,2025-07-06 10:03:34,returned,2025-07-11 10:03:34,2025-07-09 10:03:34
O000139,C00087,2025-11-06 16:11:42,delivered,2025-11-08 16:11:42,2025-11-13 16:11:42
O000140,C01080,2026-05-20 00:45:08,delivered,2026-05-30 00:45:08,2026-05-30 00:45:08
O000141,C00911,2024-03-21 03:20:42,delivered,2024-03-25 03:20:42,2024-03-28 03:20:42
O000142,C00602,2024-01-19 11:24:56,delivered,2024-01-28 11:24:56,2024-01-23 11:24:56
O000143,C00328,2025-03-30 02:18:46,delivered,2025-04-02 02:18:46,2025-04-06 02:18:46
O000144,C00886,2025-02-01 18:49:15,delivered,2025-02-08 18:49:15,2025-02-03 18:49:15
O000145,C00887,2025-08-23 01:35:41,delivered,2025-08-27 01:35:41,2025-08-29 01:35:41
O000146,C00171,2024-02-20 22:41:34,delivered,2024-02-28 22:41:34,2024-03-02 22:41:34
O000147,C01664,2024-06-09 06:06:43,delivered,2024-06-21 06:06:43,2024-06-13 06:06:43
O000148,C01664,2024-01-17 04:46:21,delivered,2024-01-20 04:46:21,2024-01-21 04:46:21
O000149,C02150,2025-10-14 20:57:22,delivered,2025-10-22 20:57:22,2025-10-15 20:57:22
O000150,C02309,2024-07-09 05:58:08,delivered,2024-07-16 05:58:08,2024-07-16 05:58:08
O000151,C01618,2026-04-03 16:45:17,delivered,2026-04-14 16:45:17,2026-04-04 16:45:17
O000152,C00268,2025-03-09 22:27:31,delivered,2025-03-13 22:27:31,2025-03-14 22:27:31
O000153,C01594,2024-02-28 16:06:47,delivered,2024-03-10 16:06:47,2024-03-06 16:06:47
O000154,C01697,2026-06-26 18:25:52,delivered,2026-06-28 18:25:52,2026-07-04 18:25:52
O000155,C01938,2026-03-21 10:49:55,delivered,2026-03-25 10:49:55,2026-03-28 10:49:55
O000156,C01095,2024-11-18 21:39:49,delivered,2024-11-29 21:39:49,2024-11-24 21:39:49
O000157,C01788,2024-10-30 07:52:54,delivered,2024-11-04 07:52:54,2024-11-02 07:52:54
O000158,C00017,2025-12-17 02:39:58,delivered,2025-12-26 02:39:58,2025-12-19 02:39:58
O000159,C00840,2025-04-06 19:08:45,delivered,2025-04-18 19:08:45,2025-04-09 19:08:45
O000160,C00989,2024-01-04 22:36:22,shipped,2024-01-13 22:36:22,
O000161,C01842,2025-12-01 18:26:36,delivered,2025-12-07 18:26:36,2025-12-06 18:26:36
O000162,C01699,2025-01-26 12:50:55,delivered,2025-01-29 12:50:55,2025-02-04 12:50:55
O000163,C01745,2024-01-18 18:39:42,delivered,2024-01-25 18:39:42,2024-01-26 18:39:42
O000164,C02191,2024-08-16 01:06:24,returned,2024-08-22 01:06:24,2024-08-23 01:06:24
O000165,C01101,2024-04-22 07:38:11,delivered,2024-05-03 07:38:11,2024-04-27 07:38:11
O000166,C01380,2025-08-21 22:51:44,delivered,,2025-09-01 22:51:44
O000167,C01884,2025-04-27 10:24:07,delivered,2025-05-06 10:24:07,2025-05-01 10:24:07
O000168,C01624,2025-12-14 18:43:30,delivered,2025-12-20 18:43:30,2025-12-17 18:43:30
O000169,C00789,2025-12-17 00:05:26,delivered,2025-12-21 00:05:26,2025-12-22 00:05:26
O000170,C02432,2026-05-06 00:51:07,cancelled,2026-05-10 00:51:07,
O000171,C00934,2025-04-27 20:52:11,delivered,2025-05-05 20:52:11,2025-05-02 20:52:11
O000172,C00318,2026-04-18 19:49:47,delivered,2026-04-30 19:49:47,2026-04-27 19:49:47
O000173,C02255,2025-06-08 16:08:23,delivered,2025-06-18 16:08:23,2025-06-15 16:08:23
O000174,C00409,2024-06-07 20:38:47,delivered,2024-06-17 20:38:47,2024-06-10 20:38:47
O000175,C00918,2024-10-08 18:37:07,delivered,2024-10-16 18:37:07,2024-10-10 18:37:07
O000176,C00411,2024-11-26 11:59:18,delivered,2024-11-28 11:59:18,2024-11-29 11:59:18
O000177,C00813,2025-02-14 19:30:22,returned,2025-02-17 19:30:22,2025-02-19 19:30:22
O000178,C00102,2026-02-18 08:26:35,shipped,2026-02-26 08:26:35,
O000179,C00488,2024-12-29 21:12:02,cancelled,2025-01-05 21:12:02,
O000180,C01422,2025-10-03 09:15:30,delivered,2025-10-14 09:15:30,2025-10-08 09:15:30
O000181,C01097,2026-01-28 22:12:02,delivered,2026-01-31 22:12:02,2026-01-29 22:12:02
O000182,C00240,2025-12-23 21:30:37,delivered,2026-01-02 21:30:37,2025-12-26 21:30:37
O000183,C00621,2025-03-10 23:05:54,delivered,2025-03-12 23:05:54,2025-03-19 23:05:54
O000184,C00548,2025-11-27 08:00:59,delivered,2025-12-08 08:00:59,2025-12-01 08:00:59
O000185,C01477,2025-03-20 11:11:01,delivered,2025-03-28 11:11:01,2025-03-24 11:11:01
O000186,C01797,2025-01-19 09:33:53,shipped,2025-01-25 09:33:53,
O000187,C01111,2026-03-09 10:30:20,cancelled,2026-03-15 10:30:20,
O000188,C00343,2025-01-17 17:33:23,delivered,2025-01-22 17:33:23,2025-01-23 17:33:23
O000189,C02105,2024-07-17 01:53:05,delivered,2024-07-24 01:53:05,2024-07-22 01:53:05
O000190,C02248,2025-04-12 03:32:35,delivered,2025-04-24 03:32:35,2025-04-21 03:32:35
O000191,C00735,2025-12-24 07:08:33,delivered,2025-12-26 07:08:33,2025-12-30 07:08:33
O000192,C01968,2024-02-07 03:45:13,delivered,2024-02-13 03:45:13,2024-02-16 03:45:13
O000193,C00190,2026-05-20 02:44:59,delivered,2026-05-25 02:44:59,2026-05-25 02:44:59
O000194,C00888,2024-11-07 06:45:36,delivered,2024-11-13 06:45:36,2024-11-13 06:45:36
O000195,C00951,2024-12-30 14:44:13,shipped,2025-01-02 14:44:13,
O000196,C01515,2026-03-17 08:58:01,processing,2026-03-27 08:58:01,
O000197,C02362,2025-07-18 12:20:44,delivered,2025-07-22 12:20:44,2025-07-19 12:20:44
O000198,C02493,2026-02-09 19:53:34,delivered,2026-02-12 19:53:34,2026-02-14 19:53:34
O000199,C00391,2024-10-07 19:31:34,delivered,2024-10-16 19:31:34,2024-10-16 19:31:34
O000200,C02397,2026-05-31 21:25:53,delivered,2026-06-06 21:25:53,2026-06-07 21:25:53
O000201,C00919,2024-08-11 11:57:55,delivered,2024-08-14 11:57:55,2024-08-19 11:57:55
O000202,C00155,2024-03-16 09:08:25,processing,2024-03-19 09:08:25,
O000203,C00159,2024-06-03 19:17:00,delivered,2024-06-11 19:17:00,2024-06-07 19:17:00
O000204,C01566,2024-03-01 02:54:24,delivered,2024-03-10 02:54:24,2024-03-02 02:54:24
O000205,C02186,2025-04-15 23:00:37,delivered,2025-04-19 23:00:37,2025-04-26 23:00:37
O000206,C00973,2024-03-25 12:12:56,delivered,2024-03-27 12:12:56,2024-03-27 12:12:56
O000207,C01911,2025-08-20 19:45:46,delivered,2025-08-31 19:45:46,2025-08-25 19:45:46
O000208,C00853,2025-01-09 13:15:18,delivered,2025-01-15 13:15:18,2025-01-19 13:15:18
O000209,C00738,2024-09-23 01:28:31,delivered,2024-10-03 01:28:31,2024-09-26 01:28:31
O000210,C00586,2025-07-19 05:23:29,delivered,2025-07-29 05:23:29,2025-07-25 05:23:29
O000211,C00473,2024-09-09 12:38:05,delivered,2024-09-16 12:38:05,2024-09-17 12:38:05
O000212,C01364,2026-06-11 04:35:47,delivered,2026-06-21 04:35:47,2026-06-17 04:35:47
O000213,C01411,2025-05-24 20:21:41,delivered,2025-05-26 20:21:41,2025-05-29 20:21:41
O000214,C01525,2025-08-29 20:49:54,delivered,2025-08-31 20:49:54,2025-09-08 20:49:54
O000215,C01722,2025-04-15 08:45:34,delivered,2025-04-21 08:45:34,2025-04-24 08:45:34
O000216,C00985,2026-01-31 05:07:39,processing,2026-02-04 05:07:39,
O000217,C01342,2025-07-01 12:18:27,delivered,2025-07-07 12:18:27,2025-07-09 12:18:27
O000218,C00743,2024-08-15 03:00:22,delivered,2024-08-25 03:00:22,2024-08-22 03:00:22
O000219,C00109,2024-11-05 03:10:04,delivered,2024-11-15 03:10:04,2024-11-12 03:10:04
O000220,C00185,2025-03-04 03:28:00,delivered,2025-03-06 03:28:00,2025-03-09 03:28:00
O000221,C01543,2026-01-02 10:13:21,delivered,2026-01-05 10:13:21,2026-01-08 10:13:21
O000222,C01907,2026-03-11 19:27:34,delivered,2026-03-17 19:27:34,2026-03-14 19:27:34
O000223,C01393,2024-02-29 12:32:47,delivered,2024-03-09 12:32:47,2024-03-04 12:32:47
O000224,C01752,2024-07-28 12:12:28,delivered,2024-08-01 12:12:28,2024-08-04 12:12:28
O000225,C02313,2025-12-14 05:24:24,processing,2025-12-17 05:24:24,
O000226,C01057,2024-04-15 17:52:21,delivered,2024-04-20 17:52:21,2024-04-22 17:52:21
O000227,C00754,2025-03-17 16:12:22,shipped,2025-03-22 16:12:22,
O000228,C01581,2025-09-20 17:05:07,returned,2025-09-26 17:05:07,2025-09-30 17:05:07
O000229,C02187,2024-12-07 03:59:59,delivered,2024-12-19 03:59:59,2024-12-09 03:59:59
O000230,C00537,2025-08-12 04:00:50,delivered,2025-08-24 04:00:50,2025-08-16 04:00:50
O000231,C02019,2026-01-10 20:39:08,delivered,2026-01-14 20:39:08,2026-01-16 20:39:08
O000232,C00576,2026-05-19 18:56:26,delivered,2026-05-21 18:56:26,2026-05-21 18:56:26
O000233,C00099,2025-07-29 13:29:18,cancelled,2025-08-04 13:29:18,
O000234,C00200,2024-08-09 19:04:31,delivered,2024-08-20 19:04:31,2024-08-16 19:04:31
O000235,C00808,2024-02-13 22:44:09,delivered,2024-02-16 22:44:09,2024-02-22 22:44:09
O000236,C02289,2025-10-23 07:26:05,delivered,2025-10-26 07:26:05,2025-10-27 07:26:05
O000237,C01952,2026-06-09 01:31:03,delivered,2026-06-11 01:31:03,2026-06-10 01:31:03
O000238,C01014,2025-08-15 23:53:20,delivered,2025-08-25 23:53:20,2025-08-21 23:53:20
O000239,C00830,2024-01-07 05:31:13,delivered,2024-01-14 05:31:13,2024-01-14 05:31:13
O000240,C00437,2024-09-01 00:09:39,delivered,,2024-09-09 00:09:39
O000241,C00600,2024-03-15 01:44:58,shipped,2024-03-21 01:44:58,
O000242,C01750,2024-05-03 21:06:12,delivered,2024-05-12 21:06:12,2024-05-08 21:06:12
O000243,C00624,2024-06-14 10:15:03,cancelled,2024-06-26 10:15:03,
O000244,C00206,2026-02-19 04:09:04,delivered,2026-03-03 04:09:04,2026-03-01 04:09:04
O000245,C02449,2025-04-11 20:15:16,cancelled,2025-04-16 20:15:16,
O000246,C01033,2025-01-28 08:49:40,returned,2025-02-07 08:49:40,2025-02-12 08:49:40
O000247,C02207,2024-12-07 09:36:25,shipped,2024-12-18 09:36:25,
O000248,C01312,2025-03-06 23:51:51,processing,2025-03-14 23:51:51,
O000249,C00184,2024-06-26 19:10:39,delivered,2024-07-01 19:10:39,2024-06-28 19:10:39
O000250,C00102,2025-06-08 02:59:53,delivered,2025-06-12 02:59:53,2025-06-12 02:59:53
O000251,C01189,2024-05-22 03:26:47,delivered,2024-05-25 03:26:47,2024-05-27 03:26:47
O000252,C00888,2025-02-22 08:35:57,delivered,2025-03-04 08:35:57,2025-03-03 08:35:57
O000253,C02496,2024-01-01 16:53:11,delivered,2024-01-12 16:53:11,2024-01-03 16:53:11
O000254,C00101,2024-11-20 01:04:03,cancelled,2024-11-26 01:04:03,
O000255,C01444,2026-06-07 14:26:07,delivered,2026-06-10 14:26:07,2026-06-09 14:26:07
O000256,C00055,2024-03-06 23:26:17,delivered,2024-03-18 23:26:17,2024-03-14 23:26:17
O000257,C02027,2026-06-24 03:21:01,delivered,2026-06-30 03:21:01,2026-07-03 03:21:01
O000258,C02301,2026-01-29 08:19:28,delivered,2026-02-05 08:19:28,2026-02-08 08:19:28
O000259,C02194,2024-02-02 12:57:45,delivered,2024-02-08 12:57:45,2024-02-09 12:57:45
O000260,C00582,2026-05-14 21:29:30,delivered,2026-05-26 21:29:30,2026-05-21 21:29:30
O000261,C00386,2024-11-15 07:38:08,delivered,2024-11-18 07:38:08,2024-11-21 07:38:08
O000262,C02360,2024-01-30 10:00:14,returned,2024-02-03 10:00:14,2024-02-01 10:00:14
O000263,C01402,2024-03-23 09:26:58,delivered,2024-03-31 09:26:58,2024-03-30 09:26:58
O000264,C01025,2025-01-29 03:28:33,returned,2025-02-02 03:28:33,2025-02-08 03:28:33
O000265,C00058,2025-08-26 22:37:32,cancelled,2025-09-03 22:37:32,
O000266,C00134,2025-12-30 12:00:44,delivered,2026-01-10 12:00:44,2026-01-09 12:00:44
O000267,C00439,2024-09-09 09:17:49,delivered,2024-09-16 09:17:49,2024-09-13 09:17:49
O000268,C00922,2026-03-25 03:04:42,processing,2026-04-06 03:04:42,
O000269,C01916,2025-09-11 04:36:21,delivered,2025-09-18 04:36:21,2025-09-19 04:36:21
O000270,C01320,2025-03-29 07:55:51,delivered,2025-04-06 07:55:51,2025-04-04 07:55:51
O000271,C00210,2024-01-11 06:27:55,delivered,2024-01-23 06:27:55,2024-01-13 06:27:55
O000272,C01115,2024-01-09 22:00:44,delivered,2024-01-14 22:00:44,2024-01-14 22:00:44
O000273,C00411,2024-09-06 08:54:15,delivered,2024-09-08 08:54:15,2024-09-14 08:54:15
O000274,C00911,2025-03-01 00:19:44,delivered,2025-03-12 00:19:44,2025-03-04 00:19:44
O000275,C02297,2025-01-08 01:00:15,delivered,2025-01-20 01:00:15,2025-01-14 01:00:15
O000276,C01858,2025-03-14 18:09:01,delivered,2025-03-23 18:09:01,2025-03-15 18:09:01
O000277,C00191,2024-06-18 05:05:22,delivered,2024-06-30 05:05:22,2024-06-21 05:05:22
O000278,C02095,2024-08-20 04:06:11,delivered,2024-08-30 04:06:11,2024-08-25 04:06:11
O000279,C02218,2024-08-13 17:42:36,delivered,2024-08-25 17:42:36,2024-08-19 17:42:36
O000280,C01148,2024-03-06 01:35:25,processing,2024-03-08 01:35:25,
O000281,C01033,2026-05-02 20:59:29,delivered,2026-05-08 20:59:29,2026-05-09 20:59:29
O000282,C00039,2025-03-19 02:48:08,delivered,2025-03-31 02:48:08,2025-03-23 02:48:08
O000283,C01606,2025-06-27 06:04:08,delivered,2025-06-30 06:04:08,2025-07-05 06:04:08
O000284,C01272,2025-12-06 21:55:12,shipped,2025-12-11 21:55:12,
O000285,C02401,2025-07-15 04:30:08,delivered,2025-07-21 04:30:08,2025-07-17 04:30:08
O000286,C02022,2026-06-07 15:19:37,processing,2026-06-10 15:19:37,
O000287,C02373,2025-07-05 16:55:24,delivered,2025-07-11 16:55:24,2025-07-13 16:55:24
O000288,C00787,2025-03-15 16:29:12,delivered,2025-03-19 16:29:12,2025-03-23 16:29:12
O000289,C01264,2024-01-15 03:25:39,processing,2024-01-18 03:25:39,
O000290,C01507,2024-01-08 21:52:44,delivered,2024-01-16 21:52:44,2024-01-12 21:52:44
O000291,C00290,2024-01-28 23:24:39,delivered,2024-02-05 23:24:39,2024-02-03 23:24:39
O000292,C00383,2025-08-05 09:06:14,delivered,2025-08-08 09:06:14,2025-08-09 09:06:14
O000293,C01680,2024-07-14 07:20:20,delivered,2024-07-26 07:20:20,2024-07-18 07:20:20
O000294,C01351,2024-12-17 00:45:29,delivered,2024-12-22 00:45:29,2024-12-19 00:45:29
O000295,C01161,2024-11-30 07:37:43,delivered,2024-12-03 07:37:43,2024-12-07 07:37:43
O000296,C01546,2025-06-12 15:47:17,delivered,2025-06-23 15:47:17,2025-06-14 15:47:17
O000297,C02145,2024-09-23 16:18:44,delivered,2024-10-01 16:18:44,2024-09-26 16:18:44
O000298,C01782,2025-08-12 18:49:40,delivered,2025-08-18 18:49:40,2025-08-15 18:49:40
O000299,C01354,2024-02-27 08:45:51,delivered,2024-03-07 08:45:51,2024-03-05 08:45:51
O000300,C02098,2024-12-25 08:02:12,delivered,2024-12-28 08:02:12,2024-12-30 08:02:12
O000301,C02148,2025-01-20 17:17:19,delivered,2025-01-25 17:17:19,2025-01-25 17:17:19
O000302,C00804,2024-08-15 13:29:59,delivered,2024-08-23 13:29:59,2024-08-23 13:29:59
O000303,C02032,2024-09-28 18:03:04,returned,2024-10-05 18:03:04,2024-10-02 18:03:04
O000304,C01299,2026-02-11 17:09:19,delivered,2026-02-23 17:09:19,2026-02-17 17:09:19
O000305,C01686,2025-03-16 01:09:40,delivered,2025-03-28 01:09:40,2025-03-24 01:09:40
O000306,C02058,2024-08-08 16:18:16,delivered,2024-08-14 16:18:16,2024-08-11 16:18:16
O000307,C02243,2026-06-25 05:21:41,delivered,2026-06-27 05:21:41,2026-07-03 05:21:41
O000308,C02192,2025-03-08 06:21:42,cancelled,2025-03-11 06:21:42,
O000309,C02050,2024-12-13 06:06:15,delivered,2024-12-19 06:06:15,2024-12-20 06:06:15
O000310,C01963,2024-11-05 03:28:38,delivered,2024-11-10 03:28:38,2024-11-12 03:28:38
O000311,C00688,2025-12-11 04:19:48,delivered,2025-12-22 04:19:48,2025-12-14 04:19:48
O000312,C01544,2025-04-16 12:34:01,delivered,2025-04-20 12:34:01,2025-04-22 12:34:01
O000313,C02353,2025-04-19 08:49:00,returned,2025-04-21 08:49:00,2025-04-30 08:49:00
O000314,C01314,2024-08-16 01:25:10,delivered,2024-08-22 01:25:10,2024-08-21 01:25:10
O000315,C00580,2025-02-20 22:21:01,shipped,2025-03-03 22:21:01,
O000316,C01567,2025-10-18 13:51:17,delivered,2025-10-21 13:51:17,2025-10-30 13:51:17
O000317,C00016,2024-01-12 12:34:14,delivered,2024-01-16 12:34:14,2024-01-15 12:34:14
O000318,C01357,2025-11-24 18:37:52,processing,2025-12-06 18:37:52,
O000319,C02059,2026-01-16 21:16:41,delivered,2026-01-24 21:16:41,2026-01-26 21:16:41
O000320,C00974,2024-03-16 07:30:01,delivered,2024-03-18 07:30:01,2024-03-20 07:30:01
O000321,C00691,2026-01-05 20:44:10,delivered,2026-01-08 20:44:10,2026-01-06 20:44:10
O000322,C01655,2026-04-14 22:49:14,delivered,2026-04-22 22:49:14,2026-04-21 22:49:14
O000323,C01006,2025-01-17 07:38:01,delivered,2025-01-27 07:38:01,2025-01-18 07:38:01
O000324,C02355,2025-05-01 12:11:12,delivered,2025-05-06 12:11:12,2025-05-07 12:11:12
O000325,C02157,2025-01-30 05:41:51,delivered,2025-02-06 05:41:51,2025-02-02 05:41:51
O000326,C00352,2026-02-15 11:54:57,delivered,2026-02-27 11:54:57,2026-02-19 11:54:57
O000327,C00340,2026-04-03 23:04:29,processing,2026-04-05 23:04:29,
O000328,C00065,2024-12-19 08:55:18,delivered,2024-12-27 08:55:18,2024-12-21 08:55:18
O000329,C01315,2026-01-09 23:37:46,shipped,2026-01-14 23:37:46,
O000330,C00337,2025-11-13 20:28:58,delivered,2025-11-16 20:28:58,2025-11-18 20:28:58
O000331,C01002,2025-06-13 23:27:02,delivered,2025-06-24 23:27:02,2025-06-15 23:27:02
O000332,C02200,2025-04-27 23:55:46,delivered,2025-05-04 23:55:46,2025-05-06 23:55:46
O000333,C00209,2025-11-10 01:44:17,delivered,2025-11-17 01:44:17,2025-11-13 01:44:17
O000334,C01916,2024-08-07 22:33:28,delivered,2024-08-11 22:33:28,2024-08-15 22:33:28
O000335,C01649,2024-02-15 05:39:26,delivered,2024-02-25 05:39:26,2024-02-21 05:39:26
O000336,C01043,2026-01-17 17:56:19,delivered,2026-01-26 17:56:19,2026-01-27 17:56:19
O000337,C00430,2025-03-24 01:17:02,cancelled,2025-04-02 01:17:02,
O000338,C02398,2025-03-10 16:12:29,delivered,2025-03-15 16:12:29,2025-03-14 16:12:29
O000339,C01098,2025-06-16 00:48:49,delivered,2025-06-28 00:48:49,2025-06-25 00:48:49
O000340,C02422,2024-09-27 02:29:13,delivered,2024-10-07 02:29:13,2024-10-06 02:29:13
O000341,C02325,2026-04-05 05:20:34,shipped,2026-04-16 05:20:34,
O000342,C01148,2024-10-20 02:46:55,delivered,2024-10-23 02:46:55,2024-10-27 02:46:55
O000343,C02035,2024-03-23 09:28:21,delivered,2024-03-27 09:28:21,2024-04-03 09:28:21
O000344,C00011,2025-05-09 15:19:50,delivered,2025-05-12 15:19:50,2025-05-15 15:19:50
O000345,C01346,2026-03-25 14:35:08,delivered,2026-04-02 14:35:08,2026-03-29 14:35:08
O000346,C01993,2025-10-22 00:33:47,delivered,2025-10-26 00:33:47,2025-10-23 00:33:47
O000347,C01011,2024-03-09 21:47:08,delivered,2024-03-17 21:47:08,2024-03-14 21:47:08
O000348,C02234,2024-08-24 18:19:52,shipped,2024-08-29 18:19:52,
O000349,C00193,2026-04-07 03:13:10,delivered,2026-04-17 03:13:10,2026-04-13 03:13:10
O000350,C00134,2024-12-19 14:57:25,delivered,2024-12-21 14:57:25,2024-12-26 14:57:25
O000351,C00956,2026-05-12 02:54:49,delivered,2026-05-21 02:54:49,2026-05-18 02:54:49
O000352,C02185,2026-05-29 01:34:20,delivered,2026-06-07 01:34:20,2026-06-03 01:34:20
O000353,C00481,2024-04-17 03:54:50,delivered,2024-04-28 03:54:50,2024-04-20 03:54:50
O000354,C02376,2024-01-11 22:10:03,delivered,2024-01-23 22:10:03,2024-01-12 22:10:03
O000355,C00139,2025-10-01 16:07:26,processing,2025-10-10 16:07:26,
O000356,C01819,2024-03-12 03:06:33,delivered,2024-03-21 03:06:33,2024-03-15 03:06:33
O000357,C01060,2025-12-25 08:14:56,delivered,2025-12-27 08:14:56,2025-12-28 08:14:56
O000358,C01378,2024-10-21 19:21:32,delivered,2024-10-28 19:21:32,2024-10-27 19:21:32
O000359,C01738,2025-07-17 19:17:52,delivered,2025-07-26 19:17:52,2025-07-26 19:17:52
O000360,C02295,2025-02-14 15:05:56,cancelled,2025-02-25 15:05:56,
O000361,C02366,2025-02-05 11:16:34,delivered,2025-02-13 11:16:34,2025-02-08 11:16:34
O000362,C00337,2026-01-10 17:48:27,delivered,2026-01-17 17:48:27,2026-01-16 17:48:27
O000363,C01036,2024-10-09 06:13:08,shipped,2024-10-14 06:13:08,
O000364,C01526,2025-06-03 17:57:52,delivered,2025-06-08 17:57:52,2025-06-08 17:57:52
O000365,C02496,2026-05-17 17:35:58,delivered,2026-05-19 17:35:58,2026-05-23 17:35:58
O000366,C02071,2024-06-14 21:36:16,processing,2024-06-21 21:36:16,
O000367,C00976,2025-08-19 15:00:07,delivered,2025-08-23 15:00:07,2025-08-24 15:00:07
O000368,C01779,2025-12-26 16:47:15,delivered,2026-01-01 16:47:15,2025-12-30 16:47:15
O000369,C00077,2025-10-18 10:48:25,delivered,2025-10-27 10:48:25,2025-10-21 10:48:25
O000370,C01500,2024-09-24 21:37:23,delivered,2024-09-26 21:37:23,2024-09-30 21:37:23
O000371,C02137,2024-09-29 04:34:58,cancelled,2024-10-04 04:34:58,
O000372,C01324,2025-09-23 15:11:30,delivered,2025-10-02 15:11:30,2025-09-30 15:11:30
O000373,C02354,2024-02-08 23:09:42,delivered,2024-02-14 23:09:42,2024-02-15 23:09:42
O000374,C02339,2024-08-18 22:38:43,delivered,2024-08-23 22:38:43,2024-08-26 22:38:43
O000375,C00404,2024-08-14 08:57:59,delivered,2024-08-23 08:57:59,2024-08-15 08:57:59
O000376,C01421,2024-02-15 11:48:13,cancelled,2024-02-23 11:48:13,
O000377,C00222,2026-04-03 21:23:58,cancelled,2026-04-09 21:23:58,
O000378,C01992,2026-02-28 18:49:07,delivered,2026-03-03 18:49:07,2026-03-09 18:49:07
O000379,C00493,2026-02-01 14:56:47,delivered,2026-02-04 14:56:47,2026-02-04 14:56:47
O000380,C00448,2024-02-15 02:51:48,cancelled,2024-02-23 02:51:48,
O000381,C02441,2024-02-16 12:45:43,delivered,2024-02-28 12:45:43,2024-02-23 12:45:43
O000382,C01833,2024-06-07 23:01:13,delivered,2024-06-12 23:01:13,2024-06-15 23:01:13
O000383,C01420,2024-10-17 22:07:14,delivered,2024-10-25 22:07:14,2024-10-22 22:07:14
O000384,C02489,2026-03-25 13:18:19,shipped,2026-03-30 13:18:19,
O000385,C01432,2025-06-25 12:36:04,delivered,2025-06-30 12:36:04,2025-07-01 12:36:04
O000386,C00237,2024-12-16 10:46:09,delivered,2024-12-18 10:46:09,2024-12-23 10:46:09
O000387,C01193,2024-08-16 11:23:28,delivered,2024-08-22 11:23:28,2024-08-20 11:23:28
O000388,C00680,2024-05-10 09:05:43,delivered,2024-05-15 09:05:43,2024-05-18 09:05:43
O000389,C02077,2026-06-22 00:26:09,delivered,2026-06-30 00:26:09,2026-06-23 00:26:09
O000390,C01323,2026-04-29 20:05:06,shipped,2026-05-05 20:05:06,
O000391,C01891,2024-08-28 16:49:18,delivered,2024-09-04 16:49:18,2024-09-09 16:49:18
O000392,C02455,2024-05-26 11:03:36,delivered,2024-06-03 11:03:36,2024-05-27 11:03:36
O000393,C00642,2024-11-18 23:09:45,delivered,2024-11-29 23:09:45,2024-11-22 23:09:45
O000394,C00429,2024-09-25 12:52:38,delivered,2024-10-03 12:52:38,2024-09-30 12:52:38
O000395,C01843,2024-09-28 09:24:12,delivered,2024-10-09 09:24:12,2024-09-29 09:24:12
O000396,C01425,2025-05-15 14:26:20,delivered,2025-05-27 14:26:20,2025-05-18 14:26:20
O000397,C01551,2026-03-04 23:08:26,delivered,2026-03-14 23:08:26,2026-03-15 23:08:26
O000398,C02352,2024-11-13 21:40:55,delivered,2024-11-18 21:40:55,2024-11-16 21:40:55
O000399,C01533,2024-06-14 08:19:50,delivered,2024-06-17 08:19:50,2024-06-18 08:19:50
O000400,C00887,2025-08-04 11:02:52,delivered,2025-08-08 11:02:52,2025-08-09 11:02:52
O000401,C00025,2025-01-09 13:14:48,delivered,2025-01-12 13:14:48,2025-01-12 13:14:48
O000402,C01478,2025-05-12 00:10:42,shipped,2025-05-17 00:10:42,
O000403,C01320,2024-05-09 22:00:11,shipped,2024-05-21 22:00:11,
O000404,C01339,2025-03-10 02:41:13,delivered,2025-03-21 02:41:13,2025-03-16 02:41:13
O000405,C01959,2024-05-10 07:09:34,delivered,2024-05-15 07:09:34,2024-05-18 07:09:34
O000406,C02241,2024-05-19 05:05:11,delivered,2024-05-24 05:05:11,2024-05-25 05:05:11
O000407,C00999,2024-05-30 08:12:14,delivered,2024-06-11 08:12:14,2024-06-07 08:12:14
O000408,C01054,2024-09-21 10:58:09,delivered,2024-09-27 10:58:09,2024-09-27 10:58:09
O000409,C01592,2025-12-16 06:04:35,delivered,2025-12-26 06:04:35,2025-12-22 06:04:35
O000410,C01412,2025-11-04 22:32:43,delivered,2025-11-13 22:32:43,2025-11-07 22:32:43
O000411,C01766,2024-04-16 03:45:54,delivered,2024-04-26 03:45:54,2024-04-20 03:45:54
O000412,C01911,2024-08-16 06:14:10,delivered,2024-08-18 06:14:10,2024-08-25 06:14:10
O000413,C02255,2024-10-29 05:00:52,delivered,2024-11-04 05:00:52,2024-11-04 05:00:52
O000414,C00133,2025-06-09 04:10:50,delivered,2025-06-19 04:10:50,2025-06-15 04:10:50
O000415,C00124,2026-06-04 22:04:08,delivered,2026-06-12 22:04:08,2026-06-09 22:04:08
O000416,C02007,2025-02-20 10:53:52,delivered,,2025-02-26 10:53:52
O000417,C01352,2026-05-06 05:54:49,delivered,2026-05-13 05:54:49,2026-05-13 05:54:49
O000418,C00813,2025-09-02 13:15:27,delivered,2025-09-05 13:15:27,2025-09-09 13:15:27
O000419,C00538,2024-07-01 22:10:42,returned,2024-07-06 22:10:42,2024-07-09 22:10:42
O000420,C01916,2025-02-25 05:11:56,delivered,2025-03-03 05:11:56,2025-02-28 05:11:56
O000421,C00479,2026-02-04 08:58:18,delivered,2026-02-15 08:58:18,2026-02-13 08:58:18
O000422,C00597,2025-06-09 13:18:26,delivered,2025-06-19 13:18:26,2025-06-17 13:18:26
O000423,C01134,2024-11-16 16:50:27,delivered,2024-11-28 16:50:27,2024-11-18 16:50:27
O000424,C01602,2024-02-01 09:26:02,delivered,2024-02-12 09:26:02,2024-02-04 09:26:02
O000425,C02262,2024-03-14 13:46:39,delivered,2024-03-20 13:46:39,2024-03-22 13:46:39
O000426,C00792,2024-11-19 23:56:31,delivered,2024-12-01 23:56:31,2024-11-28 23:56:31
O000427,C00802,2024-06-11 16:41:49,delivered,2024-06-23 16:41:49,2024-06-15 16:41:49
O000428,C00610,2024-02-07 01:29:27,delivered,2024-02-16 01:29:27,2024-02-12 01:29:27
O000429,C01715,2024-11-28 01:04:48,delivered,2024-12-06 01:04:48,2024-12-05 01:04:48
O000430,C02000,2025-02-23 06:58:44,delivered,2025-03-06 06:58:44,2025-03-05 06:58:44
O000431,C02306,2024-01-18 06:41:23,cancelled,2024-01-22 06:41:23,
O000432,C01036,2024-11-12 22:16:03,delivered,2024-11-20 22:16:03,2024-11-13 22:16:03
O000433,C00461,2024-01-03 12:16:34,delivered,2024-01-12 12:16:34,2024-01-10 12:16:34
O000434,C01727,2025-08-13 20:08:56,delivered,2025-08-19 20:08:56,2025-08-18 20:08:56
O000435,C02243,2025-07-03 09:29:52,delivered,2025-07-05 09:29:52,2025-07-04 09:29:52
O000436,C01547,2024-09-20 04:21:06,delivered,2024-09-22 04:21:06,2024-09-22 04:21:06
O000437,C00263,2024-05-27 16:58:27,delivered,2024-06-01 16:58:27,2024-06-06 16:58:27
O000438,C01740,2025-07-15 21:04:48,delivered,2025-07-24 21:04:48,2025-07-18 21:04:48
O000439,C00116,2026-01-13 06:25:48,delivered,2026-01-15 06:25:48,2026-01-19 06:25:48
O000440,C00943,2026-06-07 21:48:51,delivered,2026-06-18 21:48:51,2026-06-18 21:48:51
O000441,C01806,2024-10-25 01:25:57,cancelled,2024-11-06 01:25:57,
O000442,C02491,2025-04-03 13:48:38,delivered,2025-04-15 13:48:38,2025-04-08 13:48:38
O000443,C01161,2026-01-22 01:38:35,delivered,2026-01-31 01:38:35,2026-01-27 01:38:35
O000444,C02498,2025-07-21 11:42:20,delivered,2025-07-25 11:42:20,2025-07-27 11:42:20
O000445,C01085,2024-06-07 12:36:12,delivered,2024-06-16 12:36:12,2024-06-18 12:36:12
O000446,C02494,2026-01-16 19:39:16,delivered,2026-01-22 19:39:16,2026-01-17 19:39:16
O000447,C01112,2024-12-18 05:14:41,delivered,2024-12-22 05:14:41,2024-12-26 05:14:41
O000448,C00746,2025-12-13 16:31:04,delivered,2025-12-16 16:31:04,2025-12-20 16:31:04
O000449,C01476,2025-02-23 20:11:04,delivered,2025-02-27 20:11:04,2025-02-27 20:11:04
O000450,C00277,2025-07-03 15:04:04,delivered,2025-07-07 15:04:04,2025-07-08 15:04:04
O000451,C00318,2024-11-22 10:52:45,delivered,2024-12-02 10:52:45,2024-11-26 10:52:45
O000452,C02144,2025-12-22 19:40:17,delivered,2026-01-02 19:40:17,2026-01-03 19:40:17
O000453,C00374,2026-03-22 06:06:05,delivered,2026-03-26 06:06:05,2026-03-24 06:06:05
O000454,C01552,2024-01-30 08:51:16,delivered,2024-02-09 08:51:16,2024-02-04 08:51:16
O000455,C00995,2024-12-16 15:29:02,delivered,2024-12-28 15:29:02,2024-12-20 15:29:02
O000456,C01279,2025-12-27 05:56:33,delivered,2025-12-29 05:56:33,2026-01-02 05:56:33
O000457,C02286,2025-07-04 02:31:03,delivered,2025-07-15 02:31:03,2025-07-05 02:31:03
O000458,C00119,2024-01-11 15:24:34,processing,2024-01-16 15:24:34,
O000459,C00349,2024-05-11 01:43:06,delivered,2024-05-16 01:43:06,2024-05-12 01:43:06
O000460,C00311,2024-02-09 19:41:28,delivered,2024-02-12 19:41:28,2024-02-15 19:41:28
O000461,C01499,2025-09-14 15:42:36,delivered,2025-09-21 15:42:36,2025-09-22 15:42:36
O000462,C00588,2026-04-08 02:14:47,cancelled,2026-04-20 02:14:47,
O000463,C00838,2024-02-11 04:56:01,delivered,2024-02-19 04:56:01,2024-02-19 04:56:01
O000464,C02260,2024-02-09 13:10:08,delivered,2024-02-21 13:10:08,2024-02-13 13:10:08
O000465,C00467,2024-07-27 11:01:02,delivered,2024-08-01 11:01:02,2024-08-03 11:01:02
O000466,C00354,2026-06-23 07:25:14,delivered,2026-06-28 07:25:14,2026-06-26 07:25:14
O000467,C02359,2026-06-08 21:29:04,delivered,2026-06-12 21:29:04,2026-06-13 21:29:04
O000468,C01984,2024-03-28 00:24:47,shipped,2024-04-02 00:24:47,
O000469,C01945,2026-02-27 14:13:48,delivered,2026-03-08 14:13:48,2026-02-28 14:13:48
O000470,C00770,2026-02-16 20:52:27,delivered,2026-02-21 20:52:27,2026-02-17 20:52:27
O000471,C01016,2024-08-11 16:47:32,delivered,2024-08-20 16:47:32,2024-08-15 16:47:32
O000472,C02262,2024-07-16 22:41:04,processing,2024-07-20 22:41:04,
O000473,C01384,2026-01-30 09:59:19,delivered,2026-02-02 09:59:19,2026-02-09 09:59:19
O000474,C01685,2024-09-18 15:58:57,delivered,2024-09-24 15:58:57,2024-09-19 15:58:57
O000475,C00500,2024-09-23 13:02:49,delivered,2024-09-25 13:02:49,2024-09-27 13:02:49
O000476,C01537,2024-03-18 03:15:08,delivered,2024-03-22 03:15:08,2024-03-19 03:15:08
O000477,C01094,2026-04-06 00:59:38,delivered,2026-04-18 00:59:38,2026-04-11 00:59:38
O000478,C00564,2024-06-04 18:04:42,delivered,2024-06-09 18:04:42,2024-06-12 18:04:42
O000479,C00775,2025-02-25 09:27:09,shipped,2025-02-27 09:27:09,
O000480,C00743,2025-08-31 12:56:22,delivered,2025-09-11 12:56:22,2025-09-05 12:56:22
O000481,C01831,2024-07-28 09:51:47,delivered,2024-08-08 09:51:47,2024-08-01 09:51:47
O000482,C01384,2025-04-04 14:44:48,cancelled,2025-04-09 14:44:48,
O000483,C01005,2024-11-16 12:45:54,delivered,2024-11-26 12:45:54,2024-11-22 12:45:54
O000484,C01935,2024-04-08 03:00:51,delivered,2024-04-18 03:00:51,2024-04-17 03:00:51
O000485,C02005,2024-08-05 18:47:36,cancelled,2024-08-17 18:47:36,
O000486,C01663,2025-02-25 00:42:39,delivered,2025-03-05 00:42:39,2025-02-27 00:42:39
O000487,C02043,2026-03-30 01:16:43,delivered,2026-04-09 01:16:43,2026-04-05 01:16:43
O000488,C01394,2025-02-08 11:31:45,delivered,2025-02-16 11:31:45,2025-02-15 11:31:45
O000489,C00762,2025-03-23 06:32:14,delivered,2025-03-28 06:32:14,2025-03-30 06:32:14
O000490,C01057,2026-03-05 01:25:40,delivered,2026-03-10 01:25:40,2026-03-17 01:25:40
O000491,C00860,2025-02-13 14:51:42,delivered,2025-02-18 14:51:42,2025-02-20 14:51:42
O000492,C00898,2025-05-24 06:26:02,delivered,2025-06-04 06:26:02,2025-06-04 06:26:02
O000493,C00140,2024-07-28 16:13:48,delivered,2024-08-02 16:13:48,2024-07-29 16:13:48
O000494,C01212,2025-01-13 12:58:52,delivered,2025-01-17 12:58:52,2025-01-20 12:58:52
O000495,C01756,2025-06-18 19:16:18,delivered,2025-06-23 19:16:18,2025-06-21 19:16:18
O000496,C00151,2025-02-16 23:31:42,delivered,2025-02-22 23:31:42,2025-02-18 23:31:42
O000497,C00934,2025-09-02 21:58:50,delivered,2025-09-09 21:58:50,2025-09-10 21:58:50
O000498,C00065,2025-11-09 05:19:58,delivered,2025-11-18 05:19:58,2025-11-12 05:19:58
O000499,C02452,2024-03-07 15:30:47,delivered,2024-03-09 15:30:47,2024-03-17 15:30:47
O000500,C00810,2025-11-11 17:04:36,delivered,2025-11-22 17:04:36,2025-11-12 17:04:36
O000501,C02346,2024-01-31 12:04:43,delivered,2024-02-07 12:04:43,2024-02-09 12:04:43
O000502,C02082,2024-11-22 22:32:09,delivered,2024-11-24 22:32:09,2024-12-01 22:32:09
O000503,C01457,2025-02-02 01:10:19,shipped,2025-02-12 01:10:19,
O000504,C01808,2024-10-09 16:43:54,delivered,2024-10-20 16:43:54,2024-10-18 16:43:54
O000505,C00503,2024-11-17 18:58:26,delivered,2024-11-22 18:58:26,2024-11-23 18:58:26
O000506,C00380,2025-01-18 20:21:00,delivered,2025-01-30 20:21:00,2025-01-21 20:21:00
O000507,C00315,2025-05-09 00:17:00,delivered,2025-05-21 00:17:00,2025-05-12 00:17:00
O000508,C00343,2024-06-06 21:31:02,delivered,2024-06-10 21:31:02,2024-06-13 21:31:02
O000509,C02277,2024-12-23 14:01:49,delivered,2025-01-01 14:01:49,2024-12-28 14:01:49
O000510,C00383,2024-06-21 04:00:39,delivered,2024-06-29 04:00:39,2024-07-01 04:00:39
O000511,C00442,2025-08-07 14:43:46,shipped,2025-08-09 14:43:46,
O000512,C02281,2026-02-26 00:29:07,delivered,2026-03-06 00:29:07,2026-02-27 00:29:07
O000513,C01427,2025-08-08 23:48:22,delivered,2025-08-14 23:48:22,2025-08-09 23:48:22
O000514,C01538,2026-06-30 18:53:13,delivered,2026-07-02 18:53:13,2026-07-09 18:53:13
O000515,C02247,2025-08-31 22:59:09,returned,2025-09-12 22:59:09,2025-09-04 22:59:09
O000516,C00735,2024-07-26 12:23:11,delivered,2024-08-03 12:23:11,2024-08-01 12:23:11
O000517,C00520,2026-01-13 04:29:57,delivered,2026-01-16 04:29:57,2026-01-24 04:29:57
O000518,C00604,2024-08-21 03:22:34,delivered,2024-09-01 03:22:34,2024-09-01 03:22:34
O000519,C02128,2026-03-01 22:26:52,delivered,2026-03-09 22:26:52,2026-03-08 22:26:52
O000520,C01289,2024-11-14 10:45:22,delivered,2024-11-18 10:45:22,2024-11-18 10:45:22
O000521,C01226,2024-11-24 18:13:28,delivered,2024-12-06 18:13:28,2024-12-02 18:13:28
O000522,C01053,2026-03-20 09:35:14,delivered,2026-04-01 09:35:14,2026-03-26 09:35:14
O000523,C00502,2025-11-30 13:11:43,delivered,2025-12-05 13:11:43,2025-12-09 13:11:43
O000524,C01458,2026-04-13 20:04:52,delivered,2026-04-25 20:04:52,2026-04-22 20:04:52
O000525,C01082,2025-07-24 01:29:28,cancelled,2025-08-02 01:29:28,
O000526,C02034,2024-09-18 00:13:55,delivered,2024-09-23 00:13:55,2024-09-19 00:13:55
O000527,C02207,2024-05-10 04:24:09,delivered,2024-05-15 04:24:09,2024-05-15 04:24:09
O000528,C02335,2024-06-19 01:20:08,processing,2024-06-27 01:20:08,
O000529,C02135,2026-04-10 10:05:22,delivered,2026-04-20 10:05:22,2026-04-22 10:05:22
O000530,C02047,2025-08-10 07:11:04,cancelled,2025-08-15 07:11:04,
O000531,C02290,2025-03-11 02:37:04,delivered,2025-03-17 02:37:04,2025-03-18 02:37:04
O000532,C02154,2024-01-01 11:12:26,delivered,2024-01-06 11:12:26,2024-01-08 11:12:26
O000533,C01278,2026-05-09 22:53:43,returned,2026-05-21 22:53:43,2026-05-16 22:53:43
O000534,C00425,2025-11-11 23:30:20,delivered,2025-11-23 23:30:20,2025-11-15 23:30:20
O000535,C02081,2024-12-14 14:47:34,delivered,2024-12-24 14:47:34,2024-12-23 14:47:34
O000536,C01683,2024-10-07 09:53:11,processing,2024-10-09 09:53:11,
O000537,C02123,2025-03-31 23:52:39,delivered,2025-04-08 23:52:39,2025-04-08 23:52:39
O000538,C01632,2024-11-18 08:15:52,delivered,2024-11-24 08:15:52,2024-11-23 08:15:52
O000539,C00120,2025-05-01 08:03:40,delivered,2025-05-03 08:03:40,2025-05-10 08:03:40
O000540,C01015,2024-08-11 04:58:10,processing,2024-08-16 04:58:10,
O000541,C02443,2024-12-01 04:11:11,delivered,2024-12-11 04:11:11,2024-12-06 04:11:11
O000542,C01927,2024-12-08 15:45:16,delivered,2024-12-10 15:45:16,2024-12-10 15:45:16
O000543,C00420,2025-12-17 07:32:25,processing,2025-12-22 07:32:25,
O000544,C02099,2024-07-19 00:23:13,delivered,2024-07-29 00:23:13,2024-07-25 00:23:13
O000545,C01003,2026-03-21 14:11:52,delivered,2026-03-27 14:11:52,2026-03-23 14:11:52
O000546,C00652,2024-07-30 23:37:42,delivered,2024-08-03 23:37:42,2024-08-04 23:37:42
O000547,C00854,2024-06-16 00:56:15,delivered,2024-06-28 00:56:15,2024-06-20 00:56:15
O000548,C01817,2026-02-13 17:40:24,delivered,2026-02-18 17:40:24,2026-02-15 17:40:24
O000549,C01125,2026-05-22 04:47:16,delivered,2026-05-25 04:47:16,2026-05-26 04:47:16
O000550,C00062,2026-04-24 10:42:37,delivered,2026-04-30 10:42:37,2026-04-29 10:42:37
O000551,C01509,2026-05-31 12:06:39,delivered,2026-06-03 12:06:39,2026-06-07 12:06:39
O000552,C01833,2024-05-31 10:30:08,delivered,2024-06-05 10:30:08,2024-06-03 10:30:08
O000553,C00433,2025-03-22 15:31:25,delivered,2025-04-03 15:31:25,2025-03-30 15:31:25
O000554,C01160,2026-04-16 13:23:30,cancelled,2026-04-28 13:23:30,
O000555,C01783,2026-03-31 06:49:14,cancelled,2026-04-08 06:49:14,
O000556,C00914,2025-02-04 20:14:34,delivered,2025-02-06 20:14:34,2025-02-11 20:14:34
O000557,C01663,2024-10-18 01:45:55,delivered,2024-10-23 01:45:55,2024-10-22 01:45:55
O000558,C00554,2026-01-26 00:17:15,delivered,2026-02-01 00:17:15,2026-01-30 00:17:15
O000559,C02252,2025-04-30 16:09:07,shipped,2025-05-06 16:09:07,
O000560,C01274,2025-10-31 05:14:57,delivered,2025-11-06 05:14:57,2025-11-05 05:14:57
O000561,C02203,2024-07-05 05:03:52,delivered,2024-07-09 05:03:52,2024-07-11 05:03:52
O000562,C02134,2024-11-30 18:03:01,delivered,2024-12-02 18:03:01,2024-12-10 18:03:01
O000563,C01382,2024-03-09 04:47:50,cancelled,2024-03-21 04:47:50,
O000564,C00360,2025-12-02 18:34:20,delivered,2025-12-08 18:34:20,2025-12-06 18:34:20
O000565,C01309,2024-02-20 19:47:07,delivered,2024-02-26 19:47:07,2024-03-03 19:47:07
O000566,C00157,2025-01-07 05:30:05,delivered,2025-01-10 05:30:05,2025-01-08 05:30:05
O000567,C01188,2024-08-08 11:31:28,processing,2024-08-18 11:31:28,
O000568,C00628,2026-06-29 05:05:41,delivered,2026-07-09 05:05:41,2026-07-02 05:05:41
O000569,C01631,2026-05-26 01:34:26,delivered,2026-05-31 01:34:26,2026-05-27 01:34:26
O000570,C01863,2026-01-11 11:26:07,delivered,2026-01-13 11:26:07,2026-01-19 11:26:07
O000571,C01117,2025-06-26 10:15:46,delivered,2025-07-03 10:15:46,2025-07-07 10:15:46
O000572,C01356,2026-01-26 04:01:06,delivered,2026-01-30 04:01:06,2026-01-31 04:01:06
O000573,C00217,2024-01-03 21:01:52,shipped,2024-01-09 21:01:52,
O000574,C00918,2026-06-02 07:43:29,cancelled,2026-06-14 07:43:29,
O000575,C00284,2024-02-28 12:38:23,delivered,2024-03-10 12:38:23,2024-03-06 12:38:23
O000576,C01454,2026-04-27 05:26:01,returned,2026-05-04 05:26:01,2026-05-06 05:26:01
O000577,C02100,2026-05-31 00:43:37,delivered,2026-06-02 00:43:37,2026-06-02 00:43:37
O000578,C00550,2025-12-15 14:02:34,delivered,2025-12-18 14:02:34,2025-12-20 14:02:34
O000579,C00493,2024-07-28 13:24:46,delivered,2024-08-08 13:24:46,2024-08-03 13:24:46
O000580,C02045,2025-04-06 22:06:28,delivered,2025-04-17 22:06:28,2025-04-16 22:06:28
O000581,C02329,2025-03-06 21:18:32,delivered,2025-03-11 21:18:32,2025-03-12 21:18:32
O000582,C01039,2025-05-06 18:21:23,delivered,2025-05-10 18:21:23,2025-05-09 18:21:23
O000583,C01334,2025-05-08 18:01:13,delivered,2025-05-19 18:01:13,2025-05-15 18:01:13
O000584,C00647,2024-02-21 22:32:00,delivered,2024-02-23 22:32:00,2024-03-02 22:32:00
O000585,C01292,2024-11-28 00:36:12,delivered,2024-12-04 00:36:12,2024-11-29 00:36:12
O000586,C00466,2024-08-07 05:39:57,delivered,2024-08-19 05:39:57,2024-08-13 05:39:57
O000587,C01575,2024-07-10 10:59:29,shipped,2024-07-17 10:59:29,
O000588,C00695,2024-05-27 09:06:02,delivered,2024-05-29 09:06:02,2024-05-28 09:06:02
O000589,C00208,2026-03-26 09:05:46,cancelled,2026-04-05 09:05:46,
O000590,C00699,2024-06-18 10:35:50,delivered,2024-06-27 10:35:50,2024-06-25 10:35:50
O000591,C00576,2025-06-14 12:23:55,returned,2025-06-25 12:23:55,2025-06-23 12:23:55
O000592,C00351,2026-04-13 21:17:43,shipped,2026-04-25 21:17:43,
O000593,C01166,2026-05-25 06:07:53,delivered,,2026-06-03 06:07:53
O000594,C02228,2024-03-16 19:45:01,delivered,2024-03-20 19:45:01,2024-03-23 19:45:01
O000595,C00563,2024-08-10 03:43:34,delivered,2024-08-20 03:43:34,2024-08-16 03:43:34
O000596,C00042,2024-05-22 11:24:03,delivered,2024-05-28 11:24:03,2024-05-30 11:24:03
O000597,C01619,2025-04-26 11:00:34,delivered,2025-05-06 11:00:34,2025-04-30 11:00:34
O000598,C01412,2024-10-10 06:39:26,delivered,2024-10-16 06:39:26,2024-10-18 06:39:26
O000599,C00947,2024-03-21 18:58:16,delivered,2024-03-28 18:58:16,2024-03-25 18:58:16
O000600,C01536,2024-01-07 20:20:15,delivered,2024-01-13 20:20:15,2024-01-10 20:20:15
O000601,C01139,2026-02-05 06:14:14,delivered,2026-02-12 06:14:14,2026-02-08 06:14:14
O000602,C00125,2024-09-14 02:21:44,delivered,2024-09-23 02:21:44,2024-09-24 02:21:44
O000603,C00459,2024-05-23 18:47:07,delivered,2024-05-26 18:47:07,2024-06-02 18:47:07
O000604,C02484,2026-05-11 07:29:40,delivered,2026-05-14 07:29:40,2026-05-21 07:29:40
O000605,C01928,2025-06-29 16:13:27,delivered,2025-07-11 16:13:27,2025-07-06 16:13:27
O000606,C00817,2024-05-04 08:32:04,delivered,2024-05-11 08:32:04,2024-05-11 08:32:04
O000607,C02142,2026-03-30 21:50:31,processing,2026-04-09 21:50:31,
O000608,C00659,2024-02-12 10:06:43,delivered,2024-02-17 10:06:43,2024-02-18 10:06:43
O000609,C01277,2026-01-15 01:27:29,delivered,2026-01-27 01:27:29,2026-01-20 01:27:29
O000610,C00965,2025-08-20 06:39:06,delivered,2025-09-01 06:39:06,2025-08-21 06:39:06
O000611,C01471,2025-11-29 23:37:30,delivered,2025-12-06 23:37:30,2025-12-06 23:37:30
O000612,C00159,2025-04-11 05:05:28,delivered,2025-04-13 05:05:28,2025-04-17 05:05:28
O000613,C00389,2026-06-28 00:50:12,cancelled,2026-07-04 00:50:12,
O000614,C01060,2025-07-30 19:58:27,delivered,2025-08-02 19:58:27,2025-08-12 19:58:27
O000615,C01734,2026-03-02 19:18:02,delivered,2026-03-13 19:18:02,2026-03-08 19:18:02
O000616,C00092,2024-10-16 19:12:06,delivered,2024-10-28 19:12:06,2024-10-22 19:12:06
O000617,C00842,2024-05-06 02:39:33,shipped,2024-05-12 02:39:33,
O000618,C00836,2024-02-24 01:12:11,delivered,2024-02-28 01:12:11,2024-03-04 01:12:11
O000619,C00446,2025-12-02 11:23:02,delivered,2025-12-13 11:23:02,2025-12-04 11:23:02
O000620,C01645,2025-06-26 04:37:59,delivered,2025-07-07 04:37:59,2025-06-29 04:37:59
O000621,C02083,2024-03-31 21:19:56,delivered,2024-04-12 21:19:56,2024-04-05 21:19:56
O000622,C01584,2025-08-04 19:22:19,processing,2025-08-08 19:22:19,
O000623,C01189,2025-10-30 13:49:46,delivered,2025-11-02 13:49:46,2025-11-07 13:49:46
O000624,C00912,2024-05-24 23:01:08,delivered,2024-06-02 23:01:08,2024-06-03 23:01:08
O000625,C02176,2024-09-21 09:44:13,cancelled,2024-09-30 09:44:13,
O000626,C01452,2025-12-29 22:41:21,delivered,2026-01-07 22:41:21,2026-01-04 22:41:21
O000627,C00166,2024-10-11 14:10:44,delivered,2024-10-18 14:10:44,2024-10-17 14:10:44
O000628,C02408,2024-12-31 06:10:43,delivered,2025-01-10 06:10:43,2025-01-06 06:10:43
O000629,C00677,2024-03-10 09:22:25,delivered,2024-03-22 09:22:25,2024-03-18 09:22:25
O000630,C00351,2026-01-29 11:20:08,delivered,2026-01-31 11:20:08,2026-02-08 11:20:08
O000631,C00350,2026-06-11 05:42:08,cancelled,2026-06-14 05:42:08,
O000632,C02257,2025-06-22 19:36:12,delivered,2025-06-30 19:36:12,2025-06-28 19:36:12
O000633,C01601,2025-02-26 22:38:50,delivered,2025-03-06 22:38:50,2025-03-04 22:38:50
O000634,C01644,2024-05-29 03:51:39,delivered,2024-06-06 03:51:39,2024-06-02 03:51:39
O000635,C01719,2025-07-31 18:35:44,delivered,2025-08-07 18:35:44,2025-08-04 18:35:44
O000636,C00888,2025-04-10 17:12:38,delivered,2025-04-14 17:12:38,2025-04-17 17:12:38
O000637,C01594,2024-12-18 02:29:08,delivered,2024-12-27 02:29:08,2024-12-20 02:29:08
O000638,C00633,2026-05-23 09:04:18,delivered,2026-06-02 09:04:18,2026-05-29 09:04:18
O000639,C00300,2026-04-20 08:57:09,shipped,2026-04-28 08:57:09,
O000640,C01808,2026-04-15 01:00:19,delivered,2026-04-17 01:00:19,2026-04-20 01:00:19
O000641,C00807,2025-01-31 20:22:56,delivered,2025-02-12 20:22:56,2025-02-05 20:22:56
O000642,C01758,2024-05-04 19:03:39,delivered,2024-05-14 19:03:39,2024-05-09 19:03:39
O000643,C00559,2024-07-28 07:57:58,delivered,2024-08-08 07:57:58,2024-08-04 07:57:58
O000644,C01556,2025-02-03 00:15:26,delivered,2025-02-11 00:15:26,2025-02-04 00:15:26
O000645,C00758,2024-03-13 17:52:37,delivered,2024-03-19 17:52:37,2024-03-15 17:52:37
O000646,C02437,2026-04-26 19:31:22,delivered,2026-05-08 19:31:22,2026-05-02 19:31:22
O000647,C02322,2026-04-20 08:42:14,delivered,2026-04-22 08:42:14,2026-04-27 08:42:14
O000648,C01869,2025-12-30 03:14:24,delivered,2026-01-06 03:14:24,2026-01-03 03:14:24
O000649,C00529,2024-09-27 15:27:29,cancelled,2024-10-03 15:27:29,
O000650,C01988,2025-08-27 16:39:35,delivered,2025-09-05 16:39:35,2025-08-28 16:39:35
O000651,C00770,2025-07-06 16:32:12,delivered,2025-07-10 16:32:12,2025-07-16 16:32:12
O000652,C01741,2025-02-21 07:54:11,delivered,2025-02-26 07:54:11,2025-02-22 07:54:11
O000653,C00269,2025-11-19 09:57:48,processing,2025-11-21 09:57:48,
O000654,C00755,2025-06-11 01:58:12,shipped,2025-06-23 01:58:12,
O000655,C00530,2026-02-13 17:48:09,delivered,2026-02-25 17:48:09,2026-02-19 17:48:09
O000656,C01012,2025-08-17 07:54:23,delivered,2025-08-28 07:54:23,2025-08-24 07:54:23
O000657,C01354,2025-05-31 06:35:15,processing,2025-06-09 06:35:15,
O000658,C01809,2024-12-20 21:49:31,delivered,2024-12-27 21:49:31,2024-12-24 21:49:31
O000659,C00188,2024-01-04 10:03:09,shipped,2024-01-09 10:03:09,
O000660,C02084,2024-02-18 22:50:08,delivered,2024-02-27 22:50:08,2024-02-22 22:50:08
O000661,C01950,2025-04-01 12:02:26,delivered,2025-04-08 12:02:26,2025-04-10 12:02:26
O000662,C01168,2026-04-22 02:22:07,delivered,2026-04-30 02:22:07,2026-04-28 02:22:07
O000663,C01341,2026-03-19 14:59:40,delivered,2026-03-31 14:59:40,2026-03-24 14:59:40
O000664,C00590,2025-03-15 11:10:24,delivered,2025-03-19 11:10:24,2025-03-23 11:10:24
O000665,C02488,2025-10-15 13:26:42,delivered,2025-10-27 13:26:42,2025-10-24 13:26:42
O000666,C00910,2025-03-17 00:10:38,delivered,2025-03-28 00:10:38,2025-03-26 00:10:38
O000667,C00864,2026-04-06 05:11:50,delivered,2026-04-10 05:11:50,2026-04-07 05:11:50
O000668,C02456,2026-01-16 14:03:57,delivered,2026-01-18 14:03:57,2026-01-28 14:03:57
O000669,C01476,2024-03-26 18:56:15,cancelled,2024-04-06 18:56:15,
O000670,C01619,2025-08-16 06:56:24,delivered,2025-08-24 06:56:24,2025-08-23 06:56:24
O000671,C01491,2024-06-04 07:52:24,delivered,2024-06-09 07:52:24,2024-06-10 07:52:24
O000672,C00401,2025-11-10 16:37:14,delivered,2025-11-17 16:37:14,2025-11-13 16:37:14
O000673,C01971,2024-04-26 13:34:12,cancelled,2024-05-03 13:34:12,
O000674,C00136,2026-05-14 09:15:59,delivered,2026-05-25 09:15:59,2026-05-19 09:15:59
O000675,C00679,2025-06-25 07:49:54,delivered,2025-07-03 07:49:54,2025-06-30 07:49:54
O000676,C00774,2025-06-03 14:27:12,processing,2025-06-07 14:27:12,
O000677,C00049,2025-01-04 07:11:11,delivered,2025-01-14 07:11:11,2025-01-09 07:11:11
O000678,C00029,2025-07-26 23:50:58,delivered,2025-07-28 23:50:58,2025-08-04 23:50:58
O000679,C00993,2026-01-12 05:00:28,delivered,2026-01-23 05:00:28,2026-01-17 05:00:28
O000680,C00201,2025-11-15 14:18:15,delivered,2025-11-22 14:18:15,2025-11-21 14:18:15
O000681,C01124,2026-04-20 12:12:24,delivered,2026-04-29 12:12:24,2026-04-21 12:12:24
O000682,C00165,2024-05-12 05:33:17,delivered,,2024-05-16 05:33:17
O000683,C02044,2024-06-27 16:41:46,cancelled,2024-07-08 16:41:46,
O000684,C01610,2026-03-26 12:37:36,delivered,2026-03-31 12:37:36,2026-03-29 12:37:36
O000685,C00478,2024-09-25 04:50:57,delivered,2024-10-03 04:50:57,2024-09-30 04:50:57
O000686,C00834,2024-10-04 10:34:35,cancelled,2024-10-07 10:34:35,
O000687,C01226,2024-07-02 22:46:20,delivered,2024-07-10 22:46:20,2024-07-07 22:46:20
O000688,C01038,2025-03-27 07:26:17,delivered,2025-04-08 07:26:17,2025-04-06 07:26:17
O000689,C00727,2025-12-04 08:32:30,delivered,2025-12-13 08:32:30,2025-12-11 08:32:30
O000690,C02419,2025-02-02 04:09:32,delivered,2025-02-10 04:09:32,2025-02-08 04:09:32
O000691,C00675,2024-11-22 00:04:51,delivered,2024-11-27 00:04:51,2024-11-28 00:04:51
O000692,C01619,2026-02-20 13:51:42,delivered,2026-03-04 13:51:42,2026-02-24 13:51:42
O000693,C01450,2025-08-15 13:24:22,delivered,2025-08-22 13:24:22,2025-08-19 13:24:22
O000694,C00065,2025-04-25 11:21:19,delivered,2025-04-28 11:21:19,2025-05-04 11:21:19
O000695,C01259,2025-11-23 17:02:22,processing,2025-12-01 17:02:22,
O000696,C01171,2024-04-16 19:09:55,delivered,2024-04-20 19:09:55,2024-04-23 19:09:55
O000697,C01710,2025-11-29 13:11:56,delivered,2025-12-06 13:11:56,2025-12-02 13:11:56
O000698,C00338,2025-11-06 17:54:17,delivered,2025-11-10 17:54:17,2025-11-15 17:54:17
O000699,C00004,2024-03-01 20:23:55,delivered,2024-03-04 20:23:55,2024-03-04 20:23:55
O000700,C00687,2024-01-23 09:52:16,delivered,2024-01-30 09:52:16,2024-01-30 09:52:16
O000701,C00773,2025-11-05 07:57:20,delivered,2025-11-07 07:57:20,2025-11-09 07:57:20
O000702,C01761,2024-02-25 06:34:49,delivered,2024-03-08 06:34:49,2024-02-29 06:34:49
O000703,C01025,2024-07-25 13:02:33,delivered,2024-07-28 13:02:33,2024-07-31 13:02:33
O000704,C01276,2025-11-01 18:56:00,delivered,2025-11-03 18:56:00,2025-11-05 18:56:00
O000705,C01171,2025-07-29 08:54:31,delivered,2025-08-04 08:54:31,2025-08-02 08:54:31
O000706,C02292,2025-09-09 03:04:52,delivered,2025-09-20 03:04:52,2025-09-17 03:04:52
O000707,C00185,2024-05-07 10:58:06,delivered,2024-05-09 10:58:06,2024-05-18 10:58:06
O000708,C00434,2025-02-27 03:33:31,delivered,2025-03-05 03:33:31,2025-03-08 03:33:31
O000709,C01603,2025-06-17 18:29:56,delivered,2025-06-24 18:29:56,2025-06-18 18:29:56
O000710,C01400,2025-08-05 13:29:21,delivered,2025-08-13 13:29:21,2025-08-13 13:29:21
O000711,C02485,2025-02-22 07:12:58,delivered,2025-03-02 07:12:58,2025-02-23 07:12:58
O000712,C01661,2025-08-23 00:21:48,delivered,2025-08-31 00:21:48,2025-08-26 00:21:48
O000713,C01693,2024-07-12 12:40:52,delivered,2024-07-17 12:40:52,2024-07-16 12:40:52
O000714,C00145,2024-08-10 05:48:05,delivered,2024-08-12 05:48:05,2024-08-20 05:48:05
O000715,C00995,2026-05-04 19:39:44,delivered,2026-05-12 19:39:44,2026-05-05 19:39:44
O000716,C01603,2025-03-10 14:00:54,delivered,2025-03-18 14:00:54,2025-03-11 14:00:54
O000717,C00127,2026-05-02 08:11:20,delivered,2026-05-07 08:11:20,2026-05-05 08:11:20
O000718,C01650,2025-05-28 16:33:28,delivered,2025-06-06 16:33:28,2025-06-03 16:33:28
O000719,C01344,2024-05-03 10:04:06,delivered,2024-05-12 10:04:06,2024-05-06 10:04:06
O000720,C02309,2025-11-13 00:51:46,processing,2025-11-17 00:51:46,
O000721,C01790,2024-12-17 22:46:03,delivered,2024-12-19 22:46:03,2024-12-21 22:46:03
O000722,C00063,2024-04-29 21:05:13,delivered,2024-05-02 21:05:13,2024-05-06 21:05:13
O000723,C02256,2025-07-16 03:38:53,cancelled,2025-07-20 03:38:53,
O000724,C00794,2025-08-26 14:51:22,delivered,2025-08-28 14:51:22,2025-09-01 14:51:22
O000725,C01450,2025-06-13 18:17:58,delivered,2025-06-16 18:17:58,2025-06-22 18:17:58
O000726,C00372,2026-03-09 10:41:59,delivered,2026-03-16 10:41:59,2026-03-14 10:41:59
O000727,C00950,2025-10-07 11:15:05,delivered,2025-10-13 11:15:05,2025-10-12 11:15:05
O000728,C01435,2024-10-27 04:34:55,cancelled,2024-11-06 04:34:55,
O000729,C01285,2025-08-01 16:19:43,delivered,2025-08-12 16:19:43,2025-08-03 16:19:43
O000730,C02311,2025-09-18 17:07:34,delivered,2025-09-28 17:07:34,2025-09-21 17:07:34
O000731,C00993,2025-06-06 06:04:28,processing,2025-06-15 06:04:28,
O000732,C00242,2024-06-08 19:19:15,returned,2024-06-17 19:19:15,2024-06-15 19:19:15
O000733,C01549,2024-11-27 12:26:14,delivered,2024-12-06 12:26:14,2024-12-01 12:26:14
O000734,C00461,2026-04-15 18:57:19,delivered,2026-04-18 18:57:19,2026-04-19 18:57:19
O000735,C00038,2025-09-15 19:49:41,delivered,2025-09-20 19:49:41,2025-09-17 19:49:41
O000736,C01928,2026-05-23 19:18:49,cancelled,2026-06-04 19:18:49,
O000737,C01901,2024-03-31 13:44:44,delivered,2024-04-10 13:44:44,2024-04-05 13:44:44
O000738,C00733,2026-01-11 20:49:21,cancelled,2026-01-14 20:49:21,
O000739,C01140,2024-03-06 19:37:48,delivered,2024-03-13 19:37:48,2024-03-08 19:37:48
O000740,C01264,2025-04-02 21:06:05,shipped,2025-04-12 21:06:05,
O000741,C01712,2024-06-25 19:39:25,delivered,2024-07-05 19:39:25,2024-06-29 19:39:25
O000742,C01913,2026-06-15 07:46:19,delivered,2026-06-18 07:46:19,2026-06-17 07:46:19
O000743,C01277,2025-09-15 01:47:15,delivered,2025-09-21 01:47:15,2025-09-21 01:47:15
O000744,C02147,2024-10-07 13:12:37,shipped,2024-10-13 13:12:37,
O000745,C01699,2026-02-04 01:35:35,delivered,,2026-02-11 01:35:35
O000746,C01706,2025-02-02 22:48:34,delivered,2025-02-12 22:48:34,2025-02-05 22:48:34
O000747,C01888,2024-03-19 02:27:49,delivered,2024-03-21 02:27:49,2024-03-23 02:27:49
O000748,C00500,2025-05-26 02:56:01,delivered,2025-06-06 02:56:01,2025-06-01 02:56:01
O000749,C01461,2026-03-16 23:47:45,delivered,2026-03-26 23:47:45,2026-03-17 23:47:45
O000750,C01141,2026-02-06 21:51:01,delivered,2026-02-17 21:51:01,2026-02-11 21:51:01
O000751,C00863,2025-09-02 21:15:50,delivered,2025-09-06 21:15:50,2025-09-10 21:15:50
O000752,C00434,2024-12-08 21:16:58,delivered,2024-12-15 21:16:58,2024-12-15 21:16:58
O000753,C00122,2024-07-24 09:19:40,delivered,2024-08-03 09:19:40,2024-07-28 09:19:40
O000754,C00544,2026-03-20 19:25:24,delivered,2026-03-31 19:25:24,2026-03-25 19:25:24
O000755,C00405,2025-03-13 07:08:49,delivered,2025-03-23 07:08:49,2025-03-21 07:08:49
O000756,C01417,2024-07-11 06:35:03,delivered,2024-07-21 06:35:03,2024-07-21 06:35:03
O000757,C00955,2025-09-16 14:00:55,delivered,2025-09-18 14:00:55,2025-09-17 14:00:55
O000758,C00427,2025-12-02 18:18:30,delivered,2025-12-12 18:18:30,2025-12-04 18:18:30
O000759,C00596,2025-01-29 11:55:51,delivered,2025-02-02 11:55:51,2025-02-05 11:55:51
O000760,C00106,2025-10-15 19:17:25,delivered,2025-10-22 19:17:25,2025-10-24 19:17:25
O000761,C01110,2026-02-06 11:07:12,delivered,2026-02-08 11:07:12,2026-02-11 11:07:12
O000762,C00723,2026-01-20 20:27:18,delivered,2026-01-27 20:27:18,2026-01-25 20:27:18
O000763,C01684,2025-02-21 22:58:35,shipped,2025-02-28 22:58:35,
O000764,C01322,2024-07-11 21:22:15,delivered,2024-07-15 21:22:15,2024-07-13 21:22:15
O000765,C01676,2025-11-29 14:26:55,shipped,2025-12-08 14:26:55,
O000766,C01682,2026-06-13 10:45:48,delivered,2026-06-22 10:45:48,2026-06-16 10:45:48
O000767,C02091,2024-11-12 15:19:42,delivered,2024-11-21 15:19:42,2024-11-20 15:19:42
O000768,C01610,2024-03-07 08:38:57,delivered,2024-03-18 08:38:57,2024-03-15 08:38:57
O000769,C01688,2025-08-01 10:06:17,delivered,2025-08-06 10:06:17,2025-08-04 10:06:17
O000770,C02286,2026-02-14 23:47:37,delivered,2026-02-20 23:47:37,2026-02-16 23:47:37
O000771,C00641,2025-09-29 13:35:52,delivered,2025-10-07 13:35:52,2025-09-30 13:35:52
O000772,C01303,2025-07-28 14:27:34,delivered,2025-08-05 14:27:34,2025-08-03 14:27:34
O000773,C01370,2025-06-26 23:32:00,delivered,2025-06-29 23:32:00,2025-07-01 23:32:00
O000774,C01842,2024-02-10 18:34:14,delivered,2024-02-12 18:34:14,2024-02-16 18:34:14
O000775,C00557,2025-02-15 18:45:44,delivered,2025-02-26 18:45:44,2025-02-22 18:45:44
O000776,C01389,2025-01-20 08:03:33,delivered,2025-02-01 08:03:33,2025-01-21 08:03:33
O000777,C01729,2026-03-05 09:24:13,delivered,2026-03-08 09:24:13,2026-03-09 09:24:13
O000778,C00918,2024-03-21 09:27:21,delivered,2024-03-28 09:27:21,2024-03-23 09:27:21
O000779,C00521,2026-05-17 08:13:56,delivered,2026-05-21 08:13:56,2026-05-29 08:13:56
O000780,C02123,2024-08-12 13:26:04,delivered,2024-08-18 13:26:04,2024-08-13 13:26:04
O000781,C00967,2024-03-25 06:20:08,delivered,2024-03-30 06:20:08,2024-04-01 06:20:08
O000782,C01723,2024-05-13 20:32:08,delivered,2024-05-15 20:32:08,2024-05-17 20:32:08
O000783,C02166,2025-03-17 15:32:41,returned,2025-03-28 15:32:41,2025-03-20 15:32:41
O000784,C00546,2024-11-28 07:42:33,delivered,2024-12-09 07:42:33,2024-12-02 07:42:33
O000785,C01155,2025-06-22 11:15:02,delivered,2025-06-24 11:15:02,2025-06-28 11:15:02
O000786,C01011,2025-01-12 18:18:45,delivered,2025-01-18 18:18:45,2025-01-14 18:18:45
O000787,C02426,2024-10-23 14:58:57,delivered,2024-11-01 14:58:57,2024-10-25 14:58:57
O000788,C00471,2025-12-30 20:23:56,delivered,2026-01-08 20:23:56,2026-01-04 20:23:56
O000789,C01705,2025-09-02 02:06:03,delivered,2025-09-09 02:06:03,2025-09-10 02:06:03
O000790,C02109,2025-12-12 17:36:45,processing,2025-12-18 17:36:45,
O000791,C00184,2024-12-19 04:11:08,delivered,2024-12-30 04:11:08,2024-12-23 04:11:08
O000792,C01322,2024-02-19 07:31:47,delivered,2024-02-21 07:31:47,2024-02-23 07:31:47
O000793,C02362,2025-09-02 01:16:57,delivered,2025-09-08 01:16:57,2025-09-10 01:16:57
O000794,C01188,2026-02-25 08:23:01,delivered,2026-03-05 08:23:01,2026-02-26 08:23:01
O000795,C02141,2025-12-06 08:09:19,delivered,2025-12-12 08:09:19,2025-12-10 08:09:19
O000796,C00892,2024-01-17 02:14:42,delivered,2024-01-22 02:14:42,2024-01-24 02:14:42
O000797,C01010,2025-09-10 15:07:55,delivered,2025-09-14 15:07:55,2025-09-11 15:07:55
O000798,C01959,2024-01-10 01:48:24,delivered,2024-01-21 01:48:24,2024-01-13 01:48:24
O000799,C00259,2026-01-09 21:29:49,delivered,2026-01-17 21:29:49,2026-01-15 21:29:49
O000800,C02160,2025-09-19 18:07:34,delivered,2025-09-24 18:07:34,2025-09-21 18:07:34
O000801,C02256,2024-12-27 01:47:39,delivered,2024-12-29 01:47:39,2025-01-05 01:47:39
O000802,C01065,2024-09-16 18:11:16,delivered,2024-09-27 18:11:16,2024-09-22 18:11:16
O000803,C00938,2024-07-22 17:27:30,delivered,2024-07-26 17:27:30,2024-07-31 17:27:30
O000804,C01105,2024-12-29 21:23:24,delivered,2025-01-03 21:23:24,2025-01-07 21:23:24
O000805,C01227,2025-06-02 21:41:06,delivered,2025-06-09 21:41:06,2025-06-12 21:41:06
O000806,C01956,2025-05-03 17:35:56,delivered,2025-05-12 17:35:56,2025-05-08 17:35:56
O000807,C00905,2024-05-09 06:49:22,shipped,2024-05-11 06:49:22,
O000808,C02324,2024-03-09 20:48:47,delivered,2024-03-15 20:48:47,2024-03-19 20:48:47
O000809,C01510,2025-09-19 17:11:45,delivered,2025-09-30 17:11:45,2025-09-26 17:11:45
O000810,C00780,2025-04-21 15:28:15,delivered,2025-05-02 15:28:15,2025-05-01 15:28:15
O000811,C00046,2026-03-20 02:00:41,delivered,2026-03-26 02:00:41,2026-03-29 02:00:41
O000812,C01658,2024-12-30 05:22:41,delivered,2025-01-03 05:22:41,2025-01-09 05:22:41
O000813,C02268,2024-04-02 21:29:33,delivered,2024-04-12 21:29:33,2024-04-09 21:29:33
O000814,C01520,2024-02-04 16:30:33,delivered,2024-02-06 16:30:33,2024-02-10 16:30:33
O000815,C01271,2024-03-27 08:06:29,delivered,2024-04-05 08:06:29,2024-04-02 08:06:29
O000816,C01742,2026-03-08 18:46:58,cancelled,2026-03-16 18:46:58,
O000817,C01340,2024-10-24 03:39:30,shipped,2024-10-31 03:39:30,
O000818,C02166,2025-04-03 05:30:24,delivered,2025-04-12 05:30:24,2025-04-05 05:30:24
O000819,C01407,2025-10-12 13:21:07,delivered,2025-10-20 13:21:07,2025-10-21 13:21:07
O000820,C01575,2024-11-13 22:05:58,delivered,2024-11-24 22:05:58,2024-11-19 22:05:58
O000821,C00754,2024-09-23 09:54:30,delivered,2024-10-04 09:54:30,2024-09-30 09:54:30
O000822,C00428,2024-11-04 00:22:22,delivered,2024-11-12 00:22:22,2024-11-12 00:22:22
O000823,C02298,2024-04-15 08:06:53,processing,2024-04-20 08:06:53,
O000824,C00949,2024-04-24 05:38:08,shipped,2024-04-29 05:38:08,
O000825,C02041,2026-03-21 23:15:38,delivered,2026-03-27 23:15:38,2026-03-24 23:15:38
O000826,C01076,2026-02-23 03:48:54,delivered,2026-03-03 03:48:54,2026-03-01 03:48:54
O000827,C01153,2025-11-06 04:24:28,delivered,,2025-11-15 04:24:28
O000828,C01475,2024-12-18 02:38:08,shipped,2024-12-29 02:38:08,
O000829,C01122,2025-10-24 19:08:10,cancelled,2025-10-26 19:08:10,
O000830,C00432,2026-01-20 09:02:16,delivered,2026-01-29 09:02:16,2026-01-27 09:02:16
O000831,C01829,2025-10-17 16:40:05,delivered,2025-10-28 16:40:05,2025-10-19 16:40:05
O000832,C00858,2026-02-20 06:47:54,delivered,2026-02-23 06:47:54,2026-02-22 06:47:54
O000833,C01497,2024-07-17 02:37:12,delivered,2024-07-23 02:37:12,2024-07-23 02:37:12
O000834,C00716,2026-04-09 05:13:35,delivered,2026-04-18 05:13:35,2026-04-11 05:13:35
O000835,C00264,2024-02-08 20:32:48,returned,2024-02-17 20:32:48,2024-02-14 20:32:48
O000836,C00803,2024-02-25 19:07:52,delivered,2024-03-05 19:07:52,2024-03-04 19:07:52
O000837,C02018,2024-10-19 18:42:07,shipped,2024-10-31 18:42:07,
O000838,C00709,2024-05-18 20:55:52,delivered,2024-05-30 20:55:52,2024-05-24 20:55:52
O000839,C01105,2026-02-10 15:36:04,delivered,2026-02-18 15:36:04,2026-02-21 15:36:04
O000840,C00859,2024-08-30 04:00:16,delivered,2024-09-06 04:00:16,2024-09-03 04:00:16
O000841,C00224,2025-12-04 20:38:43,delivered,2025-12-12 20:38:43,2025-12-09 20:38:43
O000842,C00024,2026-05-11 12:06:49,delivered,2026-05-20 12:06:49,2026-05-17 12:06:49
O000843,C00223,2025-02-10 15:04:51,delivered,2025-02-18 15:04:51,2025-02-15 15:04:51
O000844,C01425,2024-06-16 14:20:11,returned,2024-06-23 14:20:11,2024-06-25 14:20:11
O000845,C00836,2025-03-30 02:42:25,cancelled,2025-04-08 02:42:25,
O000846,C00119,2025-01-31 03:47:46,delivered,2025-02-02 03:47:46,2025-02-09 03:47:46
O000847,C00261,2025-08-06 02:19:25,delivered,2025-08-18 02:19:25,2025-08-17 02:19:25
O000848,C01241,2025-11-07 02:32:17,shipped,2025-11-13 02:32:17,
O000849,C01204,2024-05-09 02:40:05,delivered,2024-05-17 02:40:05,2024-05-20 02:40:05
O000850,C01175,2025-03-10 09:21:41,delivered,2025-03-15 09:21:41,2025-03-14 09:21:41
O000851,C00992,2025-10-09 03:49:46,delivered,2025-10-11 03:49:46,2025-10-17 03:49:46
O000852,C01162,2025-05-15 11:09:25,shipped,2025-05-20 11:09:25,
O000853,C01310,2024-02-19 09:15:07,returned,2024-03-01 09:15:07,2024-03-02 09:15:07
O000854,C01979,2025-08-07 05:34:35,delivered,2025-08-17 05:34:35,2025-08-11 05:34:35
O000855,C01562,2024-06-30 17:45:58,delivered,2024-07-11 17:45:58,2024-07-14 17:45:58
O000856,C00760,2024-12-03 14:12:20,delivered,2024-12-07 14:12:20,2024-12-07 14:12:20
O000857,C00737,2026-03-14 03:41:08,delivered,2026-03-20 03:41:08,2026-03-19 03:41:08
O000858,C01352,2024-08-19 23:20:16,delivered,2024-08-21 23:20:16,2024-08-27 23:20:16
O000859,C00208,2024-04-19 01:04:11,delivered,2024-04-24 01:04:11,2024-04-21 01:04:11
O000860,C01019,2025-05-06 00:26:04,returned,2025-05-13 00:26:04,2025-05-11 00:26:04
O000861,C01526,2024-04-19 22:44:26,delivered,2024-04-28 22:44:26,2024-04-26 22:44:26
O000862,C01621,2024-06-22 11:08:54,shipped,2024-06-29 11:08:54,
O000863,C00415,2025-11-14 04:31:34,delivered,2025-11-16 04:31:34,2025-11-21 04:31:34
O000864,C00887,2026-01-31 01:12:47,delivered,2026-02-02 01:12:47,2026-02-03 01:12:47
O000865,C02418,2024-12-06 12:16:05,delivered,2024-12-08 12:16:05,2024-12-09 12:16:05
O000866,C01223,2024-05-10 10:52:12,delivered,2024-05-16 10:52:12,2024-05-18 10:52:12
O000867,C00141,2025-09-28 12:34:56,delivered,2025-10-10 12:34:56,2025-10-02 12:34:56
O000868,C01784,2024-11-30 16:15:49,returned,2024-12-10 16:15:49,2024-12-14 16:15:49
O000869,C02042,2026-03-29 11:30:13,delivered,2026-04-09 11:30:13,2026-04-03 11:30:13
O000870,C01776,2025-01-02 11:15:44,delivered,2025-01-04 11:15:44,2025-01-08 11:15:44
O000871,C02260,2025-08-17 22:01:40,delivered,2025-08-23 22:01:40,2025-08-21 22:01:40
O000872,C00246,2025-07-24 04:16:41,delivered,2025-07-31 04:16:41,2025-07-27 04:16:41
O000873,C00409,2025-02-27 18:33:53,delivered,2025-03-05 18:33:53,2025-03-04 18:33:53
O000874,C02440,2026-04-16 05:43:13,delivered,2026-04-25 05:43:13,2026-04-21 05:43:13
O000875,C00962,2026-06-22 21:07:06,delivered,2026-06-28 21:07:06,2026-06-26 21:07:06
O000876,C01772,2025-03-11 14:34:25,delivered,2025-03-22 14:34:25,2025-03-19 14:34:25
O000877,C00064,2025-06-27 12:55:35,delivered,2025-07-06 12:55:35,2025-07-01 12:55:35
O000878,C00455,2024-10-05 01:14:22,delivered,2024-10-14 01:14:22,2024-10-06 01:14:22
O000879,C00542,2025-01-14 14:10:45,returned,2025-01-19 14:10:45,2025-01-21 14:10:45
O000880,C00586,2025-05-01 14:09:56,delivered,2025-05-13 14:09:56,2025-05-02 14:09:56
O000881,C02458,2026-04-23 10:23:37,delivered,2026-04-30 10:23:37,2026-05-06 10:23:37
O000882,C01596,2024-07-16 15:35:41,delivered,2024-07-18 15:35:41,2024-07-24 15:35:41
O000883,C02146,2024-03-05 07:09:38,delivered,2024-03-11 07:09:38,2024-03-12 07:09:38
O000884,C02222,2024-06-08 20:08:41,delivered,2024-06-19 20:08:41,2024-06-15 20:08:41
O000885,C00852,2026-01-08 17:32:13,delivered,2026-01-20 17:32:13,2026-01-15 17:32:13
O000886,C01008,2025-12-08 16:57:40,delivered,2025-12-18 16:57:40,2025-12-13 16:57:40
O000887,C00411,2026-01-31 11:31:56,delivered,2026-02-03 11:31:56,2026-02-05 11:31:56
O000888,C02168,2024-04-12 10:35:55,delivered,2024-04-17 10:35:55,2024-04-18 10:35:55
O000889,C00376,2026-04-12 07:58:11,delivered,2026-04-14 07:58:11,2026-04-17 07:58:11
O000890,C00342,2026-05-11 00:12:26,delivered,2026-05-17 00:12:26,2026-05-18 00:12:26
O000891,C01651,2024-02-24 06:13:42,cancelled,2024-03-02 06:13:42,
O000892,C00781,2026-03-29 09:58:37,delivered,2026-04-07 09:58:37,2026-03-30 09:58:37
O000893,C02016,2024-12-11 09:23:17,processing,2024-12-21 09:23:17,
O000894,C02247,2025-01-25 11:52:22,processing,2025-01-31 11:52:22,
O000895,C01420,2026-05-18 01:35:18,delivered,2026-05-21 01:35:18,2026-05-30 01:35:18
O000896,C02208,2024-03-21 15:59:18,delivered,2024-03-23 15:59:18,2024-03-25 15:59:18
O000897,C01321,2024-02-08 01:03:59,delivered,2024-02-16 01:03:59,2024-02-18 01:03:59
O000898,C01753,2025-05-09 17:33:25,delivered,2025-05-17 17:33:25,2025-05-13 17:33:25
O000899,C00223,2025-06-20 20:58:47,delivered,2025-07-02 20:58:47,2025-06-24 20:58:47
O000900,C00529,2024-03-03 19:22:25,delivered,2024-03-06 19:22:25,2024-03-05 19:22:25
O000901,C02219,2026-05-30 14:26:18,cancelled,2026-06-04 14:26:18,
O000902,C00820,2025-10-13 10:28:04,processing,2025-10-15 10:28:04,
O000903,C01697,2024-01-02 19:25:50,delivered,2024-01-14 19:25:50,2024-01-03 19:25:50
O000904,C00061,2024-05-09 17:47:18,delivered,2024-05-20 17:47:18,2024-05-17 17:47:18
O000905,C00671,2024-12-18 11:27:32,delivered,2024-12-20 11:27:32,2024-12-27 11:27:32
O000906,C00501,2024-08-01 22:39:34,delivered,2024-08-04 22:39:34,2024-08-07 22:39:34
O000907,C01937,2025-02-20 22:45:15,delivered,2025-02-28 22:45:15,2025-02-21 22:45:15
O000908,C00186,2025-03-25 02:56:50,delivered,2025-03-28 02:56:50,2025-03-31 02:56:50
O000909,C01528,2025-03-06 20:05:41,delivered,2025-03-13 20:05:41,2025-03-14 20:05:41
O000910,C00813,2024-01-09 10:14:16,delivered,2024-01-14 10:14:16,2024-01-16 10:14:16
O000911,C01784,2025-01-23 15:36:35,delivered,2025-02-01 15:36:35,2025-01-31 15:36:35
O000912,C00793,2025-06-26 02:06:26,shipped,2025-07-06 02:06:26,
O000913,C01902,2025-05-26 01:50:02,delivered,2025-06-04 01:50:02,2025-05-29 01:50:02
O000914,C01736,2025-07-11 20:53:52,delivered,2025-07-13 20:53:52,2025-07-12 20:53:52
O000915,C02477,2025-03-29 00:18:19,delivered,2025-03-31 00:18:19,2025-04-03 00:18:19
O000916,C01011,2024-07-16 09:17:00,delivered,2024-07-23 09:17:00,2024-07-20 09:17:00
O000917,C01798,2024-04-19 04:36:49,delivered,2024-04-29 04:36:49,2024-04-25 04:36:49
O000918,C01958,2025-11-15 12:18:51,delivered,2025-11-19 12:18:51,2025-11-21 12:18:51
O000919,C00471,2024-12-06 16:06:02,delivered,2024-12-14 16:06:02,2024-12-13 16:06:02
O000920,C00179,2025-03-19 00:51:16,delivered,2025-03-25 00:51:16,2025-03-28 00:51:16
O000921,C01036,2025-03-09 23:38:09,delivered,2025-03-17 23:38:09,2025-03-13 23:38:09
O000922,C01251,2026-05-02 21:06:12,delivered,2026-05-06 21:06:12,2026-05-10 21:06:12
O000923,C02429,2026-06-12 11:45:46,delivered,2026-06-18 11:45:46,2026-06-20 11:45:46
O000924,C01393,2025-11-12 20:01:19,delivered,2025-11-21 20:01:19,2025-11-15 20:01:19
O000925,C01465,2024-02-04 00:49:02,delivered,2024-02-08 00:49:02,2024-02-10 00:49:02
O000926,C01079,2024-03-22 02:58:27,returned,2024-03-24 02:58:27,2024-04-02 02:58:27
O000927,C01411,2026-06-21 11:45:55,delivered,2026-07-01 11:45:55,2026-06-22 11:45:55
O000928,C00221,2024-10-29 17:12:04,cancelled,2024-11-02 17:12:04,
O000929,C00090,2024-02-02 21:42:56,delivered,2024-02-12 21:42:56,2024-02-06 21:42:56
O000930,C00604,2026-02-28 08:07:03,delivered,2026-03-06 08:07:03,2026-03-05 08:07:03
O000931,C01336,2025-09-26 00:44:53,delivered,2025-10-01 00:44:53,2025-10-06 00:44:53
O000932,C01903,2025-10-12 16:35:33,delivered,2025-10-14 16:35:33,2025-10-17 16:35:33
O000933,C00627,2024-01-04 18:03:35,delivered,2024-01-06 18:03:35,2024-01-09 18:03:35
O000934,C00920,2025-06-03 13:11:30,delivered,2025-06-14 13:11:30,2025-06-06 13:11:30
O000935,C01480,2025-10-20 12:04:09,delivered,2025-10-25 12:04:09,2025-10-29 12:04:09
O000936,C00584,2024-04-25 00:44:33,delivered,2024-04-27 00:44:33,2024-05-02 00:44:33
O000937,C01728,2024-07-16 03:28:44,delivered,2024-07-18 03:28:44,2024-07-26 03:28:44
O000938,C02040,2024-10-20 14:00:36,delivered,2024-10-24 14:00:36,2024-10-24 14:00:36
O000939,C01272,2026-05-31 23:42:08,delivered,2026-06-12 23:42:08,2026-06-08 23:42:08
O000940,C00305,2026-05-14 12:54:57,delivered,2026-05-19 12:54:57,2026-05-18 12:54:57
O000941,C01672,2026-04-05 14:39:06,delivered,2026-04-17 14:39:06,2026-04-10 14:39:06
O000942,C01486,2026-02-02 16:40:28,processing,2026-02-06 16:40:28,
O000943,C00623,2024-09-04 08:52:17,delivered,2024-09-10 08:52:17,2024-09-12 08:52:17
O000944,C00901,2026-05-06 00:27:43,delivered,2026-05-12 00:27:43,2026-05-14 00:27:43
O000945,C01885,2025-11-03 20:54:11,delivered,2025-11-15 20:54:11,2025-11-09 20:54:11
O000946,C02118,2024-11-14 17:04:44,delivered,2024-11-25 17:04:44,2024-11-15 17:04:44
O000947,C00066,2024-04-28 07:04:40,shipped,2024-05-03 07:04:40,
O000948,C00230,2025-08-04 10:08:30,delivered,2025-08-08 10:08:30,2025-08-07 10:08:30
O000949,C00108,2024-10-09 16:01:24,delivered,2024-10-15 16:01:24,2024-10-12 16:01:24
O000950,C00298,2025-09-29 05:50:41,delivered,2025-10-09 05:50:41,2025-10-04 05:50:41
O000951,C01984,2024-06-29 10:22:18,returned,2024-07-01 10:22:18,2024-07-07 10:22:18
O000952,C02499,2024-10-03 21:28:25,returned,2024-10-10 21:28:25,2024-10-10 21:28:25
O000953,C01140,2024-09-19 19:35:44,delivered,2024-09-22 19:35:44,2024-09-23 19:35:44
O000954,C02066,2026-02-15 07:51:13,delivered,2026-02-20 07:51:13,2026-02-22 07:51:13
O000955,C01335,2025-03-23 06:02:09,delivered,2025-04-01 06:02:09,2025-03-29 06:02:09
O000956,C00653,2025-06-15 13:48:01,delivered,2025-06-22 13:48:01,2025-06-16 13:48:01
O000957,C00556,2025-10-13 16:21:22,delivered,2025-10-18 16:21:22,2025-10-21 16:21:22
O000958,C02256,2026-01-26 02:44:23,delivered,2026-01-30 02:44:23,2026-01-29 02:44:23
O000959,C02409,2025-08-02 14:04:38,delivered,2025-08-12 14:04:38,2025-08-09 14:04:38
O000960,C00235,2024-09-08 15:20:48,delivered,2024-09-20 15:20:48,2024-09-16 15:20:48
O000961,C01367,2025-07-25 18:24:28,delivered,2025-07-31 18:24:28,2025-08-03 18:24:28
O000962,C00724,2024-04-30 20:13:07,delivered,2024-05-02 20:13:07,2024-05-05 20:13:07
O000963,C00545,2024-03-14 17:48:56,delivered,2024-03-23 17:48:56,2024-03-24 17:48:56
O000964,C01858,2024-06-20 14:25:36,delivered,2024-07-01 14:25:36,2024-06-26 14:25:36
O000965,C00373,2026-05-02 21:43:37,delivered,2026-05-05 21:43:37,2026-05-11 21:43:37
O000966,C01438,2024-08-22 08:46:25,returned,2024-08-29 08:46:25,2024-09-06 08:46:25
O000967,C00848,2024-08-14 23:56:23,delivered,2024-08-25 23:56:23,2024-08-18 23:56:23
O000968,C00418,2025-02-05 05:09:21,delivered,2025-02-14 05:09:21,2025-02-10 05:09:21
O000969,C01592,2026-05-30 10:28:12,delivered,2026-06-01 10:28:12,2026-06-06 10:28:12
O000970,C02370,2024-06-14 14:11:42,shipped,2024-06-23 14:11:42,
O000971,C00804,2026-01-20 21:59:40,delivered,2026-01-27 21:59:40,2026-01-21 21:59:40
O000972,C00472,2025-12-03 21:11:29,cancelled,2025-12-09 21:11:29,
O000973,C01748,2026-01-06 21:13:00,delivered,2026-01-15 21:13:00,2026-01-12 21:13:00
O000974,C01764,2025-11-11 10:49:05,delivered,2025-11-15 10:49:05,2025-11-18 10:49:05
O000975,C02237,2024-01-29 20:58:17,delivered,2024-02-01 20:58:17,2024-02-01 20:58:17
O000976,C00108,2026-02-18 19:46:35,delivered,2026-03-01 19:46:35,2026-02-20 19:46:35
O000977,C02372,2026-06-24 06:12:45,delivered,2026-06-27 06:12:45,2026-07-05 06:12:45
O000978,C02199,2026-02-19 04:26:55,shipped,2026-03-02 04:26:55,
O000979,C00062,2025-03-19 17:48:12,delivered,2025-03-21 17:48:12,2025-03-24 17:48:12
O000980,C01346,2024-01-14 17:49:33,processing,2024-01-25 17:49:33,
O000981,C01007,2024-04-29 23:04:25,delivered,2024-05-06 23:04:25,2024-05-02 23:04:25
O000982,C01088,2024-03-05 08:30:14,delivered,2024-03-07 08:30:14,2024-03-13 08:30:14
O000983,C00031,2024-06-12 09:45:30,delivered,2024-06-17 09:45:30,2024-06-16 09:45:30
O000984,C00104,2025-03-31 07:27:46,delivered,2025-04-10 07:27:46,2025-04-11 07:27:46
O000985,C02235,2026-06-08 23:33:39,delivered,2026-06-19 23:33:39,2026-06-13 23:33:39
O000986,C00281,2025-06-04 22:36:12,delivered,2025-06-16 22:36:12,2025-06-11 22:36:12
O000987,C02131,2026-02-01 00:15:06,delivered,2026-02-03 00:15:06,2026-02-03 00:15:06
O000988,C02274,2026-04-09 03:29:11,delivered,2026-04-14 03:29:11,2026-04-13 03:29:11
O000989,C00820,2025-02-11 17:43:10,delivered,2025-02-13 17:43:10,2025-02-17 17:43:10
O000990,C00125,2024-09-11 21:23:45,delivered,2024-09-20 21:23:45,2024-09-13 21:23:45
O000991,C00395,2024-10-07 15:29:57,delivered,2024-10-12 15:29:57,2024-10-09 15:29:57
O000992,C00947,2024-02-23 14:09:21,delivered,2024-02-25 14:09:21,2024-03-07 14:09:21
O000993,C01351,2025-02-16 06:45:55,delivered,2025-02-25 06:45:55,2025-02-17 06:45:55
O000994,C02283,2025-08-05 21:11:40,delivered,2025-08-12 21:11:40,2025-08-11 21:11:40
O000995,C01390,2025-06-01 08:30:33,delivered,2025-06-11 08:30:33,2025-06-04 08:30:33
O000996,C02275,2025-07-13 02:36:27,cancelled,2025-07-16 02:36:27,
O000997,C02032,2026-05-18 18:17:35,delivered,2026-05-23 18:17:35,2026-05-26 18:17:35
O000998,C02275,2024-03-13 00:23:29,delivered,2024-03-25 00:23:29,2024-03-19 00:23:29
O000999,C00794,2024-03-22 16:02:17,delivered,2024-03-24 16:02:17,2024-03-28 16:02:17
O001000,C01077,2025-02-06 00:36:29,delivered,2025-02-11 00:36:29,2025-02-10 00:36:29
O001001,C02105,2025-04-22 11:39:32,delivered,2025-04-24 11:39:32,2025-04-27 11:39:32
O001002,C00648,2025-11-01 22:06:43,delivered,2025-11-03 22:06:43,2025-11-03 22:06:43
O001003,C01428,2025-04-02 19:10:59,returned,2025-04-11 19:10:59,2025-04-08 19:10:59
O001004,C01222,2024-07-27 20:22:56,cancelled,2024-08-06 20:22:56,
O001005,C00501,2025-07-06 08:42:52,delivered,2025-07-08 08:42:52,2025-07-11 08:42:52
O001006,C01885,2026-04-27 23:38:15,delivered,2026-05-06 23:38:15,2026-05-02 23:38:15
O001007,C00077,2025-07-27 23:44:41,delivered,2025-08-06 23:44:41,2025-07-29 23:44:41
O001008,C01248,2026-03-02 14:21:36,shipped,2026-03-05 14:21:36,
O001009,C02301,2025-02-05 07:33:34,delivered,2025-02-08 07:33:34,2025-02-13 07:33:34
O001010,C00129,2026-05-18 02:46:35,delivered,2026-05-28 02:46:35,2026-05-31 02:46:35
O001011,C01340,2025-06-10 09:43:01,delivered,2025-06-14 09:43:01,2025-06-17 09:43:01
O001012,C00082,2024-04-05 20:04:34,delivered,2024-04-12 20:04:34,2024-04-13 20:04:34
O001013,C01149,2026-01-25 14:58:37,delivered,2026-01-29 14:58:37,2026-01-28 14:58:37
O001014,C00347,2026-05-05 09:01:53,delivered,2026-05-15 09:01:53,2026-05-10 09:01:53
O001015,C01429,2026-02-28 21:32:57,delivered,2026-03-12 21:32:57,2026-03-03 21:32:57
O001016,C00251,2025-08-21 06:00:14,delivered,2025-08-26 06:00:14,2025-08-29 06:00:14
O001017,C02238,2025-12-09 07:59:48,shipped,2025-12-14 07:59:48,
O001018,C01976,2024-07-03 18:33:32,delivered,2024-07-12 18:33:32,2024-07-10 18:33:32
O001019,C00645,2025-11-16 11:37:42,delivered,2025-11-24 11:37:42,2025-11-18 11:37:42
O001020,C00187,2024-09-15 14:34:39,delivered,2024-09-26 14:34:39,2024-09-18 14:34:39
O001021,C00737,2025-09-17 23:37:40,delivered,2025-09-25 23:37:40,2025-09-23 23:37:40
O001022,C00047,2025-10-29 00:11:17,delivered,2025-11-06 00:11:17,2025-11-09 00:11:17
O001023,C01216,2024-05-31 20:15:04,shipped,2024-06-05 20:15:04,
O001024,C00971,2025-05-18 16:29:52,delivered,2025-05-29 16:29:52,2025-05-27 16:29:52
O001025,C01601,2024-10-04 16:55:42,delivered,2024-10-16 16:55:42,2024-10-13 16:55:42
O001026,C00085,2026-04-17 21:13:49,delivered,2026-04-28 21:13:49,2026-04-19 21:13:49
O001027,C01432,2024-12-11 09:32:06,delivered,2024-12-16 09:32:06,2024-12-18 09:32:06
O001028,C01945,2026-03-31 06:22:54,returned,2026-04-05 06:22:54,2026-04-05 06:22:54
O001029,C00389,2026-05-21 16:31:30,returned,2026-05-29 16:31:30,2026-06-04 16:31:30
O001030,C01192,2025-04-29 08:33:51,delivered,2025-05-10 08:33:51,2025-05-06 08:33:51
O001031,C02346,2025-01-17 03:13:11,delivered,2025-01-25 03:13:11,2025-01-27 03:13:11
O001032,C00238,2025-10-28 11:10:33,delivered,2025-11-06 11:10:33,2025-10-29 11:10:33
O001033,C02085,2024-03-30 11:41:02,delivered,2024-04-07 11:41:02,2024-04-01 11:41:02
O001034,C02043,2025-03-29 22:24:40,delivered,2025-04-03 22:24:40,2025-04-03 22:24:40
O001035,C01237,2025-06-19 17:35:10,delivered,2025-07-01 17:35:10,2025-06-27 17:35:10
O001036,C01612,2025-02-16 08:07:01,delivered,2025-02-22 08:07:01,2025-02-20 08:07:01
O001037,C01217,2024-12-01 09:29:10,delivered,,2024-12-05 09:29:10
O001038,C00191,2025-05-22 19:30:25,delivered,2025-05-27 19:30:25,2025-05-26 19:30:25
O001039,C00911,2025-08-04 23:20:01,delivered,2025-08-07 23:20:01,2025-08-06 23:20:01
O001040,C01847,2024-10-15 09:52:54,delivered,2024-10-21 09:52:54,2024-10-23 09:52:54
O001041,C00135,2024-06-07 20:34:21,delivered,2024-06-15 20:34:21,2024-06-10 20:34:21
O001042,C00106,2025-11-16 04:22:24,shipped,2025-11-26 04:22:24,
O001043,C00657,2026-03-15 23:52:16,shipped,2026-03-19 23:52:16,
O001044,C00284,2024-12-22 02:28:01,returned,2025-01-01 02:28:01,2024-12-30 02:28:01
O001045,C00218,2025-09-16 05:07:34,delivered,2025-09-21 05:07:34,2025-09-24 05:07:34
O001046,C00335,2025-11-09 21:50:26,delivered,2025-11-16 21:50:26,2025-11-18 21:50:26
O001047,C02320,2024-12-01 22:50:10,delivered,2024-12-13 22:50:10,2024-12-10 22:50:10
O001048,C01108,2025-08-23 09:22:26,delivered,2025-08-25 09:22:26,2025-08-27 09:22:26
O001049,C01353,2024-12-18 13:36:09,processing,2024-12-26 13:36:09,
O001050,C01981,2025-11-25 01:21:12,delivered,2025-12-02 01:21:12,2025-12-04 01:21:12
O001051,C02177,2024-08-05 12:08:06,delivered,2024-08-17 12:08:06,2024-08-11 12:08:06
O001052,C00187,2025-11-25 05:36:22,delivered,2025-11-27 05:36:22,2025-12-02 05:36:22
O001053,C01642,2024-11-13 18:34:26,delivered,2024-11-18 18:34:26,2024-11-21 18:34:26
O001054,C01276,2025-01-15 01:16:57,delivered,2025-01-23 01:16:57,2025-01-26 01:16:57
O001055,C00670,2024-07-01 20:55:48,delivered,2024-07-04 20:55:48,2024-07-02 20:55:48
O001056,C01553,2024-02-22 09:36:44,delivered,2024-02-24 09:36:44,2024-02-24 09:36:44
O001057,C02072,2025-03-03 02:58:01,delivered,2025-03-06 02:58:01,2025-03-13 02:58:01
O001058,C00114,2026-05-30 11:41:51,delivered,2026-06-02 11:41:51,2026-06-04 11:41:51
O001059,C01534,2025-08-01 03:25:30,delivered,2025-08-09 03:25:30,2025-08-08 03:25:30
O001060,C00827,2024-06-29 13:27:47,delivered,2024-07-01 13:27:47,2024-07-10 13:27:47
O001061,C00225,2024-06-06 07:28:59,delivered,2024-06-12 07:28:59,2024-06-09 07:28:59
O001062,C00933,2024-12-25 03:28:13,delivered,2025-01-06 03:28:13,2024-12-31 03:28:13
O001063,C01476,2026-04-02 08:38:04,delivered,2026-04-10 08:38:04,2026-04-14 08:38:04
O001064,C01519,2025-08-27 20:12:00,delivered,2025-08-31 20:12:00,2025-09-05 20:12:00
O001065,C01517,2024-01-27 03:44:06,delivered,2024-02-03 03:44:06,2024-01-29 03:44:06
O001066,C00694,2024-10-23 06:36:53,delivered,2024-10-28 06:36:53,2024-10-26 06:36:53
O001067,C01234,2026-01-05 05:21:05,shipped,2026-01-09 05:21:05,
O001068,C00540,2025-10-13 10:28:11,cancelled,2025-10-19 10:28:11,
O001069,C02473,2024-06-24 19:49:38,delivered,2024-06-28 19:49:38,2024-06-30 19:49:38
O001070,C01126,2025-02-21 17:46:28,delivered,2025-02-27 17:46:28,2025-02-25 17:46:28
O001071,C01733,2025-04-26 05:57:58,delivered,2025-05-05 05:57:58,2025-05-01 05:57:58
O001072,C00640,2024-03-06 10:10:16,delivered,2024-03-17 10:10:16,2024-03-13 10:10:16
O001073,C02380,2026-06-01 10:36:17,cancelled,2026-06-03 10:36:17,
O001074,C01428,2024-02-05 10:10:40,delivered,2024-02-09 10:10:40,2024-02-09 10:10:40
O001075,C00133,2025-08-16 23:15:56,delivered,2025-08-23 23:15:56,2025-08-20 23:15:56
O001076,C02061,2026-04-25 10:50:56,delivered,2026-05-04 10:50:56,2026-05-06 10:50:56
O001077,C01512,2026-04-02 23:07:29,delivered,2026-04-08 23:07:29,2026-04-09 23:07:29
O001078,C01738,2026-04-21 09:42:28,delivered,2026-04-27 09:42:28,2026-04-29 09:42:28
O001079,C01960,2024-03-13 12:34:09,delivered,2024-03-19 12:34:09,2024-03-20 12:34:09
O001080,C00320,2026-02-04 06:47:03,delivered,2026-02-11 06:47:03,2026-02-08 06:47:03
O001081,C01524,2025-02-05 22:03:49,delivered,2025-02-09 22:03:49,2025-02-10 22:03:49
O001082,C00709,2024-02-01 10:18:43,delivered,2024-02-06 10:18:43,2024-02-14 10:18:43
O001083,C01361,2025-02-16 00:45:55,delivered,2025-02-19 00:45:55,2025-02-21 00:45:55
O001084,C01049,2024-07-31 13:27:48,delivered,2024-08-06 13:27:48,2024-08-08 13:27:48
O001085,C00597,2024-01-08 15:58:22,delivered,2024-01-10 15:58:22,2024-01-09 15:58:22
O001086,C01102,2026-03-02 02:08:42,delivered,2026-03-13 02:08:42,2026-03-06 02:08:42
O001087,C02422,2026-06-03 09:21:11,delivered,2026-06-10 09:21:11,2026-06-10 09:21:11
O001088,C00154,2024-12-08 02:33:04,cancelled,2024-12-12 02:33:04,
O001089,C02062,2025-09-16 08:07:20,delivered,2025-09-19 08:07:20,2025-09-19 08:07:20
O001090,C02403,2025-03-09 04:01:04,returned,2025-03-11 04:01:04,2025-03-15 04:01:04
O001091,C00181,2025-02-04 14:14:14,delivered,2025-02-16 14:14:14,2025-02-13 14:14:14
O001092,C00147,2024-12-25 13:29:57,processing,2024-12-31 13:29:57,
O001093,C02443,2025-10-12 21:16:34,delivered,2025-10-14 21:16:34,2025-10-16 21:16:34
O001094,C01144,2024-07-11 17:58:31,delivered,2024-07-16 17:58:31,2024-07-15 17:58:31
O001095,C00242,2024-08-06 15:27:20,delivered,2024-08-16 15:27:20,2024-08-07 15:27:20
O001096,C02060,2024-06-04 08:42:49,delivered,2024-06-07 08:42:49,2024-06-10 08:42:49
O001097,C01150,2024-08-16 21:28:49,delivered,2024-08-28 21:28:49,2024-08-22 21:28:49
O001098,C02216,2025-06-03 14:35:21,processing,2025-06-14 14:35:21,
O001099,C00956,2025-07-08 10:42:19,delivered,2025-07-16 10:42:19,2025-07-17 10:42:19
O001100,C02470,2024-11-09 16:07:17,delivered,2024-11-14 16:07:17,2024-11-18 16:07:17
O001101,C00654,2024-04-24 15:31:42,delivered,2024-04-26 15:31:42,2024-05-02 15:31:42
O001102,C02281,2026-04-17 12:00:07,delivered,2026-04-29 12:00:07,2026-04-26 12:00:07
O001103,C01598,2025-09-09 00:49:30,delivered,2025-09-15 00:49:30,2025-09-13 00:49:30
O001104,C00091,2025-05-05 00:36:22,delivered,2025-05-16 00:36:22,2025-05-11 00:36:22
O001105,C01136,2026-04-08 11:36:16,delivered,2026-04-19 11:36:16,2026-04-09 11:36:16
O001106,C00911,2025-06-22 04:50:16,delivered,2025-06-27 04:50:16,2025-06-23 04:50:16
O001107,C00279,2024-10-02 06:34:53,returned,2024-10-11 06:34:53,2024-10-09 06:34:53
O001108,C00252,2026-04-25 21:24:52,delivered,2026-05-03 21:24:52,2026-04-28 21:24:52
O001109,C00524,2025-06-28 23:34:28,delivered,2025-07-06 23:34:28,2025-07-05 23:34:28
O001110,C01467,2024-12-03 08:37:26,delivered,2024-12-09 08:37:26,2024-12-07 08:37:26
O001111,C00602,2026-06-05 18:54:47,delivered,2026-06-12 18:54:47,2026-06-11 18:54:47
O001112,C00714,2025-05-14 06:01:39,delivered,2025-05-23 06:01:39,2025-05-21 06:01:39
O001113,C02029,2024-07-21 02:17:44,delivered,2024-08-02 02:17:44,2024-07-26 02:17:44
O001114,C01736,2025-03-26 01:32:39,returned,2025-04-04 01:32:39,2025-04-02 01:32:39
O001115,C01289,2025-06-14 06:45:38,shipped,2025-06-17 06:45:38,
O001116,C01220,2024-11-16 08:52:33,delivered,2024-11-21 08:52:33,2024-11-17 08:52:33
O001117,C01848,2024-12-01 21:41:27,delivered,2024-12-12 21:41:27,2024-12-09 21:41:27
O001118,C02091,2025-06-11 08:23:25,delivered,2025-06-19 08:23:25,2025-06-17 08:23:25
O001119,C02467,2025-11-10 17:35:49,delivered,2025-11-14 17:35:49,2025-11-12 17:35:49
O001120,C01432,2024-11-01 17:50:34,returned,2024-11-04 17:50:34,2024-11-03 17:50:34
O001121,C02022,2024-09-25 07:08:14,delivered,2024-09-28 07:08:14,2024-10-08 07:08:14
O001122,C00306,2025-03-06 18:55:36,delivered,2025-03-09 18:55:36,2025-03-07 18:55:36
O001123,C02210,2024-01-18 10:56:18,returned,2024-01-27 10:56:18,2024-01-23 10:56:18
O001124,C00409,2024-03-23 23:18:31,delivered,2024-03-30 23:18:31,2024-04-05 23:18:31
O001125,C02174,2026-06-15 01:33:35,delivered,2026-06-20 01:33:35,2026-06-18 01:33:35
O001126,C00185,2024-07-15 17:24:46,delivered,2024-07-24 17:24:46,2024-07-17 17:24:46
O001127,C00059,2024-11-23 02:05:09,delivered,2024-12-03 02:05:09,2024-12-02 02:05:09
O001128,C00554,2025-11-29 07:00:05,delivered,2025-12-09 07:00:05,2025-12-05 07:00:05
O001129,C01825,2024-03-03 02:16:53,cancelled,2024-03-05 02:16:53,
O001130,C01685,2026-04-12 02:46:53,delivered,2026-04-20 02:46:53,2026-04-19 02:46:53
O001131,C01599,2025-10-28 16:55:09,processing,2025-11-01 16:55:09,
O001132,C02341,2026-03-08 23:19:36,delivered,2026-03-19 23:19:36,2026-03-11 23:19:36
O001133,C00345,2025-01-17 12:21:48,delivered,2025-01-27 12:21:48,2025-01-23 12:21:48
O001134,C00703,2025-08-03 19:28:09,delivered,2025-08-07 19:28:09,2025-08-11 19:28:09
O001135,C00438,2024-10-24 13:12:45,cancelled,2024-11-01 13:12:45,
O001136,C01239,2026-05-02 11:11:35,delivered,2026-05-08 11:11:35,2026-05-08 11:11:35
O001137,C00319,2024-03-06 07:42:26,delivered,2024-03-15 07:42:26,2024-03-10 07:42:26
O001138,C00754,2024-05-11 01:39:21,delivered,2024-05-15 01:39:21,2024-05-20 01:39:21
O001139,C01260,2025-11-25 11:11:31,cancelled,2025-12-03 11:11:31,
O001140,C02024,2025-07-12 16:31:01,delivered,2025-07-23 16:31:01,2025-07-19 16:31:01
O001141,C02127,2025-11-17 00:50:22,delivered,2025-11-26 00:50:22,2025-11-26 00:50:22
O001142,C01597,2025-03-14 01:53:56,delivered,2025-03-24 01:53:56,2025-03-21 01:53:56
O001143,C02116,2026-04-29 18:55:53,delivered,2026-05-07 18:55:53,2026-04-30 18:55:53
O001144,C01265,2025-10-08 23:17:52,delivered,2025-10-13 23:17:52,2025-10-14 23:17:52
O001145,C00666,2024-11-30 03:48:30,delivered,2024-12-06 03:48:30,2024-12-04 03:48:30
O001146,C01685,2025-04-07 08:26:32,delivered,2025-04-14 08:26:32,2025-04-16 08:26:32
O001147,C01219,2024-02-29 14:59:51,delivered,2024-03-04 14:59:51,2024-03-04 14:59:51
O001148,C00192,2024-10-20 07:54:01,delivered,2024-11-01 07:54:01,2024-10-26 07:54:01
O001149,C01930,2025-11-14 19:17:20,delivered,2025-11-19 19:17:20,2025-11-26 19:17:20
O001150,C00767,2024-09-27 10:08:44,delivered,2024-10-08 10:08:44,2024-10-01 10:08:44
O001151,C01503,2024-09-26 10:41:42,delivered,2024-09-28 10:41:42,2024-10-02 10:41:42
O001152,C02397,2025-08-30 01:08:31,cancelled,2025-09-06 01:08:31,
O001153,C00572,2026-02-20 05:18:34,delivered,2026-03-03 05:18:34,2026-02-27 05:18:34
O001154,C00965,2025-03-22 15:45:39,delivered,2025-04-02 15:45:39,2025-03-25 15:45:39
O001155,C02121,2024-01-25 19:44:13,cancelled,2024-02-03 19:44:13,
O001156,C01927,2026-06-13 00:12:30,delivered,2026-06-23 00:12:30,2026-06-15 00:12:30
O001157,C00878,2024-05-24 11:15:50,delivered,2024-06-02 11:15:50,2024-05-25 11:15:50
O001158,C00953,2026-03-27 04:52:24,delivered,2026-04-05 04:52:24,2026-04-02 04:52:24
O001159,C01746,2026-04-12 00:10:09,cancelled,2026-04-19 00:10:09,
O001160,C00552,2025-11-05 00:08:20,delivered,2025-11-10 00:08:20,2025-11-10 00:08:20
O001161,C00260,2025-01-22 16:40:47,processing,2025-01-30 16:40:47,
O001162,C00565,2024-07-21 13:46:16,delivered,2024-07-27 13:46:16,2024-07-30 13:46:16
O001163,C01236,2024-05-14 23:30:34,delivered,2024-05-25 23:30:34,2024-05-21 23:30:34
O001164,C00892,2024-11-21 23:40:21,delivered,2024-11-26 23:40:21,2024-11-25 23:40:21
O001165,C00996,2025-10-16 23:04:28,delivered,2025-10-20 23:04:28,2025-10-21 23:04:28
O001166,C01244,2024-12-20 16:46:46,delivered,2024-12-30 16:46:46,2024-12-21 16:46:46
O001167,C01766,2024-04-12 15:37:55,shipped,2024-04-19 15:37:55,
O001168,C01711,2025-09-12 13:38:54,returned,2025-09-15 13:38:54,2025-09-21 13:38:54
O001169,C01285,2026-01-31 20:19:24,delivered,2026-02-06 20:19:24,2026-02-06 20:19:24
O001170,C00201,2024-08-20 21:57:17,processing,2024-08-24 21:57:17,
O001171,C00254,2025-09-23 12:50:20,delivered,2025-10-01 12:50:20,2025-09-28 12:50:20
O001172,C01677,2024-09-10 18:39:01,delivered,2024-09-18 18:39:01,2024-09-16 18:39:01
O001173,C02481,2024-10-02 13:26:45,delivered,2024-10-10 13:26:45,2024-10-06 13:26:45
O001174,C00349,2024-11-15 20:36:23,delivered,2024-11-21 20:36:23,2024-11-23 20:36:23
O001175,C01906,2026-03-20 00:43:06,delivered,2026-03-26 00:43:06,2026-03-23 00:43:06
O001176,C01159,2024-01-24 17:45:19,delivered,2024-01-29 17:45:19,2024-01-28 17:45:19
O001177,C01245,2025-03-27 09:20:48,processing,2025-04-05 09:20:48,
O001178,C00950,2024-07-19 07:40:21,shipped,2024-07-24 07:40:21,
O001179,C00825,2025-01-09 23:15:31,delivered,2025-01-14 23:15:31,2025-01-12 23:15:31
O001180,C00455,2025-07-14 05:31:44,shipped,2025-07-17 05:31:44,
O001181,C01541,2025-04-17 23:06:40,delivered,2025-04-20 23:06:40,2025-04-20 23:06:40
O001182,C00576,2026-03-27 12:57:25,delivered,2026-04-03 12:57:25,2026-04-02 12:57:25
O001183,C01946,2025-10-10 12:33:40,delivered,2025-10-16 12:33:40,2025-10-24 12:33:40
O001184,C00755,2025-03-31 13:58:51,returned,2025-04-07 13:58:51,2025-04-11 13:58:51
O001185,C01492,2025-11-25 11:17:25,delivered,2025-12-01 11:17:25,2025-11-29 11:17:25
O001186,C01345,2025-09-22 22:17:34,delivered,2025-09-29 22:17:34,2025-09-28 22:17:34
O001187,C00469,2024-06-08 15:42:13,delivered,2024-06-10 15:42:13,2024-06-11 15:42:13
O001188,C01630,2024-12-24 14:28:55,delivered,2025-01-04 14:28:55,2024-12-29 14:28:55
O001189,C00719,2024-12-23 15:11:52,cancelled,2025-01-02 15:11:52,
O001190,C01497,2026-05-01 01:54:09,delivered,2026-05-12 01:54:09,2026-05-03 01:54:09
O001191,C01628,2025-02-21 00:14:41,delivered,2025-03-05 00:14:41,2025-02-24 00:14:41
O001192,C01566,2026-06-18 04:53:38,processing,2026-06-26 04:53:38,
O001193,C01775,2025-08-27 12:39:00,delivered,2025-09-03 12:39:00,2025-09-01 12:39:00
O001194,C00105,2025-08-01 19:45:43,delivered,2025-08-04 19:45:43,2025-08-07 19:45:43
O001195,C01073,2025-11-19 10:35:23,delivered,2025-11-25 10:35:23,2025-11-25 10:35:23
O001196,C01348,2024-02-05 13:35:24,delivered,2024-02-12 13:35:24,2024-02-12 13:35:24
O001197,C02405,2024-10-09 04:06:17,delivered,2024-10-16 04:06:17,2024-10-15 04:06:17
O001198,C02308,2025-11-19 09:10:07,delivered,2025-11-27 09:10:07,2025-11-24 09:10:07
O001199,C01734,2024-07-24 07:26:46,delivered,2024-08-04 07:26:46,2024-08-03 07:26:46
O001200,C00854,2024-07-25 03:24:49,delivered,2024-07-29 03:24:49,2024-07-30 03:24:49
O001201,C01204,2025-11-05 08:42:35,shipped,2025-11-08 08:42:35,
O001202,C00579,2025-11-15 12:24:17,returned,2025-11-26 12:24:17,2025-11-27 12:24:17
O001203,C01130,2024-08-02 09:22:23,delivered,2024-08-04 09:22:23,2024-08-10 09:22:23
O001204,C01714,2025-07-20 13:23:56,returned,2025-07-28 13:23:56,2025-07-28 13:23:56
O001205,C01593,2024-06-05 20:56:11,delivered,2024-06-10 20:56:11,2024-06-13 20:56:11
O001206,C01169,2025-06-04 21:18:56,cancelled,2025-06-10 21:18:56,
O001207,C02331,2024-09-20 21:21:53,delivered,2024-09-26 21:21:53,2024-09-27 21:21:53
O001208,C01221,2025-01-23 11:34:41,shipped,2025-02-02 11:34:41,
O001209,C01030,2026-05-05 05:31:11,delivered,2026-05-08 05:31:11,2026-05-11 05:31:11
O001210,C00887,2026-04-22 17:23:07,delivered,2026-05-04 17:23:07,2026-04-25 17:23:07
O001211,C01498,2024-12-30 19:52:54,processing,2025-01-03 19:52:54,
O001212,C00492,2025-05-23 20:23:57,delivered,2025-05-27 20:23:57,2025-05-29 20:23:57
O001213,C00207,2026-04-28 20:34:29,delivered,2026-05-03 20:34:29,2026-05-04 20:34:29
O001214,C01991,2024-05-01 04:55:42,delivered,2024-05-05 04:55:42,2024-05-09 04:55:42
O001215,C01457,2024-05-26 19:40:35,delivered,2024-05-29 19:40:35,2024-06-04 19:40:35
O001216,C00138,2024-01-20 07:50:59,delivered,2024-01-28 07:50:59,2024-02-02 07:50:59
O001217,C02060,2024-03-17 14:08:29,delivered,2024-03-19 14:08:29,2024-03-22 14:08:29
O001218,C00843,2026-02-11 03:08:48,delivered,2026-02-19 03:08:48,2026-02-18 03:08:48
O001219,C02025,2025-01-20 08:06:08,shipped,2025-01-28 08:06:08,
O001220,C00650,2026-05-03 07:25:41,delivered,2026-05-09 07:25:41,2026-05-05 07:25:41
O001221,C00164,2025-12-12 23:32:58,delivered,2025-12-22 23:32:58,2025-12-13 23:32:58
O001222,C01147,2026-04-11 06:40:59,delivered,2026-04-14 06:40:59,2026-04-14 06:40:59
O001223,C01432,2026-01-21 10:38:51,cancelled,2026-02-02 10:38:51,
O001224,C02439,2024-09-24 13:35:07,delivered,2024-10-05 13:35:07,2024-10-03 13:35:07
O001225,C01991,2024-12-25 16:28:16,delivered,2024-12-30 16:28:16,2024-12-31 16:28:16
O001226,C00866,2025-03-13 17:57:07,delivered,2025-03-15 17:57:07,2025-03-18 17:57:07
O001227,C01906,2025-05-02 08:31:27,delivered,2025-05-14 08:31:27,2025-05-10 08:31:27
O001228,C00226,2024-03-05 18:42:03,delivered,2024-03-12 18:42:03,2024-03-07 18:42:03
O001229,C00147,2024-05-04 02:47:27,delivered,2024-05-14 02:47:27,2024-05-10 02:47:27
O001230,C01744,2024-08-22 06:32:03,delivered,2024-08-26 06:32:03,2024-08-25 06:32:03
O001231,C01295,2024-11-30 01:18:42,returned,2024-12-06 01:18:42,2024-12-09 01:18:42
O001232,C00630,2024-01-03 05:37:39,delivered,2024-01-06 05:37:39,2024-01-07 05:37:39
O001233,C00800,2025-09-21 02:14:57,delivered,2025-09-27 02:14:57,2025-09-25 02:14:57
O001234,C02057,2026-05-19 09:38:13,delivered,2026-05-27 09:38:13,2026-05-23 09:38:13
O001235,C01902,2026-02-27 07:49:37,delivered,2026-03-03 07:49:37,2026-03-06 07:49:37
O001236,C00115,2024-06-08 23:25:05,delivered,2024-06-14 23:25:05,2024-06-14 23:25:05
O001237,C02478,2025-10-11 05:24:58,delivered,,2025-10-19 05:24:58
O001238,C00366,2024-04-27 02:52:32,delivered,2024-05-07 02:52:32,2024-05-05 02:52:32
O001239,C00093,2025-01-12 15:59:23,shipped,2025-01-23 15:59:23,
O001240,C01627,2025-08-02 10:31:32,delivered,2025-08-14 10:31:32,2025-08-06 10:31:32
O001241,C00762,2025-03-18 10:37:31,delivered,2025-03-23 10:37:31,2025-03-23 10:37:31
O001242,C01273,2026-06-12 01:51:39,delivered,2026-06-18 01:51:39,2026-06-19 01:51:39
O001243,C00732,2024-07-10 10:28:34,delivered,2024-07-16 10:28:34,2024-07-14 10:28:34
O001244,C01766,2025-08-31 06:26:03,shipped,2025-09-05 06:26:03,
O001245,C00751,2026-06-06 23:17:13,delivered,2026-06-11 23:17:13,2026-06-12 23:17:13
O001246,C00510,2024-12-10 03:09:03,delivered,2024-12-21 03:09:03,2024-12-15 03:09:03
O001247,C02206,2026-02-28 06:20:20,delivered,2026-03-04 06:20:20,2026-03-05 06:20:20
O001248,C01449,2024-02-06 13:58:29,delivered,2024-02-17 13:58:29,2024-02-08 13:58:29
O001249,C01024,2024-06-22 08:24:23,delivered,2024-06-25 08:24:23,2024-06-23 08:24:23
O001250,C01192,2024-05-04 23:36:07,processing,2024-05-12 23:36:07,
O001251,C01556,2025-02-17 02:01:50,delivered,2025-02-19 02:01:50,2025-02-18 02:01:50
O001252,C00058,2025-11-21 09:27:58,delivered,2025-11-29 09:27:58,2025-11-25 09:27:58
O001253,C00499,2025-08-29 07:50:49,delivered,2025-09-09 07:50:49,2025-09-04 07:50:49
O001254,C01907,2026-01-24 13:10:53,delivered,2026-01-26 13:10:53,2026-01-29 13:10:53
O001255,C01788,2024-12-11 02:55:41,delivered,2024-12-20 02:55:41,2024-12-12 02:55:41
O001256,C02015,2025-03-09 13:28:02,delivered,2025-03-19 13:28:02,2025-03-17 13:28:02
O001257,C01177,2024-05-04 08:31:46,delivered,2024-05-06 08:31:46,2024-05-12 08:31:46
O001258,C00892,2025-09-21 20:18:22,delivered,2025-09-24 20:18:22,2025-09-23 20:18:22
O001259,C00936,2024-11-11 03:09:34,delivered,2024-11-16 03:09:34,2024-11-14 03:09:34
O001260,C01727,2026-05-09 13:55:27,delivered,2026-05-13 13:55:27,2026-05-15 13:55:27
O001261,C02129,2024-07-09 02:00:04,processing,2024-07-14 02:00:04,
O001262,C02084,2026-03-20 18:30:12,delivered,2026-04-01 18:30:12,2026-03-26 18:30:12
O001263,C00275,2025-10-24 22:17:13,delivered,2025-11-01 22:17:13,2025-10-29 22:17:13
O001264,C01298,2024-05-23 09:31:18,delivered,2024-05-29 09:31:18,2024-05-26 09:31:18
O001265,C00290,2024-02-01 19:39:31,delivered,2024-02-13 19:39:31,2024-02-10 19:39:31
O001266,C01374,2024-11-03 22:58:29,delivered,2024-11-06 22:58:29,2024-11-12 22:58:29
O001267,C00131,2025-06-16 12:04:45,delivered,2025-06-18 12:04:45,2025-06-18 12:04:45
O001268,C01198,2026-06-24 22:48:07,delivered,2026-07-04 22:48:07,2026-06-26 22:48:07
O001269,C00144,2026-04-15 03:46:21,delivered,2026-04-24 03:46:21,2026-04-23 03:46:21
O001270,C00378,2025-09-16 14:25:56,delivered,2025-09-25 14:25:56,2025-09-24 14:25:56
O001271,C00504,2024-07-01 02:23:49,delivered,2024-07-12 02:23:49,2024-07-02 02:23:49
O001272,C00899,2025-09-12 19:50:47,delivered,2025-09-24 19:50:47,2025-09-19 19:50:47
O001273,C02467,2025-12-28 07:02:30,delivered,2025-12-30 07:02:30,2025-12-31 07:02:30
O001274,C01068,2026-02-04 15:14:20,delivered,2026-02-06 15:14:20,2026-02-11 15:14:20
O001275,C00952,2024-04-10 10:25:48,delivered,2024-04-14 10:25:48,2024-04-14 10:25:48
O001276,C01960,2025-09-09 08:54:21,delivered,2025-09-21 08:54:21,2025-09-15 08:54:21
O001277,C01428,2024-07-03 05:10:18,delivered,2024-07-05 05:10:18,2024-07-04 05:10:18
O001278,C00236,2025-07-08 14:22:02,delivered,2025-07-12 14:22:02,2025-07-13 14:22:02
O001279,C01085,2025-03-16 18:15:16,cancelled,2025-03-27 18:15:16,
O001280,C02278,2025-12-10 17:11:36,delivered,2025-12-18 17:11:36,2025-12-20 17:11:36
O001281,C02456,2025-07-17 12:40:44,delivered,2025-07-21 12:40:44,2025-07-22 12:40:44
O001282,C01283,2025-12-07 00:35:51,cancelled,2025-12-10 00:35:51,
O001283,C02046,2026-01-08 20:53:38,delivered,2026-01-17 20:53:38,2026-01-12 20:53:38
O001284,C01719,2026-04-04 22:15:50,delivered,2026-04-12 22:15:50,2026-04-09 22:15:50
O001285,C02113,2026-06-12 02:33:43,delivered,2026-06-14 02:33:43,2026-06-13 02:33:43
O001286,C01787,2024-12-12 06:39:11,delivered,2024-12-16 06:39:11,2024-12-22 06:39:11
O001287,C02449,2025-01-13 02:22:21,delivered,2025-01-21 02:22:21,2025-01-18 02:22:21
O001288,C00596,2024-03-11 10:01:36,delivered,2024-03-21 10:01:36,2024-03-21 10:01:36
O001289,C01116,2024-01-16 21:38:07,processing,2024-01-26 21:38:07,
O001290,C00194,2026-05-03 13:31:36,delivered,2026-05-05 13:31:36,2026-05-04 13:31:36
O001291,C01773,2026-05-06 02:00:47,shipped,2026-05-13 02:00:47,
O001292,C02347,2025-12-17 09:03:11,delivered,2025-12-28 09:03:11,2025-12-19 09:03:11
O001293,C01588,2026-04-07 00:39:55,delivered,2026-04-09 00:39:55,2026-04-10 00:39:55
O001294,C01844,2024-07-15 23:01:30,cancelled,2024-07-18 23:01:30,
O001295,C02263,2025-02-06 15:04:14,delivered,2025-02-08 15:04:14,2025-02-11 15:04:14
O001296,C01105,2024-08-14 19:47:17,returned,2024-08-21 19:47:17,2024-08-20 19:47:17
O001297,C01635,2024-08-13 18:07:04,cancelled,2024-08-22 18:07:04,
O001298,C02299,2024-04-14 15:34:43,delivered,2024-04-22 15:34:43,2024-04-17 15:34:43
O001299,C01820,2024-01-05 05:57:56,delivered,2024-01-11 05:57:56,2024-01-07 05:57:56
O001300,C01419,2025-06-18 19:53:22,delivered,2025-06-28 19:53:22,2025-06-25 19:53:22
O001301,C01347,2024-05-07 03:08:35,delivered,2024-05-18 03:08:35,2024-05-11 03:08:35
O001302,C01032,2025-09-13 04:16:15,delivered,2025-09-20 04:16:15,2025-09-20 04:16:15
O001303,C01437,2026-06-21 17:15:32,delivered,2026-06-30 17:15:32,2026-06-24 17:15:32
O001304,C00204,2025-07-01 09:21:57,delivered,2025-07-11 09:21:57,2025-07-05 09:21:57
O001305,C00014,2024-08-29 00:47:50,delivered,2024-09-06 00:47:50,2024-09-02 00:47:50
O001306,C02033,2024-08-15 15:32:11,delivered,2024-08-22 15:32:11,2024-08-26 15:32:11
O001307,C02308,2025-04-24 06:54:41,delivered,2025-05-01 06:54:41,2025-04-25 06:54:41
O001308,C02491,2025-09-21 03:14:27,delivered,2025-09-29 03:14:27,2025-09-25 03:14:27
O001309,C02316,2024-06-20 05:39:56,delivered,2024-07-02 05:39:56,2024-06-22 05:39:56
O001310,C02020,2024-12-30 07:39:13,delivered,2025-01-11 07:39:13,2025-01-08 07:39:13
O001311,C00821,2025-07-29 04:37:51,delivered,2025-08-05 04:37:51,2025-08-01 04:37:51
O001312,C02182,2026-01-11 20:53:56,delivered,2026-01-15 20:53:56,2026-01-12 20:53:56
O001313,C02385,2024-12-12 13:13:50,delivered,2024-12-15 13:13:50,2024-12-23 13:13:50
O001314,C01082,2024-11-23 07:23:16,processing,2024-11-26 07:23:16,
O001315,C00322,2025-11-26 04:32:19,delivered,2025-12-07 04:32:19,2025-12-03 04:32:19
O001316,C01821,2024-03-25 20:39:52,delivered,2024-03-29 20:39:52,2024-04-01 20:39:52
O001317,C02390,2024-08-26 00:31:46,delivered,2024-09-06 00:31:46,2024-08-28 00:31:46
O001318,C00483,2024-06-26 08:32:14,returned,2024-06-29 08:32:14,2024-07-02 08:32:14
O001319,C02055,2025-03-19 19:24:26,delivered,2025-03-29 19:24:26,2025-03-26 19:24:26
O001320,C01189,2026-02-06 07:18:59,delivered,2026-02-13 07:18:59,2026-02-09 07:18:59
O001321,C00570,2025-10-20 00:10:41,delivered,2025-10-30 00:10:41,2025-10-26 00:10:41
O001322,C01044,2024-03-14 06:38:57,delivered,2024-03-22 06:38:57,2024-03-21 06:38:57
O001323,C00567,2025-01-11 08:38:22,cancelled,2025-01-19 08:38:22,
O001324,C00678,2024-06-05 11:09:54,delivered,2024-06-13 11:09:54,2024-06-06 11:09:54
O001325,C00555,2025-11-17 12:45:12,processing,2025-11-22 12:45:12,
O001326,C00813,2025-04-23 03:08:46,delivered,2025-04-25 03:08:46,2025-04-27 03:08:46
O001327,C00276,2024-07-14 08:35:18,delivered,2024-07-17 08:35:18,2024-07-17 08:35:18
O001328,C01554,2025-03-18 18:03:49,delivered,2025-03-26 18:03:49,2025-03-20 18:03:49
O001329,C00489,2025-11-16 22:06:56,delivered,2025-11-28 22:06:56,2025-11-18 22:06:56
O001330,C00439,2025-02-13 07:09:58,delivered,2025-02-25 07:09:58,2025-02-15 07:09:58
O001331,C00685,2025-04-20 05:33:46,delivered,2025-04-24 05:33:46,2025-04-22 05:33:46
O001332,C01673,2025-12-27 07:04:51,delivered,2025-12-30 07:04:51,2026-01-05 07:04:51
O001333,C01215,2026-05-27 21:57:05,delivered,2026-05-30 21:57:05,2026-05-28 21:57:05
O001334,C02056,2025-04-14 20:37:07,delivered,2025-04-22 20:37:07,2025-04-17 20:37:07
O001335,C01170,2026-01-23 17:34:20,delivered,2026-01-26 17:34:20,2026-01-29 17:34:20
O001336,C00145,2025-04-20 05:33:01,delivered,2025-04-22 05:33:01,2025-04-26 05:33:01
O001337,C02465,2024-06-10 15:59:01,delivered,2024-06-19 15:59:01,2024-06-13 15:59:01
O001338,C02085,2025-01-20 12:20:08,delivered,2025-01-25 12:20:08,2025-01-29 12:20:08
O001339,C00325,2024-03-05 07:35:26,delivered,2024-03-07 07:35:26,2024-03-08 07:35:26
O001340,C01807,2024-04-09 21:30:10,delivered,2024-04-19 21:30:10,2024-04-18 21:30:10
O001341,C00718,2025-02-28 12:10:57,delivered,2025-03-03 12:10:57,2025-03-05 12:10:57
O001342,C00242,2026-06-27 06:28:18,shipped,2026-07-09 06:28:18,
O001343,C01169,2025-01-28 01:39:42,delivered,2025-02-04 01:39:42,2025-02-03 01:39:42
O001344,C00941,2024-11-10 18:09:18,delivered,2024-11-19 18:09:18,2024-11-13 18:09:18
O001345,C01275,2025-10-06 03:21:45,shipped,2025-10-12 03:21:45,
O001346,C00065,2026-02-17 00:46:30,cancelled,2026-02-28 00:46:30,
O001347,C01594,2026-05-29 14:12:23,delivered,2026-05-31 14:12:23,2026-06-04 14:12:23
O001348,C00583,2026-05-21 11:15:12,delivered,2026-05-30 11:15:12,2026-05-23 11:15:12
O001349,C01599,2025-03-09 19:11:18,cancelled,2025-03-14 19:11:18,
O001350,C01249,2025-05-07 01:26:03,delivered,2025-05-14 01:26:03,2025-05-10 01:26:03
O001351,C00575,2024-02-09 17:59:29,delivered,2024-02-19 17:59:29,2024-02-14 17:59:29
O001352,C01725,2024-03-21 12:43:21,delivered,2024-03-26 12:43:21,2024-03-29 12:43:21
O001353,C02316,2026-04-26 07:54:30,delivered,2026-04-28 07:54:30,2026-05-05 07:54:30
O001354,C00607,2026-05-04 12:48:50,delivered,2026-05-13 12:48:50,2026-05-12 12:48:50
O001355,C02216,2024-07-11 13:50:58,delivered,2024-07-22 13:50:58,2024-07-19 13:50:58
O001356,C00407,2025-01-01 09:54:19,delivered,2025-01-13 09:54:19,2025-01-02 09:54:19
O001357,C01320,2025-03-16 05:56:09,delivered,2025-03-26 05:56:09,2025-03-26 05:56:09
O001358,C02204,2026-05-29 11:16:27,delivered,2026-06-02 11:16:27,2026-06-07 11:16:27
O001359,C01216,2024-11-13 14:26:45,delivered,2024-11-19 14:26:45,2024-11-19 14:26:45
O001360,C00280,2025-04-21 00:41:55,delivered,2025-04-28 00:41:55,2025-04-30 00:41:55
O001361,C01534,2026-01-14 16:20:28,processing,2026-01-23 16:20:28,
O001362,C00120,2024-04-30 08:15:30,delivered,2024-05-08 08:15:30,2024-05-09 08:15:30
O001363,C01498,2025-03-06 17:53:46,delivered,2025-03-12 17:53:46,2025-03-18 17:53:46
O001364,C01791,2026-03-23 12:32:36,delivered,2026-04-04 12:32:36,2026-04-05 12:32:36
O001365,C00592,2024-07-06 18:58:57,delivered,2024-07-11 18:58:57,2024-07-08 18:58:57
O001366,C00792,2024-03-09 19:04:25,delivered,2024-03-13 19:04:25,2024-03-19 19:04:25
O001367,C00465,2024-12-20 08:28:22,delivered,2024-12-23 08:28:22,2024-12-29 08:28:22
O001368,C00218,2026-03-13 03:43:52,delivered,2026-03-20 03:43:52,2026-03-16 03:43:52
O001369,C02463,2025-01-04 17:42:22,delivered,2025-01-09 17:42:22,2025-01-11 17:42:22
O001370,C01041,2025-03-29 11:28:13,shipped,2025-04-05 11:28:13,
O001371,C01076,2025-09-30 18:50:33,delivered,2025-10-11 18:50:33,2025-10-05 18:50:33
O001372,C02466,2024-03-03 13:49:15,delivered,2024-03-05 13:49:15,2024-03-10 13:49:15
O001373,C00994,2024-03-25 05:10:52,delivered,2024-04-06 05:10:52,2024-04-04 05:10:52
O001374,C00304,2024-12-15 23:52:40,delivered,2024-12-19 23:52:40,2024-12-23 23:52:40
O001375,C00221,2026-02-07 01:41:00,delivered,2026-02-11 01:41:00,2026-02-13 01:41:00
O001376,C00575,2024-08-11 08:26:42,delivered,2024-08-23 08:26:42,2024-08-18 08:26:42
O001377,C00612,2024-12-30 13:18:51,cancelled,2025-01-09 13:18:51,
O001378,C01846,2024-02-29 16:38:54,delivered,2024-03-11 16:38:54,2024-03-06 16:38:54
O001379,C00645,2025-01-31 10:45:54,delivered,2025-02-08 10:45:54,2025-02-08 10:45:54
O001380,C00768,2025-12-12 17:14:28,delivered,2025-12-16 17:14:28,2025-12-16 17:14:28
O001381,C02332,2025-05-20 01:31:26,delivered,2025-05-31 01:31:26,2025-05-27 01:31:26
O001382,C01932,2024-01-06 01:36:27,returned,2024-01-08 01:36:27,2024-01-15 01:36:27
O001383,C01831,2024-04-29 00:33:52,shipped,2024-05-05 00:33:52,
O001384,C01607,2025-03-04 11:48:12,delivered,2025-03-12 11:48:12,2025-03-05 11:48:12
O001385,C00519,2026-01-29 16:51:28,delivered,2026-01-31 16:51:28,2026-02-08 16:51:28
O001386,C00868,2026-02-17 16:09:03,delivered,2026-02-26 16:09:03,2026-02-19 16:09:03
O001387,C00964,2024-10-02 11:59:48,delivered,2024-10-09 11:59:48,2024-10-07 11:59:48
O001388,C02170,2025-01-25 05:55:22,delivered,2025-01-31 05:55:22,2025-02-02 05:55:22
O001389,C02062,2025-05-07 13:29:27,delivered,2025-05-14 13:29:27,2025-05-11 13:29:27
O001390,C02219,2024-03-30 08:54:14,delivered,2024-04-11 08:54:14,2024-04-04 08:54:14
O001391,C00194,2025-03-08 13:09:23,delivered,2025-03-10 13:09:23,2025-03-10 13:09:23
O001392,C01779,2025-12-12 00:48:08,delivered,2025-12-22 00:48:08,2025-12-13 00:48:08
O001393,C02235,2025-03-18 07:56:06,delivered,2025-03-25 07:56:06,2025-03-31 07:56:06
O001394,C01662,2025-10-03 08:56:32,delivered,2025-10-09 08:56:32,2025-10-05 08:56:32
O001395,C01805,2026-01-12 05:57:21,cancelled,2026-01-21 05:57:21,
O001396,C00353,2025-05-17 16:27:13,delivered,,2025-05-21 16:27:13
O001397,C00255,2024-01-29 00:33:33,processing,2024-02-01 00:33:33,
O001398,C01013,2026-05-04 23:23:38,delivered,2026-05-07 23:23:38,2026-05-07 23:23:38
O001399,C01268,2025-05-14 01:37:12,cancelled,2025-05-26 01:37:12,
O001400,C02139,2026-06-28 04:46:50,shipped,2026-07-06 04:46:50,
O001401,C00485,2025-01-29 20:54:03,shipped,2025-02-02 20:54:03,
O001402,C01017,2026-03-10 17:17:33,delivered,2026-03-15 17:17:33,2026-03-13 17:17:33
O001403,C00861,2024-05-18 02:25:43,delivered,2024-05-20 02:25:43,2024-05-22 02:25:43
O001404,C01632,2025-09-25 07:56:12,delivered,2025-10-05 07:56:12,2025-09-27 07:56:12
O001405,C02306,2026-04-26 17:54:55,delivered,,2026-04-27 17:54:55
O001406,C01027,2024-04-16 15:12:09,cancelled,2024-04-28 15:12:09,
O001407,C00314,2025-06-07 16:56:00,delivered,,2025-06-11 16:56:00
O001408,C01941,2024-08-31 10:45:13,delivered,2024-09-09 10:45:13,2024-09-07 10:45:13
O001409,C01430,2025-11-02 14:57:06,delivered,2025-11-04 14:57:06,2025-11-06 14:57:06
O001410,C00947,2025-02-11 09:27:12,delivered,2025-02-19 09:27:12,2025-02-14 09:27:12
O001411,C00805,2024-12-25 02:45:47,shipped,2024-12-31 02:45:47,
O001412,C02116,2024-09-28 17:11:12,delivered,2024-10-09 17:11:12,2024-09-30 17:11:12
O001413,C00550,2026-06-11 20:06:45,delivered,2026-06-20 20:06:45,2026-06-16 20:06:45
O001414,C00033,2025-05-18 22:34:46,delivered,2025-05-21 22:34:46,2025-05-19 22:34:46
O001415,C01275,2024-12-28 23:04:17,delivered,2025-01-03 23:04:17,2024-12-31 23:04:17
O001416,C01767,2026-05-23 23:23:42,delivered,2026-06-04 23:23:42,2026-05-27 23:23:42
O001417,C01203,2024-12-16 04:57:54,cancelled,2024-12-25 04:57:54,
O001418,C00015,2024-12-18 16:41:02,delivered,2024-12-30 16:41:02,2024-12-23 16:41:02
O001419,C00496,2026-01-31 11:43:57,delivered,2026-02-02 11:43:57,2026-02-08 11:43:57
O001420,C01155,2025-06-14 09:06:50,delivered,2025-06-18 09:06:50,2025-06-15 09:06:50
O001421,C00018,2025-08-31 18:15:37,delivered,2025-09-04 18:15:37,2025-09-05 18:15:37
O001422,C02407,2026-05-16 21:07:28,delivered,2026-05-23 21:07:28,2026-05-22 21:07:28
O001423,C00868,2024-06-21 15:41:59,delivered,2024-06-26 15:41:59,2024-06-26 15:41:59
O001424,C02090,2025-07-29 21:19:06,delivered,2025-08-09 21:19:06,2025-08-04 21:19:06
O001425,C00962,2025-02-19 10:45:57,shipped,2025-03-01 10:45:57,
O001426,C00835,2024-10-02 08:20:49,delivered,2024-10-13 08:20:49,2024-10-03 08:20:49
O001427,C01987,2024-03-24 21:10:21,delivered,2024-04-05 21:10:21,2024-04-01 21:10:21
O001428,C00461,2026-05-14 19:00:10,delivered,2026-05-25 19:00:10,2026-05-20 19:00:10
O001429,C00238,2026-06-30 04:15:45,shipped,2026-07-02 04:15:45,
O001430,C02105,2025-09-14 22:46:09,delivered,2025-09-17 22:46:09,2025-09-22 22:46:09
O001431,C02187,2025-08-31 07:27:39,delivered,2025-09-06 07:27:39,2025-09-06 07:27:39
O001432,C00781,2024-03-28 14:28:29,delivered,2024-04-01 14:28:29,2024-04-02 14:28:29
O001433,C00452,2024-02-28 20:56:35,delivered,2024-03-10 20:56:35,2024-03-05 20:56:35
O001434,C01578,2026-01-20 12:05:50,delivered,2026-01-31 12:05:50,2026-01-26 12:05:50
O001435,C00721,2024-03-01 02:56:46,delivered,2024-03-03 02:56:46,2024-03-14 02:56:46
O001436,C01898,2025-03-04 03:35:10,processing,2025-03-07 03:35:10,
O001437,C01041,2026-06-09 23:58:24,cancelled,2026-06-16 23:58:24,
O001438,C00088,2024-12-08 11:03:03,cancelled,2024-12-14 11:03:03,
O001439,C01654,2025-02-03 14:38:52,delivered,2025-02-07 14:38:52,2025-02-04 14:38:52
O001440,C01727,2026-01-22 18:37:33,delivered,2026-01-25 18:37:33,2026-01-23 18:37:33
O001441,C00560,2026-04-24 16:28:16,cancelled,2026-04-26 16:28:16,
O001442,C01699,2024-06-30 20:13:36,processing,2024-07-07 20:13:36,
O001443,C02405,2025-02-28 09:13:35,delivered,2025-03-10 09:13:35,2025-03-04 09:13:35
O001444,C01507,2024-04-12 06:29:42,delivered,2024-04-22 06:29:42,2024-04-18 06:29:42
O001445,C01100,2024-05-05 23:00:45,returned,2024-05-14 23:00:45,2024-05-10 23:00:45
O001446,C01275,2024-08-21 07:54:29,delivered,2024-08-26 07:54:29,2024-08-26 07:54:29
O001447,C01006,2024-03-17 01:27:37,delivered,2024-03-28 01:27:37,2024-03-21 01:27:37
O001448,C00863,2025-04-28 23:02:35,delivered,2025-05-07 23:02:35,2025-05-07 23:02:35
O001449,C02343,2024-12-26 21:42:14,cancelled,2025-01-05 21:42:14,
O001450,C00313,2025-02-19 01:14:24,delivered,2025-02-25 01:14:24,2025-02-22 01:14:24
O001451,C01272,2024-11-04 11:57:46,delivered,2024-11-10 11:57:46,2024-11-14 11:57:46
O001452,C00542,2024-08-04 21:53:04,delivered,2024-08-10 21:53:04,2024-08-05 21:53:04
O001453,C02301,2024-01-28 08:46:54,shipped,2024-02-08 08:46:54,
O001454,C02385,2024-07-13 19:59:19,cancelled,2024-07-23 19:59:19,
O001455,C01086,2025-02-28 04:50:47,delivered,2025-03-10 04:50:47,2025-03-10 04:50:47
O001456,C02428,2025-09-08 16:28:15,delivered,2025-09-20 16:28:15,2025-09-16 16:28:15
O001457,C00838,2024-03-21 04:39:55,returned,2024-03-28 04:39:55,2024-03-30 04:39:55
O001458,C00187,2026-04-19 14:42:14,processing,2026-04-24 14:42:14,
O001459,C01343,2025-12-08 10:41:27,delivered,2025-12-16 10:41:27,2025-12-18 10:41:27
O001460,C01190,2024-01-24 07:39:54,delivered,2024-01-30 07:39:54,2024-01-28 07:39:54
O001461,C01505,2024-01-15 12:50:21,returned,2024-01-20 12:50:21,2024-01-17 12:50:21
O001462,C00060,2024-04-10 01:08:01,delivered,2024-04-22 01:08:01,2024-04-19 01:08:01
O001463,C00571,2024-01-30 01:38:28,processing,2024-02-11 01:38:28,
O001464,C02400,2024-04-12 12:40:22,delivered,2024-04-14 12:40:22,2024-04-17 12:40:22
O001465,C00549,2025-08-28 04:10:25,cancelled,2025-09-02 04:10:25,
O001466,C00410,2024-11-08 03:43:51,processing,2024-11-20 03:43:51,
O001467,C01408,2026-04-27 15:15:40,delivered,2026-05-06 15:15:40,2026-05-03 15:15:40
O001468,C02010,2025-07-14 05:58:07,delivered,2025-07-26 05:58:07,2025-07-24 05:58:07
O001469,C01252,2025-04-23 09:24:03,delivered,2025-04-26 09:24:03,2025-05-03 09:24:03
O001470,C00103,2026-02-06 18:08:00,delivered,2026-02-10 18:08:00,2026-02-07 18:08:00
O001471,C01788,2025-09-13 22:47:11,delivered,2025-09-15 22:47:11,2025-09-14 22:47:11
O001472,C02385,2025-03-26 13:06:12,processing,2025-03-28 13:06:12,
O001473,C01131,2025-09-24 10:46:47,delivered,2025-10-06 10:46:47,2025-10-04 10:46:47
O001474,C01021,2025-11-30 18:50:39,delivered,2025-12-12 18:50:39,2025-12-10 18:50:39
O001475,C02243,2024-04-15 14:31:01,delivered,2024-04-20 14:31:01,2024-04-21 14:31:01
O001476,C01042,2026-02-14 19:46:48,delivered,2026-02-25 19:46:48,2026-02-19 19:46:48
O001477,C00983,2025-10-20 08:15:24,delivered,2025-10-27 08:15:24,2025-10-23 08:15:24
O001478,C01406,2025-09-20 16:28:22,delivered,2025-09-25 16:28:22,2025-09-22 16:28:22
O001479,C01997,2024-09-06 15:49:38,delivered,2024-09-14 15:49:38,2024-09-07 15:49:38
O001480,C01011,2025-06-30 21:33:30,cancelled,2025-07-06 21:33:30,
O001481,C02149,2024-05-02 05:35:05,delivered,2024-05-04 05:35:05,2024-05-03 05:35:05
O001482,C01950,2026-05-21 00:49:41,delivered,2026-05-30 00:49:41,2026-05-25 00:49:41
O001483,C02011,2024-05-07 14:30:40,delivered,2024-05-16 14:30:40,2024-05-08 14:30:40
O001484,C01966,2026-04-04 04:23:02,delivered,2026-04-11 04:23:02,2026-04-10 04:23:02
O001485,C00444,2026-02-28 22:26:38,delivered,2026-03-07 22:26:38,2026-03-11 22:26:38
O001486,C01610,2025-05-06 01:25:20,delivered,2025-05-14 01:25:20,2025-05-09 01:25:20
O001487,C01986,2025-12-08 13:33:22,delivered,2025-12-20 13:33:22,2025-12-09 13:33:22
O001488,C00952,2024-09-22 23:32:48,delivered,2024-09-30 23:32:48,2024-09-28 23:32:48
O001489,C00264,2024-03-28 00:28:04,delivered,2024-04-06 00:28:04,2024-04-04 00:28:04
O001490,C01160,2025-05-08 05:50:11,delivered,2025-05-17 05:50:11,2025-05-12 05:50:11
O001491,C01300,2026-01-07 22:01:48,shipped,2026-01-12 22:01:48,
O001492,C01663,2024-08-10 11:30:27,delivered,2024-08-20 11:30:27,2024-08-18 11:30:27
O001493,C00751,2026-03-27 19:42:04,delivered,2026-04-06 19:42:04,2026-04-01 19:42:04
O001494,C01911,2025-06-09 07:30:30,delivered,2025-06-12 07:30:30,2025-06-10 07:30:30
O001495,C00409,2025-07-23 10:34:45,shipped,2025-07-26 10:34:45,
O001496,C01652,2025-07-06 10:33:34,delivered,2025-07-13 10:33:34,2025-07-07 10:33:34
O001497,C01378,2025-09-23 09:02:50,processing,2025-09-26 09:02:50,
O001498,C00784,2025-07-31 00:23:53,cancelled,2025-08-07 00:23:53,
O001499,C01881,2024-08-01 16:59:37,delivered,2024-08-05 16:59:37,2024-08-08 16:59:37
O001500,C00291,2025-10-16 09:52:38,delivered,2025-10-20 09:52:38,2025-10-17 09:52:38
O001501,C00190,2024-12-24 19:37:12,delivered,2024-12-26 19:37:12,2024-12-25 19:37:12
O001502,C00313,2026-02-12 09:08:12,delivered,2026-02-23 09:08:12,2026-02-19 09:08:12
O001503,C01718,2025-06-11 23:07:03,delivered,2025-06-19 23:07:03,2025-06-16 23:07:03
O001504,C02079,2025-11-16 06:56:50,delivered,2025-11-23 06:56:50,2025-11-23 06:56:50
O001505,C00663,2025-02-03 14:35:53,processing,2025-02-14 14:35:53,
O001506,C00418,2025-03-08 10:06:23,cancelled,2025-03-16 10:06:23,
O001507,C00851,2024-09-21 18:12:15,delivered,2024-09-24 18:12:15,2024-09-27 18:12:15
O001508,C01604,2024-05-27 17:59:33,delivered,2024-06-04 17:59:33,2024-06-01 17:59:33
O001509,C00559,2025-09-12 06:54:55,delivered,2025-09-14 06:54:55,2025-09-20 06:54:55
O001510,C00390,2024-05-15 07:27:41,delivered,2024-05-22 07:27:41,2024-05-22 07:27:41
O001511,C01575,2025-06-24 21:01:59,delivered,2025-06-29 21:01:59,2025-06-27 21:01:59
O001512,C00279,2024-05-24 02:25:01,delivered,2024-06-05 02:25:01,2024-05-31 02:25:01
O001513,C01283,2024-05-31 02:33:36,delivered,2024-06-02 02:33:36,2024-06-03 02:33:36
O001514,C00407,2026-04-03 00:13:26,delivered,2026-04-11 00:13:26,2026-04-09 00:13:26
O001515,C01885,2024-03-31 00:38:38,delivered,2024-04-08 00:38:38,2024-04-01 00:38:38
O001516,C02359,2025-11-13 12:09:09,delivered,2025-11-20 12:09:09,2025-11-18 12:09:09
O001517,C00960,2024-06-08 14:22:08,delivered,2024-06-12 14:22:08,2024-06-15 14:22:08
O001518,C02218,2024-11-18 06:01:25,delivered,2024-11-29 06:01:25,2024-11-24 06:01:25
O001519,C01440,2024-07-08 16:54:28,delivered,2024-07-18 16:54:28,2024-07-13 16:54:28
O001520,C00767,2026-02-20 06:18:06,delivered,2026-02-28 06:18:06,2026-02-27 06:18:06
O001521,C01917,2025-10-27 15:43:10,delivered,2025-11-04 15:43:10,2025-10-31 15:43:10
O001522,C00117,2025-10-17 08:54:52,delivered,2025-10-27 08:54:52,2025-11-02 08:54:52
O001523,C00354,2025-01-16 20:11:59,delivered,2025-01-18 20:11:59,2025-01-23 20:11:59
O001524,C00514,2026-01-22 02:26:47,delivered,2026-01-28 02:26:47,2026-01-27 02:26:47
O001525,C01030,2026-03-29 07:26:24,returned,2026-04-01 07:26:24,2026-04-05 07:26:24
O001526,C01482,2025-09-26 06:54:05,delivered,2025-09-29 06:54:05,2025-10-02 06:54:05
O001527,C01211,2026-06-17 12:07:32,processing,2026-06-22 12:07:32,
O001528,C01349,2025-07-02 10:58:14,delivered,2025-07-06 10:58:14,2025-07-03 10:58:14
O001529,C00589,2024-03-07 00:16:58,shipped,2024-03-17 00:16:58,
O001530,C00759,2026-04-10 08:20:24,delivered,2026-04-15 08:20:24,2026-04-16 08:20:24
O001531,C01072,2025-10-28 14:24:04,delivered,2025-10-30 14:24:04,2025-11-04 14:24:04
O001532,C00185,2024-02-04 11:07:07,delivered,2024-02-08 11:07:07,2024-02-11 11:07:07
O001533,C00291,2025-09-12 21:00:28,delivered,2025-09-19 21:00:28,2025-09-18 21:00:28
O001534,C01227,2024-07-08 18:38:48,shipped,2024-07-19 18:38:48,
O001535,C00467,2024-03-13 09:29:24,processing,2024-03-21 09:29:24,
O001536,C00072,2025-04-14 12:58:42,delivered,2025-04-21 12:58:42,2025-04-29 12:58:42
O001537,C01995,2025-02-14 01:19:23,delivered,2025-02-22 01:19:23,2025-02-18 01:19:23
O001538,C00329,2025-12-19 14:13:41,delivered,2025-12-29 14:13:41,2025-12-20 14:13:41
O001539,C01614,2026-02-09 21:56:53,delivered,2026-02-21 21:56:53,2026-02-19 21:56:53
O001540,C01305,2025-11-03 04:25:10,shipped,2025-11-12 04:25:10,
O001541,C02054,2025-08-02 23:25:48,delivered,2025-08-07 23:25:48,2025-08-10 23:25:48
O001542,C00618,2025-07-09 22:49:01,delivered,2025-07-21 22:49:01,2025-07-15 22:49:01
O001543,C01587,2024-10-04 05:27:02,delivered,2024-10-14 05:27:02,2024-10-13 05:27:02
O001544,C00609,2024-08-31 10:15:25,delivered,2024-09-02 10:15:25,2024-09-02 10:15:25
O001545,C01943,2024-02-29 11:39:45,delivered,2024-03-08 11:39:45,2024-03-08 11:39:45
O001546,C01387,2025-07-21 15:03:39,delivered,2025-07-30 15:03:39,2025-07-29 15:03:39
O001547,C00458,2025-10-09 13:30:46,delivered,2025-10-21 13:30:46,2025-10-16 13:30:46
O001548,C01652,2026-03-12 04:13:56,delivered,2026-03-14 04:13:56,2026-03-13 04:13:56
O001549,C00586,2026-03-26 05:07:00,processing,2026-03-31 05:07:00,
O001550,C00892,2026-01-27 17:59:51,delivered,2026-02-03 17:59:51,2026-01-31 17:59:51
O001551,C00926,2025-09-10 05:39:30,delivered,2025-09-15 05:39:30,2025-09-11 05:39:30
O001552,C02303,2024-07-21 08:33:44,cancelled,2024-07-30 08:33:44,
O001553,C00620,2026-03-28 21:03:45,delivered,2026-04-02 21:03:45,2026-04-06 21:03:45
O001554,C01229,2026-01-28 16:00:47,delivered,2026-01-30 16:00:47,2026-01-30 16:00:47
O001555,C00044,2024-10-26 23:20:47,delivered,2024-11-06 23:20:47,2024-11-03 23:20:47
O001556,C01918,2026-03-17 15:43:32,shipped,2026-03-27 15:43:32,
O001557,C02017,2025-01-10 19:52:54,delivered,2025-01-12 19:52:54,2025-01-16 19:52:54
O001558,C01270,2025-09-15 15:09:57,cancelled,2025-09-22 15:09:57,
O001559,C01803,2025-07-26 19:46:16,shipped,2025-08-02 19:46:16,
O001560,C00303,2024-03-02 07:51:25,delivered,2024-03-11 07:51:25,2024-03-06 07:51:25
O001561,C00827,2024-06-20 18:28:40,returned,2024-06-22 18:28:40,2024-07-03 18:28:40
O001562,C01724,2025-10-03 10:44:38,delivered,2025-10-08 10:44:38,2025-10-13 10:44:38
O001563,C01478,2026-05-08 19:29:33,delivered,2026-05-19 19:29:33,2026-05-09 19:29:33
O001564,C01378,2025-02-16 20:04:34,delivered,2025-02-28 20:04:34,2025-02-17 20:04:34
O001565,C01147,2025-02-09 11:50:36,delivered,2025-02-14 11:50:36,2025-02-17 11:50:36
O001566,C00832,2024-06-28 03:28:15,delivered,2024-07-03 03:28:15,2024-06-29 03:28:15
O001567,C00193,2024-02-03 04:54:18,delivered,2024-02-08 04:54:18,2024-02-10 04:54:18
O001568,C00156,2025-12-25 05:49:43,delivered,2025-12-31 05:49:43,2026-01-01 05:49:43
O001569,C00023,2026-03-20 09:08:20,shipped,2026-03-25 09:08:20,
O001570,C01199,2024-10-25 08:01:40,delivered,2024-11-03 08:01:40,2024-10-30 08:01:40
O001571,C01531,2025-08-07 17:02:47,delivered,2025-08-15 17:02:47,2025-08-11 17:02:47
O001572,C00119,2025-05-17 08:13:07,delivered,2025-05-21 08:13:07,2025-05-22 08:13:07
O001573,C00817,2025-06-21 08:06:58,delivered,2025-06-25 08:06:58,2025-06-28 08:06:58
O001574,C00678,2024-08-29 09:01:26,delivered,2024-09-08 09:01:26,2024-09-04 09:01:26
O001575,C02402,2025-08-09 09:26:15,delivered,2025-08-18 09:26:15,2025-08-10 09:26:15
O001576,C01934,2024-03-01 06:08:41,shipped,2024-03-08 06:08:41,
O001577,C00773,2025-09-25 15:36:40,delivered,2025-09-29 15:36:40,2025-09-30 15:36:40
O001578,C01522,2024-01-19 17:45:42,delivered,2024-01-24 17:45:42,2024-01-25 17:45:42
O001579,C01054,2024-06-24 19:38:07,cancelled,2024-07-02 19:38:07,
O001580,C01612,2025-05-17 08:17:44,delivered,2025-05-21 08:17:44,2025-05-23 08:17:44
O001581,C01603,2024-10-13 17:18:38,delivered,2024-10-24 17:18:38,2024-10-21 17:18:38
O001582,C01690,2025-01-31 15:59:36,delivered,2025-02-04 15:59:36,2025-02-08 15:59:36
O001583,C01885,2025-02-12 05:28:29,delivered,2025-02-18 05:28:29,2025-02-18 05:28:29
O001584,C02270,2026-02-10 03:46:05,delivered,2026-02-14 03:46:05,2026-02-11 03:46:05
O001585,C00407,2025-02-01 14:59:06,shipped,2025-02-12 14:59:06,
O001586,C01752,2024-08-24 22:42:04,delivered,2024-08-29 22:42:04,2024-09-04 22:42:04
O001587,C01882,2024-11-20 05:25:54,delivered,2024-12-02 05:25:54,2024-11-23 05:25:54
O001588,C00108,2024-05-28 06:13:16,processing,2024-06-01 06:13:16,
O001589,C02040,2026-04-13 01:54:38,delivered,2026-04-18 01:54:38,2026-04-19 01:54:38
O001590,C00319,2025-04-11 14:45:13,delivered,2025-04-22 14:45:13,2025-04-16 14:45:13
O001591,C00547,2025-03-19 09:45:11,shipped,2025-03-27 09:45:11,
O001592,C00118,2024-03-22 16:18:27,delivered,2024-03-31 16:18:27,2024-03-29 16:18:27
O001593,C00694,2025-01-04 09:23:13,returned,2025-01-16 09:23:13,2025-01-17 09:23:13
O001594,C00107,2026-04-28 21:49:29,delivered,2026-05-02 21:49:29,2026-04-30 21:49:29
O001595,C02050,2025-01-09 19:14:37,delivered,2025-01-15 19:14:37,2025-01-11 19:14:37
O001596,C02047,2024-12-06 02:45:42,delivered,2024-12-16 02:45:42,2024-12-10 02:45:42
O001597,C00676,2025-10-30 15:12:47,delivered,2025-11-11 15:12:47,2025-11-10 15:12:47
O001598,C00713,2025-12-14 06:55:00,cancelled,2025-12-20 06:55:00,
O001599,C01298,2024-03-27 22:52:02,delivered,2024-04-03 22:52:02,2024-04-01 22:52:02
O001600,C01895,2024-10-07 01:45:58,delivered,2024-10-19 01:45:58,2024-10-14 01:45:58
O001601,C00225,2025-07-18 23:19:52,delivered,2025-07-22 23:19:52,2025-07-26 23:19:52
O001602,C00143,2025-02-24 05:04:46,delivered,2025-03-01 05:04:46,2025-03-02 05:04:46
O001603,C01937,2025-06-09 15:28:44,delivered,2025-06-15 15:28:44,2025-06-11 15:28:44
O001604,C00865,2024-10-01 02:38:43,delivered,2024-10-05 02:38:43,2024-10-03 02:38:43
O001605,C02054,2024-11-27 11:45:49,delivered,2024-12-07 11:45:49,2024-12-06 11:45:49
O001606,C01905,2025-05-25 07:03:47,delivered,2025-06-04 07:03:47,2025-05-31 07:03:47
O001607,C02409,2025-10-09 03:47:05,delivered,2025-10-13 03:47:05,2025-10-22 03:47:05
O001608,C00075,2025-11-25 02:34:06,delivered,2025-12-05 02:34:06,2025-12-04 02:34:06
O001609,C02022,2024-06-25 02:04:33,delivered,2024-06-30 02:04:33,2024-06-26 02:04:33
O001610,C01873,2025-03-25 12:34:10,delivered,2025-04-02 12:34:10,2025-04-01 12:34:10
O001611,C02205,2026-03-10 08:25:05,delivered,2026-03-18 08:25:05,2026-03-15 08:25:05
O001612,C00356,2024-09-09 08:23:33,delivered,2024-09-11 08:23:33,2024-09-10 08:23:33
O001613,C01666,2025-09-24 13:03:12,delivered,2025-09-28 13:03:12,2025-10-01 13:03:12
O001614,C00225,2024-09-19 14:42:17,delivered,2024-09-21 14:42:17,2024-09-28 14:42:17
O001615,C01957,2025-01-20 13:49:45,delivered,2025-01-31 13:49:45,2025-01-21 13:49:45
O001616,C00593,2025-03-12 03:50:42,delivered,2025-03-23 03:50:42,2025-03-16 03:50:42
O001617,C01551,2026-05-21 05:48:54,delivered,2026-05-24 05:48:54,2026-05-25 05:48:54
O001618,C01725,2026-06-20 10:54:00,delivered,,2026-06-21 10:54:00
O001619,C01586,2025-12-07 05:00:35,cancelled,2025-12-14 05:00:35,
O001620,C01451,2026-05-09 21:57:21,cancelled,2026-05-13 21:57:21,
O001621,C00636,2025-01-18 17:48:29,delivered,2025-01-21 17:48:29,2025-01-22 17:48:29
O001622,C01976,2025-07-19 04:01:08,cancelled,2025-07-26 04:01:08,
O001623,C00215,2024-08-26 10:43:14,delivered,2024-09-03 10:43:14,2024-08-31 10:43:14
O001624,C00014,2025-09-02 13:56:26,delivered,2025-09-04 13:56:26,2025-09-11 13:56:26
O001625,C01198,2025-07-08 01:02:13,delivered,2025-07-19 01:02:13,2025-07-12 01:02:13
O001626,C02266,2025-03-09 20:27:47,delivered,2025-03-15 20:27:47,2025-03-17 20:27:47
O001627,C01738,2026-01-04 16:27:23,delivered,2026-01-15 16:27:23,2026-01-14 16:27:23
O001628,C02467,2025-05-26 07:30:19,returned,2025-06-06 07:30:19,2025-05-30 07:30:19
O001629,C02353,2025-10-16 22:29:14,delivered,2025-10-28 22:29:14,2025-10-22 22:29:14
O001630,C01968,2024-06-15 16:33:49,delivered,2024-06-25 16:33:49,2024-06-19 16:33:49
O001631,C01764,2025-04-29 20:15:19,delivered,2025-05-08 20:15:19,2025-05-06 20:15:19
O001632,C02188,2026-06-02 12:13:05,delivered,2026-06-06 12:13:05,2026-06-08 12:13:05
O001633,C00590,2024-01-02 13:46:59,returned,2024-01-12 13:46:59,2024-01-05 13:46:59
O001634,C01495,2025-09-10 22:10:50,delivered,2025-09-22 22:10:50,2025-09-21 22:10:50
O001635,C00412,2024-08-31 00:45:41,delivered,2024-09-07 00:45:41,2024-09-07 00:45:41
O001636,C01277,2024-10-18 04:06:38,delivered,2024-10-27 04:06:38,2024-10-25 04:06:38
O001637,C00337,2024-02-10 07:04:29,delivered,2024-02-13 07:04:29,2024-02-11 07:04:29
O001638,C02469,2024-01-19 09:51:06,delivered,2024-01-29 09:51:06,2024-01-28 09:51:06
O001639,C01797,2026-06-17 14:19:45,delivered,2026-06-25 14:19:45,2026-06-21 14:19:45
O001640,C00654,2024-07-04 09:38:00,delivered,2024-07-10 09:38:00,2024-07-09 09:38:00
O001641,C00724,2026-04-04 02:42:27,delivered,2026-04-13 02:42:27,2026-04-05 02:42:27
O001642,C01258,2025-03-28 07:08:42,delivered,2025-04-03 07:08:42,2025-04-06 07:08:42
O001643,C01764,2026-02-02 20:58:29,cancelled,2026-02-13 20:58:29,
O001644,C02190,2024-07-30 00:28:58,delivered,2024-08-03 00:28:58,2024-08-10 00:28:58
O001645,C02434,2024-06-20 08:21:57,delivered,2024-06-25 08:21:57,2024-06-29 08:21:57
O001646,C00093,2026-01-29 21:23:25,delivered,2026-02-07 21:23:25,2026-02-05 21:23:25
O001647,C02405,2025-09-24 02:23:23,delivered,2025-10-04 02:23:23,2025-09-28 02:23:23
O001648,C01047,2024-02-12 06:22:44,delivered,2024-02-22 06:22:44,2024-02-13 06:22:44
O001649,C02042,2024-12-04 08:35:56,cancelled,2024-12-14 08:35:56,
O001650,C01750,2024-06-03 04:09:26,returned,2024-06-13 04:09:26,2024-06-13 04:09:26
O001651,C01183,2026-05-01 20:58:07,processing,2026-05-06 20:58:07,
O001652,C01312,2024-06-14 09:47:05,shipped,2024-06-23 09:47:05,
O001653,C01964,2024-12-27 07:00:47,delivered,2025-01-08 07:00:47,2024-12-31 07:00:47
O001654,C00495,2025-05-29 18:40:15,delivered,2025-06-04 18:40:15,2025-06-01 18:40:15
O001655,C01626,2025-08-18 08:27:16,delivered,2025-08-30 08:27:16,2025-08-26 08:27:16
O001656,C00674,2025-11-12 07:23:20,delivered,2025-11-24 07:23:20,2025-11-18 07:23:20
O001657,C02098,2026-04-18 11:18:07,delivered,2026-04-30 11:18:07,2026-04-20 11:18:07
O001658,C01731,2025-02-21 00:10:41,cancelled,2025-02-25 00:10:41,
O001659,C01322,2024-03-16 00:44:17,delivered,2024-03-19 00:44:17,2024-03-26 00:44:17
O001660,C02111,2025-06-23 12:15:38,delivered,2025-06-28 12:15:38,2025-06-26 12:15:38
O001661,C00965,2024-10-18 23:44:42,delivered,2024-10-23 23:44:42,2024-10-23 23:44:42
O001662,C00800,2026-02-22 16:36:00,delivered,2026-02-25 16:36:00,2026-02-27 16:36:00
O001663,C02358,2024-04-03 23:32:09,delivered,2024-04-06 23:32:09,2024-04-06 23:32:09
O001664,C01110,2025-11-17 09:54:29,delivered,2025-11-24 09:54:29,2025-11-27 09:54:29
O001665,C00700,2024-01-24 03:34:36,delivered,2024-01-27 03:34:36,2024-02-01 03:34:36
O001666,C00926,2024-11-18 17:57:01,delivered,2024-11-23 17:57:01,2024-11-23 17:57:01
O001667,C02337,2024-12-14 04:21:58,delivered,2024-12-17 04:21:58,2024-12-22 04:21:58
O001668,C01486,2026-02-03 01:48:48,delivered,2026-02-15 01:48:48,2026-02-07 01:48:48
O001669,C00741,2025-09-09 14:09:43,delivered,2025-09-18 14:09:43,2025-09-20 14:09:43
O001670,C01486,2024-09-25 23:06:00,delivered,2024-09-27 23:06:00,2024-10-02 23:06:00
O001671,C02375,2024-08-06 00:44:59,delivered,2024-08-14 00:44:59,2024-08-12 00:44:59
O001672,C00889,2025-07-09 17:48:26,delivered,2025-07-19 17:48:26,2025-07-16 17:48:26
O001673,C01706,2026-06-01 14:02:17,cancelled,2026-06-11 14:02:17,
O001674,C02009,2024-05-23 10:40:57,delivered,2024-05-25 10:40:57,2024-06-03 10:40:57
O001675,C02119,2024-01-13 03:17:24,shipped,2024-01-20 03:17:24,
O001676,C00248,2026-05-15 04:01:22,delivered,2026-05-25 04:01:22,2026-05-18 04:01:22
O001677,C00929,2025-02-25 18:00:11,delivered,2025-02-27 18:00:11,2025-03-04 18:00:11
O001678,C02428,2025-01-02 14:43:49,delivered,2025-01-09 14:43:49,2025-01-09 14:43:49
O001679,C02035,2024-07-21 09:22:10,delivered,2024-07-27 09:22:10,2024-07-23 09:22:10
O001680,C01929,2025-07-11 17:11:51,delivered,2025-07-14 17:11:51,2025-07-20 17:11:51
O001681,C01050,2024-02-26 10:27:29,returned,2024-03-06 10:27:29,2024-03-01 10:27:29
O001682,C02455,2025-10-20 02:44:35,delivered,2025-10-28 02:44:35,2025-10-29 02:44:35
O001683,C02472,2025-06-17 17:21:08,delivered,2025-06-27 17:21:08,2025-06-24 17:21:08
O001684,C00521,2026-05-07 06:01:20,delivered,2026-05-19 06:01:20,2026-05-11 06:01:20
O001685,C02399,2024-12-02 06:00:33,delivered,2024-12-08 06:00:33,2024-12-08 06:00:33
O001686,C01130,2025-12-26 12:30:00,delivered,2026-01-02 12:30:00,2026-01-02 12:30:00
O001687,C02285,2025-01-31 09:07:20,delivered,2025-02-05 09:07:20,2025-02-06 09:07:20
O001688,C00921,2025-06-14 00:29:36,delivered,2025-06-25 00:29:36,2025-06-17 00:29:36
O001689,C00091,2026-05-16 19:03:22,delivered,2026-05-19 19:03:22,2026-05-24 19:03:22
O001690,C01182,2025-12-17 03:02:09,delivered,2025-12-19 03:02:09,2025-12-22 03:02:09
O001691,C01534,2025-04-14 23:59:17,delivered,2025-04-22 23:59:17,2025-04-17 23:59:17
O001692,C01901,2024-01-23 01:39:15,delivered,2024-02-02 01:39:15,2024-01-31 01:39:15
O001693,C00211,2024-10-08 00:05:42,delivered,2024-10-12 00:05:42,2024-10-13 00:05:42
O001694,C02116,2024-07-27 00:08:42,delivered,2024-08-06 00:08:42,2024-08-02 00:08:42
O001695,C00870,2025-04-07 22:25:12,delivered,2025-04-09 22:25:12,2025-04-17 22:25:12
O001696,C01295,2025-11-14 06:07:25,processing,2025-11-20 06:07:25,
O001697,C00249,2024-08-30 10:08:31,delivered,2024-09-08 10:08:31,2024-09-09 10:08:31
O001698,C01706,2025-11-02 15:59:45,delivered,2025-11-06 15:59:45,2025-11-04 15:59:45
O001699,C02232,2026-03-31 10:51:56,cancelled,2026-04-08 10:51:56,
O001700,C00470,2026-05-03 20:11:27,delivered,2026-05-11 20:11:27,2026-05-11 20:11:27
O001701,C00143,2025-08-28 04:45:42,delivered,2025-09-02 04:45:42,2025-09-04 04:45:42
O001702,C00564,2026-04-03 17:54:57,delivered,2026-04-06 17:54:57,2026-04-05 17:54:57
O001703,C01154,2025-12-16 05:23:40,shipped,2025-12-19 05:23:40,
O001704,C00526,2026-04-30 04:39:13,delivered,2026-05-09 04:39:13,2026-05-07 04:39:13
O001705,C01450,2025-05-20 12:59:12,delivered,2025-05-31 12:59:12,2025-05-25 12:59:12
O001706,C02393,2026-02-21 10:08:01,processing,2026-02-26 10:08:01,
O001707,C01292,2025-09-27 01:33:43,shipped,2025-10-04 01:33:43,
O001708,C01972,2025-02-26 12:52:04,delivered,2025-03-07 12:52:04,2025-03-07 12:52:04
O001709,C01325,2024-10-05 13:33:32,delivered,2024-10-13 13:33:32,2024-10-09 13:33:32
O001710,C01380,2025-08-10 12:59:24,delivered,2025-08-17 12:59:24,2025-08-11 12:59:24
O001711,C00620,2025-12-11 12:55:48,delivered,2025-12-16 12:55:48,2025-12-18 12:55:48
O001712,C01485,2024-11-29 22:49:50,delivered,2024-12-07 22:49:50,2024-12-06 22:49:50
O001713,C00825,2025-12-12 13:43:52,returned,2025-12-15 13:43:52,2025-12-25 13:43:52
O001714,C00828,2026-05-20 06:52:33,delivered,2026-05-25 06:52:33,2026-05-28 06:52:33
O001715,C02135,2025-05-13 22:12:04,delivered,,2025-05-24 22:12:04
O001716,C02365,2025-04-14 12:09:41,delivered,2025-04-16 12:09:41,2025-04-20 12:09:41
O001717,C02094,2024-05-03 12:47:14,processing,2024-05-10 12:47:14,
O001718,C00636,2024-10-01 10:20:20,cancelled,2024-10-06 10:20:20,
O001719,C00943,2025-09-27 03:59:31,delivered,2025-10-08 03:59:31,2025-10-01 03:59:31
O001720,C00724,2025-09-12 23:19:43,delivered,2025-09-19 23:19:43,2025-09-19 23:19:43
O001721,C00659,2025-08-15 03:30:43,delivered,2025-08-25 03:30:43,2025-08-18 03:30:43
O001722,C02490,2025-08-01 13:33:53,delivered,2025-08-04 13:33:53,2025-08-06 13:33:53
O001723,C01486,2024-01-24 13:43:06,delivered,,2024-02-04 13:43:06
O001724,C02120,2024-11-17 13:02:14,delivered,2024-11-21 13:02:14,2024-11-19 13:02:14
O001725,C00729,2026-05-10 21:02:16,delivered,2026-05-21 21:02:16,2026-05-11 21:02:16
O001726,C01459,2026-06-15 17:22:00,delivered,2026-06-20 17:22:00,2026-06-25 17:22:00
O001727,C00871,2025-02-27 14:18:53,delivered,2025-03-09 14:18:53,2025-02-28 14:18:53
O001728,C00238,2024-01-11 08:57:11,processing,,
O001729,C02413,2025-08-25 09:48:09,delivered,2025-09-05 09:48:09,2025-08-28 09:48:09
O001730,C02106,2025-10-29 08:18:53,delivered,2025-11-03 08:18:53,2025-11-01 08:18:53
O001731,C02000,2026-05-28 13:57:35,delivered,2026-06-06 13:57:35,2026-06-09 13:57:35
O001732,C01204,2026-01-12 10:12:39,delivered,2026-01-23 10:12:39,2026-01-19 10:12:39
O001733,C01576,2025-01-13 19:38:37,delivered,2025-01-20 19:38:37,2025-01-17 19:38:37
O001734,C01100,2024-11-28 14:46:10,delivered,2024-12-04 14:46:10,2024-11-29 14:46:10
O001735,C00470,2026-06-18 11:16:17,delivered,2026-06-25 11:16:17,2026-06-24 11:16:17
O001736,C01046,2024-11-19 08:23:06,delivered,2024-12-01 08:23:06,2024-11-27 08:23:06
O001737,C01824,2024-06-18 05:49:44,delivered,2024-06-25 05:49:44,2024-06-24 05:49:44
O001738,C02228,2024-11-17 04:09:43,delivered,2024-11-24 04:09:43,2024-11-20 04:09:43
O001739,C02138,2025-07-03 02:57:57,delivered,2025-07-13 02:57:57,2025-07-12 02:57:57
O001740,C01032,2024-05-27 13:25:06,delivered,2024-06-05 13:25:06,2024-06-04 13:25:06
O001741,C02253,2024-01-30 13:08:06,delivered,2024-02-03 13:08:06,2024-02-09 13:08:06
O001742,C02074,2025-06-23 20:54:42,delivered,2025-07-03 20:54:42,2025-07-02 20:54:42
O001743,C00690,2024-09-21 00:54:09,shipped,2024-09-27 00:54:09,
O001744,C01806,2024-09-29 04:33:06,delivered,2024-10-01 04:33:06,2024-09-30 04:33:06
O001745,C02057,2024-01-12 15:58:52,shipped,2024-01-18 15:58:52,
O001746,C01823,2024-08-19 10:09:13,delivered,2024-08-29 10:09:13,2024-08-23 10:09:13
O001747,C00581,2025-02-19 03:22:35,delivered,2025-03-01 03:22:35,2025-02-24 03:22:35
O001748,C00856,2024-09-16 20:11:03,processing,2024-09-21 20:11:03,
O001749,C00982,2024-01-08 12:30:36,delivered,2024-01-11 12:30:36,2024-01-13 12:30:36
O001750,C02168,2025-09-19 07:22:48,delivered,2025-09-30 07:22:48,2025-09-28 07:22:48
O001751,C00725,2024-12-13 02:23:18,delivered,2024-12-25 02:23:18,2024-12-16 02:23:18
O001752,C02072,2025-08-26 16:09:41,delivered,2025-09-02 16:09:41,2025-09-03 16:09:41
O001753,C02495,2024-10-06 00:13:35,delivered,2024-10-14 00:13:35,2024-10-11 00:13:35
O001754,C00875,2024-01-12 12:39:45,delivered,2024-01-24 12:39:45,2024-01-20 12:39:45
O001755,C00721,2026-01-27 05:31:41,delivered,2026-01-30 05:31:41,2026-02-02 05:31:41
O001756,C01732,2026-04-21 00:45:53,delivered,2026-05-01 00:45:53,2026-04-26 00:45:53
O001757,C02050,2024-02-07 16:38:56,delivered,2024-02-16 16:38:56,2024-02-11 16:38:56
O001758,C00120,2026-06-20 05:17:16,delivered,2026-06-29 05:17:16,2026-06-27 05:17:16
O001759,C00437,2024-10-06 01:58:06,delivered,2024-10-12 01:58:06,2024-10-10 01:58:06
O001760,C00294,2025-04-30 13:05:02,returned,2025-05-11 13:05:02,2025-05-09 13:05:02
O001761,C00684,2025-11-05 07:47:38,shipped,2025-11-12 07:47:38,
O001762,C00272,2025-06-29 03:58:52,delivered,2025-07-06 03:58:52,2025-07-01 03:58:52
O001763,C00905,2025-03-10 12:55:54,returned,2025-03-12 12:55:54,2025-03-13 12:55:54
O001764,C00818,2024-07-30 07:05:18,shipped,2024-08-05 07:05:18,
O001765,C01379,2025-04-25 17:14:54,delivered,2025-05-05 17:14:54,2025-05-02 17:14:54
O001766,C00377,2024-10-16 20:34:45,delivered,2024-10-25 20:34:45,2024-10-22 20:34:45
O001767,C00575,2025-04-23 15:06:28,delivered,2025-04-29 15:06:28,2025-04-29 15:06:28
O001768,C01865,2025-09-01 07:21:28,delivered,2025-09-13 07:21:28,2025-09-08 07:21:28
O001769,C00083,2024-10-04 03:44:59,delivered,2024-10-11 03:44:59,2024-10-13 03:44:59
O001770,C01875,2025-04-07 11:40:29,delivered,2025-04-13 11:40:29,2025-04-12 11:40:29
O001771,C01712,2025-11-06 14:12:50,delivered,2025-11-17 14:12:50,2025-11-13 14:12:50
O001772,C02455,2025-10-06 06:39:38,shipped,2025-10-15 06:39:38,
O001773,C01551,2024-09-24 14:23:27,delivered,2024-09-30 14:23:27,2024-10-02 14:23:27
O001774,C00742,2024-01-08 01:02:08,delivered,2024-01-19 01:02:08,2024-01-13 01:02:08
O001775,C02194,2025-07-19 10:47:12,shipped,2025-07-30 10:47:12,
O001776,C00196,2024-12-03 13:59:20,delivered,2024-12-07 13:59:20,2024-12-10 13:59:20
O001777,C02345,2026-04-20 08:24:11,delivered,2026-04-27 08:24:11,2026-04-25 08:24:11
O001778,C00414,2024-01-01 18:37:58,delivered,2024-01-13 18:37:58,2024-01-06 18:37:58
O001779,C02364,2025-01-16 02:14:51,delivered,2025-01-20 02:14:51,2025-01-22 02:14:51
O001780,C00149,2024-06-25 05:00:22,delivered,2024-07-01 05:00:22,2024-07-03 05:00:22
O001781,C01011,2025-10-13 11:47:04,shipped,2025-10-25 11:47:04,
O001782,C00421,2024-04-20 12:39:45,delivered,2024-04-25 12:39:45,2024-04-24 12:39:45
O001783,C02027,2024-07-14 15:46:46,delivered,2024-07-18 15:46:46,2024-07-17 15:46:46
O001784,C00584,2025-04-20 22:26:38,delivered,2025-04-26 22:26:38,2025-04-28 22:26:38
O001785,C02088,2025-04-28 20:03:53,shipped,2025-05-01 20:03:53,
O001786,C00074,2025-02-21 00:28:43,delivered,2025-03-05 00:28:43,2025-02-26 00:28:43
O001787,C01285,2026-04-23 08:52:38,delivered,2026-04-30 08:52:38,2026-04-29 08:52:38
O001788,C01639,2024-09-21 12:18:25,delivered,2024-09-23 12:18:25,2024-09-29 12:18:25
O001789,C01233,2026-06-06 20:30:32,delivered,2026-06-10 20:30:32,2026-06-12 20:30:32
O001790,C00539,2024-07-07 18:42:06,delivered,2024-07-18 18:42:06,2024-07-11 18:42:06
O001791,C00096,2025-08-04 11:04:29,returned,2025-08-14 11:04:29,2025-08-10 11:04:29
O001792,C01541,2025-01-13 13:25:44,delivered,2025-01-25 13:25:44,2025-01-17 13:25:44
O001793,C01394,2025-09-25 05:17:56,delivered,2025-09-30 05:17:56,2025-09-27 05:17:56
O001794,C00753,2024-10-14 21:17:10,delivered,2024-10-18 21:17:10,2024-10-20 21:17:10
O001795,C01699,2026-01-27 02:01:53,delivered,2026-02-05 02:01:53,2026-02-01 02:01:53
O001796,C01520,2026-05-26 16:26:59,processing,2026-06-01 16:26:59,
O001797,C00182,2025-05-15 05:46:49,delivered,2025-05-24 05:46:49,2025-05-21 05:46:49
O001798,C00521,2026-04-17 07:07:40,delivered,2026-04-28 07:07:40,2026-04-21 07:07:40
O001799,C01960,2025-06-09 02:35:06,returned,2025-06-14 02:35:06,2025-06-18 02:35:06
O001800,C02163,2025-01-29 07:45:06,delivered,2025-02-10 07:45:06,2025-02-03 07:45:06
O001801,C01986,2025-01-03 19:17:41,delivered,2025-01-09 19:17:41,2025-01-11 19:17:41
O001802,C00829,2025-10-29 02:15:50,returned,2025-11-09 02:15:50,2025-11-11 02:15:50
O001803,C01685,2024-07-19 15:56:31,delivered,2024-07-27 15:56:31,2024-07-28 15:56:31
O001804,C00469,2024-12-03 01:14:01,shipped,2024-12-08 01:14:01,
O001805,C01831,2024-03-31 06:17:58,delivered,2024-04-07 06:17:58,2024-04-01 06:17:58
O001806,C01341,2026-06-20 08:29:34,processing,2026-07-02 08:29:34,
O001807,C01323,2026-04-08 21:20:22,delivered,2026-04-14 21:20:22,2026-04-14 21:20:22
O001808,C02036,2024-06-12 15:33:23,delivered,2024-06-21 15:33:23,2024-06-19 15:33:23
O001809,C01353,2026-04-13 03:37:47,delivered,2026-04-25 03:37:47,2026-04-14 03:37:47
O001810,C02000,2024-08-01 17:10:45,delivered,2024-08-11 17:10:45,2024-08-12 17:10:45
O001811,C01041,2024-06-25 03:32:56,delivered,2024-07-01 03:32:56,2024-07-01 03:32:56
O001812,C01920,2025-01-11 08:00:48,returned,2025-01-16 08:00:48,2025-01-16 08:00:48
O001813,C01195,2026-01-24 19:08:05,processing,2026-02-04 19:08:05,
O001814,C00326,2025-12-06 14:05:58,delivered,2025-12-08 14:05:58,2025-12-07 14:05:58
O001815,C01420,2025-06-17 17:29:40,delivered,2025-06-27 17:29:40,2025-06-19 17:29:40
O001816,C01339,2025-02-14 14:58:39,delivered,2025-02-18 14:58:39,2025-02-18 14:58:39
O001817,C01602,2025-04-16 07:46:16,delivered,2025-04-18 07:46:16,2025-04-22 07:46:16
O001818,C02184,2025-08-25 22:59:11,delivered,2025-08-29 22:59:11,2025-08-29 22:59:11
O001819,C01293,2025-07-07 03:33:48,delivered,2025-07-11 03:33:48,2025-07-12 03:33:48
O001820,C02145,2024-02-21 21:37:26,delivered,2024-02-25 21:37:26,2024-02-27 21:37:26
O001821,C00249,2026-05-21 18:32:05,delivered,2026-05-31 18:32:05,2026-05-22 18:32:05
O001822,C00710,2025-02-08 23:59:07,delivered,2025-02-10 23:59:07,2025-02-11 23:59:07
O001823,C00669,2025-07-31 15:46:22,delivered,2025-08-04 15:46:22,2025-08-13 15:46:22
O001824,C00156,2025-03-10 15:14:33,cancelled,2025-03-16 15:14:33,
O001825,C01496,2025-05-10 12:51:47,delivered,2025-05-20 12:51:47,2025-05-23 12:51:47
O001826,C00967,2025-09-08 07:28:40,delivered,2025-09-14 07:28:40,2025-09-18 07:28:40
O001827,C01779,2025-11-02 11:57:39,processing,2025-11-12 11:57:39,
O001828,C00890,2025-04-27 18:26:01,delivered,2025-05-09 18:26:01,2025-04-28 18:26:01
O001829,C00939,2024-02-01 05:21:38,delivered,2024-02-11 05:21:38,2024-02-05 05:21:38
O001830,C01830,2025-06-21 19:03:05,shipped,2025-07-01 19:03:05,
O001831,C02268,2025-06-15 05:44:36,delivered,2025-06-20 05:44:36,2025-06-21 05:44:36
O001832,C01725,2026-05-04 22:33:29,delivered,2026-05-13 22:33:29,2026-05-15 22:33:29
O001833,C00043,2024-01-01 10:02:49,shipped,2024-01-08 10:02:49,
O001834,C01415,2024-07-24 16:25:15,delivered,2024-07-30 16:25:15,2024-07-28 16:25:15
O001835,C02081,2025-08-12 12:54:42,delivered,2025-08-23 12:54:42,2025-08-22 12:54:42
O001836,C00424,2024-12-07 21:18:51,delivered,2024-12-09 21:18:51,2024-12-13 21:18:51
O001837,C01003,2025-03-27 05:26:07,delivered,2025-03-30 05:26:07,2025-04-09 05:26:07
O001838,C02262,2025-12-04 17:53:01,delivered,2025-12-13 17:53:01,2025-12-13 17:53:01
O001839,C01033,2024-04-12 07:09:20,shipped,2024-04-14 07:09:20,
O001840,C02061,2025-12-19 06:27:52,delivered,,2025-12-24 06:27:52
O001841,C01810,2025-04-18 06:21:25,delivered,2025-04-30 06:21:25,2025-04-22 06:21:25
O001842,C00068,2025-05-06 07:44:06,delivered,2025-05-16 07:44:06,2025-05-08 07:44:06
O001843,C00390,2024-03-02 02:49:09,delivered,2024-03-14 02:49:09,2024-03-07 02:49:09
O001844,C00662,2026-01-12 12:30:33,delivered,2026-01-15 12:30:33,2026-01-18 12:30:33
O001845,C02019,2024-04-20 21:51:24,delivered,2024-04-26 21:51:24,2024-05-03 21:51:24
O001846,C00653,2025-04-23 12:13:19,processing,2025-05-01 12:13:19,
O001847,C01952,2024-12-11 00:29:30,delivered,2024-12-22 00:29:30,2024-12-20 00:29:30
O001848,C02073,2025-07-19 02:39:36,delivered,2025-07-26 02:39:36,2025-07-22 02:39:36
O001849,C01024,2024-01-22 17:12:46,delivered,2024-01-29 17:12:46,2024-01-28 17:12:46
O001850,C01301,2024-09-08 09:29:19,delivered,2024-09-15 09:29:19,2024-09-12 09:29:19
O001851,C00441,2026-01-01 08:18:36,delivered,2026-01-06 08:18:36,2026-01-09 08:18:36
O001852,C00428,2024-04-29 08:49:45,shipped,2024-05-11 08:49:45,
O001853,C00679,2025-08-08 08:47:29,delivered,2025-08-10 08:47:29,2025-08-16 08:47:29
O001854,C01489,2026-01-28 13:27:28,delivered,2026-02-07 13:27:28,2026-02-06 13:27:28
O001855,C00782,2025-05-25 20:45:22,delivered,2025-05-30 20:45:22,2025-06-05 20:45:22
O001856,C00188,2024-06-23 07:25:59,delivered,2024-07-02 07:25:59,2024-07-03 07:25:59
O001857,C01306,2026-04-06 05:13:00,delivered,2026-04-10 05:13:00,2026-04-07 05:13:00
O001858,C02415,2025-12-14 05:23:19,shipped,2025-12-26 05:23:19,
O001859,C00453,2025-05-10 14:54:34,delivered,2025-05-20 14:54:34,2025-05-20 14:54:34
O001860,C02241,2024-07-20 09:49:12,cancelled,2024-07-26 09:49:12,
O001861,C01871,2025-04-08 03:56:29,delivered,2025-04-16 03:56:29,2025-04-10 03:56:29
O001862,C00547,2024-09-25 20:49:45,cancelled,2024-10-03 20:49:45,
O001863,C00436,2025-07-12 05:04:20,delivered,2025-07-19 05:04:20,2025-07-14 05:04:20
O001864,C01826,2025-03-18 23:17:57,processing,2025-03-21 23:17:57,
O001865,C01551,2025-06-22 08:48:05,delivered,2025-06-24 08:48:05,2025-06-30 08:48:05
O001866,C02128,2026-02-08 21:29:33,delivered,2026-02-19 21:29:33,2026-02-13 21:29:33
O001867,C00645,2025-04-12 14:37:53,delivered,2025-04-15 14:37:53,2025-04-19 14:37:53
O001868,C00771,2025-08-19 13:46:53,delivered,2025-08-23 13:46:53,2025-08-24 13:46:53
O001869,C02199,2024-02-14 13:51:31,delivered,2024-02-18 13:51:31,2024-02-19 13:51:31
O001870,C01486,2025-05-29 19:16:33,delivered,2025-06-01 19:16:33,2025-05-31 19:16:33
O001871,C01732,2024-04-19 15:23:02,delivered,2024-04-29 15:23:02,2024-04-25 15:23:02
O001872,C01171,2025-09-18 18:28:19,returned,2025-09-29 18:28:19,2025-09-27 18:28:19
O001873,C00311,2026-05-09 13:08:02,delivered,2026-05-19 13:08:02,2026-05-10 13:08:02
O001874,C02031,2024-09-15 08:08:08,delivered,2024-09-23 08:08:08,2024-09-24 08:08:08
O001875,C00645,2025-03-09 10:25:59,cancelled,2025-03-13 10:25:59,
O001876,C01825,2024-12-04 13:40:13,delivered,2024-12-16 13:40:13,2024-12-12 13:40:13
O001877,C00934,2024-06-01 01:08:02,delivered,2024-06-06 01:08:02,2024-06-02 01:08:02
O001878,C01254,2024-05-24 21:51:43,processing,2024-06-02 21:51:43,
O001879,C00897,2025-05-19 19:42:38,delivered,2025-05-24 19:42:38,2025-06-02 19:42:38
O001880,C00439,2026-04-20 17:26:00,delivered,2026-05-01 17:26:00,2026-04-27 17:26:00
O001881,C00097,2025-11-08 23:07:14,delivered,2025-11-12 23:07:14,2025-11-22 23:07:14
O001882,C02360,2024-06-22 22:45:18,delivered,2024-06-29 22:45:18,2024-06-29 22:45:18
O001883,C02495,2024-03-13 03:33:30,delivered,2024-03-21 03:33:30,2024-03-14 03:33:30
O001884,C01883,2024-09-08 04:17:06,processing,2024-09-10 04:17:06,
O001885,C01116,2024-06-14 18:18:33,processing,2024-06-18 18:18:33,
O001886,C02178,2024-06-24 02:29:47,delivered,2024-07-06 02:29:47,2024-06-26 02:29:47
O001887,C01661,2026-05-14 15:32:12,delivered,2026-05-19 15:32:12,2026-05-20 15:32:12
O001888,C00732,2025-10-21 12:36:01,delivered,2025-10-29 12:36:01,2025-10-29 12:36:01
O001889,C01701,2024-01-10 02:40:35,delivered,2024-01-18 02:40:35,2024-01-15 02:40:35
O001890,C02103,2025-09-21 20:17:34,delivered,2025-09-23 20:17:34,2025-09-27 20:17:34
O001891,C00538,2024-08-21 10:37:15,processing,2024-08-25 10:37:15,
O001892,C01383,2026-02-12 15:56:43,delivered,2026-02-14 15:56:43,2026-02-17 15:56:43
O001893,C01783,2025-09-11 14:59:50,delivered,2025-09-19 14:59:50,2025-09-17 14:59:50
O001894,C02260,2024-11-29 21:19:32,delivered,2024-12-07 21:19:32,2024-12-08 21:19:32
O001895,C01192,2026-04-02 11:24:42,delivered,2026-04-07 11:24:42,2026-04-04 11:24:42
O001896,C00649,2024-03-09 23:51:42,delivered,2024-03-11 23:51:42,2024-03-20 23:51:42
O001897,C00115,2025-10-14 03:21:07,delivered,2025-10-17 03:21:07,2025-10-23 03:21:07
O001898,C01501,2024-10-18 10:02:16,delivered,2024-10-20 10:02:16,2024-10-21 10:02:16
O001899,C01025,2025-05-02 07:10:12,delivered,2025-05-08 07:10:12,2025-05-10 07:10:12
O001900,C01395,2025-10-02 17:17:14,delivered,2025-10-14 17:17:14,2025-10-09 17:17:14
O001901,C02041,2024-02-02 16:13:35,delivered,2024-02-07 16:13:35,2024-02-10 16:13:35
O001902,C00266,2025-08-20 21:05:30,delivered,2025-08-25 21:05:30,2025-08-28 21:05:30
O001903,C01825,2026-06-28 11:05:30,processing,2026-07-01 11:05:30,
O001904,C00361,2025-12-27 13:51:37,processing,2025-12-30 13:51:37,
O001905,C01534,2026-03-13 18:35:38,delivered,2026-03-19 18:35:38,2026-03-18 18:35:38
O001906,C02340,2024-04-07 15:58:43,delivered,2024-04-18 15:58:43,2024-04-10 15:58:43
O001907,C01088,2025-07-17 21:16:51,processing,2025-07-26 21:16:51,
O001908,C00078,2024-07-05 04:07:12,delivered,2024-07-14 04:07:12,2024-07-06 04:07:12
O001909,C01523,2024-03-09 15:21:49,delivered,2024-03-13 15:21:49,2024-03-10 15:21:49
O001910,C00175,2026-02-02 23:13:28,delivered,2026-02-11 23:13:28,2026-02-09 23:13:28
O001911,C01537,2025-10-07 07:39:38,delivered,2025-10-12 07:39:38,2025-10-15 07:39:38
O001912,C00499,2024-03-08 11:19:36,cancelled,2024-03-13 11:19:36,
O001913,C02185,2025-11-09 18:34:24,cancelled,2025-11-14 18:34:24,
O001914,C00827,2024-03-19 00:07:19,delivered,2024-03-30 00:07:19,2024-03-26 00:07:19
O001915,C00808,2024-05-31 20:46:48,delivered,2024-06-06 20:46:48,2024-06-07 20:46:48
O001916,C01863,2025-05-17 05:28:21,delivered,2025-05-27 05:28:21,2025-05-22 05:28:21
O001917,C00385,2026-05-06 02:40:42,delivered,2026-05-17 02:40:42,2026-05-07 02:40:42
O001918,C00246,2026-05-13 17:18:06,delivered,2026-05-23 17:18:06,2026-05-21 17:18:06
O001919,C00943,2025-10-26 17:23:03,delivered,2025-11-04 17:23:03,2025-10-28 17:23:03
O001920,C01863,2025-04-21 03:06:48,delivered,2025-05-02 03:06:48,2025-04-25 03:06:48
O001921,C00465,2025-09-26 15:11:42,delivered,2025-10-01 15:11:42,2025-09-30 15:11:42
O001922,C01866,2025-05-21 19:41:29,delivered,2025-05-29 19:41:29,2025-05-23 19:41:29
O001923,C01661,2024-12-19 07:22:53,delivered,2024-12-28 07:22:53,2024-12-22 07:22:53
O001924,C02170,2024-07-12 05:25:29,delivered,2024-07-16 05:25:29,2024-07-21 05:25:29
O001925,C00400,2025-08-03 06:22:08,cancelled,2025-08-08 06:22:08,
O001926,C01873,2025-10-21 20:17:26,delivered,2025-10-30 20:17:26,2025-10-23 20:17:26
O001927,C01037,2026-05-18 14:19:39,delivered,2026-05-28 14:19:39,2026-05-20 14:19:39
O001928,C01310,2025-02-21 10:35:17,delivered,2025-02-26 10:35:17,2025-03-06 10:35:17
O001929,C02120,2024-10-26 14:03:36,delivered,2024-11-07 14:03:36,2024-10-31 14:03:36
O001930,C02478,2024-01-23 19:41:12,delivered,2024-02-02 19:41:12,2024-01-27 19:41:12
O001931,C02307,2025-09-29 02:53:49,delivered,2025-10-02 02:53:49,2025-10-07 02:53:49
O001932,C00388,2026-02-14 09:51:39,delivered,2026-02-24 09:51:39,2026-02-15 09:51:39
O001933,C00078,2025-09-13 14:40:35,delivered,2025-09-22 14:40:35,2025-09-20 14:40:35
O001934,C01869,2025-05-10 03:41:09,processing,2025-05-17 03:41:09,
O001935,C01601,2024-03-09 00:15:00,delivered,2024-03-12 00:15:00,2024-03-18 00:15:00
O001936,C00664,2025-03-22 15:06:49,delivered,2025-03-31 15:06:49,2025-03-25 15:06:49
O001937,C01063,2025-05-07 19:14:33,delivered,2025-05-13 19:14:33,2025-05-16 19:14:33
O001938,C00829,2026-01-14 12:54:53,processing,2026-01-16 12:54:53,
O001939,C00006,2024-07-27 23:21:33,delivered,2024-08-01 23:21:33,2024-08-01 23:21:33
O001940,C01161,2026-05-28 02:01:29,delivered,2026-06-07 02:01:29,2026-06-03 02:01:29
O001941,C01176,2026-01-12 00:49:21,delivered,2026-01-21 00:49:21,2026-01-17 00:49:21
O001942,C01746,2024-02-21 01:50:11,delivered,2024-02-25 01:50:11,2024-02-23 01:50:11
O001943,C02288,2025-01-26 03:45:45,delivered,2025-02-06 03:45:45,2025-02-05 03:45:45
O001944,C00049,2025-11-25 09:07:33,delivered,2025-12-04 09:07:33,2025-12-02 09:07:33
O001945,C00262,2024-06-03 12:12:49,delivered,2024-06-14 12:12:49,2024-06-04 12:12:49
O001946,C00015,2025-12-26 05:32:36,delivered,2026-01-02 05:32:36,2025-12-31 05:32:36
O001947,C01119,2024-03-07 01:53:08,delivered,2024-03-14 01:53:08,2024-03-13 01:53:08
O001948,C01512,2026-05-01 10:40:35,delivered,2026-05-09 10:40:35,2026-05-06 10:40:35
O001949,C01407,2026-02-12 20:31:14,delivered,2026-02-24 20:31:14,2026-02-17 20:31:14
O001950,C00361,2025-12-24 03:23:32,delivered,2026-01-04 03:23:32,2025-12-26 03:23:32
O001951,C00509,2026-03-28 05:28:00,returned,2026-04-08 05:28:00,2026-03-31 05:28:00
O001952,C01382,2025-04-12 18:34:36,delivered,2025-04-23 18:34:36,2025-04-20 18:34:36
O001953,C00549,2026-01-15 12:22:56,delivered,2026-01-17 12:22:56,2026-01-21 12:22:56
O001954,C01204,2024-04-01 02:03:42,delivered,2024-04-12 02:03:42,2024-04-06 02:03:42
O001955,C02349,2024-04-04 15:59:11,delivered,2024-04-07 15:59:11,2024-04-09 15:59:11
O001956,C01459,2025-03-04 09:47:40,delivered,2025-03-16 09:47:40,2025-03-08 09:47:40
O001957,C00375,2025-04-30 17:14:48,delivered,2025-05-07 17:14:48,2025-05-08 17:14:48
O001958,C01720,2024-01-08 21:02:11,delivered,2024-01-10 21:02:11,2024-01-09 21:02:11
O001959,C00854,2025-06-04 13:14:54,delivered,2025-06-06 13:14:54,2025-06-10 13:14:54
O001960,C00636,2025-01-07 13:27:49,delivered,2025-01-11 13:27:49,2025-01-14 13:27:49
O001961,C02374,2025-07-24 21:16:41,processing,2025-08-01 21:16:41,
O001962,C01910,2026-02-12 10:18:17,delivered,2026-02-14 10:18:17,2026-02-20 10:18:17
O001963,C00141,2026-06-19 08:04:25,delivered,2026-06-24 08:04:25,2026-06-23 08:04:25
O001964,C01597,2024-02-10 11:45:17,delivered,2024-02-20 11:45:17,2024-02-14 11:45:17
O001965,C02183,2026-04-19 07:33:38,delivered,2026-04-22 07:33:38,2026-04-23 07:33:38
O001966,C01018,2024-08-11 03:25:49,delivered,2024-08-18 03:25:49,2024-08-12 03:25:49
O001967,C02278,2026-06-19 01:55:56,delivered,2026-06-27 01:55:56,2026-06-23 01:55:56
O001968,C01766,2025-01-03 20:30:05,processing,2025-01-07 20:30:05,
O001969,C00234,2026-06-08 17:30:32,processing,2026-06-12 17:30:32,
O001970,C01995,2024-01-12 02:31:31,delivered,2024-01-14 02:31:31,2024-01-15 02:31:31
O001971,C00841,2024-10-06 01:56:01,returned,2024-10-11 01:56:01,2024-10-13 01:56:01
O001972,C00807,2025-10-17 22:26:07,delivered,2025-10-28 22:26:07,2025-10-19 22:26:07
O001973,C02401,2026-02-17 07:01:41,delivered,2026-02-26 07:01:41,2026-02-21 07:01:41
O001974,C00116,2024-01-29 07:00:25,delivered,2024-02-09 07:00:25,2024-01-30 07:00:25
O001975,C00858,2025-10-06 14:42:56,delivered,2025-10-11 14:42:56,2025-10-14 14:42:56
O001976,C01297,2024-01-07 15:46:40,cancelled,2024-01-09 15:46:40,
O001977,C00953,2024-03-27 21:18:51,delivered,2024-04-02 21:18:51,2024-03-29 21:18:51
O001978,C01867,2025-07-15 03:36:00,delivered,2025-07-24 03:36:00,2025-07-24 03:36:00
O001979,C02138,2026-02-18 13:13:15,delivered,2026-02-22 13:13:15,2026-02-19 13:13:15
O001980,C01959,2025-10-24 01:14:29,shipped,2025-10-29 01:14:29,
O001981,C00272,2026-05-10 23:22:31,delivered,2026-05-16 23:22:31,2026-05-18 23:22:31
O001982,C00816,2024-02-22 19:38:13,delivered,2024-03-04 19:38:13,2024-02-29 19:38:13
O001983,C00296,2025-04-22 17:47:50,delivered,2025-04-25 17:47:50,2025-04-30 17:47:50
O001984,C00728,2026-03-29 04:04:11,delivered,2026-04-02 04:04:11,2026-04-01 04:04:11
O001985,C00500,2026-05-22 09:35:40,processing,2026-05-24 09:35:40,
O001986,C00510,2025-01-19 03:31:30,returned,2025-01-25 03:31:30,2025-01-27 03:31:30
O001987,C00101,2025-09-03 20:04:14,delivered,2025-09-10 20:04:14,2025-09-04 20:04:14
O001988,C01435,2024-05-17 09:36:55,delivered,2024-05-28 09:36:55,2024-05-23 09:36:55
O001989,C00503,2024-02-21 21:29:25,delivered,,2024-02-23 21:29:25
O001990,C01810,2024-11-15 20:58:44,delivered,2024-11-22 20:58:44,2024-11-16 20:58:44
O001991,C01333,2025-06-29 21:40:27,delivered,2025-07-01 21:40:27,2025-07-03 21:40:27
O001992,C00749,2024-10-18 17:22:33,delivered,2024-10-30 17:22:33,2024-10-25 17:22:33
O001993,C00991,2026-03-22 10:31:35,delivered,2026-04-02 10:31:35,2026-04-03 10:31:35
O001994,C00249,2024-04-05 12:00:18,delivered,2024-04-11 12:00:18,2024-04-16 12:00:18
O001995,C00904,2024-11-16 08:57:30,shipped,2024-11-20 08:57:30,
O001996,C00285,2025-01-14 08:02:09,delivered,2025-01-25 08:02:09,2025-01-23 08:02:09
O001997,C00595,2024-08-26 21:30:43,delivered,2024-09-02 21:30:43,2024-09-06 21:30:43
O001998,C00816,2025-10-04 21:41:03,delivered,2025-10-13 21:41:03,2025-10-12 21:41:03
O001999,C00531,2024-09-09 05:28:32,delivered,2024-09-11 05:28:32,2024-09-17 05:28:32
O002000,C00783,2024-10-10 22:50:40,delivered,2024-10-19 22:50:40,2024-10-15 22:50:40
O002001,C02241,2025-10-29 16:47:51,delivered,2025-11-03 16:47:51,2025-11-03 16:47:51
O002002,C02229,2024-08-28 08:50:58,returned,2024-09-02 08:50:58,2024-09-01 08:50:58
O002003,C01233,2024-05-16 06:39:37,delivered,2024-05-18 06:39:37,2024-05-21 06:39:37
O002004,C01107,2025-03-29 15:21:52,delivered,2025-04-10 15:21:52,2025-04-03 15:21:52
O002005,C02020,2025-09-01 20:34:22,delivered,2025-09-08 20:34:22,2025-09-07 20:34:22
O002006,C00279,2025-07-22 14:44:20,delivered,2025-07-24 14:44:20,2025-07-27 14:44:20
O002007,C01049,2024-12-24 07:35:45,delivered,2025-01-04 07:35:45,2025-01-06 07:35:45
O002008,C01021,2026-01-19 08:11:47,delivered,2026-01-23 08:11:47,2026-01-23 08:11:47
O002009,C02163,2025-03-08 04:03:53,cancelled,2025-03-17 04:03:53,
O002010,C00293,2026-02-07 04:14:26,cancelled,2026-02-12 04:14:26,
O002011,C00346,2024-04-22 00:28:22,delivered,2024-04-28 00:28:22,2024-04-25 00:28:22
O002012,C00607,2026-06-25 10:08:26,delivered,2026-06-27 10:08:26,2026-06-30 10:08:26
O002013,C01324,2024-05-28 02:21:46,processing,2024-06-02 02:21:46,
O002014,C01926,2026-06-30 18:58:09,delivered,2026-07-04 18:58:09,2026-07-10 18:58:09
O002015,C00502,2025-01-01 16:39:54,delivered,2025-01-09 16:39:54,2025-01-09 16:39:54
O002016,C01388,2025-09-29 12:05:49,delivered,2025-10-05 12:05:49,2025-10-05 12:05:49
O002017,C02255,2025-05-26 08:26:41,shipped,2025-06-01 08:26:41,
O002018,C01000,2025-06-03 03:28:36,delivered,2025-06-09 03:28:36,2025-06-08 03:28:36
O002019,C00761,2024-05-06 05:15:39,delivered,2024-05-15 05:15:39,2024-05-07 05:15:39
O002020,C00470,2024-02-01 19:05:14,delivered,2024-02-03 19:05:14,2024-02-03 19:05:14
O002021,C02239,2024-12-08 17:09:35,delivered,2024-12-12 17:09:35,2024-12-14 17:09:35
O002022,C00426,2025-04-30 10:54:04,delivered,2025-05-04 10:54:04,2025-05-04 10:54:04
O002023,C02011,2025-04-27 23:44:12,delivered,2025-05-07 23:44:12,2025-04-29 23:44:12
O002024,C00160,2024-03-26 19:44:26,delivered,2024-04-02 19:44:26,2024-03-31 19:44:26
O002025,C00748,2024-09-06 05:11:25,delivered,2024-09-11 05:11:25,2024-09-12 05:11:25
O002026,C02051,2026-03-03 12:21:49,delivered,2026-03-15 12:21:49,2026-03-11 12:21:49
O002027,C01582,2026-02-12 21:17:39,delivered,2026-02-20 21:17:39,2026-02-19 21:17:39
O002028,C00097,2026-03-19 17:53:27,delivered,2026-03-26 17:53:27,2026-03-24 17:53:27
O002029,C02350,2025-03-16 14:22:12,delivered,2025-03-23 14:22:12,2025-03-17 14:22:12
O002030,C02036,2026-03-03 14:55:45,delivered,2026-03-15 14:55:45,2026-03-07 14:55:45
O002031,C00356,2024-12-21 13:35:02,delivered,2024-12-25 13:35:02,2024-12-28 13:35:02
O002032,C02296,2025-01-30 05:42:38,delivered,2025-02-07 05:42:38,2025-02-08 05:42:38
O002033,C02231,2024-11-22 06:22:04,delivered,2024-12-01 06:22:04,2024-12-01 06:22:04
O002034,C00836,2024-05-05 01:39:50,delivered,2024-05-17 01:39:50,2024-05-07 01:39:50
O002035,C02262,2024-01-15 06:23:09,delivered,2024-01-19 06:23:09,2024-01-21 06:23:09
O002036,C00080,2025-07-29 16:42:20,delivered,2025-08-04 16:42:20,2025-08-11 16:42:20
O002037,C01674,2024-02-08 18:31:30,delivered,2024-02-13 18:31:30,2024-02-15 18:31:30
O002038,C02222,2024-07-21 20:48:03,delivered,2024-07-29 20:48:03,2024-07-25 20:48:03
O002039,C02291,2025-10-22 13:19:20,delivered,2025-10-31 13:19:20,2025-10-27 13:19:20
O002040,C00486,2025-01-25 07:56:55,returned,2025-02-06 07:56:55,2025-01-30 07:56:55
O002041,C01952,2026-03-01 20:07:40,delivered,2026-03-11 20:07:40,2026-03-10 20:07:40
O002042,C01931,2026-01-17 23:48:29,delivered,2026-01-25 23:48:29,2026-01-21 23:48:29
O002043,C01638,2025-12-13 12:22:58,delivered,2025-12-15 12:22:58,2025-12-14 12:22:58
O002044,C00994,2024-08-17 10:09:50,processing,2024-08-19 10:09:50,
O002045,C02429,2026-06-12 15:27:43,returned,2026-06-20 15:27:43,2026-06-18 15:27:43
O002046,C00293,2024-10-19 02:24:57,delivered,2024-10-24 02:24:57,2024-10-24 02:24:57
O002047,C01439,2026-04-19 02:57:23,delivered,2026-05-01 02:57:23,2026-04-26 02:57:23
O002048,C01280,2024-10-25 08:16:50,delivered,2024-10-28 08:16:50,2024-11-01 08:16:50
O002049,C00832,2024-10-17 14:52:02,delivered,2024-10-19 14:52:02,2024-10-18 14:52:02
O002050,C01596,2025-07-16 21:40:13,delivered,2025-07-18 21:40:13,2025-07-24 21:40:13
O002051,C02427,2026-01-30 13:32:01,delivered,2026-02-05 13:32:01,2026-02-09 13:32:01
O002052,C00797,2025-02-10 04:18:46,delivered,2025-02-12 04:18:46,2025-02-19 04:18:46
O002053,C01077,2024-03-21 13:26:35,shipped,2024-03-25 13:26:35,
O002054,C02015,2026-02-11 11:15:48,delivered,2026-02-18 11:15:48,2026-02-21 11:15:48
O002055,C02191,2025-08-09 17:36:12,delivered,2025-08-20 17:36:12,2025-08-19 17:36:12
O002056,C02356,2026-02-11 18:48:40,delivered,2026-02-17 18:48:40,2026-02-18 18:48:40
O002057,C02066,2026-02-05 11:59:03,delivered,2026-02-13 11:59:03,2026-02-12 11:59:03
O002058,C01952,2024-10-01 05:05:44,delivered,2024-10-06 05:05:44,2024-10-11 05:05:44
O002059,C01807,2026-03-09 00:22:50,delivered,2026-03-15 00:22:50,2026-03-13 00:22:50
O002060,C00895,2024-03-16 08:20:47,delivered,2024-03-28 08:20:47,2024-03-17 08:20:47
O002061,C00233,2025-10-18 15:28:03,delivered,2025-10-20 15:28:03,2025-10-25 15:28:03
O002062,C02150,2026-02-03 08:58:14,delivered,2026-02-10 08:58:14,2026-02-09 08:58:14
O002063,C02302,2026-06-26 22:19:36,delivered,2026-06-30 22:19:36,2026-07-04 22:19:36
O002064,C00051,2025-03-19 05:22:19,delivered,2025-03-30 05:22:19,2025-03-24 05:22:19
O002065,C00829,2026-01-04 08:06:04,delivered,2026-01-09 08:06:04,2026-01-05 08:06:04
O002066,C01345,2025-09-29 13:14:47,returned,2025-10-10 13:14:47,2025-10-05 13:14:47
O002067,C01143,2024-12-11 08:03:12,delivered,2024-12-19 08:03:12,2024-12-19 08:03:12
O002068,C00953,2025-02-04 09:25:49,delivered,2025-02-15 09:25:49,2025-02-08 09:25:49
O002069,C00707,2025-01-17 10:54:55,delivered,2025-01-26 10:54:55,2025-01-22 10:54:55
O002070,C01865,2026-02-12 16:53:15,delivered,2026-02-16 16:53:15,2026-02-16 16:53:15
O002071,C00879,2024-04-20 15:34:09,processing,2024-04-29 15:34:09,
O002072,C00589,2024-05-21 19:06:05,delivered,2024-05-30 19:06:05,2024-05-22 19:06:05
O002073,C00406,2025-09-18 14:50:00,delivered,2025-09-27 14:50:00,2025-09-24 14:50:00
O002074,C02378,2025-04-28 18:10:23,delivered,2025-05-03 18:10:23,2025-05-09 18:10:23
O002075,C01411,2026-04-13 10:53:36,delivered,2026-04-17 10:53:36,2026-04-14 10:53:36
O002076,C00484,2025-06-28 12:03:22,delivered,2025-07-08 12:03:22,2025-07-05 12:03:22
O002077,C02251,2026-01-07 10:49:58,delivered,2026-01-14 10:49:58,2026-01-12 10:49:58
O002078,C01418,2024-10-22 00:15:04,delivered,2024-10-27 00:15:04,2024-10-25 00:15:04
O002079,C00930,2026-01-09 10:18:33,delivered,2026-01-17 10:18:33,2026-01-11 10:18:33
O002080,C02127,2026-01-07 10:55:10,delivered,2026-01-19 10:55:10,2026-01-15 10:55:10
O002081,C02182,2024-03-01 06:49:36,returned,2024-03-11 06:49:36,2024-03-05 06:49:36
O002082,C02368,2025-04-09 12:14:12,delivered,2025-04-13 12:14:12,2025-04-18 12:14:12
O002083,C00514,2026-06-09 15:27:07,processing,2026-06-14 15:27:07,
O002084,C01874,2024-06-15 16:56:37,delivered,2024-06-24 16:56:37,2024-06-21 16:56:37
O002085,C00298,2025-06-15 04:30:12,delivered,2025-06-23 04:30:12,2025-06-25 04:30:12
O002086,C01978,2024-12-19 02:27:29,delivered,2024-12-26 02:27:29,2024-12-24 02:27:29
O002087,C00057,2025-07-17 22:45:33,delivered,2025-07-25 22:45:33,2025-07-23 22:45:33
O002088,C00754,2026-06-17 17:46:08,delivered,2026-06-21 17:46:08,2026-06-22 17:46:08
O002089,C01123,2025-12-26 18:58:07,cancelled,2026-01-04 18:58:07,
O002090,C01944,2024-05-02 02:35:55,delivered,2024-05-09 02:35:55,2024-05-10 02:35:55
O002091,C02377,2026-06-24 10:01:06,delivered,2026-07-04 10:01:06,2026-07-03 10:01:06
O002092,C00139,2024-04-01 10:16:48,processing,2024-04-11 10:16:48,
O002093,C01419,2024-01-30 08:39:35,delivered,2024-02-06 08:39:35,2024-01-31 08:39:35
O002094,C01120,2026-01-20 07:47:06,delivered,2026-01-22 07:47:06,2026-01-28 07:47:06
O002095,C01770,2024-12-04 03:19:31,delivered,2024-12-06 03:19:31,2024-12-07 03:19:31
O002096,C02167,2025-08-15 00:25:49,processing,2025-08-17 00:25:49,
O002097,C00068,2024-08-11 14:33:35,delivered,2024-08-16 14:33:35,2024-08-15 14:33:35
O002098,C02099,2024-10-31 07:58:38,delivered,2024-11-03 07:58:38,2024-11-04 07:58:38
O002099,C00462,2025-02-08 08:36:13,delivered,2025-02-20 08:36:13,2025-02-14 08:36:13
O002100,C00016,2024-06-21 16:02:16,shipped,2024-06-25 16:02:16,
O002101,C02004,2024-12-04 02:57:35,shipped,,
O002102,C01917,2026-05-24 20:18:05,delivered,2026-05-31 20:18:05,2026-05-28 20:18:05
O002103,C00207,2024-10-23 06:01:48,delivered,,2024-11-01 06:01:48
O002104,C00344,2025-06-07 15:44:21,delivered,2025-06-11 15:44:21,2025-06-10 15:44:21
O002105,C01876,2025-11-03 08:53:25,delivered,2025-11-11 08:53:25,2025-11-04 08:53:25
O002106,C02414,2025-06-24 20:25:20,delivered,2025-07-04 20:25:20,2025-06-27 20:25:20
O002107,C00609,2024-03-11 05:31:59,delivered,2024-03-13 05:31:59,2024-03-17 05:31:59
O002108,C02256,2025-07-14 18:48:53,delivered,2025-07-19 18:48:53,2025-07-18 18:48:53
O002109,C00600,2024-05-26 09:50:31,delivered,2024-06-03 09:50:31,2024-06-01 09:50:31
O002110,C02438,2025-11-29 06:45:36,delivered,2025-12-06 06:45:36,2025-12-02 06:45:36
O002111,C00643,2025-01-29 01:05:19,delivered,2025-02-08 01:05:19,2025-01-30 01:05:19
O002112,C02452,2025-02-25 02:09:09,delivered,2025-03-08 02:09:09,2025-03-05 02:09:09
O002113,C02280,2025-02-10 08:09:39,delivered,2025-02-19 08:09:39,2025-02-17 08:09:39
O002114,C01814,2026-01-08 07:42:27,delivered,2026-01-16 07:42:27,2026-01-09 07:42:27
O002115,C02207,2024-06-07 01:03:05,delivered,2024-06-19 01:03:05,2024-06-10 01:03:05
O002116,C02160,2026-01-14 13:55:04,cancelled,2026-01-25 13:55:04,
O002117,C01445,2026-05-01 04:55:54,delivered,2026-05-09 04:55:54,2026-05-10 04:55:54
O002118,C00929,2024-10-16 02:31:53,returned,2024-10-28 02:31:53,2024-10-18 02:31:53
O002119,C02307,2025-11-19 19:35:20,delivered,2025-11-21 19:35:20,2025-11-27 19:35:20
O002120,C01117,2025-11-16 14:02:56,delivered,2025-11-23 14:02:56,2025-11-28 14:02:56
O002121,C02166,2025-04-26 02:46:46,shipped,2025-04-29 02:46:46,
O002122,C02004,2026-02-02 01:53:36,delivered,2026-02-08 01:53:36,2026-02-06 01:53:36
O002123,C01799,2024-02-23 15:36:31,delivered,2024-02-25 15:36:31,2024-02-29 15:36:31
O002124,C01088,2024-10-31 10:33:42,returned,2024-11-05 10:33:42,2024-11-11 10:33:42
O002125,C02310,2024-02-15 10:16:59,shipped,2024-02-20 10:16:59,
O002126,C01077,2025-06-10 15:37:09,delivered,2025-06-13 15:37:09,2025-06-16 15:37:09
O002127,C01565,2025-07-22 12:42:27,processing,2025-08-02 12:42:27,
O002128,C01878,2024-11-20 11:51:51,delivered,2024-11-24 11:51:51,2024-11-24 11:51:51
O002129,C01906,2025-07-13 18:21:53,delivered,2025-07-18 18:21:53,2025-07-19 18:21:53
O002130,C01642,2025-04-21 23:15:51,delivered,2025-04-24 23:15:51,2025-04-26 23:15:51
O002131,C00282,2024-10-09 02:18:08,returned,2024-10-18 02:18:08,2024-10-17 02:18:08
O002132,C01500,2024-06-02 09:30:14,delivered,2024-06-10 09:30:14,2024-06-06 09:30:14
O002133,C00967,2026-01-02 06:47:12,delivered,2026-01-08 06:47:12,2026-01-10 06:47:12
O002134,C01419,2024-05-18 03:35:27,delivered,2024-05-20 03:35:27,2024-05-27 03:35:27
O002135,C00075,2024-07-06 12:21:17,delivered,2024-07-16 12:21:17,2024-07-07 12:21:17
O002136,C01089,2026-02-16 08:39:03,shipped,2026-02-23 08:39:03,
O002137,C00794,2025-02-02 08:00:49,processing,2025-02-04 08:00:49,
O002138,C01402,2026-04-04 11:42:20,cancelled,2026-04-13 11:42:20,
O002139,C01235,2024-02-13 13:18:21,delivered,2024-02-18 13:18:21,2024-02-20 13:18:21
O002140,C00283,2025-09-27 19:31:15,delivered,2025-10-07 19:31:15,2025-10-08 19:31:15
O002141,C01604,2024-03-09 12:51:04,delivered,2024-03-16 12:51:04,2024-03-14 12:51:04
O002142,C02022,2024-12-07 22:15:23,delivered,2024-12-19 22:15:23,2024-12-12 22:15:23
O002143,C01719,2025-03-19 01:51:47,delivered,2025-03-28 01:51:47,2025-03-30 01:51:47
O002144,C00060,2024-09-06 09:31:28,delivered,2024-09-16 09:31:28,2024-09-11 09:31:28
O002145,C00098,2025-02-24 04:54:01,delivered,2025-03-08 04:54:01,2025-03-01 04:54:01
O002146,C02277,2024-04-24 07:31:17,delivered,2024-05-03 07:31:17,2024-04-29 07:31:17
O002147,C00707,2025-09-15 10:49:07,delivered,2025-09-27 10:49:07,2025-09-23 10:49:07
O002148,C01028,2024-11-26 09:37:10,shipped,2024-11-28 09:37:10,
O002149,C01752,2025-02-16 02:41:13,cancelled,2025-02-28 02:41:13,
O002150,C00133,2024-07-13 04:10:56,delivered,2024-07-21 04:10:56,2024-07-20 04:10:56
O002151,C01846,2025-03-20 11:45:57,delivered,2025-03-30 11:45:57,2025-03-27 11:45:57
O002152,C01212,2024-05-28 05:46:36,delivered,2024-05-30 05:46:36,2024-05-31 05:46:36
O002153,C00398,2024-09-10 20:43:24,delivered,2024-09-18 20:43:24,2024-09-15 20:43:24
O002154,C01471,2025-06-28 04:49:42,delivered,2025-06-30 04:49:42,2025-07-05 04:49:42
O002155,C02020,2025-01-01 13:33:42,delivered,2025-01-13 13:33:42,2025-01-04 13:33:42
O002156,C02309,2024-03-27 17:03:08,delivered,2024-03-29 17:03:08,2024-04-07 17:03:08
O002157,C01972,2024-12-09 21:50:44,delivered,2024-12-15 21:50:44,2024-12-16 21:50:44
O002158,C01080,2024-02-05 16:16:54,delivered,2024-02-11 16:16:54,2024-02-15 16:16:54
O002159,C00975,2025-06-24 06:25:32,delivered,2025-06-27 06:25:32,2025-07-02 06:25:32
O002160,C00405,2024-12-25 20:08:03,delivered,2024-12-29 20:08:03,2025-01-01 20:08:03
O002161,C00118,2025-09-29 16:06:35,shipped,2025-10-09 16:06:35,
O002162,C02427,2025-05-05 15:43:53,delivered,2025-05-15 15:43:53,2025-05-10 15:43:53
O002163,C00138,2024-11-03 00:44:38,delivered,2024-11-12 00:44:38,2024-11-08 00:44:38
O002164,C02108,2024-03-07 01:53:08,shipped,2024-03-16 01:53:08,
O002165,C01176,2026-03-16 22:59:40,delivered,2026-03-22 22:59:40,2026-03-20 22:59:40
O002166,C01727,2025-03-31 08:38:38,cancelled,2025-04-07 08:38:38,
O002167,C01517,2024-01-25 14:13:51,delivered,2024-02-01 14:13:51,2024-01-30 14:13:51
O002168,C00749,2024-07-29 13:05:28,delivered,2024-08-08 13:05:28,2024-08-04 13:05:28
O002169,C01692,2024-04-26 12:37:57,delivered,2024-05-02 12:37:57,2024-04-27 12:37:57
O002170,C00041,2024-06-21 07:04:11,delivered,2024-06-28 07:04:11,2024-06-30 07:04:11
O002171,C00508,2024-11-20 11:54:06,delivered,2024-11-23 11:54:06,2024-11-24 11:54:06
O002172,C01476,2024-07-15 18:29:16,shipped,2024-07-21 18:29:16,
O002173,C01168,2026-03-24 13:43:20,cancelled,2026-03-26 13:43:20,
O002174,C00383,2024-04-23 18:50:05,delivered,2024-04-27 18:50:05,2024-04-29 18:50:05
O002175,C02303,2024-04-19 17:13:18,returned,2024-05-01 17:13:18,2024-04-25 17:13:18
O002176,C01064,2025-10-17 07:53:04,delivered,2025-10-25 07:53:04,2025-10-24 07:53:04
O002177,C01699,2026-04-09 02:07:17,delivered,2026-04-21 02:07:17,2026-04-15 02:07:17
O002178,C01283,2026-03-24 12:22:18,returned,2026-03-29 12:22:18,2026-04-01 12:22:18
O002179,C00523,2026-04-24 07:52:08,delivered,2026-05-06 07:52:08,2026-05-01 07:52:08
O002180,C02056,2024-10-14 19:03:34,delivered,2024-10-17 19:03:34,2024-10-22 19:03:34
O002181,C02481,2026-01-01 09:05:49,delivered,2026-01-13 09:05:49,2026-01-07 09:05:49
O002182,C00549,2024-02-02 16:36:05,delivered,2024-02-05 16:36:05,2024-02-08 16:36:05
O002183,C01718,2024-02-21 15:00:28,delivered,2024-02-26 15:00:28,2024-02-27 15:00:28
O002184,C02449,2026-06-18 21:06:55,delivered,2026-06-28 21:06:55,2026-06-25 21:06:55
O002185,C01233,2026-06-22 18:03:02,delivered,2026-06-30 18:03:02,2026-07-03 18:03:02
O002186,C00067,2025-07-26 17:59:41,delivered,2025-08-01 17:59:41,2025-08-01 17:59:41
O002187,C02402,2025-11-10 11:59:20,shipped,2025-11-14 11:59:20,
O002188,C00365,2024-09-05 19:26:17,shipped,2024-09-16 19:26:17,
O002189,C00551,2026-02-01 10:09:00,delivered,2026-02-10 10:09:00,2026-02-02 10:09:00
O002190,C01095,2024-01-27 08:17:39,returned,2024-02-05 08:17:39,2024-01-31 08:17:39
O002191,C02164,2024-11-19 00:45:36,delivered,2024-11-27 00:45:36,2024-11-25 00:45:36
O002192,C00385,2024-09-22 21:17:38,delivered,2024-09-26 21:17:38,2024-09-30 21:17:38
O002193,C02342,2024-04-06 15:18:50,delivered,2024-04-10 15:18:50,2024-04-07 15:18:50
O002194,C02016,2024-05-29 17:37:36,delivered,2024-06-05 17:37:36,2024-06-04 17:37:36
O002195,C00748,2024-09-17 00:27:14,delivered,2024-09-28 00:27:14,2024-09-26 00:27:14
O002196,C01276,2025-02-21 13:25:40,delivered,2025-03-02 13:25:40,2025-02-24 13:25:40
O002197,C02232,2024-01-21 07:08:41,delivered,2024-02-01 07:08:41,2024-01-26 07:08:41
O002198,C01771,2026-04-30 09:22:21,processing,2026-05-11 09:22:21,
O002199,C01859,2026-04-12 21:08:38,delivered,2026-04-18 21:08:38,2026-04-19 21:08:38
O002200,C02336,2025-12-14 19:41:49,delivered,2025-12-16 19:41:49,2025-12-19 19:41:49
O002201,C01529,2025-11-12 02:06:46,delivered,2025-11-15 02:06:46,2025-11-15 02:06:46
O002202,C00685,2024-03-02 22:21:18,delivered,2024-03-14 22:21:18,2024-03-10 22:21:18
O002203,C00326,2024-10-02 14:20:37,delivered,2024-10-07 14:20:37,2024-10-10 14:20:37
O002204,C01830,2025-10-29 15:36:44,shipped,2025-11-05 15:36:44,
O002205,C01673,2026-02-16 08:57:35,delivered,2026-02-19 08:57:35,2026-02-19 08:57:35
O002206,C01204,2026-05-20 05:05:50,delivered,2026-05-24 05:05:50,2026-05-29 05:05:50
O002207,C00654,2024-09-12 12:55:05,delivered,2024-09-17 12:55:05,2024-09-13 12:55:05
O002208,C02392,2025-01-26 06:47:38,delivered,2025-01-31 06:47:38,2025-01-29 06:47:38
O002209,C01447,2025-10-07 01:07:23,delivered,2025-10-10 01:07:23,2025-10-12 01:07:23
O002210,C00037,2025-12-22 02:54:54,delivered,2025-12-26 02:54:54,2025-12-23 02:54:54
O002211,C02144,2025-08-26 15:46:55,delivered,2025-09-05 15:46:55,2025-08-29 15:46:55
O002212,C00692,2026-01-27 10:28:48,delivered,2026-02-02 10:28:48,2026-02-04 10:28:48
O002213,C00759,2024-04-25 08:42:24,delivered,2024-04-27 08:42:24,2024-04-28 08:42:24
O002214,C00017,2025-11-11 22:27:41,delivered,2025-11-16 22:27:41,2025-11-19 22:27:41
O002215,C01715,2024-07-12 13:14:44,delivered,2024-07-24 13:14:44,2024-07-17 13:14:44
O002216,C00268,2026-02-11 14:48:22,shipped,2026-02-18 14:48:22,
O002217,C02089,2025-05-26 10:03:34,delivered,2025-05-28 10:03:34,2025-06-01 10:03:34
O002218,C01339,2025-05-27 01:22:37,delivered,2025-06-01 01:22:37,2025-06-04 01:22:37
O002219,C02243,2026-04-22 19:31:42,delivered,2026-05-03 19:31:42,2026-04-27 19:31:42
O002220,C01015,2024-07-20 11:55:15,processing,2024-07-28 11:55:15,
O002221,C00722,2025-04-29 19:47:41,delivered,2025-05-07 19:47:41,2025-05-01 19:47:41
O002222,C00721,2024-08-13 19:35:29,delivered,2024-08-19 19:35:29,2024-08-17 19:35:29
O002223,C01250,2024-11-20 18:21:04,delivered,2024-11-22 18:21:04,2024-11-23 18:21:04
O002224,C00197,2025-01-14 01:34:54,delivered,2025-01-17 01:34:54,2025-01-22 01:34:54
O002225,C01814,2025-09-29 10:49:10,delivered,2025-10-02 10:49:10,2025-10-03 10:49:10
O002226,C01393,2025-09-12 09:05:33,returned,2025-09-21 09:05:33,2025-09-17 09:05:33
O002227,C00213,2025-03-30 21:18:44,delivered,2025-04-06 21:18:44,2025-04-05 21:18:44
O002228,C01089,2025-04-16 11:11:59,delivered,2025-04-23 11:11:59,2025-04-21 11:11:59
O002229,C00972,2025-01-05 17:48:12,delivered,2025-01-15 17:48:12,2025-01-09 17:48:12
O002230,C02153,2025-08-01 22:33:20,delivered,2025-08-08 22:33:20,2025-08-09 22:33:20
O002231,C01769,2024-01-26 08:58:08,processing,2024-02-07 08:58:08,
O002232,C00713,2026-01-12 15:12:36,delivered,2026-01-16 15:12:36,2026-01-21 15:12:36
O002233,C02057,2024-05-12 01:07:30,shipped,2024-05-22 01:07:30,
O002234,C00318,2024-07-31 18:18:39,returned,2024-08-12 18:18:39,2024-08-07 18:18:39
O002235,C02324,2026-04-25 08:25:12,delivered,2026-05-01 08:25:12,2026-05-02 08:25:12
O002236,C00655,2026-03-30 06:44:45,delivered,2026-04-02 06:44:45,2026-04-03 06:44:45
O002237,C02466,2025-08-19 01:05:50,delivered,2025-08-24 01:05:50,2025-08-22 01:05:50
O002238,C01892,2024-06-29 21:39:37,delivered,2024-07-04 21:39:37,2024-07-04 21:39:37
O002239,C00983,2024-06-21 03:17:52,delivered,2024-06-23 03:17:52,2024-06-30 03:17:52
O002240,C02285,2025-07-10 05:27:09,delivered,2025-07-17 05:27:09,2025-07-17 05:27:09
O002241,C00240,2024-04-18 17:11:16,delivered,2024-04-20 17:11:16,2024-04-28 17:11:16
O002242,C00093,2024-11-21 11:11:41,delivered,2024-11-24 11:11:41,2024-11-27 11:11:41
O002243,C01326,2025-09-16 22:51:45,delivered,2025-09-28 22:51:45,2025-09-19 22:51:45
O002244,C01125,2025-03-08 03:03:17,delivered,2025-03-11 03:03:17,2025-03-11 03:03:17
O002245,C01045,2024-01-23 16:53:23,delivered,2024-01-25 16:53:23,2024-01-29 16:53:23
O002246,C00178,2025-10-19 16:18:01,delivered,2025-10-27 16:18:01,2025-10-26 16:18:01
O002247,C01869,2024-11-22 23:00:32,delivered,2024-11-27 23:00:32,2024-11-29 23:00:32
O002248,C00021,2024-08-22 21:28:35,processing,2024-08-28 21:28:35,
O002249,C01776,2025-01-05 21:12:34,delivered,2025-01-08 21:12:34,2025-01-07 21:12:34
O002250,C01142,2025-11-12 06:41:52,delivered,2025-11-15 06:41:52,2025-11-14 06:41:52
O002251,C00631,2024-11-24 21:27:27,delivered,2024-12-06 21:27:27,2024-11-28 21:27:27
O002252,C00216,2026-02-01 19:40:57,delivered,2026-02-04 19:40:57,2026-02-02 19:40:57
O002253,C00930,2026-04-10 00:18:56,delivered,2026-04-15 00:18:56,2026-04-14 00:18:56
O002254,C01666,2024-10-21 04:47:51,delivered,2024-10-31 04:47:51,2024-10-26 04:47:51
O002255,C00435,2025-10-07 12:54:43,delivered,2025-10-11 12:54:43,2025-10-10 12:54:43
O002256,C02195,2025-08-29 05:41:05,delivered,2025-09-07 05:41:05,2025-09-04 05:41:05
O002257,C00122,2024-02-18 16:20:26,delivered,2024-02-24 16:20:26,2024-02-21 16:20:26
O002258,C02154,2025-10-07 12:05:47,delivered,2025-10-13 12:05:47,2025-10-13 12:05:47
O002259,C01445,2024-04-01 04:11:30,delivered,2024-04-10 04:11:30,2024-04-04 04:11:30
O002260,C00264,2025-08-13 16:49:08,delivered,2025-08-21 16:49:08,2025-08-15 16:49:08
O002261,C00089,2024-05-13 23:33:26,delivered,2024-05-22 23:33:26,2024-05-20 23:33:26
O002262,C00652,2024-11-20 19:04:12,delivered,2024-11-24 19:04:12,2024-11-28 19:04:12
O002263,C02411,2024-02-24 22:08:12,delivered,2024-03-04 22:08:12,2024-03-01 22:08:12
O002264,C01777,2025-06-05 05:47:47,delivered,2025-06-16 05:47:47,2025-06-15 05:47:47
O002265,C02094,2025-11-29 21:41:54,delivered,2025-12-10 21:41:54,2025-11-30 21:41:54
O002266,C01765,2025-01-04 22:05:10,delivered,2025-01-09 22:05:10,2025-01-08 22:05:10
O002267,C01510,2024-09-26 19:48:08,delivered,2024-10-01 19:48:08,2024-10-03 19:48:08
O002268,C01852,2025-11-02 13:16:11,shipped,2025-11-06 13:16:11,
O002269,C00175,2024-02-19 10:48:59,delivered,2024-02-22 10:48:59,2024-02-22 10:48:59
O002270,C02270,2025-02-06 22:00:56,cancelled,2025-02-11 22:00:56,
O002271,C00359,2024-10-13 02:24:40,delivered,2024-10-17 02:24:40,2024-10-22 02:24:40
O002272,C00692,2024-01-01 12:31:45,delivered,2024-01-03 12:31:45,2024-01-02 12:31:45
O002273,C02386,2024-02-25 11:12:34,delivered,2024-02-29 11:12:34,2024-03-06 11:12:34
O002274,C00516,2024-01-16 06:03:46,delivered,2024-01-21 06:03:46,2024-01-17 06:03:46
O002275,C00164,2024-05-07 12:28:47,delivered,2024-05-16 12:28:47,2024-05-12 12:28:47
O002276,C01058,2025-11-16 04:15:43,cancelled,2025-11-23 04:15:43,
O002277,C01721,2024-01-30 03:32:30,delivered,2024-02-11 03:32:30,2024-02-05 03:32:30
O002278,C02399,2025-08-18 11:32:28,delivered,2025-08-22 11:32:28,2025-08-21 11:32:28
O002279,C00139,2024-07-01 14:08:55,delivered,2024-07-11 14:08:55,2024-07-03 14:08:55
O002280,C00137,2026-03-04 18:17:27,returned,2026-03-15 18:17:27,2026-03-09 18:17:27
O002281,C01086,2025-01-01 18:21:42,delivered,2025-01-06 18:21:42,2025-01-05 18:21:42
O002282,C02236,2025-06-22 01:04:57,delivered,2025-07-01 01:04:57,2025-06-25 01:04:57
O002283,C01945,2024-11-28 03:34:00,delivered,2024-12-02 03:34:00,2024-12-05 03:34:00
O002284,C01512,2025-10-22 13:03:48,delivered,2025-10-26 13:03:48,2025-10-26 13:03:48
O002285,C02218,2024-09-08 14:39:52,delivered,2024-09-19 14:39:52,2024-09-13 14:39:52
O002286,C01007,2026-02-23 10:32:42,delivered,2026-02-25 10:32:42,2026-03-03 10:32:42
O002287,C01573,2026-03-07 20:41:26,delivered,2026-03-19 20:41:26,2026-03-10 20:41:26
O002288,C00635,2024-08-09 21:21:25,delivered,2024-08-18 21:21:25,2024-08-16 21:21:25
O002289,C02023,2025-05-15 03:44:51,delivered,2025-05-27 03:44:51,2025-05-18 03:44:51
O002290,C02101,2025-09-02 10:13:25,delivered,2025-09-11 10:13:25,2025-09-06 10:13:25
O002291,C02340,2024-09-28 16:23:47,delivered,2024-10-05 16:23:47,2024-10-08 16:23:47
O002292,C01186,2026-03-04 20:25:14,delivered,2026-03-11 20:25:14,2026-03-06 20:25:14
O002293,C00999,2025-01-08 23:59:27,delivered,2025-01-18 23:59:27,2025-01-13 23:59:27
O002294,C01034,2025-02-17 15:24:04,delivered,,2025-02-19 15:24:04
O002295,C00965,2025-10-08 04:23:10,returned,2025-10-11 04:23:10,2025-10-22 04:23:10
O002296,C01172,2025-05-17 14:46:40,delivered,2025-05-25 14:46:40,2025-05-22 14:46:40
O002297,C00778,2025-05-31 16:12:41,processing,2025-06-02 16:12:41,
O002298,C01960,2025-05-03 16:04:52,delivered,2025-05-06 16:04:52,2025-05-04 16:04:52
O002299,C02037,2024-01-29 08:41:59,delivered,2024-02-04 08:41:59,2024-02-03 08:41:59
O002300,C00488,2024-11-22 06:15:57,delivered,2024-12-04 06:15:57,2024-11-30 06:15:57
O002301,C00506,2024-06-01 09:34:34,delivered,2024-06-13 09:34:34,2024-06-11 09:34:34
O002302,C02496,2025-12-12 09:42:49,delivered,2025-12-15 09:42:49,2025-12-15 09:42:49
O002303,C00215,2024-02-01 21:02:38,delivered,2024-02-06 21:02:38,2024-02-07 21:02:38
O002304,C02436,2024-02-13 08:01:55,delivered,2024-02-23 08:01:55,2024-02-22 08:01:55
O002305,C00043,2024-02-22 07:04:06,delivered,2024-02-29 07:04:06,2024-02-25 07:04:06
O002306,C02238,2026-06-27 23:51:01,delivered,2026-07-08 23:51:01,2026-06-30 23:51:01
O002307,C02431,2025-06-01 04:41:19,delivered,2025-06-07 04:41:19,2025-06-05 04:41:19
O002308,C01427,2024-06-12 23:27:09,delivered,2024-06-17 23:27:09,2024-06-18 23:27:09
O002309,C01665,2025-03-20 13:59:32,delivered,2025-03-22 13:59:32,2025-03-24 13:59:32
O002310,C00717,2024-05-13 00:21:39,shipped,2024-05-19 00:21:39,
O002311,C00128,2025-04-30 02:17:46,delivered,2025-05-11 02:17:46,2025-05-08 02:17:46
O002312,C01720,2025-05-07 08:54:23,delivered,2025-05-13 08:54:23,2025-05-10 08:54:23
O002313,C02342,2025-10-10 01:31:20,delivered,2025-10-18 01:31:20,2025-10-19 01:31:20
O002314,C01767,2024-12-09 23:44:26,delivered,2024-12-14 23:44:26,2024-12-15 23:44:26
O002315,C02053,2024-12-17 14:52:21,delivered,2024-12-22 14:52:21,2024-12-22 14:52:21
O002316,C00713,2024-09-07 15:04:15,delivered,2024-09-09 15:04:15,2024-09-09 15:04:15
O002317,C02398,2025-08-06 07:18:13,delivered,2025-08-09 07:18:13,2025-08-17 07:18:13
O002318,C02100,2024-10-29 06:29:31,delivered,2024-11-01 06:29:31,2024-11-04 06:29:31
O002319,C01537,2024-03-26 16:47:05,delivered,2024-04-06 16:47:05,2024-04-06 16:47:05
O002320,C00714,2025-03-04 08:54:35,delivered,2025-03-15 08:54:35,2025-03-11 08:54:35
O002321,C01099,2024-11-18 01:42:21,delivered,2024-11-28 01:42:21,2024-11-26 01:42:21
O002322,C01410,2025-03-02 10:38:58,delivered,2025-03-14 10:38:58,2025-03-11 10:38:58
O002323,C01347,2024-10-06 04:17:58,delivered,2024-10-10 04:17:58,2024-10-12 04:17:58
O002324,C01365,2024-05-28 00:32:51,delivered,2024-06-01 00:32:51,2024-06-02 00:32:51
O002325,C00936,2025-11-06 22:11:56,delivered,2025-11-08 22:11:56,2025-11-20 22:11:56
O002326,C00118,2025-12-29 05:49:05,delivered,2026-01-10 05:49:05,2026-01-08 05:49:05
O002327,C01743,2025-01-10 10:23:35,returned,2025-01-13 10:23:35,2025-01-22 10:23:35
O002328,C00211,2025-01-03 19:59:25,delivered,2025-01-07 19:59:25,2025-01-08 19:59:25
O002329,C01659,2024-02-29 11:21:42,delivered,2024-03-11 11:21:42,2024-03-05 11:21:42
O002330,C01043,2026-01-06 08:53:37,delivered,2026-01-12 08:53:37,2026-01-17 08:53:37
O002331,C00725,2025-12-02 19:44:27,delivered,2025-12-05 19:44:27,2025-12-05 19:44:27
O002332,C01067,2024-08-27 23:02:31,delivered,2024-08-30 23:02:31,2024-08-30 23:02:31
O002333,C01759,2025-07-20 15:21:01,delivered,2025-07-22 15:21:01,2025-07-28 15:21:01
O002334,C01405,2026-04-19 05:39:19,delivered,2026-04-29 05:39:19,2026-04-22 05:39:19
O002335,C01388,2024-03-18 16:23:10,delivered,2024-03-21 16:23:10,2024-03-27 16:23:10
O002336,C00481,2025-08-06 09:35:30,returned,2025-08-09 09:35:30,2025-08-12 09:35:30
O002337,C01480,2024-11-30 04:02:34,delivered,2024-12-12 04:02:34,2024-12-01 04:02:34
O002338,C01016,2025-10-03 16:48:22,delivered,2025-10-06 16:48:22,2025-10-09 16:48:22
O002339,C01756,2026-01-27 02:14:10,delivered,2026-02-08 02:14:10,2026-02-06 02:14:10
O002340,C00062,2024-01-27 09:01:56,delivered,2024-02-02 09:01:56,2024-02-02 09:01:56
O002341,C01047,2026-04-26 09:39:35,delivered,2026-05-08 09:39:35,2026-05-02 09:39:35
O002342,C02493,2024-11-14 05:33:00,delivered,2024-11-25 05:33:00,2024-11-18 05:33:00
O002343,C00735,2025-12-15 06:08:27,delivered,2025-12-24 06:08:27,2025-12-21 06:08:27
O002344,C02255,2024-02-26 07:49:30,delivered,2024-03-05 07:49:30,2024-03-02 07:49:30
O002345,C00964,2026-04-20 00:45:49,delivered,2026-04-29 00:45:49,2026-04-27 00:45:49
O002346,C00989,2026-02-23 04:53:57,delivered,2026-03-05 04:53:57,2026-03-03 04:53:57
O002347,C01679,2025-09-01 09:42:27,delivered,2025-09-10 09:42:27,2025-09-09 09:42:27
O002348,C02491,2024-02-22 15:16:53,delivered,2024-02-28 15:16:53,2024-02-27 15:16:53
O002349,C00079,2024-03-16 07:08:53,returned,2024-03-18 07:08:53,2024-03-25 07:08:53
O002350,C02391,2024-07-02 06:10:19,delivered,2024-07-06 06:10:19,2024-07-05 06:10:19
O002351,C01013,2026-06-15 23:29:14,shipped,2026-06-22 23:29:14,
O002352,C00891,2024-11-30 04:10:40,delivered,2024-12-11 04:10:40,2024-12-11 04:10:40
O002353,C00948,2025-08-20 02:26:21,delivered,2025-08-31 02:26:21,2025-08-29 02:26:21
O002354,C02006,2025-12-09 07:27:29,delivered,2025-12-19 07:27:29,2025-12-12 07:27:29
O002355,C02033,2025-12-15 20:50:48,delivered,2025-12-17 20:50:48,2025-12-27 20:50:48
O002356,C02372,2026-04-21 16:36:16,delivered,2026-04-26 16:36:16,2026-04-28 16:36:16
O002357,C00350,2025-12-06 15:14:13,delivered,2025-12-13 15:14:13,2025-12-16 15:14:13
O002358,C01380,2025-06-04 22:22:02,delivered,2025-06-08 22:22:02,2025-06-09 22:22:02
O002359,C01983,2025-11-26 21:39:29,delivered,2025-12-08 21:39:29,2025-11-30 21:39:29
O002360,C01843,2024-09-14 02:02:44,delivered,2024-09-22 02:02:44,2024-09-15 02:02:44
O002361,C02500,2024-05-06 21:50:19,delivered,2024-05-08 21:50:19,2024-05-16 21:50:19
O002362,C00360,2024-06-30 20:09:14,delivered,2024-07-04 20:09:14,2024-07-09 20:09:14
O002363,C02249,2024-01-19 16:53:44,delivered,2024-01-21 16:53:44,2024-01-20 16:53:44
O002364,C01812,2024-06-03 07:10:48,cancelled,2024-06-10 07:10:48,
O002365,C00066,2024-10-02 08:02:54,delivered,2024-10-08 08:02:54,2024-10-04 08:02:54
O002366,C00319,2024-04-28 02:45:07,delivered,2024-04-30 02:45:07,2024-05-03 02:45:07
O002367,C01389,2026-04-15 22:59:59,delivered,2026-04-27 22:59:59,2026-04-22 22:59:59
O002368,C02026,2025-03-08 06:25:43,delivered,2025-03-19 06:25:43,2025-03-11 06:25:43
O002369,C00896,2024-02-12 08:38:08,delivered,2024-02-14 08:38:08,2024-02-22 08:38:08
O002370,C00793,2026-03-07 02:42:30,cancelled,2026-03-12 02:42:30,
O002371,C00087,2026-02-20 12:20:42,delivered,2026-03-01 12:20:42,2026-02-26 12:20:42
O002372,C00779,2024-12-24 20:26:10,delivered,2025-01-03 20:26:10,2024-12-28 20:26:10
O002373,C01379,2025-02-04 18:43:09,cancelled,2025-02-16 18:43:09,
O002374,C01415,2024-11-08 03:24:13,delivered,2024-11-12 03:24:13,2024-11-09 03:24:13
O002375,C01751,2024-02-04 05:59:33,delivered,2024-02-07 05:59:33,2024-02-09 05:59:33
O002376,C00375,2024-08-08 17:06:35,delivered,2024-08-12 17:06:35,2024-08-10 17:06:35
O002377,C01190,2026-01-16 17:41:21,delivered,2026-01-24 17:41:21,2026-01-20 17:41:21
O002378,C00902,2024-11-19 13:28:37,delivered,2024-11-30 13:28:37,2024-11-21 13:28:37
O002379,C01186,2025-02-23 14:30:45,delivered,2025-03-04 14:30:45,2025-03-03 14:30:45
O002380,C02494,2026-01-13 23:44:05,delivered,2026-01-17 23:44:05,2026-01-16 23:44:05
O002381,C00044,2024-06-04 08:30:23,delivered,2024-06-06 08:30:23,2024-06-13 08:30:23
O002382,C02098,2024-05-07 12:56:37,delivered,2024-05-18 12:56:37,2024-05-18 12:56:37
O002383,C01681,2025-03-29 00:31:01,delivered,2025-04-10 00:31:01,2025-04-06 00:31:01
O002384,C01642,2024-08-22 19:20:34,delivered,2024-09-02 19:20:34,2024-08-30 19:20:34
O002385,C00254,2024-12-06 09:48:05,delivered,2024-12-11 09:48:05,2024-12-15 09:48:05
O002386,C00507,2026-03-04 16:13:26,delivered,2026-03-14 16:13:26,2026-03-09 16:13:26
O002387,C00368,2025-04-15 00:50:18,delivered,2025-04-21 00:50:18,2025-04-20 00:50:18
O002388,C00234,2025-02-28 18:10:49,delivered,2025-03-08 18:10:49,2025-03-08 18:10:49
O002389,C00248,2026-03-15 12:32:14,delivered,2026-03-25 12:32:14,2026-03-20 12:32:14
O002390,C01735,2025-11-12 13:51:36,delivered,2025-11-15 13:51:36,2025-11-20 13:51:36
O002391,C01685,2025-06-12 15:33:17,delivered,2025-06-23 15:33:17,2025-06-17 15:33:17
O002392,C00175,2024-08-03 20:05:01,delivered,,2024-08-07 20:05:01
O002393,C02065,2024-07-04 09:07:14,returned,2024-07-12 09:07:14,2024-07-06 09:07:14
O002394,C01968,2024-08-25 13:27:59,cancelled,2024-09-01 13:27:59,
O002395,C00603,2024-10-05 07:37:10,delivered,2024-10-13 07:37:10,2024-10-07 07:37:10
O002396,C00976,2025-02-18 01:55:11,delivered,2025-02-23 01:55:11,2025-03-02 01:55:11
O002397,C01417,2024-04-03 11:25:06,delivered,2024-04-08 11:25:06,2024-04-04 11:25:06
O002398,C01240,2025-07-13 19:50:23,delivered,2025-07-20 19:50:23,2025-07-22 19:50:23
O002399,C00406,2025-01-06 09:15:14,delivered,2025-01-16 09:15:14,2025-01-07 09:15:14
O002400,C01070,2024-09-07 01:20:41,delivered,2024-09-18 01:20:41,2024-09-12 01:20:41
O002401,C00277,2025-10-19 18:28:44,returned,2025-10-27 18:28:44,2025-10-29 18:28:44
O002402,C00865,2024-02-26 15:24:59,delivered,2024-03-09 15:24:59,2024-02-28 15:24:59
O002403,C00706,2025-06-30 01:40:12,delivered,2025-07-07 01:40:12,2025-07-04 01:40:12
O002404,C01041,2024-01-22 14:03:52,delivered,2024-01-29 14:03:52,2024-01-23 14:03:52
O002405,C00383,2024-05-12 07:07:41,delivered,2024-05-18 07:07:41,2024-05-15 07:07:41
O002406,C00361,2024-04-20 23:24:28,delivered,2024-04-30 23:24:28,2024-04-24 23:24:28
O002407,C01866,2024-08-30 06:54:26,delivered,2024-09-02 06:54:26,2024-09-13 06:54:26
O002408,C00146,2024-12-23 00:37:59,processing,2024-12-26 00:37:59,
O002409,C00198,2025-10-15 05:23:46,delivered,2025-10-27 05:23:46,2025-10-17 05:23:46
O002410,C00888,2024-11-03 10:30:57,delivered,2024-11-07 10:30:57,2024-11-10 10:30:57
O002411,C01079,2024-10-20 08:43:30,cancelled,2024-10-29 08:43:30,
O002412,C01026,2024-04-18 08:39:35,cancelled,2024-04-20 08:39:35,
O002413,C01584,2025-11-20 10:27:50,delivered,2025-11-28 10:27:50,2025-11-28 10:27:50
O002414,C01886,2026-01-20 08:13:08,delivered,2026-01-30 08:13:08,2026-01-28 08:13:08
O002415,C00049,2024-06-26 05:07:12,delivered,2024-07-07 05:07:12,2024-06-30 05:07:12
O002416,C00246,2024-11-05 18:21:58,delivered,2024-11-13 18:21:58,2024-11-18 18:21:58
O002417,C01296,2025-02-19 06:45:39,shipped,2025-02-25 06:45:39,
O002418,C00142,2024-10-06 07:31:19,delivered,2024-10-14 07:31:19,2024-10-13 07:31:19
O002419,C01874,2025-02-24 01:05:53,delivered,2025-03-08 01:05:53,2025-03-07 01:05:53
O002420,C01030,2025-02-27 13:01:56,cancelled,2025-03-10 13:01:56,
O002421,C01129,2024-05-08 04:23:31,delivered,2024-05-13 04:23:31,2024-05-12 04:23:31
O002422,C00934,2024-11-28 11:32:18,delivered,2024-12-04 11:32:18,2024-12-08 11:32:18
O002423,C01196,2025-09-03 23:51:12,delivered,2025-09-07 23:51:12,2025-09-07 23:51:12
O002424,C00601,2024-12-16 09:29:57,delivered,2024-12-18 09:29:57,2024-12-23 09:29:57
O002425,C02376,2025-10-09 02:34:17,delivered,2025-10-21 02:34:17,2025-10-14 02:34:17
O002426,C02074,2026-05-13 11:36:11,delivered,2026-05-21 11:36:11,2026-05-24 11:36:11
O002427,C00808,2026-03-02 07:15:23,delivered,2026-03-08 07:15:23,2026-03-09 07:15:23
O002428,C01025,2024-08-17 05:40:27,returned,2024-08-24 05:40:27,2024-08-20 05:40:27
O002429,C00030,2024-07-31 03:28:30,cancelled,2024-08-02 03:28:30,
O002430,C02051,2024-04-25 01:59:30,delivered,2024-05-06 01:59:30,2024-05-05 01:59:30
O002431,C00225,2026-03-26 17:00:58,delivered,2026-03-31 17:00:58,2026-04-05 17:00:58
O002432,C00606,2026-04-29 22:35:19,delivered,2026-05-06 22:35:19,2026-05-03 22:35:19
O002433,C02491,2026-03-30 12:43:03,delivered,2026-04-05 12:43:03,2026-04-08 12:43:03
O002434,C00860,2025-04-06 08:27:42,delivered,2025-04-08 08:27:42,2025-04-11 08:27:42
O002435,C00898,2024-03-26 17:20:11,delivered,2024-03-30 17:20:11,2024-03-27 17:20:11
O002436,C00856,2025-01-17 10:18:59,delivered,2025-01-22 10:18:59,2025-01-21 10:18:59
O002437,C00433,2024-12-12 21:45:19,delivered,2024-12-24 21:45:19,2024-12-14 21:45:19
O002438,C02459,2025-07-26 12:08:20,delivered,2025-07-28 12:08:20,2025-08-01 12:08:20
O002439,C01846,2024-05-15 18:17:20,delivered,2024-05-24 18:17:20,2024-05-17 18:17:20
O002440,C02477,2024-09-15 21:20:44,delivered,2024-09-22 21:20:44,2024-09-24 21:20:44
O002441,C01994,2024-01-29 12:34:04,processing,2024-02-02 12:34:04,
O002442,C01962,2024-12-22 13:33:48,delivered,2025-01-02 13:33:48,2024-12-31 13:33:48
O002443,C02259,2025-08-04 08:48:49,delivered,2025-08-07 08:48:49,2025-08-11 08:48:49
O002444,C00484,2025-05-13 04:04:12,delivered,2025-05-21 04:04:12,2025-05-26 04:04:12
O002445,C01854,2025-10-31 22:34:56,delivered,2025-11-11 22:34:56,2025-11-08 22:34:56
O002446,C00349,2026-06-20 06:18:30,delivered,2026-06-26 06:18:30,2026-07-01 06:18:30
O002447,C02410,2024-08-13 10:09:18,delivered,2024-08-21 10:09:18,2024-08-24 10:09:18
O002448,C01127,2025-06-29 07:21:16,processing,2025-07-11 07:21:16,
O002449,C01878,2024-09-15 08:13:14,delivered,2024-09-19 08:13:14,2024-09-21 08:13:14
O002450,C01025,2025-04-17 12:19:19,delivered,2025-04-19 12:19:19,2025-04-24 12:19:19
O002451,C01335,2026-05-21 08:22:35,shipped,2026-05-25 08:22:35,
O002452,C01590,2024-02-22 22:13:37,delivered,2024-02-27 22:13:37,2024-02-26 22:13:37
O002453,C01422,2026-02-16 10:18:35,shipped,2026-02-27 10:18:35,
O002454,C01346,2026-06-05 17:37:06,processing,2026-06-11 17:37:06,
O002455,C00890,2024-01-05 16:04:03,cancelled,2024-01-07 16:04:03,
O002456,C00560,2026-04-08 10:55:46,delivered,2026-04-13 10:55:46,2026-04-09 10:55:46
O002457,C01302,2024-10-30 18:34:07,delivered,2024-11-11 18:34:07,2024-11-05 18:34:07
O002458,C02120,2024-07-18 11:37:48,delivered,2024-07-23 11:37:48,2024-07-24 11:37:48
O002459,C00741,2025-02-19 09:41:00,delivered,2025-03-02 09:41:00,2025-02-24 09:41:00
O002460,C01335,2025-12-14 07:41:13,shipped,2025-12-21 07:41:13,
O002461,C00071,2024-12-25 22:28:51,delivered,2025-01-03 22:28:51,2024-12-31 22:28:51
O002462,C02374,2024-10-01 18:01:41,delivered,2024-10-04 18:01:41,2024-10-04 18:01:41
O002463,C01701,2026-03-23 01:05:10,cancelled,2026-03-28 01:05:10,
O002464,C02132,2024-06-01 20:12:01,delivered,2024-06-10 20:12:01,2024-06-09 20:12:01
O002465,C02036,2025-08-24 09:20:32,processing,2025-08-28 09:20:32,
O002466,C02003,2024-12-11 10:09:16,delivered,2024-12-18 10:09:16,2024-12-14 10:09:16
O002467,C00324,2026-01-31 16:26:29,delivered,2026-02-10 16:26:29,2026-02-01 16:26:29
O002468,C02405,2025-11-04 10:01:10,delivered,2025-11-14 10:01:10,2025-11-09 10:01:10
O002469,C01789,2025-09-02 13:07:47,delivered,2025-09-04 13:07:47,2025-09-13 13:07:47
O002470,C02041,2024-03-23 16:56:12,delivered,2024-03-26 16:56:12,2024-03-26 16:56:12
O002471,C00018,2025-06-18 23:14:36,delivered,2025-06-27 23:14:36,2025-06-25 23:14:36
O002472,C02088,2026-05-06 10:21:35,delivered,2026-05-14 10:21:35,2026-05-12 10:21:35
O002473,C00137,2025-09-28 23:22:52,delivered,2025-10-10 23:22:52,2025-10-07 23:22:52
O002474,C01497,2025-11-07 22:53:08,delivered,2025-11-19 22:53:08,2025-11-10 22:53:08
O002475,C01179,2026-05-01 14:18:38,delivered,2026-05-11 14:18:38,2026-05-10 14:18:38
O002476,C00728,2024-07-03 19:10:05,delivered,2024-07-15 19:10:05,2024-07-09 19:10:05
O002477,C01860,2024-02-08 07:24:16,delivered,2024-02-18 07:24:16,2024-02-14 07:24:16
O002478,C02187,2024-02-06 01:29:43,delivered,2024-02-08 01:29:43,2024-02-14 01:29:43
O002479,C00241,2025-01-02 15:08:09,delivered,2025-01-09 15:08:09,2025-01-07 15:08:09
O002480,C00564,2025-09-01 05:20:53,delivered,2025-09-08 05:20:53,2025-09-09 05:20:53
O002481,C02195,2025-09-04 15:19:35,delivered,2025-09-07 15:19:35,2025-09-11 15:19:35
O002482,C00451,2024-10-27 14:57:09,shipped,2024-10-30 14:57:09,
O002483,C01131,2024-04-16 08:57:11,delivered,2024-04-20 08:57:11,2024-04-17 08:57:11
O002484,C01388,2025-04-23 00:08:36,delivered,2025-05-04 00:08:36,2025-04-29 00:08:36
O002485,C01711,2025-12-17 16:51:05,delivered,2025-12-26 16:51:05,2025-12-20 16:51:05
O002486,C00379,2025-07-10 17:48:17,cancelled,2025-07-15 17:48:17,
O002487,C00454,2024-06-04 10:55:43,shipped,2024-06-07 10:55:43,
O002488,C01833,2025-10-05 09:28:59,shipped,2025-10-11 09:28:59,
O002489,C02119,2026-02-02 19:02:07,delivered,2026-02-10 19:02:07,2026-02-15 19:02:07
O002490,C01504,2024-09-09 15:26:55,delivered,2024-09-21 15:26:55,2024-09-12 15:26:55
O002491,C02252,2026-01-20 14:00:08,delivered,2026-01-29 14:00:08,2026-01-27 14:00:08
O002492,C02392,2025-06-30 21:14:45,cancelled,2025-07-04 21:14:45,
O002493,C00387,2025-03-17 08:37:12,shipped,2025-03-26 08:37:12,
O002494,C01119,2026-05-29 04:46:27,delivered,2026-06-07 04:46:27,2026-06-02 04:46:27
O002495,C01267,2024-06-15 06:57:18,delivered,2024-06-26 06:57:18,2024-06-21 06:57:18
O002496,C01006,2025-06-18 05:53:40,delivered,2025-06-26 05:53:40,2025-06-26 05:53:40
O002497,C02261,2025-10-06 21:23:08,delivered,2025-10-09 21:23:08,2025-10-16 21:23:08
O002498,C01285,2025-11-23 15:15:04,delivered,2025-12-04 15:15:04,2025-11-30 15:15:04
O002499,C01450,2025-02-27 06:34:28,cancelled,2025-03-06 06:34:28,
O002500,C00950,2024-08-12 12:20:47,delivered,2024-08-15 12:20:47,2024-08-22 12:20:47
O002501,C01053,2026-01-26 05:11:15,delivered,2026-01-28 05:11:15,2026-01-28 05:11:15
O002502,C01103,2026-06-23 09:23:03,delivered,2026-06-30 09:23:03,2026-07-01 09:23:03
O002503,C00816,2024-07-20 05:06:36,processing,2024-07-27 05:06:36,
O002504,C01875,2025-06-17 16:03:46,delivered,2025-06-20 16:03:46,2025-06-25 16:03:46
O002505,C00928,2025-01-25 23:41:34,delivered,2025-02-01 23:41:34,2025-01-30 23:41:34
O002506,C01569,2025-03-24 23:16:07,shipped,2025-03-28 23:16:07,
O002507,C02362,2025-02-21 13:00:46,delivered,2025-02-25 13:00:46,2025-02-26 13:00:46
O002508,C00742,2024-11-28 07:47:18,returned,2024-12-01 07:47:18,2024-12-02 07:47:18
O002509,C01856,2025-10-04 14:29:08,returned,2025-10-11 14:29:08,2025-10-13 14:29:08
O002510,C00965,2026-03-31 15:35:34,delivered,2026-04-07 15:35:34,2026-04-06 15:35:34
O002511,C01497,2025-05-02 10:44:54,processing,2025-05-07 10:44:54,
O002512,C01714,2024-07-09 04:06:24,delivered,2024-07-14 04:06:24,2024-07-10 04:06:24
O002513,C02380,2024-01-20 02:12:31,delivered,2024-01-22 02:12:31,2024-01-27 02:12:31
O002514,C02402,2025-08-12 22:52:06,delivered,2025-08-21 22:52:06,2025-08-17 22:52:06
O002515,C00956,2025-09-14 21:57:21,delivered,2025-09-25 21:57:21,2025-09-22 21:57:21
O002516,C01574,2024-12-13 00:33:05,delivered,2024-12-19 00:33:05,2024-12-17 00:33:05
O002517,C01919,2025-08-28 17:28:02,delivered,2025-09-03 17:28:02,2025-08-31 17:28:02
O002518,C01941,2025-08-10 15:19:32,delivered,2025-08-12 15:19:32,2025-08-11 15:19:32
O002519,C01035,2024-08-19 17:03:27,delivered,2024-08-22 17:03:27,2024-08-22 17:03:27
O002520,C01065,2025-11-12 17:54:38,shipped,2025-11-21 17:54:38,
O002521,C01438,2024-03-27 12:16:24,delivered,2024-03-29 12:16:24,2024-03-28 12:16:24
O002522,C00622,2024-04-05 12:42:04,delivered,2024-04-16 12:42:04,2024-04-06 12:42:04
O002523,C02370,2024-01-13 20:16:23,delivered,2024-01-22 20:16:23,2024-01-18 20:16:23
O002524,C00591,2025-07-28 21:29:13,delivered,2025-07-30 21:29:13,2025-08-01 21:29:13
O002525,C00967,2025-09-10 01:38:53,delivered,2025-09-12 01:38:53,2025-09-14 01:38:53
O002526,C00081,2024-11-22 23:30:31,delivered,2024-12-02 23:30:31,2024-11-29 23:30:31
O002527,C00471,2026-06-13 16:17:19,delivered,2026-06-24 16:17:19,2026-06-18 16:17:19
O002528,C02075,2026-05-15 02:30:30,processing,2026-05-17 02:30:30,
O002529,C00941,2024-06-26 19:34:57,delivered,2024-07-03 19:34:57,2024-07-01 19:34:57
O002530,C02387,2024-11-12 17:53:18,delivered,2024-11-14 17:53:18,2024-11-14 17:53:18
O002531,C00024,2025-10-30 09:08:29,delivered,2025-11-07 09:08:29,2025-11-02 09:08:29
O002532,C02233,2026-05-07 16:16:06,delivered,2026-05-18 16:16:06,2026-05-12 16:16:06
O002533,C00336,2025-08-24 12:45:44,delivered,2025-08-26 12:45:44,2025-09-02 12:45:44
O002534,C02134,2026-06-21 00:28:09,delivered,2026-06-28 00:28:09,2026-06-27 00:28:09
O002535,C00345,2024-04-08 10:02:52,delivered,2024-04-10 10:02:52,2024-04-13 10:02:52
O002536,C00766,2026-06-10 01:42:29,delivered,2026-06-17 01:42:29,2026-06-15 01:42:29
O002537,C01347,2025-02-26 02:25:14,delivered,2025-03-01 02:25:14,2025-02-28 02:25:14
O002538,C00084,2025-07-17 14:48:28,delivered,2025-07-24 14:48:28,2025-07-22 14:48:28
O002539,C00634,2026-01-09 11:11:36,shipped,2026-01-14 11:11:36,
O002540,C01736,2025-09-06 15:39:35,delivered,2025-09-08 15:39:35,2025-09-10 15:39:35
O002541,C02296,2024-04-05 13:40:25,delivered,2024-04-07 13:40:25,2024-04-12 13:40:25
O002542,C01042,2025-05-09 01:33:54,delivered,2025-05-15 01:33:54,2025-05-10 01:33:54
O002543,C02431,2024-03-24 21:38:19,returned,2024-04-03 21:38:19,2024-04-01 21:38:19
O002544,C00783,2024-03-22 21:15:46,processing,2024-04-02 21:15:46,
O002545,C02471,2024-10-18 16:34:37,processing,2024-10-24 16:34:37,
O002546,C01295,2024-09-07 21:00:36,delivered,2024-09-16 21:00:36,2024-09-14 21:00:36
O002547,C01967,2024-08-18 00:31:16,returned,2024-08-23 00:31:16,2024-08-25 00:31:16
O002548,C00961,2025-01-10 09:30:00,delivered,2025-01-17 09:30:00,2025-01-15 09:30:00
O002549,C01136,2026-03-25 17:53:52,delivered,2026-04-04 17:53:52,2026-03-30 17:53:52
O002550,C02124,2024-08-30 11:44:53,delivered,2024-09-07 11:44:53,2024-09-09 11:44:53
O002551,C01423,2025-06-16 23:32:35,delivered,,2025-06-22 23:32:35
O002552,C02269,2025-09-04 22:41:22,cancelled,2025-09-08 22:41:22,
O002553,C00630,2024-06-15 16:22:33,delivered,2024-06-22 16:22:33,2024-06-25 16:22:33
O002554,C02478,2025-08-01 18:34:32,cancelled,2025-08-08 18:34:32,
O002555,C02454,2026-05-01 02:23:01,cancelled,2026-05-07 02:23:01,
O002556,C01440,2024-07-11 09:43:24,delivered,,2024-07-16 09:43:24
O002557,C01705,2026-04-18 10:44:16,delivered,2026-04-23 10:44:16,2026-04-22 10:44:16
O002558,C01359,2025-06-13 16:36:05,delivered,2025-06-23 16:36:05,2025-06-18 16:36:05
O002559,C00213,2025-10-01 13:30:38,delivered,2025-10-08 13:30:38,2025-10-06 13:30:38
O002560,C02219,2024-10-02 09:53:30,delivered,2024-10-06 09:53:30,2024-10-11 09:53:30
O002561,C01108,2024-06-27 18:15:31,delivered,2024-07-02 18:15:31,2024-07-01 18:15:31
O002562,C01642,2025-08-18 14:12:47,cancelled,2025-08-26 14:12:47,
O002563,C00139,2026-03-26 00:42:01,delivered,2026-03-31 00:42:01,2026-04-01 00:42:01
O002564,C00744,2026-04-24 03:04:42,delivered,2026-05-05 03:04:42,2026-04-30 03:04:42
O002565,C00716,2024-04-18 22:07:39,delivered,2024-04-26 22:07:39,2024-04-23 22:07:39
O002566,C00421,2025-12-30 17:07:45,delivered,2026-01-06 17:07:45,2026-01-03 17:07:45
O002567,C00499,2024-04-09 00:50:29,delivered,2024-04-14 00:50:29,2024-04-16 00:50:29
O002568,C01903,2025-07-12 23:41:17,shipped,2025-07-18 23:41:17,
O002569,C01989,2025-07-01 15:48:19,delivered,2025-07-04 15:48:19,2025-07-02 15:48:19
O002570,C02187,2024-12-25 12:45:38,delivered,2024-12-30 12:45:38,2025-01-02 12:45:38
O002571,C01336,2025-12-12 04:17:25,delivered,2025-12-17 04:17:25,2025-12-13 04:17:25
O002572,C00489,2026-05-20 11:52:55,delivered,2026-05-30 11:52:55,2026-05-21 11:52:55
O002573,C02179,2025-05-08 18:38:11,delivered,2025-05-17 18:38:11,2025-05-13 18:38:11
O002574,C00782,2024-07-26 12:27:10,delivered,2024-07-29 12:27:10,2024-08-01 12:27:10
O002575,C01865,2025-04-05 04:43:44,shipped,2025-04-08 04:43:44,
O002576,C01932,2024-10-23 04:17:17,delivered,2024-10-28 04:17:17,2024-10-24 04:17:17
O002577,C00904,2024-03-26 02:56:42,delivered,2024-04-04 02:56:42,2024-04-03 02:56:42
O002578,C01839,2025-06-07 19:44:52,delivered,2025-06-10 19:44:52,2025-06-13 19:44:52
O002579,C01459,2025-11-08 11:20:10,delivered,2025-11-18 11:20:10,2025-11-15 11:20:10
O002580,C02069,2025-10-16 05:23:48,delivered,2025-10-22 05:23:48,2025-10-20 05:23:48
O002581,C02091,2024-05-13 02:19:52,processing,2024-05-25 02:19:52,
O002582,C00354,2024-08-20 07:21:29,delivered,2024-08-24 07:21:29,2024-08-21 07:21:29
O002583,C01528,2025-10-04 12:42:09,processing,2025-10-06 12:42:09,
O002584,C01093,2024-05-03 09:08:34,delivered,2024-05-13 09:08:34,2024-05-05 09:08:34
O002585,C00757,2026-01-21 19:14:39,delivered,2026-01-24 19:14:39,2026-01-28 19:14:39
O002586,C01306,2025-11-22 23:37:53,returned,2025-12-02 23:37:53,2025-12-01 23:37:53
O002587,C00830,2025-01-02 05:14:31,delivered,2025-01-05 05:14:31,2025-01-07 05:14:31
O002588,C01436,2024-05-16 16:19:09,returned,2024-05-18 16:19:09,2024-05-25 16:19:09
O002589,C02395,2024-06-03 05:00:11,shipped,2024-06-12 05:00:11,
O002590,C02453,2024-06-05 18:18:09,shipped,2024-06-08 18:18:09,
O002591,C02112,2024-08-28 08:43:37,shipped,2024-09-09 08:43:37,
O002592,C00717,2024-08-13 10:31:50,delivered,2024-08-18 10:31:50,2024-08-17 10:31:50
O002593,C00433,2025-12-12 23:13:16,delivered,2025-12-24 23:13:16,2025-12-18 23:13:16
O002594,C00628,2024-04-16 04:39:00,returned,2024-04-24 04:39:00,2024-04-25 04:39:00
O002595,C01109,2024-05-07 04:33:38,delivered,2024-05-12 04:33:38,2024-05-18 04:33:38
O002596,C01401,2025-05-01 22:39:23,delivered,2025-05-10 22:39:23,2025-05-06 22:39:23
O002597,C01914,2025-08-07 12:40:02,delivered,2025-08-09 12:40:02,2025-08-18 12:40:02
O002598,C01655,2024-07-16 05:28:28,delivered,2024-07-23 05:28:28,2024-07-25 05:28:28
O002599,C01660,2024-05-09 11:04:05,delivered,2024-05-12 11:04:05,2024-05-15 11:04:05
O002600,C00500,2024-11-01 18:52:35,processing,2024-11-03 18:52:35,
O002601,C02297,2024-07-01 11:17:54,delivered,2024-07-12 11:17:54,2024-07-11 11:17:54
O002602,C00718,2025-11-27 06:36:23,delivered,2025-12-02 06:36:23,2025-12-02 06:36:23
O002603,C00861,2025-04-21 03:19:07,processing,2025-04-24 03:19:07,
O002604,C01192,2024-12-01 02:47:34,delivered,2024-12-13 02:47:34,2024-12-05 02:47:34
O002605,C00054,2024-04-16 18:54:47,delivered,2024-04-22 18:54:47,2024-04-23 18:54:47
O002606,C02363,2026-02-06 17:05:46,delivered,2026-02-09 17:05:46,2026-02-11 17:05:46
O002607,C00603,2024-07-26 19:51:33,delivered,2024-08-02 19:51:33,2024-07-28 19:51:33
O002608,C00005,2026-06-17 18:16:03,delivered,2026-06-28 18:16:03,2026-06-19 18:16:03
O002609,C01664,2024-03-25 09:41:53,delivered,2024-04-02 09:41:53,2024-04-04 09:41:53
O002610,C00479,2024-06-22 05:55:58,delivered,2024-06-28 05:55:58,2024-06-28 05:55:58
O002611,C02082,2026-04-16 14:25:17,delivered,2026-04-27 14:25:17,2026-04-19 14:25:17
O002612,C02377,2026-03-12 11:05:26,delivered,2026-03-21 11:05:26,2026-03-17 11:05:26
O002613,C02441,2025-12-09 19:48:27,delivered,2025-12-21 19:48:27,2025-12-12 19:48:27
O002614,C02006,2024-05-05 07:37:42,delivered,2024-05-12 07:37:42,2024-05-11 07:37:42
O002615,C00488,2024-02-22 16:31:20,delivered,2024-02-28 16:31:20,2024-02-26 16:31:20
O002616,C02283,2024-01-16 07:12:10,processing,2024-01-28 07:12:10,
O002617,C02114,2024-11-29 00:54:08,delivered,2024-12-09 00:54:08,2024-12-04 00:54:08
O002618,C00304,2025-06-24 14:07:10,delivered,2025-06-29 14:07:10,2025-06-25 14:07:10
O002619,C02033,2024-12-13 03:33:22,delivered,2024-12-19 03:33:22,2024-12-18 03:33:22
O002620,C00238,2025-01-06 09:18:28,processing,2025-01-17 09:18:28,
O002621,C01924,2026-03-06 12:41:58,processing,2026-03-09 12:41:58,
O002622,C01632,2026-02-06 08:59:39,cancelled,2026-02-13 08:59:39,
O002623,C01978,2025-08-25 04:12:16,delivered,2025-09-06 04:12:16,2025-09-03 04:12:16
O002624,C01686,2024-06-17 22:58:33,delivered,2024-06-27 22:58:33,2024-06-24 22:58:33
O002625,C00458,2024-07-01 17:29:51,shipped,2024-07-10 17:29:51,
O002626,C00458,2025-11-22 22:16:10,delivered,2025-11-26 22:16:10,2025-11-30 22:16:10
O002627,C02326,2024-07-13 00:00:41,delivered,2024-07-23 00:00:41,2024-07-20 00:00:41
O002628,C00291,2025-06-06 08:02:12,delivered,2025-06-10 08:02:12,2025-06-10 08:02:12
O002629,C02376,2024-05-16 00:22:59,delivered,2024-05-22 00:22:59,2024-05-19 00:22:59
O002630,C01039,2025-07-31 21:40:15,shipped,2025-08-05 21:40:15,
O002631,C02176,2025-01-07 18:45:38,delivered,2025-01-17 18:45:38,2025-01-14 18:45:38
O002632,C01494,2025-04-11 08:17:49,delivered,2025-04-21 08:17:49,2025-04-17 08:17:49
O002633,C01288,2024-12-09 17:30:04,delivered,,2024-12-15 17:30:04
O002634,C02130,2025-07-14 02:03:38,delivered,2025-07-17 02:03:38,2025-07-16 02:03:38
O002635,C01171,2024-12-22 03:05:56,returned,2024-12-31 03:05:56,2025-01-05 03:05:56
O002636,C02122,2025-11-16 17:35:08,delivered,2025-11-25 17:35:08,2025-11-25 17:35:08
O002637,C01854,2025-05-04 18:39:26,processing,2025-05-07 18:39:26,
O002638,C01891,2025-09-08 18:54:44,processing,2025-09-14 18:54:44,
O002639,C01557,2024-03-02 23:52:30,shipped,2024-03-08 23:52:30,
O002640,C02373,2025-08-16 15:33:50,delivered,2025-08-25 15:33:50,2025-08-24 15:33:50
O002641,C00294,2025-06-09 02:40:26,returned,2025-06-13 02:40:26,2025-06-20 02:40:26
O002642,C01390,2024-10-29 09:39:45,delivered,2024-11-03 09:39:45,2024-10-30 09:39:45
O002643,C02394,2025-05-28 11:19:51,shipped,2025-06-04 11:19:51,
O002644,C00952,2025-09-05 14:27:03,processing,2025-09-10 14:27:03,
O002645,C01841,2025-03-30 07:09:20,delivered,2025-04-04 07:09:20,2025-04-02 07:09:20
O002646,C01703,2024-06-08 04:48:42,delivered,2024-06-17 04:48:42,2024-06-09 04:48:42
O002647,C00639,2025-07-05 00:12:53,delivered,2025-07-07 00:12:53,2025-07-11 00:12:53
O002648,C01895,2024-02-29 22:18:30,shipped,2024-03-09 22:18:30,
O002649,C01483,2025-10-19 05:10:45,delivered,2025-10-24 05:10:45,2025-10-24 05:10:45
O002650,C01942,2025-03-21 23:51:36,delivered,2025-04-01 23:51:36,2025-03-30 23:51:36
O002651,C02090,2026-02-19 16:23:54,delivered,2026-02-25 16:23:54,2026-02-21 16:23:54
O002652,C00302,2026-01-07 14:32:34,delivered,2026-01-16 14:32:34,2026-01-11 14:32:34
O002653,C00062,2025-08-27 01:49:52,delivered,2025-09-08 01:49:52,2025-08-29 01:49:52
O002654,C01307,2026-04-06 10:55:40,delivered,2026-04-17 10:55:40,2026-04-09 10:55:40
O002655,C01624,2025-04-29 10:28:19,shipped,2025-05-05 10:28:19,
O002656,C01369,2026-03-04 05:05:26,delivered,2026-03-10 05:05:26,2026-03-08 05:05:26
O002657,C02449,2025-09-09 06:34:36,delivered,2025-09-13 06:34:36,2025-09-15 06:34:36
O002658,C01688,2024-04-20 08:39:23,delivered,2024-04-29 08:39:23,2024-04-25 08:39:23
O002659,C01530,2026-03-21 21:59:42,cancelled,2026-04-01 21:59:42,
O002660,C01039,2025-07-25 06:53:39,delivered,2025-07-30 06:53:39,2025-08-01 06:53:39
O002661,C00130,2024-10-26 20:49:16,cancelled,2024-11-04 20:49:16,
O002662,C01581,2026-02-22 07:38:18,delivered,2026-03-06 07:38:18,2026-02-28 07:38:18
O002663,C02435,2025-04-06 22:57:27,delivered,2025-04-12 22:57:27,2025-04-12 22:57:27
O002664,C00224,2026-03-05 05:21:59,delivered,2026-03-14 05:21:59,2026-03-12 05:21:59
O002665,C01704,2025-09-03 14:06:56,delivered,2025-09-11 14:06:56,2025-09-06 14:06:56
O002666,C02009,2026-05-28 15:10:21,cancelled,2026-05-30 15:10:21,
O002667,C00359,2025-03-20 15:29:53,delivered,2025-03-22 15:29:53,2025-03-28 15:29:53
O002668,C00383,2024-05-15 18:36:22,delivered,2024-05-26 18:36:22,2024-05-22 18:36:22
O002669,C01974,2024-02-29 12:42:57,returned,2024-03-02 12:42:57,2024-03-05 12:42:57
O002670,C00588,2025-03-06 18:42:40,delivered,2025-03-14 18:42:40,2025-03-08 18:42:40
O002671,C01859,2025-11-20 02:52:14,delivered,2025-12-01 02:52:14,2025-11-24 02:52:14
O002672,C01344,2026-05-22 09:27:03,delivered,2026-06-03 09:27:03,2026-05-31 09:27:03
O002673,C00508,2025-03-31 08:58:18,delivered,2025-04-05 08:58:18,2025-04-06 08:58:18
O002674,C00565,2024-11-01 08:48:10,delivered,2024-11-03 08:48:10,2024-11-07 08:48:10
O002675,C00749,2024-05-12 15:04:29,cancelled,2024-05-19 15:04:29,
O002676,C00832,2024-10-02 01:28:49,delivered,2024-10-05 01:28:49,2024-10-07 01:28:49
O002677,C00638,2024-06-07 10:13:05,delivered,2024-06-16 10:13:05,2024-06-15 10:13:05
O002678,C00141,2024-03-23 23:38:36,delivered,2024-04-02 23:38:36,2024-03-29 23:38:36
O002679,C01584,2025-05-11 15:29:26,processing,2025-05-23 15:29:26,
O002680,C00908,2025-10-24 22:35:38,delivered,2025-10-26 22:35:38,2025-11-01 22:35:38
O002681,C01909,2025-06-23 20:11:25,shipped,2025-07-01 20:11:25,
O002682,C01587,2025-03-31 16:02:07,delivered,2025-04-10 16:02:07,2025-04-06 16:02:07
O002683,C01114,2024-08-23 10:26:16,delivered,2024-08-29 10:26:16,2024-08-27 10:26:16
O002684,C00114,2025-01-07 03:50:13,delivered,2025-01-09 03:50:13,2025-01-11 03:50:13
O002685,C00922,2025-04-08 07:56:29,delivered,2025-04-15 07:56:29,2025-04-13 07:56:29
O002686,C01144,2025-06-29 06:15:38,delivered,2025-07-05 06:15:38,2025-07-07 06:15:38
O002687,C02494,2026-04-08 01:07:31,delivered,2026-04-13 01:07:31,2026-04-17 01:07:31
O002688,C01150,2024-06-10 10:26:54,delivered,2024-06-14 10:26:54,2024-06-15 10:26:54
O002689,C02494,2024-02-18 09:26:31,delivered,2024-03-01 09:26:31,2024-02-26 09:26:31
O002690,C00637,2026-04-17 23:30:51,delivered,2026-04-25 23:30:51,2026-04-27 23:30:51
O002691,C00840,2024-10-02 11:53:48,returned,2024-10-10 11:53:48,2024-10-04 11:53:48
O002692,C01304,2024-09-30 10:20:42,delivered,2024-10-03 10:20:42,2024-10-07 10:20:42
O002693,C00582,2026-06-27 17:14:36,cancelled,2026-07-05 17:14:36,
O002694,C00224,2024-06-04 00:01:55,delivered,2024-06-06 00:01:55,2024-06-13 00:01:55
O002695,C00033,2024-09-19 08:53:38,delivered,2024-09-30 08:53:38,2024-09-25 08:53:38
O002696,C02094,2026-02-22 21:02:33,delivered,2026-03-03 21:02:33,2026-02-24 21:02:33
O002697,C02102,2025-03-21 23:37:03,delivered,2025-03-23 23:37:03,2025-03-23 23:37:03
O002698,C00416,2025-06-29 02:54:07,delivered,2025-07-09 02:54:07,2025-07-08 02:54:07
O002699,C01811,2025-05-14 20:22:21,delivered,2025-05-24 20:22:21,2025-05-18 20:22:21
O002700,C00807,2025-06-28 04:21:57,delivered,2025-07-01 04:21:57,2025-07-03 04:21:57
O002701,C00665,2024-11-02 16:21:24,delivered,2024-11-13 16:21:24,2024-11-06 16:21:24
O002702,C02176,2025-03-27 19:42:46,delivered,2025-04-05 19:42:46,2025-04-04 19:42:46
O002703,C00748,2025-10-16 02:34:47,delivered,2025-10-23 02:34:47,2025-10-21 02:34:47
O002704,C02047,2025-04-15 20:29:35,delivered,2025-04-20 20:29:35,2025-04-22 20:29:35
O002705,C00403,2024-08-05 02:45:46,delivered,2024-08-10 02:45:46,2024-08-13 02:45:46
O002706,C01071,2025-03-27 12:08:37,delivered,2025-03-29 12:08:37,2025-04-02 12:08:37
O002707,C01310,2026-04-15 03:09:15,delivered,2026-04-21 03:09:15,2026-04-19 03:09:15
O002708,C01072,2025-07-20 12:55:40,returned,2025-07-26 12:55:40,2025-07-30 12:55:40
O002709,C01823,2024-05-05 18:36:29,delivered,2024-05-14 18:36:29,2024-05-10 18:36:29
O002710,C01062,2024-03-20 04:40:08,delivered,2024-03-26 04:40:08,2024-03-24 04:40:08
O002711,C00590,2025-11-27 16:44:54,shipped,2025-12-09 16:44:54,
O002712,C01729,2024-07-31 13:37:52,delivered,2024-08-05 13:37:52,2024-08-10 13:37:52
O002713,C00455,2025-11-04 13:50:53,delivered,2025-11-16 13:50:53,2025-11-08 13:50:53
O002714,C00864,2026-01-27 09:21:39,delivered,2026-01-31 09:21:39,2026-01-31 09:21:39
O002715,C01139,2024-03-15 13:52:12,delivered,2024-03-24 13:52:12,2024-03-23 13:52:12
O002716,C01010,2024-03-08 05:23:25,delivered,2024-03-16 05:23:25,2024-03-14 05:23:25
O002717,C01724,2024-04-20 11:20:57,delivered,2024-04-30 11:20:57,2024-04-24 11:20:57
O002718,C01773,2025-02-03 06:08:53,delivered,2025-02-05 06:08:53,2025-02-10 06:08:53
O002719,C02164,2025-09-23 17:42:50,delivered,2025-10-05 17:42:50,2025-09-26 17:42:50
O002720,C02255,2024-01-21 05:42:33,delivered,2024-01-29 05:42:33,2024-01-27 05:42:33
O002721,C01303,2024-07-02 13:48:42,delivered,2024-07-10 13:48:42,2024-07-08 13:48:42
O002722,C00182,2026-03-15 00:27:18,delivered,2026-03-23 00:27:18,2026-03-21 00:27:18
O002723,C00843,2025-02-23 10:00:04,delivered,2025-03-07 10:00:04,2025-02-26 10:00:04
O002724,C01163,2026-01-07 05:20:18,delivered,2026-01-13 05:20:18,2026-01-11 05:20:18
O002725,C00385,2026-03-20 19:48:36,delivered,2026-03-31 19:48:36,2026-03-21 19:48:36
O002726,C01731,2025-07-21 15:35:19,delivered,2025-07-27 15:35:19,2025-07-30 15:35:19
O002727,C01536,2024-04-08 13:46:41,delivered,2024-04-20 13:46:41,2024-04-12 13:46:41
O002728,C01826,2025-01-02 23:56:13,processing,2025-01-10 23:56:13,
O002729,C01963,2024-08-04 09:55:34,delivered,2024-08-13 09:55:34,2024-08-13 09:55:34
O002730,C02418,2025-07-21 05:07:04,delivered,2025-07-29 05:07:04,2025-08-01 05:07:04
O002731,C00083,2026-01-25 19:24:35,delivered,2026-01-27 19:24:35,2026-02-01 19:24:35
O002732,C01786,2025-07-08 22:09:40,delivered,2025-07-19 22:09:40,2025-07-12 22:09:40
O002733,C00717,2024-02-12 21:49:53,delivered,2024-02-23 21:49:53,2024-02-15 21:49:53
O002734,C01868,2025-12-12 19:30:07,delivered,2025-12-17 19:30:07,2025-12-17 19:30:07
O002735,C02482,2024-11-15 17:01:58,returned,2024-11-26 17:01:58,2024-11-21 17:01:58
O002736,C00590,2024-09-12 11:13:10,cancelled,2024-09-18 11:13:10,
O002737,C00548,2025-06-15 10:11:02,delivered,2025-06-17 10:11:02,2025-06-22 10:11:02
O002738,C01534,2024-10-28 08:50:20,delivered,2024-11-07 08:50:20,2024-11-01 08:50:20
O002739,C00795,2024-07-02 01:45:22,delivered,2024-07-08 01:45:22,2024-07-09 01:45:22
O002740,C02281,2025-02-04 01:53:16,returned,2025-02-13 01:53:16,2025-02-10 01:53:16
O002741,C00086,2025-12-06 19:23:08,delivered,2025-12-10 19:23:08,2025-12-09 19:23:08
O002742,C00348,2025-11-21 03:48:36,shipped,2025-11-25 03:48:36,
O002743,C00723,2026-05-19 22:54:02,delivered,2026-05-21 22:54:02,2026-05-26 22:54:02
O002744,C00068,2025-01-23 23:10:02,delivered,2025-01-25 23:10:02,2025-01-27 23:10:02
O002745,C01228,2025-02-18 20:49:41,delivered,2025-02-27 20:49:41,2025-02-27 20:49:41
O002746,C01852,2025-12-04 04:57:44,delivered,2025-12-10 04:57:44,2025-12-09 04:57:44
O002747,C00436,2026-02-27 20:50:01,delivered,2026-03-03 20:50:01,2026-03-09 20:50:01
O002748,C01486,2026-06-15 12:58:50,delivered,2026-06-18 12:58:50,2026-06-21 12:58:50
O002749,C00645,2025-09-27 00:14:16,delivered,2025-09-30 00:14:16,2025-10-02 00:14:16
O002750,C01033,2024-12-01 12:14:10,delivered,2024-12-11 12:14:10,2024-12-14 12:14:10
O002751,C01430,2025-09-15 21:34:53,delivered,2025-09-19 21:34:53,2025-09-22 21:34:53
O002752,C00138,2025-06-11 04:36:14,delivered,2025-06-17 04:36:14,2025-06-19 04:36:14
O002753,C00463,2025-08-25 15:54:26,returned,2025-08-27 15:54:26,2025-08-30 15:54:26
O002754,C02097,2024-02-12 21:17:39,delivered,2024-02-19 21:17:39,2024-02-15 21:17:39
O002755,C01612,2024-06-11 11:38:25,delivered,2024-06-13 11:38:25,2024-06-16 11:38:25
O002756,C01649,2026-03-02 12:00:50,delivered,2026-03-09 12:00:50,2026-03-10 12:00:50
O002757,C01666,2025-07-25 12:57:59,delivered,2025-07-31 12:57:59,2025-07-29 12:57:59
O002758,C01978,2025-05-19 16:05:40,delivered,2025-05-25 16:05:40,2025-05-24 16:05:40
O002759,C02169,2025-05-18 07:57:02,delivered,2025-05-21 07:57:02,2025-05-22 07:57:02
O002760,C02229,2024-11-08 13:08:58,delivered,2024-11-15 13:08:58,2024-11-12 13:08:58
O002761,C00154,2025-09-24 00:11:47,delivered,2025-09-26 00:11:47,2025-09-29 00:11:47
O002762,C02067,2025-05-30 07:58:24,delivered,2025-06-11 07:58:24,2025-06-13 07:58:24
O002763,C00294,2024-04-26 20:40:43,delivered,2024-05-07 20:40:43,2024-05-05 20:40:43
O002764,C02194,2024-10-19 16:34:43,delivered,2024-10-23 16:34:43,2024-10-25 16:34:43
O002765,C01277,2026-02-17 19:53:31,shipped,2026-02-27 19:53:31,
O002766,C00904,2026-01-01 17:52:56,delivered,2026-01-05 17:52:56,2026-01-07 17:52:56
O002767,C02022,2026-02-28 04:11:08,delivered,2026-03-11 04:11:08,2026-03-05 04:11:08
O002768,C01112,2025-11-20 05:25:31,delivered,2025-11-24 05:25:31,2025-11-26 05:25:31
O002769,C00619,2026-04-15 01:52:21,delivered,2026-04-22 01:52:21,2026-04-20 01:52:21
O002770,C02107,2024-11-23 23:47:44,delivered,2024-11-26 23:47:44,2024-11-30 23:47:44
O002771,C00293,2025-04-11 17:10:52,cancelled,2025-04-20 17:10:52,
O002772,C01151,2024-11-09 09:17:31,delivered,2024-11-12 09:17:31,2024-11-12 09:17:31
O002773,C00595,2024-11-04 04:15:56,delivered,2024-11-15 04:15:56,2024-11-11 04:15:56
O002774,C00641,2026-02-15 11:32:54,delivered,2026-02-26 11:32:54,2026-02-20 11:32:54
O002775,C02420,2025-12-05 18:24:10,returned,2025-12-14 18:24:10,2025-12-21 18:24:10
O002776,C01461,2025-07-24 21:32:05,processing,2025-08-02 21:32:05,
O002777,C00594,2025-11-19 21:47:18,delivered,2025-11-28 21:47:18,2025-11-27 21:47:18
O002778,C00590,2026-03-08 16:02:26,delivered,2026-03-11 16:02:26,2026-03-15 16:02:26
O002779,C01900,2025-12-26 11:56:02,delivered,2026-01-06 11:56:02,2026-01-02 11:56:02
O002780,C01389,2025-01-13 03:40:27,delivered,2025-01-18 03:40:27,2025-01-24 03:40:27
O002781,C00179,2025-07-01 05:41:14,delivered,2025-07-10 05:41:14,2025-07-05 05:41:14
O002782,C02285,2025-01-19 22:52:29,delivered,2025-01-21 22:52:29,2025-01-25 22:52:29
O002783,C00883,2024-02-18 18:29:08,delivered,2024-02-29 18:29:08,2024-02-19 18:29:08
O002784,C00979,2025-07-16 07:18:02,delivered,2025-07-21 07:18:02,2025-07-20 07:18:02
O002785,C01695,2025-07-07 17:32:00,delivered,2025-07-17 17:32:00,2025-07-13 17:32:00
O002786,C00305,2026-03-19 08:09:05,delivered,2026-03-27 08:09:05,2026-03-25 08:09:05
O002787,C00378,2024-11-17 22:35:56,delivered,2024-11-23 22:35:56,2024-11-20 22:35:56
O002788,C01024,2026-03-21 00:42:27,delivered,2026-03-31 00:42:27,2026-03-22 00:42:27
O002789,C02182,2024-12-27 20:43:50,delivered,2025-01-03 20:43:50,2025-01-06 20:43:50
O002790,C02261,2026-01-22 02:34:37,delivered,2026-01-30 02:34:37,2026-01-23 02:34:37
O002791,C01624,2024-12-10 02:17:54,delivered,2024-12-14 02:17:54,2024-12-16 02:17:54
O002792,C00631,2024-12-19 15:03:04,delivered,2024-12-26 15:03:04,2024-12-23 15:03:04
O002793,C01451,2025-07-10 19:52:45,delivered,2025-07-15 19:52:45,2025-07-19 19:52:45
O002794,C02305,2024-11-02 07:32:03,delivered,2024-11-04 07:32:03,2024-11-07 07:32:03
O002795,C02360,2024-09-28 07:28:12,delivered,2024-10-05 07:28:12,2024-10-09 07:28:12
O002796,C01052,2025-08-28 21:31:04,delivered,2025-09-04 21:31:04,2025-08-30 21:31:04
O002797,C01108,2025-07-06 10:35:05,delivered,2025-07-09 10:35:05,2025-07-07 10:35:05
O002798,C00381,2024-08-04 06:39:23,delivered,2024-08-13 06:39:23,2024-08-12 06:39:23
O002799,C02195,2026-02-27 13:10:30,delivered,2026-03-05 13:10:30,2026-03-04 13:10:30
O002800,C01892,2024-01-19 03:44:28,delivered,2024-01-29 03:44:28,2024-01-26 03:44:28
O002801,C01881,2025-05-05 01:24:07,delivered,2025-05-14 01:24:07,2025-05-06 01:24:07
O002802,C00928,2025-05-27 22:20:22,delivered,2025-05-31 22:20:22,2025-06-02 22:20:22
O002803,C01425,2025-07-27 22:06:52,delivered,2025-07-30 22:06:52,2025-07-29 22:06:52
O002804,C01735,2026-02-06 20:48:18,delivered,2026-02-15 20:48:18,2026-02-09 20:48:18
O002805,C01345,2025-01-12 13:03:20,processing,2025-01-22 13:03:20,
O002806,C00688,2026-01-28 14:41:44,delivered,2026-02-07 14:41:44,2026-01-31 14:41:44
O002807,C01421,2026-04-26 00:39:00,shipped,2026-05-07 00:39:00,
O002808,C00197,2024-01-10 22:31:05,delivered,2024-01-15 22:31:05,2024-01-15 22:31:05
O002809,C00662,2024-06-30 14:46:08,returned,2024-07-11 14:46:08,2024-07-04 14:46:08
O002810,C01500,2024-11-14 00:10:03,delivered,2024-11-18 00:10:03,2024-11-21 00:10:03
O002811,C01019,2024-04-21 13:29:21,delivered,2024-04-28 13:29:21,2024-04-27 13:29:21
O002812,C00222,2026-03-08 03:34:57,shipped,2026-03-17 03:34:57,
O002813,C00177,2025-06-28 05:42:07,returned,2025-07-06 05:42:07,2025-07-02 05:42:07
O002814,C00071,2024-04-29 13:37:30,delivered,2024-05-10 13:37:30,2024-05-06 13:37:30
O002815,C02318,2024-04-28 10:19:39,delivered,2024-04-30 10:19:39,2024-05-02 10:19:39
O002816,C01187,2024-06-05 23:10:46,delivered,2024-06-11 23:10:46,2024-06-11 23:10:46
O002817,C01314,2026-03-26 22:44:09,delivered,2026-04-02 22:44:09,2026-04-05 22:44:09
O002818,C01617,2025-08-09 15:29:31,delivered,2025-08-20 15:29:31,2025-08-20 15:29:31
O002819,C00270,2026-01-22 01:36:08,delivered,2026-01-25 01:36:08,2026-01-31 01:36:08
O002820,C01853,2024-03-03 04:22:06,delivered,2024-03-08 04:22:06,2024-03-10 04:22:06
O002821,C02022,2024-02-07 11:43:09,delivered,2024-02-09 11:43:09,2024-02-14 11:43:09
O002822,C01273,2026-01-22 15:37:53,delivered,2026-01-25 15:37:53,2026-01-27 15:37:53
O002823,C00107,2025-12-07 14:27:16,delivered,2025-12-14 14:27:16,2025-12-11 14:27:16
O002824,C01276,2026-03-15 07:18:29,delivered,2026-03-17 07:18:29,2026-03-19 07:18:29
O002825,C00823,2026-01-21 23:05:14,delivered,2026-02-02 23:05:14,2026-01-25 23:05:14
O002826,C01084,2026-06-18 04:16:21,shipped,2026-06-25 04:16:21,
O002827,C00313,2025-07-26 13:20:52,delivered,2025-08-01 13:20:52,2025-08-01 13:20:52
O002828,C01566,2026-06-14 17:09:09,delivered,2026-06-16 17:09:09,2026-06-16 17:09:09
O002829,C02286,2026-02-24 00:44:15,cancelled,2026-03-07 00:44:15,
O002830,C02403,2025-01-22 14:28:00,cancelled,2025-01-31 14:28:00,
O002831,C01943,2025-05-30 21:52:57,delivered,2025-06-11 21:52:57,2025-05-31 21:52:57
O002832,C00162,2024-03-23 03:20:48,delivered,2024-03-29 03:20:48,2024-03-30 03:20:48
O002833,C01342,2025-01-11 12:50:15,delivered,2025-01-18 12:50:15,2025-01-18 12:50:15
O002834,C01125,2025-05-18 04:19:02,delivered,2025-05-23 04:19:02,2025-05-20 04:19:02
O002835,C01085,2026-03-05 08:19:17,delivered,2026-03-14 08:19:17,2026-03-09 08:19:17
O002836,C01948,2025-07-29 02:46:07,processing,2025-08-04 02:46:07,
O002837,C02049,2026-03-11 15:11:19,delivered,2026-03-15 15:11:19,2026-03-16 15:11:19
O002838,C00641,2024-05-29 20:10:30,delivered,2024-06-01 20:10:30,2024-06-11 20:10:30
O002839,C00525,2026-01-17 10:43:00,delivered,2026-01-22 10:43:00,2026-01-25 10:43:00
O002840,C00105,2026-06-26 02:53:06,delivered,2026-06-30 02:53:06,2026-07-02 02:53:06
O002841,C01360,2025-06-13 15:16:05,delivered,2025-06-23 15:16:05,2025-06-19 15:16:05
O002842,C00427,2025-09-21 21:21:14,delivered,2025-10-03 21:21:14,2025-09-30 21:21:14
O002843,C00633,2024-10-01 20:59:17,delivered,2024-10-11 20:59:17,2024-10-08 20:59:17
O002844,C02335,2026-04-12 06:36:14,cancelled,2026-04-19 06:36:14,
O002845,C02372,2024-06-30 21:38:22,delivered,2024-07-10 21:38:22,2024-07-02 21:38:22
O002846,C00331,2025-03-18 16:18:56,delivered,2025-03-28 16:18:56,2025-03-24 16:18:56
O002847,C00557,2024-11-30 01:09:07,shipped,2024-12-07 01:09:07,
O002848,C00490,2024-12-13 13:34:50,delivered,2024-12-18 13:34:50,2024-12-21 13:34:50
O002849,C00418,2026-01-06 17:25:28,delivered,2026-01-09 17:25:28,2026-01-10 17:25:28
O002850,C01121,2026-06-05 22:54:27,delivered,2026-06-17 22:54:27,2026-06-10 22:54:27
O002851,C00829,2024-06-04 10:39:22,delivered,2024-06-09 10:39:22,2024-06-19 10:39:22
O002852,C00970,2025-05-28 21:25:18,delivered,2025-06-05 21:25:18,2025-06-06 21:25:18
O002853,C00347,2025-03-08 22:48:10,delivered,2025-03-15 22:48:10,2025-03-11 22:48:10
O002854,C02365,2026-01-11 02:28:56,delivered,2026-01-18 02:28:56,2026-01-16 02:28:56
O002855,C00916,2026-01-08 01:55:40,delivered,2026-01-18 01:55:40,2026-01-13 01:55:40
O002856,C01632,2025-07-09 02:12:49,delivered,2025-07-17 02:12:49,2025-07-12 02:12:49
O002857,C01054,2024-12-06 11:34:01,shipped,2024-12-12 11:34:01,
O002858,C01802,2024-02-17 17:31:49,delivered,2024-02-19 17:31:49,2024-02-23 17:31:49
O002859,C00175,2026-04-20 02:00:02,shipped,2026-04-30 02:00:02,
O002860,C00400,2024-03-01 23:13:44,delivered,2024-03-05 23:13:44,2024-03-08 23:13:44
O002861,C00958,2024-05-05 01:35:04,processing,2024-05-10 01:35:04,
O002862,C00148,2024-12-06 22:56:14,delivered,2024-12-18 22:56:14,2024-12-09 22:56:14
O002863,C02153,2024-04-10 01:50:40,returned,2024-04-18 01:50:40,2024-04-22 01:50:40
O002864,C00147,2024-01-24 19:48:47,delivered,2024-02-05 19:48:47,2024-02-05 19:48:47
O002865,C00298,2025-08-24 21:37:29,delivered,2025-09-03 21:37:29,2025-08-31 21:37:29
O002866,C00246,2025-08-22 18:45:20,delivered,2025-08-28 18:45:20,2025-08-29 18:45:20
O002867,C01161,2024-10-28 16:30:54,delivered,2024-11-08 16:30:54,2024-11-01 16:30:54
O002868,C01634,2026-03-02 13:16:32,delivered,2026-03-12 13:16:32,2026-03-08 13:16:32
O002869,C01207,2025-11-18 21:39:12,delivered,2025-11-29 21:39:12,2025-11-26 21:39:12
O002870,C02029,2025-08-12 19:53:22,delivered,2025-08-24 19:53:22,2025-08-14 19:53:22
O002871,C01196,2026-02-18 20:25:59,shipped,2026-03-02 20:25:59,
O002872,C01892,2026-03-06 15:20:02,delivered,2026-03-15 15:20:02,2026-03-13 15:20:02
O002873,C00207,2026-03-14 05:55:38,delivered,2026-03-25 05:55:38,2026-03-17 05:55:38
O002874,C02492,2025-03-16 23:44:45,delivered,2025-03-25 23:44:45,2025-03-21 23:44:45
O002875,C00754,2025-11-11 08:31:15,delivered,2025-11-22 08:31:15,2025-11-16 08:31:15
O002876,C00834,2025-10-03 14:27:50,delivered,2025-10-05 14:27:50,2025-10-05 14:27:50
O002877,C02157,2024-08-09 20:41:24,delivered,2024-08-12 20:41:24,2024-08-11 20:41:24
O002878,C00749,2025-06-08 19:04:59,delivered,2025-06-17 19:04:59,2025-06-16 19:04:59
O002879,C02017,2024-11-22 16:19:22,cancelled,2024-11-28 16:19:22,
O002880,C00961,2025-08-06 07:55:39,delivered,2025-08-13 07:55:39,2025-08-12 07:55:39
O002881,C01737,2025-02-06 12:53:57,cancelled,2025-02-16 12:53:57,
O002882,C00864,2024-11-01 16:39:27,delivered,2024-11-08 16:39:27,2024-11-13 16:39:27
O002883,C02388,2025-02-09 11:40:42,delivered,2025-02-20 11:40:42,2025-02-15 11:40:42
O002884,C02313,2025-08-31 22:10:08,processing,2025-09-05 22:10:08,
O002885,C01380,2024-03-26 15:27:36,delivered,2024-04-07 15:27:36,2024-04-07 15:27:36
O002886,C00818,2024-12-05 15:50:08,delivered,2024-12-11 15:50:08,2024-12-16 15:50:08
O002887,C00870,2024-10-09 02:13:31,delivered,2024-10-20 02:13:31,2024-10-13 02:13:31
O002888,C02403,2026-02-10 20:46:43,processing,2026-02-17 20:46:43,
O002889,C02333,2025-03-01 18:25:52,delivered,2025-03-04 18:25:52,2025-03-09 18:25:52
O002890,C01846,2025-01-21 17:30:14,delivered,2025-01-29 17:30:14,2025-01-30 17:30:14
O002891,C01478,2024-05-02 13:37:54,cancelled,2024-05-06 13:37:54,
O002892,C02418,2024-06-20 23:54:18,delivered,2024-06-22 23:54:18,2024-06-28 23:54:18
O002893,C01422,2025-08-23 12:26:11,delivered,2025-09-01 12:26:11,2025-08-26 12:26:11
O002894,C00354,2025-01-09 05:55:34,delivered,2025-01-19 05:55:34,2025-01-14 05:55:34
O002895,C02089,2025-09-28 07:55:23,delivered,2025-09-30 07:55:23,2025-10-09 07:55:23
O002896,C00854,2024-06-15 13:53:10,delivered,2024-06-19 13:53:10,2024-06-22 13:53:10
O002897,C00605,2026-03-04 18:23:11,delivered,2026-03-09 18:23:11,2026-03-12 18:23:11
O002898,C02114,2024-04-29 20:06:33,processing,2024-05-06 20:06:33,
O002899,C01002,2024-12-06 09:17:21,delivered,2024-12-15 09:17:21,2024-12-07 09:17:21
O002900,C01618,2025-06-09 01:27:44,delivered,2025-06-15 01:27:44,2025-06-17 01:27:44
O002901,C02471,2025-05-20 00:28:15,delivered,2025-05-30 00:28:15,2025-05-27 00:28:15
O002902,C00170,2025-09-05 15:08:53,delivered,2025-09-16 15:08:53,2025-09-09 15:08:53
O002903,C00270,2024-11-08 20:26:41,delivered,2024-11-18 20:26:41,2024-11-14 20:26:41
O002904,C01429,2026-05-16 15:27:38,cancelled,2026-05-25 15:27:38,
O002905,C01460,2026-04-01 07:58:17,delivered,2026-04-06 07:58:17,2026-04-03 07:58:17
O002906,C00084,2024-02-11 04:37:21,processing,2024-02-17 04:37:21,
O002907,C01483,2025-01-08 21:13:18,delivered,2025-01-17 21:13:18,2025-01-13 21:13:18
O002908,C01050,2024-09-20 06:54:20,delivered,2024-09-29 06:54:20,2024-09-23 06:54:20
O002909,C01154,2024-11-11 23:39:22,delivered,2024-11-13 23:39:22,2024-11-15 23:39:22
O002910,C01358,2025-05-11 18:49:30,delivered,2025-05-14 18:49:30,2025-05-22 18:49:30
O002911,C00550,2024-01-27 22:10:57,delivered,2024-01-31 22:10:57,2024-02-01 22:10:57
O002912,C01413,2026-03-15 19:35:51,delivered,2026-03-19 19:35:51,2026-03-16 19:35:51
O002913,C00282,2026-03-20 00:09:15,delivered,2026-03-28 00:09:15,2026-03-24 00:09:15
O002914,C02316,2026-01-09 09:05:32,delivered,2026-01-16 09:05:32,2026-01-11 09:05:32
O002915,C01391,2025-09-12 18:48:49,delivered,2025-09-16 18:48:49,2025-09-18 18:48:49
O002916,C01422,2024-03-24 11:30:20,cancelled,2024-03-27 11:30:20,
O002917,C00938,2024-10-08 13:50:52,delivered,2024-10-15 13:50:52,2024-10-13 13:50:52
O002918,C02081,2024-02-15 09:20:02,shipped,2024-02-21 09:20:02,
O002919,C02181,2024-06-14 05:59:08,delivered,2024-06-21 05:59:08,2024-06-16 05:59:08
O002920,C01731,2025-03-08 18:22:45,delivered,2025-03-18 18:22:45,2025-03-11 18:22:45
O002921,C01988,2026-06-20 00:12:16,delivered,2026-06-23 00:12:16,2026-06-21 00:12:16
O002922,C00922,2024-05-02 00:27:06,delivered,2024-05-07 00:27:06,2024-05-07 00:27:06
O002923,C00113,2024-02-20 12:32:30,processing,2024-02-27 12:32:30,
O002924,C01627,2026-04-18 14:39:52,processing,2026-04-28 14:39:52,
O002925,C00558,2025-09-24 09:55:29,delivered,2025-09-29 09:55:29,2025-10-02 09:55:29
O002926,C02295,2025-04-02 02:09:04,delivered,2025-04-13 02:09:04,2025-04-07 02:09:04
O002927,C01763,2025-08-17 10:41:48,delivered,2025-08-21 10:41:48,2025-08-24 10:41:48
O002928,C02117,2026-04-25 07:23:47,returned,2026-05-03 07:23:47,2026-05-07 07:23:47
O002929,C00597,2024-10-24 06:04:12,delivered,2024-10-28 06:04:12,2024-10-29 06:04:12
O002930,C01207,2025-09-20 23:48:01,delivered,2025-09-27 23:48:01,2025-09-27 23:48:01
O002931,C01305,2024-11-14 17:10:58,shipped,2024-11-19 17:10:58,
O002932,C00961,2025-08-12 03:39:23,cancelled,2025-08-17 03:39:23,
O002933,C01398,2024-11-09 17:37:45,delivered,2024-11-14 17:37:45,2024-11-12 17:37:45
O002934,C01615,2024-07-21 12:48:00,delivered,,2024-07-28 12:48:00
O002935,C00625,2026-03-02 09:53:51,delivered,2026-03-04 09:53:51,2026-03-03 09:53:51
O002936,C01102,2025-08-02 12:07:00,delivered,2025-08-14 12:07:00,2025-08-06 12:07:00
O002937,C00387,2024-07-17 22:13:38,returned,2024-07-20 22:13:38,2024-07-29 22:13:38
O002938,C01298,2024-10-05 15:49:34,delivered,2024-10-07 15:49:34,2024-10-06 15:49:34
O002939,C01098,2025-09-20 08:19:40,delivered,2025-09-23 08:19:40,2025-09-27 08:19:40
O002940,C00495,2024-08-20 01:23:04,cancelled,2024-08-27 01:23:04,
O002941,C00747,2026-06-15 07:30:33,delivered,2026-06-18 07:30:33,2026-06-28 07:30:33
O002942,C02470,2025-09-23 20:14:00,delivered,2025-09-30 20:14:00,2025-10-04 20:14:00
O002943,C00729,2025-03-18 16:16:31,delivered,2025-03-30 16:16:31,2025-03-28 16:16:31
O002944,C01414,2025-12-20 22:04:31,delivered,2025-12-23 22:04:31,2025-12-25 22:04:31
O002945,C01361,2026-04-07 15:58:09,delivered,2026-04-17 15:58:09,2026-04-16 15:58:09
O002946,C02383,2026-01-29 23:53:19,delivered,2026-01-31 23:53:19,2026-02-06 23:53:19
O002947,C01712,2024-12-25 16:34:31,delivered,2024-12-28 16:34:31,2024-12-26 16:34:31
O002948,C00118,2024-08-20 03:59:02,delivered,2024-08-22 03:59:02,2024-08-23 03:59:02
O002949,C01872,2024-10-02 13:43:05,delivered,2024-10-09 13:43:05,2024-10-08 13:43:05
O002950,C00116,2026-05-15 08:24:30,delivered,2026-05-22 08:24:30,2026-05-20 08:24:30
O002951,C00979,2024-06-13 22:43:10,delivered,2024-06-16 22:43:10,2024-06-19 22:43:10
O002952,C00257,2024-10-10 04:40:37,processing,2024-10-14 04:40:37,
O002953,C00242,2024-10-01 00:42:16,delivered,2024-10-11 00:42:16,2024-10-10 00:42:16
O002954,C00699,2024-10-16 16:46:52,delivered,2024-10-25 16:46:52,2024-10-24 16:46:52
O002955,C01795,2026-06-07 07:53:55,delivered,2026-06-19 07:53:55,2026-06-08 07:53:55
O002956,C01293,2024-04-18 15:08:17,delivered,2024-04-20 15:08:17,2024-04-24 15:08:17
O002957,C00761,2026-02-02 06:19:03,delivered,2026-02-11 06:19:03,2026-02-11 06:19:03
O002958,C00297,2024-03-11 22:56:18,delivered,2024-03-20 22:56:18,2024-03-19 22:56:18
O002959,C00739,2024-08-26 17:10:57,shipped,2024-09-03 17:10:57,
O002960,C02319,2025-09-09 17:45:57,delivered,2025-09-19 17:45:57,2025-09-13 17:45:57
O002961,C00717,2026-05-22 13:36:56,delivered,2026-05-27 13:36:56,2026-05-25 13:36:56
O002962,C00664,2026-01-25 02:08:49,delivered,2026-02-05 02:08:49,2026-01-31 02:08:49
O002963,C00174,2025-04-22 04:02:43,delivered,2025-04-25 04:02:43,2025-04-24 04:02:43
O002964,C00340,2026-01-08 02:45:03,delivered,2026-01-11 02:45:03,2026-01-13 02:45:03
O002965,C00497,2024-09-18 15:11:33,delivered,2024-09-24 15:11:33,2024-09-25 15:11:33
O002966,C00929,2024-03-13 05:13:13,processing,2024-03-18 05:13:13,
O002967,C01697,2026-03-25 17:11:42,shipped,2026-03-31 17:11:42,
O002968,C01034,2024-09-12 21:50:07,delivered,2024-09-24 21:50:07,2024-09-16 21:50:07
O002969,C00243,2025-12-29 20:21:45,delivered,2026-01-01 20:21:45,2026-01-06 20:21:45
O002970,C02460,2025-10-18 00:19:54,delivered,2025-10-21 00:19:54,2025-10-22 00:19:54
O002971,C02125,2025-05-07 04:38:51,processing,2025-05-15 04:38:51,
O002972,C01030,2025-05-25 22:53:36,delivered,2025-05-30 22:53:36,2025-06-01 22:53:36
O002973,C00458,2024-09-27 13:53:16,delivered,2024-09-29 13:53:16,2024-10-02 13:53:16
O002974,C00391,2025-12-08 09:57:41,delivered,2025-12-16 09:57:41,2025-12-16 09:57:41
O002975,C01023,2024-05-07 21:53:08,delivered,2024-05-19 21:53:08,2024-05-13 21:53:08
O002976,C02097,2025-01-29 05:38:21,delivered,2025-02-02 05:38:21,2025-02-03 05:38:21
O002977,C02237,2025-09-01 10:19:48,delivered,2025-09-05 10:19:48,2025-09-03 10:19:48
O002978,C00466,2024-09-01 16:04:02,delivered,2024-09-06 16:04:02,2024-09-11 16:04:02
O002979,C00869,2024-11-15 12:58:29,shipped,2024-11-26 12:58:29,
O002980,C01005,2024-09-29 01:16:14,delivered,2024-10-09 01:16:14,2024-10-03 01:16:14
O002981,C01255,2025-11-09 01:08:48,delivered,2025-11-20 01:08:48,2025-11-10 01:08:48
O002982,C02461,2025-02-25 11:56:37,processing,2025-03-08 11:56:37,
O002983,C00637,2024-01-07 19:02:37,delivered,2024-01-18 19:02:37,2024-01-18 19:02:37
O002984,C02120,2026-02-18 05:52:52,delivered,2026-03-02 05:52:52,2026-02-19 05:52:52
O002985,C00530,2026-04-14 16:35:34,delivered,2026-04-24 16:35:34,2026-04-15 16:35:34
O002986,C01414,2024-03-19 18:05:46,delivered,2024-03-30 18:05:46,2024-03-21 18:05:46
O002987,C00498,2024-03-09 10:10:45,delivered,2024-03-21 10:10:45,2024-03-11 10:10:45
O002988,C01781,2025-08-27 20:24:17,returned,2025-09-04 20:24:17,2025-08-31 20:24:17
O002989,C01746,2025-05-12 15:41:00,delivered,2025-05-16 15:41:00,2025-05-13 15:41:00
O002990,C00819,2024-11-10 10:02:26,delivered,2024-11-22 10:02:26,2024-11-21 10:02:26
O002991,C00046,2026-06-18 20:38:28,delivered,2026-06-23 20:38:28,2026-06-29 20:38:28
O002992,C02203,2025-06-13 09:11:41,delivered,2025-06-16 09:11:41,2025-06-15 09:11:41
O002993,C02033,2025-01-22 03:05:53,delivered,2025-01-29 03:05:53,2025-01-29 03:05:53
O002994,C00010,2024-12-05 21:02:55,delivered,2024-12-14 21:02:55,2024-12-07 21:02:55
O002995,C02331,2024-03-25 18:30:32,delivered,2024-03-27 18:30:32,2024-04-02 18:30:32
O002996,C00346,2024-05-19 19:31:09,cancelled,2024-05-31 19:31:09,
O002997,C00685,2025-10-03 20:42:13,delivered,2025-10-05 20:42:13,2025-10-06 20:42:13
O002998,C01010,2024-08-21 13:53:30,delivered,2024-08-31 13:53:30,2024-08-25 13:53:30
O002999,C00364,2024-09-01 17:49:14,delivered,2024-09-05 17:49:14,2024-09-04 17:49:14
O003000,C01677,2025-01-20 16:05:54,cancelled,2025-01-24 16:05:54,
O003001,C02003,2025-05-31 09:21:41,delivered,2025-06-10 09:21:41,2025-06-04 09:21:41
O003002,C01292,2026-06-19 00:29:15,delivered,2026-06-28 00:29:15,2026-06-24 00:29:15
O003003,C00112,2025-04-18 10:34:11,delivered,2025-04-28 10:34:11,2025-04-20 10:34:11
O003004,C00170,2024-05-15 23:58:09,delivered,2024-05-25 23:58:09,2024-05-24 23:58:09
O003005,C02295,2025-09-20 19:06:32,delivered,2025-10-02 19:06:32,2025-09-26 19:06:32
O003006,C00673,2024-07-01 14:37:19,delivered,2024-07-08 14:37:19,2024-07-12 14:37:19
O003007,C00401,2025-07-19 12:26:12,processing,2025-07-23 12:26:12,
O003008,C01032,2026-03-12 05:02:03,delivered,2026-03-18 05:02:03,2026-03-17 05:02:03
O003009,C00638,2025-08-27 01:25:24,delivered,2025-08-30 01:25:24,2025-08-28 01:25:24
O003010,C01015,2025-05-22 17:28:41,delivered,2025-05-27 17:28:41,2025-05-24 17:28:41
O003011,C00157,2025-07-09 04:24:18,delivered,2025-07-13 04:24:18,2025-07-13 04:24:18
O003012,C00855,2024-08-20 20:18:00,delivered,2024-08-25 20:18:00,2024-08-24 20:18:00
O003013,C00214,2026-05-10 09:50:07,delivered,2026-05-19 09:50:07,2026-05-19 09:50:07
O003014,C00841,2026-03-30 14:41:48,delivered,2026-04-07 14:41:48,2026-04-04 14:41:48
O003015,C00515,2024-08-20 10:02:10,delivered,2024-09-01 10:02:10,2024-08-27 10:02:10
O003016,C01316,2025-09-15 03:06:59,delivered,2025-09-17 03:06:59,2025-09-20 03:06:59
O003017,C02441,2024-03-01 12:57:20,delivered,2024-03-08 12:57:20,2024-03-08 12:57:20
O003018,C01391,2024-01-31 15:32:10,delivered,2024-02-02 15:32:10,2024-02-06 15:32:10
O003019,C00345,2025-02-17 11:55:21,delivered,2025-02-23 11:55:21,2025-02-24 11:55:21
O003020,C02477,2025-05-09 14:18:01,delivered,2025-05-20 14:18:01,2025-05-18 14:18:01
O003021,C01632,2024-09-06 04:59:31,delivered,2024-09-09 04:59:31,2024-09-13 04:59:31
O003022,C00186,2025-07-29 08:06:29,shipped,2025-08-01 08:06:29,
O003023,C01250,2025-05-27 10:39:48,delivered,2025-06-04 10:39:48,2025-05-31 10:39:48
O003024,C02478,2024-01-01 13:42:23,processing,2024-01-08 13:42:23,
O003025,C02246,2026-01-30 06:47:19,delivered,2026-02-02 06:47:19,2026-02-02 06:47:19
O003026,C01044,2025-05-19 15:17:16,delivered,2025-05-30 15:17:16,2025-05-20 15:17:16
O003027,C01565,2024-07-12 04:12:25,delivered,2024-07-18 04:12:25,2024-07-13 04:12:25
O003028,C00668,2026-02-25 23:15:09,shipped,2026-02-27 23:15:09,
O003029,C00248,2024-11-05 10:10:07,delivered,2024-11-12 10:10:07,2024-11-13 10:10:07
O003030,C00890,2026-03-03 23:33:08,delivered,2026-03-12 23:33:08,2026-03-11 23:33:08
O003031,C01332,2025-02-05 22:01:01,delivered,2025-02-17 22:01:01,2025-02-12 22:01:01
O003032,C01888,2024-03-30 02:18:41,delivered,2024-04-06 02:18:41,2024-04-02 02:18:41
O003033,C01614,2025-11-17 08:37:25,delivered,2025-11-24 08:37:25,2025-11-18 08:37:25
O003034,C02015,2024-11-24 02:10:55,delivered,2024-12-05 02:10:55,2024-11-29 02:10:55
O003035,C01667,2025-10-29 00:12:46,delivered,2025-11-05 00:12:46,2025-11-01 00:12:46
O003036,C02118,2024-03-13 05:42:26,delivered,2024-03-20 05:42:26,2024-03-18 05:42:26
O003037,C01988,2024-08-08 21:18:47,cancelled,2024-08-14 21:18:47,
O003038,C00816,2025-01-26 14:21:51,delivered,2025-02-01 14:21:51,2025-01-27 14:21:51
O003039,C02234,2026-05-24 13:52:44,returned,2026-05-26 13:52:44,2026-05-30 13:52:44
O003040,C01418,2026-01-21 02:58:38,delivered,2026-01-28 02:58:38,2026-01-27 02:58:38
O003041,C00583,2024-06-15 15:52:39,cancelled,2024-06-23 15:52:39,
O003042,C00775,2026-02-05 07:27:21,delivered,2026-02-15 07:27:21,2026-02-11 07:27:21
O003043,C01406,2025-03-24 02:20:14,delivered,2025-04-01 02:20:14,2025-04-01 02:20:14
O003044,C00867,2025-05-06 15:58:06,delivered,2025-05-11 15:58:06,2025-05-15 15:58:06
O003045,C02372,2025-07-27 18:29:23,delivered,2025-08-01 18:29:23,2025-08-02 18:29:23
O003046,C02351,2025-01-05 20:43:19,delivered,2025-01-16 20:43:19,2025-01-12 20:43:19
O003047,C00755,2026-01-25 06:46:21,delivered,2026-01-29 06:46:21,2026-01-30 06:46:21
O003048,C01161,2025-03-19 20:23:07,delivered,2025-03-25 20:23:07,2025-03-23 20:23:07
O003049,C01359,2024-07-17 15:02:13,delivered,2024-07-20 15:02:13,2024-07-19 15:02:13
O003050,C01234,2024-01-09 11:47:25,delivered,2024-01-11 11:47:25,2024-01-17 11:47:25
O003051,C01923,2024-02-17 04:08:05,delivered,2024-02-28 04:08:05,2024-02-26 04:08:05
O003052,C01312,2024-04-29 04:34:37,delivered,2024-05-11 04:34:37,2024-05-06 04:34:37
O003053,C00680,2024-09-07 10:49:50,delivered,2024-09-18 10:49:50,2024-09-15 10:49:50
O003054,C00325,2024-01-10 13:29:17,delivered,2024-01-13 13:29:17,2024-01-11 13:29:17
O003055,C01409,2024-05-15 18:34:17,shipped,2024-05-27 18:34:17,
O003056,C01127,2025-01-12 21:58:25,delivered,2025-01-19 21:58:25,2025-01-22 21:58:25
O003057,C01830,2024-11-19 12:14:46,delivered,2024-11-24 12:14:46,2024-11-26 12:14:46
O003058,C01913,2026-01-28 15:41:30,cancelled,2026-02-07 15:41:30,
O003059,C01422,2025-01-27 05:18:25,returned,2025-01-31 05:18:25,2025-02-09 05:18:25
O003060,C00206,2026-02-05 12:20:24,delivered,2026-02-08 12:20:24,2026-02-16 12:20:24
O003061,C00154,2026-05-30 11:25:15,delivered,2026-06-10 11:25:15,2026-06-04 11:25:15
O003062,C00352,2024-03-25 02:24:54,cancelled,2024-03-30 02:24:54,
O003063,C01735,2025-11-01 20:53:35,cancelled,2025-11-07 20:53:35,
O003064,C02078,2025-04-30 19:11:52,shipped,2025-05-12 19:11:52,
O003065,C01600,2026-05-03 01:18:41,delivered,2026-05-06 01:18:41,2026-05-08 01:18:41
O003066,C00814,2024-08-23 07:17:47,delivered,2024-09-01 07:17:47,2024-09-01 07:17:47
O003067,C00596,2025-06-16 07:43:03,delivered,2025-06-28 07:43:03,2025-06-20 07:43:03
O003068,C00118,2024-01-11 23:07:49,delivered,2024-01-14 23:07:49,2024-01-14 23:07:49
O003069,C01437,2024-11-07 10:01:18,cancelled,2024-11-10 10:01:18,
O003070,C01758,2026-01-28 10:24:47,delivered,2026-02-06 10:24:47,2026-02-04 10:24:47
O003071,C00168,2025-04-16 11:33:12,delivered,2025-04-19 11:33:12,2025-04-27 11:33:12
O003072,C02384,2025-10-17 12:36:23,delivered,2025-10-24 12:36:23,2025-10-23 12:36:23
O003073,C01572,2025-01-29 04:19:33,delivered,2025-02-06 04:19:33,2025-01-30 04:19:33
O003074,C01911,2026-01-22 10:14:28,delivered,2026-01-29 10:14:28,2026-01-27 10:14:28
O003075,C02277,2025-03-12 06:06:57,delivered,2025-03-23 06:06:57,2025-03-13 06:06:57
O003076,C00672,2025-02-22 07:41:34,delivered,2025-03-04 07:41:34,2025-03-01 07:41:34
O003077,C01614,2024-05-15 15:56:24,delivered,2024-05-17 15:56:24,2024-05-22 15:56:24
O003078,C00008,2024-01-07 23:14:35,delivered,2024-01-10 23:14:35,2024-01-15 23:14:35
O003079,C01720,2025-10-07 02:47:15,delivered,2025-10-11 02:47:15,2025-10-09 02:47:15
O003080,C01375,2025-04-24 21:40:02,delivered,2025-04-26 21:40:02,2025-04-30 21:40:02
O003081,C01685,2025-11-02 18:25:25,delivered,2025-11-10 18:25:25,2025-11-03 18:25:25
O003082,C00581,2024-05-31 01:19:30,processing,2024-06-05 01:19:30,
O003083,C00391,2024-05-25 05:02:12,delivered,2024-05-28 05:02:12,2024-06-01 05:02:12
O003084,C01169,2024-09-01 02:29:52,delivered,2024-09-10 02:29:52,2024-09-08 02:29:52
O003085,C01861,2024-02-13 16:34:45,delivered,2024-02-25 16:34:45,2024-02-18 16:34:45
O003086,C01616,2024-02-11 11:02:20,delivered,2024-02-14 11:02:20,2024-02-16 11:02:20
O003087,C00421,2026-03-17 10:11:09,cancelled,2026-03-25 10:11:09,
O003088,C01240,2025-06-14 15:56:35,delivered,2025-06-23 15:56:35,2025-06-18 15:56:35
O003089,C02296,2026-05-25 01:27:02,delivered,2026-05-28 01:27:02,2026-06-06 01:27:02
O003090,C00418,2025-08-07 10:40:56,delivered,2025-08-12 10:40:56,2025-08-12 10:40:56
O003091,C01381,2025-12-12 00:35:30,delivered,2025-12-17 00:35:30,2025-12-16 00:35:30
O003092,C00466,2024-05-16 20:20:24,delivered,2024-05-18 20:20:24,2024-05-19 20:20:24
O003093,C00313,2025-05-22 05:26:49,delivered,2025-05-25 05:26:49,2025-05-31 05:26:49
O003094,C00546,2025-02-05 01:08:45,delivered,2025-02-16 01:08:45,2025-02-15 01:08:45
O003095,C00487,2025-04-21 11:16:19,delivered,2025-04-30 11:16:19,2025-04-29 11:16:19
O003096,C00212,2026-04-09 21:06:06,shipped,2026-04-19 21:06:06,
O003097,C01395,2025-02-11 10:05:47,delivered,2025-02-23 10:05:47,2025-02-13 10:05:47
O003098,C01157,2025-01-01 06:50:11,shipped,,
O003099,C00679,2024-08-17 03:25:30,delivered,2024-08-20 03:25:30,2024-08-25 03:25:30
O003100,C01617,2025-02-07 08:35:47,delivered,2025-02-11 08:35:47,2025-02-13 08:35:47
O003101,C00327,2025-04-01 14:27:03,delivered,2025-04-04 14:27:03,2025-04-06 14:27:03
O003102,C01688,2024-07-31 08:30:53,delivered,2024-08-03 08:30:53,2024-08-04 08:30:53
O003103,C02340,2025-05-06 19:26:16,delivered,2025-05-12 19:26:16,2025-05-16 19:26:16
O003104,C00143,2025-03-11 05:53:58,delivered,2025-03-20 05:53:58,2025-03-14 05:53:58
O003105,C00417,2024-08-28 07:18:32,delivered,2024-09-02 07:18:32,2024-08-29 07:18:32
O003106,C01945,2024-12-17 05:34:35,delivered,2024-12-26 05:34:35,2024-12-21 05:34:35
O003107,C01774,2024-12-15 20:43:48,delivered,2024-12-25 20:43:48,2024-12-18 20:43:48
O003108,C02487,2025-04-01 18:50:28,delivered,2025-04-03 18:50:28,2025-04-04 18:50:28
O003109,C02025,2025-04-29 11:30:28,delivered,2025-05-04 11:30:28,2025-05-04 11:30:28
O003110,C00419,2025-12-02 08:45:26,delivered,2025-12-04 08:45:26,2025-12-07 08:45:26
O003111,C01290,2025-07-14 17:41:58,delivered,2025-07-16 17:41:58,2025-07-20 17:41:58
O003112,C00550,2024-01-08 11:59:45,processing,2024-01-19 11:59:45,
O003113,C01326,2026-06-07 18:53:50,delivered,2026-06-19 18:53:50,2026-06-09 18:53:50
O003114,C01789,2024-07-21 17:26:58,delivered,2024-08-01 17:26:58,2024-07-28 17:26:58
O003115,C01542,2026-06-18 16:02:54,delivered,2026-06-30 16:02:54,2026-06-23 16:02:54
O003116,C00132,2024-01-06 08:30:19,delivered,2024-01-17 08:30:19,2024-01-14 08:30:19
O003117,C02431,2025-07-17 15:51:16,delivered,2025-07-26 15:51:16,2025-07-23 15:51:16
O003118,C02070,2025-03-17 08:26:34,delivered,2025-03-24 08:26:34,2025-03-20 08:26:34
O003119,C00992,2024-01-20 10:58:35,delivered,2024-01-28 10:58:35,2024-01-21 10:58:35
O003120,C01847,2024-04-13 22:15:59,delivered,2024-04-25 22:15:59,2024-04-20 22:15:59
O003121,C01306,2024-05-11 07:33:17,processing,2024-05-18 07:33:17,
O003122,C00534,2025-05-21 22:25:02,delivered,2025-05-27 22:25:02,2025-05-26 22:25:02
O003123,C00985,2024-01-01 20:54:21,delivered,2024-01-09 20:54:21,2024-01-09 20:54:21
O003124,C01231,2025-03-21 05:54:12,returned,2025-03-29 05:54:12,2025-03-27 05:54:12
O003125,C00210,2025-01-16 09:03:27,delivered,2025-01-25 09:03:27,2025-01-19 09:03:27
O003126,C02060,2026-01-24 19:41:45,delivered,2026-01-30 19:41:45,2026-01-28 19:41:45
O003127,C00115,2026-05-18 11:35:30,delivered,2026-05-21 11:35:30,2026-05-25 11:35:30
O003128,C01174,2025-10-29 09:18:43,delivered,2025-11-01 09:18:43,2025-11-03 09:18:43
O003129,C01302,2025-03-28 23:36:31,delivered,2025-04-04 23:36:31,2025-04-02 23:36:31
O003130,C00808,2025-06-08 14:22:13,delivered,2025-06-12 14:22:13,2025-06-10 14:22:13
O003131,C01624,2025-02-09 08:42:52,delivered,2025-02-19 08:42:52,2025-02-18 08:42:52
O003132,C02066,2024-02-24 02:42:01,delivered,2024-03-01 02:42:01,2024-02-27 02:42:01
O003133,C01619,2025-02-01 05:52:41,delivered,2025-02-10 05:52:41,2025-02-04 05:52:41
O003134,C00278,2025-01-24 20:11:17,delivered,2025-02-01 20:11:17,2025-01-28 20:11:17
O003135,C01756,2024-05-05 23:26:08,delivered,2024-05-13 23:26:08,2024-05-13 23:26:08
O003136,C01835,2024-03-24 06:21:43,delivered,2024-03-29 06:21:43,2024-03-25 06:21:43
O003137,C00392,2024-07-25 11:13:09,cancelled,2024-08-06 11:13:09,
O003138,C01524,2026-03-30 18:07:09,delivered,,2026-04-01 18:07:09
O003139,C01233,2024-02-12 21:32:10,delivered,2024-02-18 21:32:10,2024-02-18 21:32:10
O003140,C02171,2025-08-20 06:44:51,delivered,2025-08-31 06:44:51,2025-08-28 06:44:51
O003141,C01744,2026-06-03 01:33:41,delivered,2026-06-15 01:33:41,2026-06-08 01:33:41
O003142,C00980,2025-06-06 16:02:36,shipped,2025-06-11 16:02:36,
O003143,C02259,2025-11-20 06:45:39,delivered,2025-11-28 06:45:39,2025-11-26 06:45:39
O003144,C02040,2026-04-19 05:06:27,delivered,2026-04-26 05:06:27,2026-04-24 05:06:27
O003145,C00781,2024-11-25 11:00:07,shipped,2024-11-28 11:00:07,
O003146,C01497,2024-12-18 15:18:26,cancelled,2024-12-22 15:18:26,
O003147,C00169,2026-04-06 01:20:00,delivered,2026-04-09 01:20:00,2026-04-12 01:20:00
O003148,C01924,2026-02-16 02:19:25,delivered,2026-02-24 02:19:25,2026-02-17 02:19:25
O003149,C01092,2024-10-16 22:09:37,delivered,2024-10-26 22:09:37,2024-10-22 22:09:37
O003150,C00707,2024-03-04 13:14:48,delivered,2024-03-06 13:14:48,2024-03-11 13:14:48
O003151,C00472,2025-12-03 16:08:19,delivered,2025-12-10 16:08:19,2025-12-09 16:08:19
O003152,C00392,2026-01-10 07:31:32,delivered,2026-01-16 07:31:32,2026-01-18 07:31:32
O003153,C00373,2024-05-28 13:19:49,shipped,2024-05-30 13:19:49,
O003154,C01959,2024-12-02 10:19:24,delivered,2024-12-06 10:19:24,2024-12-03 10:19:24
O003155,C01469,2026-06-25 09:15:29,delivered,2026-07-07 09:15:29,2026-07-04 09:15:29
O003156,C01277,2024-03-06 00:08:59,delivered,2024-03-14 00:08:59,2024-03-10 00:08:59
O003157,C00006,2025-09-19 04:37:00,delivered,2025-09-28 04:37:00,2025-09-26 04:37:00
O003158,C00739,2026-06-17 16:09:05,delivered,2026-06-20 16:09:05,2026-06-21 16:09:05
O003159,C00181,2024-08-16 18:20:39,delivered,2024-08-25 18:20:39,2024-08-21 18:20:39
O003160,C02184,2024-03-07 16:51:58,delivered,2024-03-14 16:51:58,2024-03-08 16:51:58
O003161,C01747,2026-04-17 07:42:50,delivered,2026-04-19 07:42:50,2026-04-21 07:42:50
O003162,C02045,2025-08-17 20:24:58,delivered,2025-08-24 20:24:58,2025-08-20 20:24:58
O003163,C00397,2026-06-15 04:56:55,delivered,2026-06-23 04:56:55,2026-06-22 04:56:55
O003164,C01825,2024-10-15 14:29:35,shipped,2024-10-21 14:29:35,
O003165,C02467,2025-11-13 13:17:36,delivered,2025-11-18 13:17:36,2025-11-17 13:17:36
O003166,C01581,2025-01-14 18:42:39,delivered,2025-01-20 18:42:39,2025-01-15 18:42:39
O003167,C01793,2025-08-05 16:13:04,delivered,2025-08-07 16:13:04,2025-08-16 16:13:04
O003168,C02276,2025-02-15 10:59:49,delivered,2025-02-20 10:59:49,2025-02-20 10:59:49
O003169,C00464,2024-06-05 15:08:12,delivered,2024-06-11 15:08:12,2024-06-12 15:08:12
O003170,C00432,2024-11-27 09:06:43,delivered,2024-11-29 09:06:43,2024-12-05 09:06:43
O003171,C01594,2026-04-27 09:10:55,delivered,2026-05-06 09:10:55,2026-05-06 09:10:55
O003172,C00405,2024-01-27 10:32:26,delivered,2024-02-03 10:32:26,2024-01-31 10:32:26
O003173,C02302,2024-12-28 07:48:03,delivered,2025-01-02 07:48:03,2025-01-06 07:48:03
O003174,C00799,2025-04-13 21:50:04,delivered,2025-04-15 21:50:04,2025-04-21 21:50:04
O003175,C00536,2026-04-16 06:19:45,delivered,2026-04-18 06:19:45,2026-04-26 06:19:45
O003176,C00258,2025-08-15 04:43:51,delivered,2025-08-19 04:43:51,2025-08-21 04:43:51
O003177,C01256,2025-02-18 03:34:04,delivered,2025-02-24 03:34:04,2025-02-22 03:34:04
O003178,C01456,2025-04-18 13:01:03,delivered,2025-04-30 13:01:03,2025-04-22 13:01:03
O003179,C01216,2025-02-18 10:09:48,delivered,2025-02-21 10:09:48,2025-02-22 10:09:48
O003180,C02478,2026-06-26 10:42:13,delivered,2026-07-04 10:42:13,2026-06-29 10:42:13
O003181,C00354,2025-07-08 13:10:49,delivered,2025-07-19 13:10:49,2025-07-12 13:10:49
O003182,C01890,2026-06-05 05:31:44,delivered,2026-06-07 05:31:44,2026-06-08 05:31:44
O003183,C00685,2024-03-29 01:24:01,delivered,2024-04-03 01:24:01,2024-04-05 01:24:01
O003184,C01962,2025-09-10 14:54:51,delivered,2025-09-15 14:54:51,2025-09-12 14:54:51
O003185,C02378,2025-10-01 21:35:31,delivered,2025-10-12 21:35:31,2025-10-05 21:35:31
O003186,C00553,2025-12-06 17:38:01,delivered,2025-12-11 17:38:01,2025-12-12 17:38:01
O003187,C00292,2026-04-26 06:40:08,cancelled,2026-05-01 06:40:08,
O003188,C01627,2026-02-28 00:53:03,delivered,2026-03-11 00:53:03,2026-03-07 00:53:03
O003189,C01572,2025-07-25 07:44:42,delivered,2025-07-29 07:44:42,2025-08-01 07:44:42
O003190,C00735,2024-04-20 10:11:15,delivered,2024-04-28 10:11:15,2024-04-22 10:11:15
O003191,C00551,2026-05-31 20:06:52,returned,2026-06-02 20:06:52,2026-06-10 20:06:52
O003192,C01200,2024-04-01 05:30:09,delivered,2024-04-08 05:30:09,2024-04-11 05:30:09
O003193,C02055,2024-12-09 06:38:14,delivered,2024-12-16 06:38:14,2024-12-13 06:38:14
O003194,C01473,2025-04-27 22:23:34,delivered,2025-05-05 22:23:34,2025-05-03 22:23:34
O003195,C01540,2024-12-11 23:34:25,shipped,2024-12-21 23:34:25,
O003196,C00217,2026-06-30 17:39:57,delivered,2026-07-07 17:39:57,2026-07-10 17:39:57
O003197,C00016,2025-08-04 03:11:12,delivered,2025-08-13 03:11:12,2025-08-11 03:11:12
O003198,C02320,2024-05-25 19:51:48,delivered,2024-06-01 19:51:48,2024-05-28 19:51:48
O003199,C02490,2025-01-29 20:14:22,delivered,2025-02-06 20:14:22,2025-01-30 20:14:22
O003200,C02390,2024-02-09 04:31:31,delivered,2024-02-21 04:31:31,2024-02-15 04:31:31
O003201,C00445,2024-07-17 21:28:32,delivered,2024-07-28 21:28:32,2024-07-25 21:28:32
O003202,C00088,2025-02-18 22:01:47,delivered,2025-02-24 22:01:47,2025-02-24 22:01:47
O003203,C00273,2026-01-09 07:21:58,delivered,2026-01-19 07:21:58,2026-01-13 07:21:58
O003204,C00248,2025-01-05 10:27:45,delivered,2025-01-17 10:27:45,2025-01-08 10:27:45
O003205,C01782,2026-05-21 22:13:09,delivered,2026-05-28 22:13:09,2026-05-27 22:13:09
O003206,C01474,2024-08-10 05:09:26,delivered,2024-08-16 05:09:26,2024-08-14 05:09:26
O003207,C02231,2025-12-22 14:03:23,delivered,2026-01-02 14:03:23,2025-12-30 14:03:23
O003208,C01889,2024-12-11 15:44:28,delivered,2024-12-21 15:44:28,2024-12-18 15:44:28
O003209,C00246,2025-09-03 05:12:53,delivered,2025-09-10 05:12:53,2025-09-09 05:12:53
O003210,C01773,2025-03-23 20:47:35,delivered,2025-03-29 20:47:35,2025-03-29 20:47:35
O003211,C01333,2025-06-09 08:19:07,delivered,2025-06-20 08:19:07,2025-06-12 08:19:07
O003212,C02339,2026-03-15 00:47:00,delivered,2026-03-20 00:47:00,2026-03-19 00:47:00
O003213,C01285,2025-06-09 15:25:08,delivered,2025-06-21 15:25:08,2025-06-16 15:25:08
O003214,C00636,2025-06-15 05:26:50,delivered,2025-06-23 05:26:50,2025-06-21 05:26:50
O003215,C02133,2026-04-02 12:27:26,returned,2026-04-07 12:27:26,2026-04-11 12:27:26
O003216,C01807,2026-01-14 18:38:23,delivered,2026-01-25 18:38:23,2026-01-22 18:38:23
O003217,C00366,2025-09-05 22:57:40,delivered,2025-09-09 22:57:40,2025-09-12 22:57:40
O003218,C01393,2024-05-04 02:29:10,delivered,2024-05-09 02:29:10,2024-05-11 02:29:10
O003219,C02188,2024-07-02 07:13:39,returned,2024-07-10 07:13:39,2024-07-12 07:13:39
O003220,C02379,2025-07-26 22:22:58,delivered,2025-07-29 22:22:58,2025-07-28 22:22:58
O003221,C01573,2024-07-03 19:56:15,delivered,2024-07-07 19:56:15,2024-07-07 19:56:15
O003222,C01367,2025-09-05 02:00:32,delivered,2025-09-08 02:00:32,2025-09-13 02:00:32
O003223,C00536,2025-01-28 23:35:44,delivered,2025-01-31 23:35:44,2025-02-06 23:35:44
O003224,C00928,2025-01-17 09:07:13,delivered,2025-01-22 09:07:13,2025-01-24 09:07:13
O003225,C01861,2025-09-29 08:13:42,shipped,2025-10-02 08:13:42,
O003226,C01602,2026-01-18 05:17:31,shipped,2026-01-21 05:17:31,
O003227,C00630,2025-04-11 18:02:29,delivered,2025-04-16 18:02:29,2025-04-19 18:02:29
O003228,C00207,2025-11-23 07:33:39,delivered,2025-12-05 07:33:39,2025-11-24 07:33:39
O003229,C01538,2025-02-09 08:22:02,delivered,2025-02-21 08:22:02,2025-02-17 08:22:02
O003230,C00702,2025-09-02 22:36:33,shipped,2025-09-13 22:36:33,
O003231,C02453,2024-07-24 09:24:26,processing,2024-07-30 09:24:26,
O003232,C00082,2026-04-23 03:35:29,cancelled,2026-04-25 03:35:29,
O003233,C00251,2025-11-16 14:33:28,delivered,2025-11-21 14:33:28,2025-11-20 14:33:28
O003234,C01806,2024-09-05 17:27:30,delivered,2024-09-13 17:27:30,2024-09-11 17:27:30
O003235,C00181,2025-10-18 06:30:51,delivered,2025-10-29 06:30:51,2025-10-21 06:30:51
O003236,C01344,2024-12-28 01:08:33,delivered,2025-01-05 01:08:33,2025-01-06 01:08:33
O003237,C01897,2024-06-10 16:42:55,cancelled,2024-06-20 16:42:55,
O003238,C01465,2024-10-26 21:20:00,delivered,2024-11-06 21:20:00,2024-11-03 21:20:00
O003239,C01869,2024-11-16 22:01:13,delivered,2024-11-21 22:01:13,2024-11-20 22:01:13
O003240,C00549,2025-09-23 02:49:15,delivered,2025-09-28 02:49:15,2025-09-30 02:49:15
O003241,C00623,2025-09-09 09:58:48,delivered,2025-09-19 09:58:48,2025-09-15 09:58:48
O003242,C00969,2024-11-02 23:15:02,delivered,2024-11-09 23:15:02,2024-11-03 23:15:02
O003243,C01876,2025-10-25 21:31:50,delivered,2025-11-04 21:31:50,2025-10-29 21:31:50
O003244,C00838,2026-06-05 23:02:45,delivered,2026-06-15 23:02:45,2026-06-11 23:02:45
O003245,C01945,2026-06-17 10:47:42,delivered,2026-06-21 10:47:42,2026-06-26 10:47:42
O003246,C01348,2025-07-25 04:49:11,cancelled,2025-08-03 04:49:11,
O003247,C00358,2024-02-15 21:53:40,delivered,2024-02-17 21:53:40,2024-02-22 21:53:40
O003248,C01023,2026-02-15 17:47:13,delivered,2026-02-18 17:47:13,2026-02-21 17:47:13
O003249,C01562,2025-02-13 08:01:27,delivered,2025-02-21 08:01:27,2025-02-19 08:01:27
O003250,C01514,2026-03-26 07:02:14,delivered,2026-03-29 07:02:14,2026-03-29 07:02:14
O003251,C01199,2025-11-22 22:58:51,delivered,2025-11-30 22:58:51,2025-11-28 22:58:51
O003252,C01242,2026-03-19 07:14:59,delivered,2026-03-23 07:14:59,2026-03-26 07:14:59
O003253,C01827,2025-11-19 19:36:51,delivered,2025-11-30 19:36:51,2025-11-22 19:36:51
O003254,C01017,2024-03-04 09:32:27,delivered,2024-03-13 09:32:27,2024-03-11 09:32:27
O003255,C00922,2025-10-30 02:16:28,delivered,2025-11-04 02:16:28,2025-11-04 02:16:28
O003256,C01319,2025-01-22 08:45:48,delivered,2025-01-27 08:45:48,2025-01-30 08:45:48
O003257,C00460,2024-04-11 08:04:36,delivered,2024-04-22 08:04:36,2024-04-19 08:04:36
O003258,C00740,2025-03-23 15:24:17,processing,2025-04-04 15:24:17,
O003259,C02100,2024-01-23 05:19:25,delivered,2024-01-27 05:19:25,2024-01-29 05:19:25
O003260,C02345,2025-11-21 03:48:26,shipped,2025-11-24 03:48:26,
O003261,C00856,2025-08-04 10:50:19,delivered,2025-08-11 10:50:19,2025-08-05 10:50:19
O003262,C00257,2025-11-27 18:20:55,delivered,2025-12-09 18:20:55,2025-12-04 18:20:55
O003263,C00228,2024-12-16 15:46:19,delivered,2024-12-18 15:46:19,2024-12-22 15:46:19
O003264,C00348,2025-10-22 17:51:57,delivered,2025-11-03 17:51:57,2025-10-29 17:51:57
O003265,C00545,2024-04-14 18:52:37,cancelled,2024-04-24 18:52:37,
O003266,C00799,2024-11-02 04:22:32,cancelled,2024-11-13 04:22:32,
O003267,C01929,2025-07-22 23:14:14,delivered,2025-08-03 23:14:14,2025-07-30 23:14:14
O003268,C01234,2024-12-22 02:44:42,delivered,2024-12-25 02:44:42,2024-12-29 02:44:42
O003269,C00857,2025-12-01 19:51:49,processing,2025-12-06 19:51:49,
O003270,C01036,2025-03-10 20:23:35,delivered,2025-03-19 20:23:35,2025-03-18 20:23:35
O003271,C00444,2025-05-20 17:12:54,delivered,2025-05-30 17:12:54,2025-05-24 17:12:54
O003272,C00528,2026-01-03 13:30:45,delivered,2026-01-13 13:30:45,2026-01-04 13:30:45
O003273,C02135,2026-04-25 23:15:49,delivered,2026-05-05 23:15:49,2026-05-04 23:15:49
O003274,C02113,2026-04-09 17:08:34,delivered,2026-04-18 17:08:34,2026-04-18 17:08:34
O003275,C01632,2024-03-14 18:47:00,delivered,2024-03-22 18:47:00,2024-03-19 18:47:00
O003276,C01353,2024-05-07 18:51:07,delivered,2024-05-13 18:51:07,2024-05-10 18:51:07
O003277,C00825,2025-06-29 19:44:41,delivered,2025-07-04 19:44:41,2025-07-04 19:44:41
O003278,C00143,2025-11-07 11:26:45,delivered,2025-11-19 11:26:45,2025-11-08 11:26:45
O003279,C00434,2025-07-12 11:32:37,delivered,2025-07-18 11:32:37,2025-07-20 11:32:37
O003280,C01662,2024-11-21 08:33:50,shipped,2024-12-03 08:33:50,
O003281,C00507,2024-03-12 14:53:58,delivered,2024-03-15 14:53:58,2024-03-13 14:53:58
O003282,C01972,2026-06-22 22:51:32,delivered,2026-07-04 22:51:32,2026-07-01 22:51:32
O003283,C01888,2025-02-14 05:50:32,delivered,2025-02-26 05:50:32,2025-02-22 05:50:32
O003284,C00318,2025-12-13 03:22:44,delivered,2025-12-15 03:22:44,2025-12-17 03:22:44
O003285,C02314,2025-09-06 19:49:02,delivered,2025-09-15 19:49:02,2025-09-10 19:49:02
O003286,C01948,2024-04-02 09:16:33,delivered,2024-04-06 09:16:33,2024-04-04 09:16:33
O003287,C01608,2026-04-08 15:05:39,delivered,2026-04-20 15:05:39,2026-04-16 15:05:39
O003288,C00717,2024-01-15 04:03:08,delivered,2024-01-24 04:03:08,2024-01-21 04:03:08
O003289,C01293,2026-02-07 10:14:31,delivered,2026-02-16 10:14:31,2026-02-15 10:14:31
O003290,C02002,2024-12-16 23:12:03,delivered,2024-12-18 23:12:03,2024-12-24 23:12:03
O003291,C02044,2024-12-27 08:30:12,delivered,2025-01-02 08:30:12,2025-01-04 08:30:12
O003292,C01975,2026-02-07 22:44:15,returned,2026-02-09 22:44:15,2026-02-16 22:44:15
O003293,C00203,2025-10-24 14:23:25,delivered,2025-11-04 14:23:25,2025-10-30 14:23:25
O003294,C01004,2026-03-01 04:42:44,delivered,2026-03-06 04:42:44,2026-03-03 04:42:44
O003295,C01490,2025-11-15 00:57:02,shipped,2025-11-20 00:57:02,
O003296,C01784,2024-02-04 11:12:34,delivered,2024-02-06 11:12:34,2024-02-10 11:12:34
O003297,C02325,2024-10-11 10:24:30,delivered,2024-10-21 10:24:30,2024-10-15 10:24:30
O003298,C01101,2026-05-22 08:41:29,delivered,2026-06-02 08:41:29,2026-05-26 08:41:29
O003299,C02063,2025-03-17 22:03:15,delivered,2025-03-22 22:03:15,2025-03-21 22:03:15
O003300,C00941,2024-07-11 15:22:07,delivered,2024-07-19 15:22:07,2024-07-20 15:22:07
O003301,C00656,2025-09-09 06:32:46,delivered,2025-09-13 06:32:46,2025-09-15 06:32:46
O003302,C00938,2024-02-15 03:09:16,delivered,2024-02-26 03:09:16,2024-02-17 03:09:16
O003303,C02500,2024-06-28 16:20:45,delivered,2024-07-05 16:20:45,2024-07-07 16:20:45
O003304,C00920,2026-02-13 19:42:17,delivered,2026-02-17 19:42:17,2026-02-19 19:42:17
O003305,C01155,2025-07-06 16:59:41,delivered,2025-07-10 16:59:41,2025-07-17 16:59:41
O003306,C01305,2024-08-11 05:44:49,delivered,2024-08-21 05:44:49,2024-08-16 05:44:49
O003307,C02291,2024-07-17 05:51:22,delivered,2024-07-20 05:51:22,2024-07-27 05:51:22
O003308,C01770,2025-06-06 01:51:36,shipped,2025-06-12 01:51:36,
O003309,C00943,2024-02-02 00:20:14,shipped,2024-02-11 00:20:14,
O003310,C01128,2025-12-22 11:24:29,delivered,2025-12-27 11:24:29,2025-12-25 11:24:29
O003311,C00525,2024-11-04 15:07:24,delivered,2024-11-13 15:07:24,2024-11-14 15:07:24
O003312,C02006,2026-05-29 13:08:12,delivered,2026-06-07 13:08:12,2026-05-31 13:08:12
O003313,C00409,2024-07-16 15:41:54,delivered,2024-07-20 15:41:54,2024-07-19 15:41:54
O003314,C00840,2025-02-23 21:02:26,shipped,,
O003315,C01584,2024-07-14 05:14:53,delivered,2024-07-22 05:14:53,2024-07-20 05:14:53
O003316,C01106,2026-05-17 08:52:09,shipped,2026-05-26 08:52:09,
O003317,C02289,2026-06-30 19:13:37,delivered,2026-07-04 19:13:37,2026-07-10 19:13:37
O003318,C02177,2024-01-15 20:28:47,delivered,2024-01-19 20:28:47,2024-01-22 20:28:47
O003319,C00435,2024-01-06 06:25:42,delivered,2024-01-16 06:25:42,2024-01-14 06:25:42
O003320,C01134,2025-11-05 19:08:52,delivered,2025-11-16 19:08:52,2025-11-09 19:08:52
O003321,C01281,2025-03-15 17:07:54,delivered,2025-03-19 17:07:54,2025-03-22 17:07:54
O003322,C02004,2024-05-14 16:53:23,delivered,2024-05-20 16:53:23,2024-05-18 16:53:23
O003323,C02010,2026-04-07 00:20:56,delivered,2026-04-11 00:20:56,2026-04-18 00:20:56
O003324,C01841,2026-01-17 12:17:58,cancelled,2026-01-21 12:17:58,
O003325,C00763,2026-02-21 18:26:39,delivered,2026-03-04 18:26:39,2026-02-23 18:26:39
O003326,C01501,2025-01-12 22:27:10,delivered,2025-01-21 22:27:10,2025-01-18 22:27:10
O003327,C01497,2025-04-02 18:34:12,delivered,2025-04-12 18:34:12,2025-04-07 18:34:12
O003328,C01289,2025-03-22 15:18:42,delivered,2025-03-31 15:18:42,2025-03-30 15:18:42
O003329,C01320,2025-03-28 20:10:23,shipped,2025-03-30 20:10:23,
O003330,C01684,2024-10-22 09:43:35,delivered,2024-11-02 09:43:35,2024-10-31 09:43:35
O003331,C01902,2025-11-16 18:41:33,delivered,2025-11-22 18:41:33,2025-11-21 18:41:33
O003332,C00195,2025-12-02 15:58:56,shipped,2025-12-05 15:58:56,
O003333,C00850,2026-02-11 00:06:59,delivered,2026-02-16 00:06:59,2026-02-19 00:06:59
O003334,C02334,2024-06-13 12:03:24,delivered,2024-06-16 12:03:24,2024-06-19 12:03:24
O003335,C01468,2025-10-25 17:02:17,delivered,2025-10-27 17:02:17,2025-10-28 17:02:17
O003336,C01737,2024-01-11 13:34:25,delivered,2024-01-20 13:34:25,2024-01-19 13:34:25
O003337,C00136,2024-11-29 15:44:09,delivered,2024-12-04 15:44:09,2024-11-30 15:44:09
O003338,C00945,2025-08-04 06:57:33,delivered,2025-08-09 06:57:33,2025-08-15 06:57:33
O003339,C00020,2026-05-13 17:25:01,delivered,2026-05-20 17:25:01,2026-05-19 17:25:01
O003340,C01678,2025-07-13 17:31:57,delivered,2025-07-24 17:31:57,2025-07-19 17:31:57
O003341,C01979,2025-02-19 05:07:45,delivered,2025-02-22 05:07:45,2025-02-20 05:07:45
O003342,C02161,2026-06-11 17:19:11,delivered,2026-06-16 17:19:11,2026-06-17 17:19:11
O003343,C00151,2025-07-11 22:28:56,delivered,2025-07-18 22:28:56,2025-07-20 22:28:56
O003344,C02232,2024-04-29 20:14:35,returned,2024-05-09 20:14:35,2024-05-06 20:14:35
O003345,C01830,2024-01-01 17:44:13,delivered,2024-01-03 17:44:13,2024-01-05 17:44:13
O003346,C01334,2025-07-02 15:15:52,delivered,2025-07-12 15:15:52,2025-07-03 15:15:52
O003347,C01780,2024-04-09 15:26:55,delivered,2024-04-14 15:26:55,2024-04-16 15:26:55
O003348,C00506,2026-05-10 14:58:43,delivered,2026-05-21 14:58:43,2026-05-14 14:58:43
O003349,C00219,2025-11-28 11:43:53,delivered,2025-12-07 11:43:53,2025-11-29 11:43:53
O003350,C01975,2024-04-09 13:51:40,delivered,2024-04-20 13:51:40,2024-04-12 13:51:40
O003351,C00873,2024-07-23 02:20:20,delivered,2024-07-26 02:20:20,2024-07-30 02:20:20
O003352,C00996,2025-05-29 17:43:59,delivered,2025-06-03 17:43:59,2025-05-30 17:43:59
O003353,C00857,2024-09-13 10:26:29,shipped,2024-09-21 10:26:29,
O003354,C00829,2024-06-26 01:06:14,delivered,2024-06-29 01:06:14,2024-07-05 01:06:14
O003355,C00781,2025-08-22 19:28:54,delivered,2025-08-26 19:28:54,2025-08-25 19:28:54
O003356,C00004,2024-04-10 08:18:21,delivered,2024-04-18 08:18:21,2024-04-18 08:18:21
O003357,C00798,2025-02-24 17:11:08,delivered,2025-03-01 17:11:08,2025-02-25 17:11:08
O003358,C00976,2024-07-16 22:43:24,delivered,2024-07-24 22:43:24,2024-07-23 22:43:24
O003359,C02192,2025-01-31 08:10:09,delivered,2025-02-06 08:10:09,2025-02-01 08:10:09
O003360,C02226,2026-06-17 21:54:45,delivered,2026-06-21 21:54:45,2026-06-26 21:54:45
O003361,C00724,2026-02-17 15:29:42,delivered,2026-02-27 15:29:42,2026-02-22 15:29:42
O003362,C00173,2024-07-14 13:13:22,delivered,2024-07-17 13:13:22,2024-07-21 13:13:22
O003363,C00058,2024-06-29 13:31:43,delivered,2024-07-02 13:31:43,2024-07-03 13:31:43
O003364,C00052,2024-10-28 03:03:44,delivered,2024-10-30 03:03:44,2024-10-29 03:03:44
O003365,C01806,2024-08-17 18:29:27,delivered,2024-08-29 18:29:27,2024-08-23 18:29:27
O003366,C01492,2025-06-05 05:42:30,cancelled,2025-06-07 05:42:30,
O003367,C01187,2024-04-14 06:34:33,delivered,2024-04-16 06:34:33,2024-04-24 06:34:33
O003368,C01182,2026-05-22 19:00:20,delivered,2026-05-31 19:00:20,2026-05-30 19:00:20
O003369,C01008,2025-08-19 20:27:36,delivered,2025-08-22 20:27:36,2025-08-24 20:27:36
O003370,C00900,2024-09-21 07:12:03,cancelled,2024-09-26 07:12:03,
O003371,C01804,2026-04-22 21:33:19,delivered,2026-05-02 21:33:19,2026-04-25 21:33:19
O003372,C01527,2025-10-03 15:30:03,delivered,2025-10-08 15:30:03,2025-10-08 15:30:03
O003373,C00984,2025-10-14 08:11:06,delivered,2025-10-16 08:11:06,2025-10-15 08:11:06
O003374,C00281,2026-01-28 15:33:31,delivered,2026-02-04 15:33:31,2026-02-08 15:33:31
O003375,C01429,2025-10-23 17:25:28,shipped,2025-11-03 17:25:28,
O003376,C01547,2025-06-11 08:27:28,delivered,2025-06-20 08:27:28,2025-06-16 08:27:28
O003377,C01341,2024-09-22 07:06:34,delivered,2024-09-28 07:06:34,2024-10-02 07:06:34
O003378,C01635,2025-08-01 04:33:22,delivered,2025-08-05 04:33:22,2025-08-07 04:33:22
O003379,C01825,2024-11-03 06:45:05,cancelled,2024-11-12 06:45:05,
O003380,C01699,2025-02-04 05:57:52,delivered,,2025-02-10 05:57:52
O003381,C02335,2024-02-29 23:24:59,delivered,2024-03-05 23:24:59,2024-03-09 23:24:59
O003382,C01706,2025-12-04 20:10:29,delivered,2025-12-14 20:10:29,2025-12-13 20:10:29
O003383,C02450,2024-12-17 13:40:37,delivered,2024-12-28 13:40:37,2024-12-24 13:40:37
O003384,C01000,2024-09-17 20:16:06,delivered,2024-09-22 20:16:06,2024-09-23 20:16:06
O003385,C01141,2024-07-09 02:11:22,delivered,2024-07-21 02:11:22,2024-07-16 02:11:22
O003386,C01003,2025-10-29 03:22:49,delivered,2025-11-01 03:22:49,2025-11-05 03:22:49
O003387,C01985,2025-12-16 22:45:23,delivered,2025-12-28 22:45:23,2025-12-23 22:45:23
O003388,C01557,2025-12-25 03:41:58,cancelled,2025-12-28 03:41:58,
O003389,C02316,2025-10-29 15:58:57,delivered,2025-11-01 15:58:57,2025-11-02 15:58:57
O003390,C01454,2025-03-04 12:58:19,delivered,2025-03-12 12:58:19,2025-03-10 12:58:19
O003391,C02220,2024-09-02 18:20:08,delivered,2024-09-06 18:20:08,2024-09-04 18:20:08
O003392,C02429,2024-01-05 02:43:38,delivered,2024-01-08 02:43:38,2024-01-13 02:43:38
O003393,C02300,2025-11-07 02:20:37,delivered,2025-11-12 02:20:37,2025-11-13 02:20:37
O003394,C01151,2026-04-12 21:20:43,delivered,2026-04-23 21:20:43,2026-04-20 21:20:43
O003395,C02472,2025-05-10 15:58:48,shipped,2025-05-17 15:58:48,
O003396,C00255,2025-01-03 15:43:41,delivered,2025-01-15 15:43:41,2025-01-08 15:43:41
O003397,C01450,2024-10-11 02:03:54,processing,2024-10-20 02:03:54,
O003398,C01228,2024-01-29 23:44:20,delivered,2024-02-08 23:44:20,2024-02-04 23:44:20
O003399,C00077,2025-06-27 22:42:50,delivered,2025-07-03 22:42:50,2025-07-06 22:42:50
O003400,C01450,2024-01-04 09:24:01,delivered,2024-01-07 09:24:01,2024-01-11 09:24:01
O003401,C00667,2024-06-17 10:51:38,delivered,2024-06-19 10:51:38,2024-06-28 10:51:38
O003402,C01774,2026-03-01 10:06:13,delivered,2026-03-04 10:06:13,2026-03-09 10:06:13
O003403,C01226,2024-08-05 02:13:13,delivered,2024-08-09 02:13:13,2024-08-06 02:13:13
O003404,C01847,2025-08-27 01:02:28,delivered,2025-09-03 01:02:28,2025-09-01 01:02:28
O003405,C01217,2026-03-20 13:51:17,delivered,2026-03-24 13:51:17,2026-03-22 13:51:17
O003406,C00609,2024-12-26 22:19:43,delivered,2025-01-07 22:19:43,2025-01-02 22:19:43
O003407,C00360,2025-05-18 20:52:33,delivered,2025-05-22 20:52:33,2025-05-20 20:52:33
O003408,C01190,2026-01-10 00:46:52,delivered,2026-01-21 00:46:52,2026-01-16 00:46:52
O003409,C01865,2025-03-14 10:18:46,delivered,2025-03-25 10:18:46,2025-03-18 10:18:46
O003410,C00409,2025-06-26 10:38:24,delivered,2025-07-07 10:38:24,2025-07-03 10:38:24
O003411,C02342,2024-07-20 02:39:19,delivered,2024-07-25 02:39:19,2024-07-25 02:39:19
O003412,C01016,2025-01-14 09:47:30,delivered,2025-01-18 09:47:30,2025-01-18 09:47:30
O003413,C02385,2024-02-12 16:59:54,cancelled,2024-02-17 16:59:54,
O003414,C01391,2024-01-23 14:47:52,processing,2024-02-02 14:47:52,
O003415,C02057,2025-02-16 06:07:20,shipped,2025-02-22 06:07:20,
O003416,C01277,2025-02-19 22:53:41,delivered,2025-02-28 22:53:41,2025-02-20 22:53:41
O003417,C02416,2025-11-27 19:05:57,delivered,2025-12-03 19:05:57,2025-12-03 19:05:57
O003418,C01683,2024-07-08 10:44:12,delivered,2024-07-17 10:44:12,2024-07-16 10:44:12
O003419,C01958,2026-01-06 06:47:24,delivered,2026-01-17 06:47:24,2026-01-10 06:47:24
O003420,C01136,2024-08-09 17:27:21,cancelled,2024-08-17 17:27:21,
O003421,C01350,2025-05-17 12:07:45,delivered,2025-05-24 12:07:45,2025-05-23 12:07:45
O003422,C01945,2024-05-01 19:48:41,delivered,,2024-05-10 19:48:41
O003423,C02488,2025-01-14 04:44:21,delivered,,2025-01-16 04:44:21
O003424,C00995,2025-08-11 12:40:07,delivered,2025-08-21 12:40:07,2025-08-19 12:40:07
O003425,C01837,2025-02-20 01:37:00,delivered,2025-02-22 01:37:00,2025-02-22 01:37:00
O003426,C02056,2025-10-17 21:15:11,cancelled,2025-10-25 21:15:11,
O003427,C00683,2026-03-25 22:42:38,delivered,2026-04-04 22:42:38,2026-03-29 22:42:38
O003428,C01986,2024-08-26 04:51:57,delivered,2024-09-06 04:51:57,2024-08-27 04:51:57
O003429,C01664,2025-05-29 16:59:58,delivered,2025-06-09 16:59:58,2025-06-03 16:59:58
O003430,C01457,2024-07-05 02:43:35,delivered,2024-07-09 02:43:35,2024-07-10 02:43:35
O003431,C01390,2024-08-06 05:10:14,delivered,2024-08-16 05:10:14,2024-08-14 05:10:14
O003432,C00550,2026-04-11 10:37:51,delivered,2026-04-19 10:37:51,2026-04-13 10:37:51
O003433,C01273,2024-03-18 02:18:30,returned,2024-03-24 02:18:30,2024-03-22 02:18:30
O003434,C02303,2025-03-24 18:54:24,delivered,2025-04-01 18:54:24,2025-03-28 18:54:24
O003435,C00105,2024-07-15 14:40:44,delivered,2024-07-25 14:40:44,2024-07-16 14:40:44
O003436,C00068,2026-03-07 22:34:44,delivered,2026-03-16 22:34:44,2026-03-15 22:34:44
O003437,C01505,2025-11-22 03:19:41,delivered,2025-11-26 03:19:41,2025-11-25 03:19:41
O003438,C00631,2025-02-23 09:22:25,delivered,2025-02-27 09:22:25,2025-02-24 09:22:25
O003439,C00195,2025-12-01 20:53:00,delivered,2025-12-13 20:53:00,2025-12-09 20:53:00
O003440,C00438,2026-03-18 10:12:35,delivered,2026-03-27 10:12:35,2026-03-21 10:12:35
O003441,C00837,2025-07-06 17:11:49,shipped,2025-07-15 17:11:49,
O003442,C01971,2024-04-13 21:34:10,delivered,2024-04-15 21:34:10,2024-04-18 21:34:10
O003443,C00377,2025-03-13 15:46:54,delivered,2025-03-23 15:46:54,2025-03-20 15:46:54
O003444,C01575,2024-06-23 05:45:13,delivered,2024-06-29 05:45:13,2024-06-27 05:45:13
O003445,C00354,2026-03-28 09:20:24,delivered,2026-04-07 09:20:24,2026-04-02 09:20:24
O003446,C01901,2025-07-22 15:14:37,processing,2025-08-02 15:14:37,
O003447,C01879,2025-04-27 02:16:43,delivered,2025-05-02 02:16:43,2025-04-29 02:16:43
O003448,C01629,2024-12-07 02:55:03,delivered,2024-12-12 02:55:03,2024-12-15 02:55:03
O003449,C00155,2025-02-27 05:31:17,delivered,2025-03-09 05:31:17,2025-02-28 05:31:17
O003450,C00943,2024-12-02 08:50:28,delivered,2024-12-13 08:50:28,2024-12-14 08:50:28
O003451,C00266,2025-01-11 02:24:32,delivered,2025-01-17 02:24:32,2025-01-13 02:24:32
O003452,C01386,2025-06-08 21:44:15,delivered,2025-06-15 21:44:15,2025-06-14 21:44:15
O003453,C00462,2025-05-11 12:29:35,delivered,2025-05-23 12:29:35,2025-05-15 12:29:35
O003454,C02221,2025-04-01 06:43:02,delivered,2025-04-05 06:43:02,2025-04-04 06:43:02
O003455,C02126,2025-04-15 04:21:53,delivered,2025-04-19 04:21:53,2025-04-23 04:21:53
O003456,C01008,2024-11-01 15:28:33,delivered,2024-11-07 15:28:33,2024-11-06 15:28:33
O003457,C00397,2025-05-17 17:25:44,delivered,2025-05-24 17:25:44,2025-05-25 17:25:44
O003458,C00166,2024-06-22 14:00:42,delivered,2024-06-27 14:00:42,2024-06-27 14:00:42
O003459,C01022,2026-02-23 08:35:51,cancelled,2026-03-05 08:35:51,
O003460,C00052,2025-11-19 20:09:29,delivered,2025-11-30 20:09:29,2025-11-22 20:09:29
O003461,C01877,2025-04-01 15:19:41,delivered,2025-04-11 15:19:41,2025-04-05 15:19:41
O003462,C00012,2024-09-11 23:45:31,delivered,2024-09-19 23:45:31,2024-09-15 23:45:31
O003463,C01690,2025-01-21 22:22:27,delivered,2025-01-27 22:22:27,2025-01-27 22:22:27
O003464,C00953,2025-10-07 23:56:04,delivered,2025-10-10 23:56:04,2025-10-14 23:56:04
O003465,C02189,2025-12-03 09:47:18,delivered,2025-12-05 09:47:18,2025-12-10 09:47:18
O003466,C00966,2025-07-05 20:08:05,delivered,2025-07-12 20:08:05,2025-07-16 20:08:05
O003467,C00233,2025-02-06 18:53:50,delivered,2025-02-11 18:53:50,2025-02-08 18:53:50
O003468,C01923,2025-09-07 01:53:39,shipped,2025-09-19 01:53:39,
O003469,C02123,2024-06-14 08:18:20,delivered,2024-06-17 08:18:20,2024-06-23 08:18:20
O003470,C00907,2024-06-20 00:21:26,delivered,2024-06-30 00:21:26,2024-07-01 00:21:26
O003471,C02337,2024-02-08 13:35:52,delivered,2024-02-20 13:35:52,2024-02-13 13:35:52
O003472,C01481,2024-10-25 05:53:21,delivered,2024-10-30 05:53:21,2024-11-03 05:53:21
O003473,C00603,2024-05-07 10:21:24,returned,2024-05-11 10:21:24,2024-05-16 10:21:24
O003474,C01256,2024-07-07 06:47:59,delivered,2024-07-15 06:47:59,2024-07-17 06:47:59
O003475,C01836,2024-05-24 14:25:25,cancelled,2024-06-02 14:25:25,
O003476,C01554,2024-10-22 15:44:36,delivered,2024-10-30 15:44:36,2024-10-23 15:44:36
O003477,C00503,2025-05-22 19:41:47,delivered,2025-05-30 19:41:47,2025-05-30 19:41:47
O003478,C00231,2025-06-20 00:45:37,delivered,2025-06-26 00:45:37,2025-06-30 00:45:37
O003479,C01317,2025-05-25 14:57:37,delivered,2025-05-31 14:57:37,2025-05-26 14:57:37
O003480,C01821,2024-08-24 02:57:13,delivered,2024-09-04 02:57:13,2024-08-28 02:57:13
O003481,C02148,2024-05-09 02:21:49,delivered,2024-05-13 02:21:49,2024-05-16 02:21:49
O003482,C00737,2025-05-30 13:53:48,delivered,2025-06-11 13:53:48,2025-06-04 13:53:48
O003483,C01553,2026-02-13 11:01:06,delivered,2026-02-15 11:01:06,2026-02-16 11:01:06
O003484,C01087,2026-02-22 10:55:01,delivered,2026-03-01 10:55:01,2026-03-01 10:55:01
O003485,C01677,2025-08-16 15:55:40,delivered,2025-08-26 15:55:40,2025-08-26 15:55:40
O003486,C00077,2026-02-21 00:22:50,delivered,2026-02-26 00:22:50,2026-02-24 00:22:50
O003487,C00486,2025-09-08 21:12:31,returned,2025-09-20 21:12:31,2025-09-22 21:12:31
O003488,C00601,2024-05-23 20:20:36,delivered,2024-06-02 20:20:36,2024-06-01 20:20:36
O003489,C01465,2025-10-23 15:57:22,delivered,2025-10-28 15:57:22,2025-10-28 15:57:22
O003490,C00431,2024-06-06 09:09:56,delivered,2024-06-18 09:09:56,2024-06-14 09:09:56
O003491,C00144,2024-04-19 03:06:00,delivered,2024-04-26 03:06:00,2024-04-22 03:06:00
O003492,C00622,2024-09-21 03:14:51,shipped,2024-09-26 03:14:51,
O003493,C01206,2024-02-12 15:12:24,delivered,2024-02-15 15:12:24,2024-02-19 15:12:24
O003494,C02378,2026-04-21 18:01:44,delivered,2026-04-29 18:01:44,2026-04-27 18:01:44
O003495,C00129,2026-05-23 10:25:11,delivered,2026-05-28 10:25:11,2026-05-29 10:25:11
O003496,C00714,2025-11-07 00:38:52,delivered,2025-11-16 00:38:52,2025-11-08 00:38:52
O003497,C00494,2026-06-07 20:45:47,delivered,2026-06-10 20:45:47,2026-06-10 20:45:47
O003498,C01868,2025-05-06 10:01:26,delivered,2025-05-11 10:01:26,2025-05-07 10:01:26
O003499,C02134,2025-03-28 04:46:10,delivered,2025-04-02 04:46:10,2025-04-01 04:46:10
O003500,C00121,2024-07-13 08:29:27,processing,2024-07-24 08:29:27,
O003501,C00094,2026-05-26 08:53:56,returned,2026-05-30 08:53:56,2026-05-28 08:53:56
O003502,C00365,2024-01-04 21:14:07,cancelled,2024-01-10 21:14:07,
O003503,C00550,2026-01-11 19:19:34,delivered,2026-01-15 19:19:34,2026-01-19 19:19:34
O003504,C00398,2024-03-06 19:57:50,returned,2024-03-11 19:57:50,2024-03-14 19:57:50
O003505,C00376,2026-02-25 17:23:05,returned,2026-03-06 17:23:05,2026-03-07 17:23:05
O003506,C01813,2026-04-25 06:49:11,shipped,2026-05-05 06:49:11,
O003507,C00119,2025-02-27 11:14:50,delivered,2025-03-03 11:14:50,2025-03-06 11:14:50
O003508,C02340,2024-01-14 18:35:24,delivered,2024-01-19 18:35:24,2024-01-19 18:35:24
O003509,C00240,2026-04-11 06:38:08,delivered,2026-04-13 06:38:08,2026-04-17 06:38:08
O003510,C02021,2026-03-17 11:52:06,delivered,2026-03-22 11:52:06,2026-03-20 11:52:06
O003511,C01456,2024-09-21 06:18:02,delivered,2024-09-24 06:18:02,2024-10-01 06:18:02
O003512,C00651,2024-09-07 04:02:52,delivered,2024-09-19 04:02:52,2024-09-17 04:02:52
O003513,C01214,2025-12-13 07:44:58,delivered,2025-12-17 07:44:58,2025-12-24 07:44:58
O003514,C01766,2025-06-07 10:03:21,delivered,2025-06-19 10:03:21,2025-06-11 10:03:21
O003515,C02190,2025-06-11 05:48:55,delivered,2025-06-14 05:48:55,2025-06-20 05:48:55
O003516,C01185,2024-07-28 03:41:22,delivered,2024-08-07 03:41:22,2024-08-04 03:41:22
O003517,C00252,2026-06-20 18:34:04,delivered,2026-06-23 18:34:04,2026-06-24 18:34:04
O003518,C01804,2025-10-19 14:27:27,delivered,2025-10-28 14:27:27,2025-10-25 14:27:27
O003519,C00637,2024-07-06 01:35:09,delivered,2024-07-14 01:35:09,2024-07-07 01:35:09
O003520,C02222,2024-10-09 14:33:21,delivered,2024-10-17 14:33:21,2024-10-14 14:33:21
O003521,C02078,2025-06-13 08:32:11,delivered,2025-06-25 08:32:11,2025-06-22 08:32:11
O003522,C02270,2024-07-02 12:46:45,delivered,2024-07-10 12:46:45,2024-07-14 12:46:45
O003523,C01262,2026-05-31 19:12:37,processing,2026-06-08 19:12:37,
O003524,C02200,2025-07-29 05:40:47,delivered,,2025-08-02 05:40:47
O003525,C01728,2025-07-13 09:01:54,delivered,2025-07-24 09:01:54,2025-07-17 09:01:54
O003526,C02016,2024-03-15 01:42:51,delivered,2024-03-22 01:42:51,2024-03-18 01:42:51
O003527,C00444,2025-10-15 14:26:09,shipped,2025-10-23 14:26:09,
O003528,C01257,2026-06-16 07:11:41,delivered,2026-06-27 07:11:41,2026-06-22 07:11:41
O003529,C00139,2026-05-15 00:47:42,delivered,2026-05-21 00:47:42,2026-05-18 00:47:42
O003530,C00688,2024-04-07 12:54:40,delivered,2024-04-19 12:54:40,2024-04-14 12:54:40
O003531,C02491,2024-12-05 11:39:57,delivered,2024-12-16 11:39:57,2024-12-06 11:39:57
O003532,C00478,2025-08-19 08:45:39,processing,2025-08-28 08:45:39,
O003533,C02072,2024-10-05 22:05:45,delivered,2024-10-10 22:05:45,2024-10-09 22:05:45
O003534,C02113,2024-10-10 17:19:54,processing,2024-10-16 17:19:54,
O003535,C01476,2024-02-02 04:30:23,processing,2024-02-06 04:30:23,
O003536,C01812,2026-01-05 08:56:15,delivered,2026-01-17 08:56:15,2026-01-11 08:56:15
O003537,C02400,2025-02-28 14:45:30,delivered,2025-03-07 14:45:30,2025-03-08 14:45:30
O003538,C02205,2026-06-26 16:39:59,delivered,2026-06-28 16:39:59,2026-07-06 16:39:59
O003539,C00293,2024-11-06 04:39:44,delivered,2024-11-15 04:39:44,2024-11-11 04:39:44
O003540,C00116,2024-11-18 02:58:09,delivered,2024-11-21 02:58:09,2024-11-22 02:58:09
O003541,C00921,2025-06-19 23:49:51,processing,2025-06-30 23:49:51,
O003542,C00614,2026-02-23 23:27:16,delivered,2026-02-26 23:27:16,2026-03-04 23:27:16
O003543,C02008,2025-11-07 01:23:11,processing,2025-11-14 01:23:11,
O003544,C01468,2024-01-15 00:42:01,delivered,2024-01-17 00:42:01,2024-01-16 00:42:01
O003545,C01623,2025-09-12 04:38:55,processing,2025-09-16 04:38:55,
O003546,C01608,2025-06-08 09:49:47,delivered,2025-06-16 09:49:47,2025-06-14 09:49:47
O003547,C00515,2025-07-14 04:24:55,delivered,2025-07-20 04:24:55,2025-07-16 04:24:55
O003548,C01939,2026-01-04 01:03:00,delivered,2026-01-07 01:03:00,2026-01-07 01:03:00
O003549,C01507,2025-09-11 21:38:13,delivered,2025-09-16 21:38:13,2025-09-16 21:38:13
O003550,C00082,2024-12-29 11:38:44,processing,2024-12-31 11:38:44,
O003551,C02464,2024-11-11 00:12:14,cancelled,2024-11-15 00:12:14,
O003552,C02024,2025-02-26 04:12:42,delivered,2025-03-07 04:12:42,2025-03-03 04:12:42
O003553,C01914,2025-07-07 03:14:18,delivered,,2025-07-13 03:14:18
O003554,C01848,2026-01-19 10:26:08,delivered,2026-01-31 10:26:08,2026-01-28 10:26:08
O003555,C02212,2024-04-29 22:08:06,delivered,2024-05-09 22:08:06,2024-05-11 22:08:06
O003556,C02448,2026-04-18 17:41:02,delivered,2026-04-26 17:41:02,2026-04-22 17:41:02
O003557,C00595,2024-08-16 15:50:15,delivered,2024-08-26 15:50:15,2024-08-22 15:50:15
O003558,C01050,2025-06-28 15:53:11,delivered,2025-07-10 15:53:11,2025-06-30 15:53:11
O003559,C01124,2024-06-28 07:45:42,delivered,2024-07-02 07:45:42,2024-07-01 07:45:42
O003560,C01760,2024-11-24 15:16:42,delivered,2024-11-26 15:16:42,2024-11-26 15:16:42
O003561,C00131,2025-09-07 06:09:21,returned,2025-09-16 06:09:21,2025-09-11 06:09:21
O003562,C01408,2026-04-30 23:56:21,delivered,2026-05-12 23:56:21,2026-05-04 23:56:21
O003563,C01775,2024-05-27 11:25:39,processing,2024-06-07 11:25:39,
O003564,C00364,2025-05-02 00:23:04,delivered,2025-05-14 00:23:04,2025-05-03 00:23:04
O003565,C00272,2024-06-28 14:46:34,processing,2024-07-02 14:46:34,
O003566,C00792,2025-03-27 22:50:37,delivered,2025-04-02 22:50:37,2025-03-30 22:50:37
O003567,C00046,2026-06-16 04:16:18,delivered,2026-06-20 04:16:18,2026-06-23 04:16:18
O003568,C02184,2025-03-05 13:28:30,delivered,2025-03-09 13:28:30,2025-03-10 13:28:30
O003569,C02294,2026-02-17 08:49:15,returned,2026-02-28 08:49:15,2026-02-27 08:49:15
O003570,C00366,2024-03-11 01:39:10,delivered,2024-03-18 01:39:10,2024-03-14 01:39:10
O003571,C02331,2024-08-12 19:42:56,delivered,2024-08-24 19:42:56,2024-08-16 19:42:56
O003572,C02460,2024-02-01 13:21:22,delivered,2024-02-07 13:21:22,2024-02-06 13:21:22
O003573,C01014,2026-06-15 05:43:16,delivered,2026-06-17 05:43:16,2026-06-23 05:43:16
O003574,C00178,2025-10-29 12:18:18,delivered,2025-11-05 12:18:18,2025-11-03 12:18:18
O003575,C01720,2025-07-08 21:48:14,delivered,2025-07-10 21:48:14,2025-07-10 21:48:14
O003576,C02024,2024-09-29 00:20:34,delivered,2024-10-09 00:20:34,2024-10-02 00:20:34
O003577,C00308,2026-03-10 21:12:21,delivered,2026-03-19 21:12:21,2026-03-14 21:12:21
O003578,C00822,2025-02-08 12:48:41,cancelled,2025-02-17 12:48:41,
O003579,C00587,2024-06-29 23:32:49,delivered,2024-07-07 23:32:49,2024-07-08 23:32:49
O003580,C02080,2025-02-24 17:15:22,delivered,2025-03-05 17:15:22,2025-03-08 17:15:22
O003581,C01739,2025-05-23 09:33:49,delivered,2025-05-26 09:33:49,2025-06-01 09:33:49
O003582,C01963,2025-08-04 12:43:19,delivered,2025-08-14 12:43:19,2025-08-07 12:43:19
O003583,C00415,2024-11-05 13:00:45,delivered,2024-11-10 13:00:45,2024-11-10 13:00:45
O003584,C02499,2024-01-26 08:03:52,delivered,2024-02-04 08:03:52,2024-02-02 08:03:52
O003585,C01455,2025-07-31 21:08:59,shipped,2025-08-07 21:08:59,
O003586,C00733,2024-07-09 02:40:45,delivered,2024-07-17 02:40:45,2024-07-17 02:40:45
O003587,C00599,2024-08-21 11:58:09,delivered,2024-08-29 11:58:09,2024-08-22 11:58:09
O003588,C01870,2025-06-28 17:42:32,delivered,2025-07-05 17:42:32,2025-07-05 17:42:32
O003589,C01333,2025-03-16 16:29:35,shipped,2025-03-18 16:29:35,
O003590,C01784,2024-01-31 22:08:54,delivered,2024-02-07 22:08:54,2024-02-06 22:08:54
O003591,C02291,2026-03-03 06:56:01,delivered,2026-03-06 06:56:01,2026-03-12 06:56:01
O003592,C00774,2025-02-06 02:56:42,delivered,2025-02-10 02:56:42,2025-02-14 02:56:42
O003593,C00893,2024-12-29 14:52:54,delivered,2025-01-01 14:52:54,2025-01-08 14:52:54
O003594,C00873,2025-04-06 16:56:44,delivered,2025-04-14 16:56:44,2025-04-13 16:56:44
O003595,C02117,2024-06-07 00:22:28,delivered,2024-06-09 00:22:28,2024-06-10 00:22:28
O003596,C01135,2025-02-21 16:55:57,delivered,2025-02-28 16:55:57,2025-02-22 16:55:57
O003597,C02422,2026-02-19 03:51:44,delivered,2026-03-02 03:51:44,2026-03-01 03:51:44
O003598,C00333,2026-01-10 07:37:08,delivered,2026-01-18 07:37:08,2026-01-19 07:37:08
O003599,C00332,2026-01-11 09:11:44,delivered,2026-01-21 09:11:44,2026-01-13 09:11:44
O003600,C01828,2025-11-09 00:59:10,delivered,2025-11-18 00:59:10,2025-11-14 00:59:10
O003601,C02128,2026-04-14 00:07:29,delivered,2026-04-16 00:07:29,2026-04-16 00:07:29
O003602,C00011,2024-09-06 13:16:52,delivered,2024-09-09 13:16:52,2024-09-11 13:16:52
O003603,C02012,2025-02-25 17:05:27,delivered,2025-03-06 17:05:27,2025-03-04 17:05:27
O003604,C01234,2025-05-24 15:03:40,delivered,2025-05-31 15:03:40,2025-05-25 15:03:40
O003605,C02208,2025-10-17 10:19:58,delivered,2025-10-27 10:19:58,2025-10-26 10:19:58
O003606,C00964,2024-12-01 19:48:54,delivered,2024-12-07 19:48:54,2024-12-04 19:48:54
O003607,C00389,2024-01-21 08:08:55,delivered,2024-01-23 08:08:55,2024-01-31 08:08:55
O003608,C01978,2026-03-07 14:44:16,delivered,2026-03-19 14:44:16,2026-03-10 14:44:16
O003609,C00726,2026-04-20 10:27:50,delivered,2026-05-01 10:27:50,2026-04-27 10:27:50
O003610,C00740,2026-04-20 01:57:55,delivered,2026-05-01 01:57:55,2026-04-22 01:57:55
O003611,C01299,2025-08-01 02:04:58,delivered,2025-08-08 02:04:58,2025-08-08 02:04:58
O003612,C00691,2025-10-20 01:11:25,processing,2025-10-30 01:11:25,
O003613,C01479,2024-10-30 18:20:42,delivered,2024-11-02 18:20:42,2024-11-07 18:20:42
O003614,C01863,2024-04-17 01:21:03,delivered,2024-04-29 01:21:03,2024-04-29 01:21:03
O003615,C01028,2025-02-23 09:49:46,processing,2025-03-04 09:49:46,
O003616,C00739,2024-08-02 13:41:51,cancelled,2024-08-04 13:41:51,
O003617,C00981,2024-04-11 02:59:07,delivered,2024-04-19 02:59:07,2024-04-13 02:59:07
O003618,C00388,2024-03-30 06:27:00,delivered,2024-04-08 06:27:00,2024-04-02 06:27:00
O003619,C01082,2025-08-15 02:46:36,delivered,2025-08-18 02:46:36,2025-08-23 02:46:36
O003620,C02041,2024-07-20 13:06:44,delivered,2024-08-01 13:06:44,2024-07-26 13:06:44
O003621,C01739,2024-04-10 06:46:42,delivered,2024-04-22 06:46:42,2024-04-14 06:46:42
O003622,C00545,2026-06-13 23:01:31,cancelled,2026-06-19 23:01:31,
O003623,C01379,2025-11-17 08:50:42,delivered,2025-11-24 08:50:42,2025-11-25 08:50:42
O003624,C02099,2026-01-29 05:07:57,delivered,2026-02-08 05:07:57,2026-02-01 05:07:57
O003625,C00497,2024-11-12 07:06:18,delivered,2024-11-21 07:06:18,2024-11-16 07:06:18
O003626,C01649,2025-08-28 02:09:48,shipped,2025-09-05 02:09:48,
O003627,C00615,2025-04-11 12:35:31,delivered,2025-04-23 12:35:31,2025-04-17 12:35:31
O003628,C00832,2024-04-07 12:53:20,delivered,2024-04-19 12:53:20,2024-04-15 12:53:20
O003629,C01882,2026-06-07 20:36:57,delivered,2026-06-12 20:36:57,2026-06-13 20:36:57
O003630,C01073,2026-03-27 14:50:43,delivered,2026-04-04 14:50:43,2026-04-03 14:50:43
O003631,C00066,2026-01-14 14:17:39,delivered,2026-01-18 14:17:39,2026-01-21 14:17:39
O003632,C02401,2024-05-14 13:29:45,delivered,2024-05-24 13:29:45,2024-05-20 13:29:45
O003633,C01504,2024-05-02 04:24:27,delivered,2024-05-06 04:24:27,2024-05-03 04:24:27
O003634,C01337,2024-07-14 04:52:06,delivered,2024-07-19 04:52:06,2024-07-18 04:52:06
O003635,C00636,2025-11-28 02:04:05,processing,2025-12-09 02:04:05,
O003636,C02138,2024-04-24 18:38:27,delivered,2024-05-04 18:38:27,2024-04-30 18:38:27
O003637,C02434,2024-11-04 17:17:57,delivered,2024-11-09 17:17:57,2024-11-08 17:17:57
O003638,C00564,2026-03-04 10:55:32,delivered,2026-03-13 10:55:32,2026-03-10 10:55:32
O003639,C02090,2024-11-16 07:33:52,delivered,2024-11-28 07:33:52,2024-11-20 07:33:52
O003640,C01258,2024-08-08 15:53:01,delivered,2024-08-17 15:53:01,2024-08-14 15:53:01
O003641,C00277,2025-12-25 12:05:54,delivered,2026-01-05 12:05:54,2026-01-09 12:05:54
O003642,C01810,2025-10-16 10:51:33,delivered,2025-10-28 10:51:33,2025-10-26 10:51:33
O003643,C01626,2025-02-18 18:06:08,delivered,2025-03-01 18:06:08,2025-02-23 18:06:08
O003644,C00922,2024-12-25 23:07:23,delivered,2024-12-30 23:07:23,2025-01-03 23:07:23
O003645,C01711,2024-08-12 23:45:30,delivered,2024-08-19 23:45:30,2024-08-19 23:45:30
O003646,C00014,2024-07-28 14:55:45,shipped,2024-08-05 14:55:45,
O003647,C00469,2025-05-11 17:14:12,delivered,2025-05-23 17:14:12,2025-05-21 17:14:12
O003648,C01407,2025-07-06 17:24:55,delivered,2025-07-13 17:24:55,2025-07-09 17:24:55
O003649,C01292,2024-02-26 13:09:00,shipped,2024-02-29 13:09:00,
O003650,C01243,2025-02-24 13:49:35,delivered,2025-03-08 13:49:35,2025-03-05 13:49:35
O003651,C02466,2024-12-10 03:18:30,delivered,2024-12-14 03:18:30,2024-12-12 03:18:30
O003652,C00859,2025-05-11 04:40:10,delivered,2025-05-23 04:40:10,2025-05-16 04:40:10
O003653,C00836,2024-10-21 20:45:59,delivered,2024-10-26 20:45:59,2024-10-24 20:45:59
O003654,C00757,2025-05-28 21:17:05,delivered,2025-06-08 21:17:05,2025-05-29 21:17:05
O003655,C01991,2024-08-22 08:57:45,delivered,2024-09-01 08:57:45,2024-08-26 08:57:45
O003656,C02449,2024-05-06 01:27:29,delivered,2024-05-10 01:27:29,2024-05-12 01:27:29
O003657,C01837,2025-12-09 23:01:16,delivered,2025-12-20 23:01:16,2025-12-12 23:01:16
O003658,C00042,2026-03-27 21:00:35,delivered,2026-04-02 21:00:35,2026-04-07 21:00:35
O003659,C02261,2025-01-25 21:28:21,delivered,2025-01-27 21:28:21,2025-01-26 21:28:21
O003660,C01756,2026-03-20 16:13:12,delivered,2026-03-24 16:13:12,2026-03-22 16:13:12
O003661,C01559,2025-04-06 13:19:28,delivered,2025-04-12 13:19:28,2025-04-12 13:19:28
O003662,C02226,2025-12-02 10:32:48,delivered,2025-12-11 10:32:48,2025-12-04 10:32:48
O003663,C02409,2025-11-09 12:06:41,delivered,2025-11-16 12:06:41,2025-11-13 12:06:41
O003664,C01286,2025-08-31 14:13:34,processing,2025-09-03 14:13:34,
O003665,C01615,2024-02-12 07:13:39,delivered,2024-02-20 07:13:39,2024-02-18 07:13:39
O003666,C02476,2024-12-16 18:02:21,delivered,2024-12-20 18:02:21,2024-12-23 18:02:21
O003667,C01405,2024-09-27 05:36:49,delivered,2024-10-06 05:36:49,2024-10-05 05:36:49
O003668,C00452,2024-11-23 12:03:35,delivered,2024-12-04 12:03:35,2024-11-29 12:03:35
O003669,C02384,2026-04-08 13:40:12,processing,2026-04-18 13:40:12,
O003670,C01643,2026-04-08 23:48:10,delivered,2026-04-10 23:48:10,2026-04-21 23:48:10
O003671,C00331,2024-05-19 18:45:24,delivered,2024-05-31 18:45:24,2024-05-20 18:45:24
O003672,C00272,2024-04-22 11:29:07,delivered,2024-05-03 11:29:07,2024-04-25 11:29:07
O003673,C01959,2025-06-27 08:13:44,delivered,2025-07-05 08:13:44,2025-07-01 08:13:44
O003674,C00643,2024-07-05 00:20:49,delivered,2024-07-17 00:20:49,2024-07-09 00:20:49
O003675,C00417,2025-12-21 11:20:54,delivered,2026-01-01 11:20:54,2025-12-27 11:20:54
O003676,C01447,2025-03-17 19:54:27,delivered,2025-03-24 19:54:27,2025-03-21 19:54:27
O003677,C01998,2025-08-28 11:43:47,delivered,2025-09-09 11:43:47,2025-09-02 11:43:47
O003678,C00528,2024-05-30 00:33:20,delivered,2024-06-10 00:33:20,2024-06-07 00:33:20
O003679,C02468,2024-04-14 22:29:13,delivered,2024-04-22 22:29:13,2024-04-22 22:29:13
O003680,C02118,2024-12-15 01:43:15,delivered,2024-12-17 01:43:15,2024-12-22 01:43:15
O003681,C00070,2024-01-20 07:14:05,delivered,2024-01-31 07:14:05,2024-01-25 07:14:05
O003682,C02418,2025-01-05 07:40:14,delivered,2025-01-08 07:40:14,2025-01-12 07:40:14
O003683,C00634,2025-12-19 04:07:19,delivered,2025-12-23 04:07:19,2025-12-26 04:07:19
O003684,C01429,2025-05-26 01:33:52,returned,2025-06-01 01:33:52,2025-06-03 01:33:52
O003685,C00230,2026-01-23 07:44:46,delivered,2026-01-28 07:44:46,2026-01-30 07:44:46
O003686,C01474,2025-06-26 04:58:41,delivered,2025-07-02 04:58:41,2025-06-30 04:58:41
O003687,C02052,2025-08-09 01:00:39,cancelled,2025-08-13 01:00:39,
O003688,C02038,2025-08-06 23:44:19,delivered,2025-08-15 23:44:19,2025-08-14 23:44:19
O003689,C01861,2025-09-25 06:17:41,delivered,2025-10-05 06:17:41,2025-10-03 06:17:41
O003690,C00074,2026-03-25 23:11:44,delivered,2026-04-02 23:11:44,2026-03-31 23:11:44
O003691,C01455,2026-02-25 07:25:45,delivered,2026-03-04 07:25:45,2026-03-10 07:25:45
O003692,C02017,2024-12-20 00:24:48,delivered,2024-12-22 00:24:48,2024-12-28 00:24:48
O003693,C00729,2025-01-28 07:20:05,delivered,2025-01-30 07:20:05,2025-02-03 07:20:05
O003694,C02003,2024-08-26 21:06:56,delivered,2024-08-28 21:06:56,2024-09-02 21:06:56
O003695,C02480,2024-03-06 16:07:43,delivered,2024-03-09 16:07:43,2024-03-14 16:07:43
O003696,C01312,2026-06-11 23:22:22,delivered,2026-06-20 23:22:22,2026-06-18 23:22:22
O003697,C01999,2025-12-24 14:15:41,delivered,2025-12-29 14:15:41,2025-12-25 14:15:41
O003698,C00135,2024-02-08 18:30:47,delivered,2024-02-12 18:30:47,2024-02-14 18:30:47
O003699,C00429,2025-07-08 18:25:38,cancelled,2025-07-16 18:25:38,
O003700,C02236,2025-07-27 05:38:03,delivered,2025-08-07 05:38:03,2025-08-07 05:38:03
O003701,C00505,2024-05-23 11:52:27,delivered,2024-06-04 11:52:27,2024-06-01 11:52:27
O003702,C02261,2026-02-05 17:51:38,delivered,2026-02-08 17:51:38,2026-02-11 17:51:38
O003703,C00054,2026-06-15 16:30:06,delivered,2026-06-19 16:30:06,2026-06-17 16:30:06
O003704,C02054,2024-11-30 04:00:14,delivered,2024-12-11 04:00:14,2024-12-01 04:00:14
O003705,C02152,2024-02-04 10:24:07,delivered,2024-02-07 10:24:07,2024-02-07 10:24:07
O003706,C00035,2024-05-06 17:23:12,delivered,2024-05-09 17:23:12,2024-05-07 17:23:12
O003707,C00924,2024-08-12 10:11:08,returned,2024-08-18 10:11:08,2024-08-20 10:11:08
O003708,C00429,2025-08-24 06:41:12,delivered,2025-08-29 06:41:12,2025-08-31 06:41:12
O003709,C01679,2024-05-29 15:10:38,cancelled,2024-06-04 15:10:38,
O003710,C01806,2026-06-16 14:27:02,delivered,2026-06-20 14:27:02,2026-06-20 14:27:02
O003711,C00933,2026-03-29 05:27:44,cancelled,2026-04-05 05:27:44,
O003712,C00883,2024-02-01 05:18:03,delivered,2024-02-07 05:18:03,2024-02-06 05:18:03
O003713,C00261,2024-03-21 17:26:51,delivered,2024-03-28 17:26:51,2024-03-27 17:26:51
O003714,C01778,2025-12-13 07:35:29,delivered,2025-12-25 07:35:29,2025-12-18 07:35:29
O003715,C00093,2026-06-13 03:49:06,delivered,2026-06-23 03:49:06,2026-06-22 03:49:06
O003716,C00809,2024-09-18 17:51:02,processing,2024-09-29 17:51:02,
O003717,C00344,2025-10-29 17:01:47,delivered,2025-11-03 17:01:47,2025-11-07 17:01:47
O003718,C00825,2026-01-16 05:33:52,delivered,2026-01-28 05:33:52,2026-01-22 05:33:52
O003719,C01520,2024-01-06 20:54:27,delivered,2024-01-09 20:54:27,2024-01-12 20:54:27
O003720,C01914,2024-06-22 19:13:52,delivered,2024-06-26 19:13:52,2024-07-03 19:13:52
O003721,C00344,2025-02-16 19:59:55,delivered,2025-02-22 19:59:55,2025-02-23 19:59:55
O003722,C01303,2025-05-14 07:18:58,delivered,2025-05-20 07:18:58,2025-05-21 07:18:58
O003723,C00663,2024-08-14 04:58:30,delivered,2024-08-17 04:58:30,2024-08-18 04:58:30
O003724,C01872,2024-01-26 23:39:39,delivered,2024-01-30 23:39:39,2024-01-30 23:39:39
O003725,C00665,2025-08-02 03:14:31,delivered,2025-08-13 03:14:31,2025-08-08 03:14:31
O003726,C00181,2024-05-10 01:39:33,delivered,2024-05-17 01:39:33,2024-05-12 01:39:33
O003727,C01453,2024-07-21 03:55:46,delivered,2024-07-27 03:55:46,2024-08-01 03:55:46
O003728,C00412,2025-02-20 06:14:53,delivered,2025-03-01 06:14:53,2025-02-24 06:14:53
O003729,C00373,2026-06-27 16:12:29,cancelled,2026-07-05 16:12:29,
O003730,C00473,2025-08-15 09:28:05,delivered,2025-08-21 09:28:05,2025-08-20 09:28:05
O003731,C01365,2025-04-28 04:48:22,delivered,2025-05-06 04:48:22,2025-05-03 04:48:22
O003732,C00628,2024-12-07 01:47:22,delivered,2024-12-16 01:47:22,2024-12-14 01:47:22
O003733,C02371,2025-08-16 03:59:16,delivered,2025-08-27 03:59:16,2025-08-22 03:59:16
O003734,C01581,2025-04-08 14:12:02,delivered,2025-04-13 14:12:02,2025-04-13 14:12:02
O003735,C01778,2024-07-01 23:45:04,delivered,2024-07-13 23:45:04,2024-07-02 23:45:04
O003736,C00013,2024-12-11 18:05:39,delivered,2024-12-17 18:05:39,2024-12-19 18:05:39
O003737,C01279,2025-09-17 14:31:56,delivered,2025-09-20 14:31:56,2025-09-26 14:31:56
O003738,C01419,2024-12-05 13:22:46,delivered,2024-12-11 13:22:46,2024-12-14 13:22:46
O003739,C01444,2024-06-29 17:45:37,delivered,,2024-07-05 17:45:37
O003740,C01174,2024-03-31 10:24:44,delivered,2024-04-05 10:24:44,2024-04-05 10:24:44
O003741,C01285,2025-07-14 15:00:31,shipped,2025-07-26 15:00:31,
O003742,C01406,2025-01-04 23:55:28,delivered,2025-01-07 23:55:28,2025-01-11 23:55:28
O003743,C02386,2025-01-19 21:41:02,delivered,2025-01-25 21:41:02,2025-01-29 21:41:02
O003744,C02286,2025-11-06 19:41:31,delivered,2025-11-08 19:41:31,2025-11-13 19:41:31
O003745,C01087,2025-05-13 09:02:35,shipped,2025-05-18 09:02:35,
O003746,C01789,2025-09-30 16:51:42,returned,2025-10-04 16:51:42,2025-10-07 16:51:42
O003747,C01335,2024-08-26 15:18:24,shipped,2024-09-07 15:18:24,
O003748,C01529,2024-10-29 08:44:32,delivered,2024-11-07 08:44:32,2024-11-05 08:44:32
O003749,C00969,2025-10-25 21:58:09,delivered,2025-10-30 21:58:09,2025-10-29 21:58:09
O003750,C02452,2025-08-23 23:05:39,delivered,2025-09-03 23:05:39,2025-08-26 23:05:39
O003751,C00128,2024-12-03 16:33:01,delivered,2024-12-10 16:33:01,2024-12-09 16:33:01
O003752,C01590,2026-04-22 05:10:06,delivered,2026-05-02 05:10:06,2026-04-30 05:10:06
O003753,C01214,2026-05-02 05:36:28,delivered,2026-05-10 05:36:28,2026-05-07 05:36:28
O003754,C00749,2025-10-10 08:03:05,delivered,2025-10-12 08:03:05,2025-10-12 08:03:05
O003755,C02313,2024-07-18 12:35:42,delivered,2024-07-23 12:35:42,2024-07-23 12:35:42
O003756,C01677,2025-11-17 00:24:56,delivered,2025-11-29 00:24:56,2025-11-20 00:24:56
O003757,C02394,2024-12-12 20:12:01,processing,2024-12-16 20:12:01,
O003758,C01052,2025-01-09 03:27:28,delivered,2025-01-21 03:27:28,2025-01-13 03:27:28
O003759,C00996,2024-10-14 14:18:39,delivered,2024-10-19 14:18:39,2024-10-19 14:18:39
O003760,C00364,2025-04-30 06:32:07,delivered,2025-05-09 06:32:07,2025-05-05 06:32:07
O003761,C01249,2025-12-28 22:39:24,delivered,2026-01-08 22:39:24,2026-01-02 22:39:24
O003762,C00060,2025-01-23 20:24:13,delivered,2025-01-30 20:24:13,2025-02-01 20:24:13
O003763,C02141,2025-11-20 02:58:02,delivered,2025-11-28 02:58:02,2025-11-26 02:58:02
O003764,C01148,2024-08-22 21:52:21,delivered,2024-08-30 21:52:21,2024-08-28 21:52:21
O003765,C00059,2024-04-10 22:01:27,cancelled,2024-04-14 22:01:27,
O003766,C00547,2024-06-23 16:39:48,delivered,2024-06-29 16:39:48,2024-07-04 16:39:48
O003767,C01959,2024-11-13 21:55:00,delivered,2024-11-22 21:55:00,2024-11-21 21:55:00
O003768,C02265,2025-05-20 04:29:19,returned,2025-05-24 04:29:19,2025-05-31 04:29:19
O003769,C01837,2026-02-25 15:45:22,cancelled,2026-03-06 15:45:22,
O003770,C02049,2025-05-28 09:32:34,delivered,2025-06-03 09:32:34,2025-05-31 09:32:34
O003771,C01825,2024-11-07 08:51:16,delivered,2024-11-18 08:51:16,2024-11-12 08:51:16
O003772,C01148,2025-07-18 22:04:54,returned,2025-07-22 22:04:54,2025-07-27 22:04:54
O003773,C00100,2024-06-21 00:22:37,delivered,2024-06-28 00:22:37,2024-06-26 00:22:37
O003774,C01632,2024-11-24 05:30:08,delivered,2024-12-05 05:30:08,2024-12-05 05:30:08
O003775,C00720,2024-08-04 15:11:09,delivered,2024-08-11 15:11:09,2024-08-08 15:11:09
O003776,C01352,2025-02-21 23:27:31,delivered,2025-02-24 23:27:31,2025-02-28 23:27:31
O003777,C01611,2025-09-09 17:45:24,delivered,2025-09-17 17:45:24,2025-09-17 17:45:24
O003778,C02037,2024-11-09 05:01:44,delivered,2024-11-19 05:01:44,2024-11-15 05:01:44
O003779,C00864,2024-09-25 08:55:53,delivered,2024-10-02 08:55:53,2024-09-26 08:55:53
O003780,C01854,2026-01-29 05:07:46,delivered,2026-02-05 05:07:46,2026-02-04 05:07:46
O003781,C00104,2024-07-29 00:21:32,returned,2024-08-05 00:21:32,2024-08-04 00:21:32
O003782,C00879,2025-04-23 09:02:57,delivered,2025-05-05 09:02:57,2025-04-25 09:02:57
O003783,C01471,2024-08-29 22:39:40,delivered,2024-09-06 22:39:40,2024-09-04 22:39:40
O003784,C01047,2026-03-14 07:52:36,delivered,2026-03-19 07:52:36,2026-03-17 07:52:36
O003785,C01883,2024-03-09 07:43:13,delivered,2024-03-11 07:43:13,2024-03-12 07:43:13
O003786,C00105,2026-04-25 14:19:03,delivered,2026-05-06 14:19:03,2026-05-01 14:19:03
O003787,C00210,2025-01-09 19:00:05,delivered,2025-01-14 19:00:05,2025-01-11 19:00:05
O003788,C01189,2025-02-08 18:34:50,delivered,2025-02-18 18:34:50,2025-02-13 18:34:50
O003789,C00683,2025-12-06 06:17:06,delivered,2025-12-14 06:17:06,2025-12-17 06:17:06
O003790,C01987,2024-09-21 17:54:15,delivered,2024-09-24 17:54:15,2024-09-22 17:54:15
O003791,C01199,2026-01-23 21:46:33,delivered,2026-02-01 21:46:33,2026-01-31 21:46:33
O003792,C02253,2026-06-10 14:43:33,cancelled,2026-06-14 14:43:33,
O003793,C01204,2024-02-18 18:48:20,delivered,2024-02-23 18:48:20,2024-02-21 18:48:20
O003794,C00723,2026-01-10 07:56:58,delivered,2026-01-16 07:56:58,2026-01-14 07:56:58
O003795,C01139,2024-09-22 21:29:23,delivered,2024-10-03 21:29:23,2024-09-25 21:29:23
O003796,C00978,2024-05-20 11:20:30,delivered,2024-06-01 11:20:30,2024-05-21 11:20:30
O003797,C00685,2025-12-17 08:52:49,delivered,2025-12-20 08:52:49,2025-12-29 08:52:49
O003798,C00651,2024-12-16 11:11:03,returned,2024-12-28 11:11:03,2024-12-22 11:11:03
O003799,C00087,2025-12-04 23:05:22,delivered,2025-12-14 23:05:22,2025-12-07 23:05:22
O003800,C01497,2026-03-02 16:18:57,delivered,2026-03-06 16:18:57,2026-03-04 16:18:57
O003801,C00170,2026-03-11 15:27:41,cancelled,2026-03-14 15:27:41,
O003802,C01244,2024-04-18 10:03:03,delivered,2024-04-30 10:03:03,2024-04-19 10:03:03
O003803,C00480,2026-02-03 14:02:25,delivered,2026-02-07 14:02:25,2026-02-04 14:02:25
O003804,C01911,2025-06-17 12:59:33,delivered,2025-06-19 12:59:33,2025-06-23 12:59:33
O003805,C00825,2026-06-05 15:33:07,delivered,2026-06-15 15:33:07,2026-06-12 15:33:07
O003806,C00545,2025-10-06 03:37:29,cancelled,2025-10-18 03:37:29,
O003807,C01011,2024-11-07 06:49:34,delivered,2024-11-11 06:49:34,2024-11-15 06:49:34
O003808,C01266,2026-02-05 06:32:19,delivered,2026-02-16 06:32:19,2026-02-14 06:32:19
O003809,C01912,2025-11-24 20:43:47,processing,2025-12-01 20:43:47,
O003810,C00114,2025-10-22 02:49:04,delivered,2025-11-03 02:49:04,2025-10-29 02:49:04
O003811,C02488,2026-01-17 01:53:55,delivered,2026-01-26 01:53:55,2026-01-23 01:53:55
O003812,C01973,2024-04-03 00:41:36,delivered,2024-04-05 00:41:36,2024-04-10 00:41:36
O003813,C00057,2025-01-27 20:04:31,delivered,2025-01-31 20:04:31,2025-01-29 20:04:31
O003814,C00790,2024-03-25 22:13:15,delivered,2024-04-05 22:13:15,2024-03-28 22:13:15
O003815,C01788,2026-06-29 23:15:35,delivered,2026-07-04 23:15:35,2026-07-11 23:15:35
O003816,C00860,2024-06-21 18:08:53,delivered,2024-06-23 18:08:53,2024-06-25 18:08:53
O003817,C00503,2024-04-11 14:42:58,delivered,2024-04-14 14:42:58,2024-04-19 14:42:58
O003818,C00199,2025-12-05 01:03:41,delivered,2025-12-12 01:03:41,2025-12-10 01:03:41
O003819,C00995,2025-01-28 15:13:13,delivered,2025-02-06 15:13:13,2025-02-05 15:13:13
O003820,C01649,2025-10-24 20:49:12,delivered,2025-11-03 20:49:12,2025-11-04 20:49:12
O003821,C01349,2024-11-23 15:26:01,processing,2024-11-27 15:26:01,
O003822,C00028,2025-03-19 10:14:29,delivered,2025-03-30 10:14:29,2025-03-22 10:14:29
O003823,C00698,2025-10-03 02:40:04,delivered,2025-10-07 02:40:04,2025-10-12 02:40:04
O003824,C01833,2025-01-02 16:17:45,delivered,2025-01-14 16:17:45,2025-01-11 16:17:45
O003825,C00136,2024-02-24 12:19:18,delivered,2024-02-26 12:19:18,2024-02-29 12:19:18
O003826,C01055,2024-12-24 22:54:02,processing,2024-12-30 22:54:02,
O003827,C02243,2025-05-13 20:38:16,delivered,2025-05-17 20:38:16,2025-05-18 20:38:16
O003828,C02237,2024-05-25 23:54:02,delivered,2024-06-04 23:54:02,2024-06-02 23:54:02
O003829,C02297,2026-03-23 19:43:19,delivered,2026-03-28 19:43:19,2026-03-26 19:43:19
O003830,C01460,2025-06-23 04:25:32,delivered,2025-06-28 04:25:32,2025-06-30 04:25:32
O003831,C00119,2024-06-27 14:37:43,delivered,2024-07-09 14:37:43,2024-07-03 14:37:43
O003832,C00197,2025-11-17 16:00:15,delivered,2025-11-22 16:00:15,2025-11-19 16:00:15
O003833,C01408,2024-08-24 12:33:57,delivered,2024-09-03 12:33:57,2024-08-27 12:33:57
O003834,C02240,2024-04-01 10:43:48,delivered,2024-04-13 10:43:48,2024-04-02 10:43:48
O003835,C01262,2025-12-17 09:23:47,delivered,2025-12-22 09:23:47,2025-12-21 09:23:47
O003836,C02084,2025-07-04 11:14:02,delivered,2025-07-06 11:14:02,2025-07-10 11:14:02
O003837,C01177,2025-01-24 06:28:12,delivered,2025-01-27 06:28:12,2025-01-30 06:28:12
O003838,C01335,2024-01-20 02:20:16,delivered,2024-02-01 02:20:16,2024-01-23 02:20:16
O003839,C01345,2025-08-13 07:37:15,delivered,2025-08-24 07:37:15,2025-08-17 07:37:15
O003840,C00404,2026-05-24 06:41:08,delivered,2026-06-05 06:41:08,2026-05-25 06:41:08
O003841,C01579,2026-03-17 05:11:44,delivered,2026-03-20 05:11:44,2026-03-21 05:11:44
O003842,C00737,2025-02-22 23:44:36,returned,2025-02-26 23:44:36,2025-02-24 23:44:36
O003843,C02274,2024-08-11 17:04:01,delivered,2024-08-15 17:04:01,2024-08-17 17:04:01
O003844,C01357,2026-02-03 04:09:59,returned,2026-02-09 04:09:59,2026-02-11 04:09:59
O003845,C01279,2025-04-03 14:32:47,delivered,2025-04-06 14:32:47,2025-04-06 14:32:47
O003846,C00560,2025-09-05 06:23:03,delivered,2025-09-11 06:23:03,2025-09-06 06:23:03
O003847,C01877,2024-10-26 06:57:03,returned,2024-11-06 06:57:03,2024-11-02 06:57:03
O003848,C01014,2025-12-30 07:21:49,delivered,2026-01-05 07:21:49,2026-01-03 07:21:49
O003849,C00151,2026-02-12 03:18:32,delivered,2026-02-22 03:18:32,2026-02-23 03:18:32
O003850,C00338,2024-08-24 00:24:17,delivered,2024-09-01 00:24:17,2024-08-28 00:24:17
O003851,C01788,2026-05-12 12:22:05,delivered,2026-05-18 12:22:05,2026-05-16 12:22:05
O003852,C00351,2024-02-21 21:30:35,delivered,2024-02-23 21:30:35,2024-02-27 21:30:35
O003853,C02425,2024-07-13 08:04:31,delivered,2024-07-17 08:04:31,2024-07-16 08:04:31
O003854,C00762,2025-05-19 22:14:58,delivered,2025-05-24 22:14:58,2025-05-24 22:14:58
O003855,C01534,2026-06-20 09:19:36,delivered,2026-06-22 09:19:36,2026-06-30 09:19:36
O003856,C02094,2025-05-18 06:06:17,returned,2025-05-27 06:06:17,2025-05-28 06:06:17
O003857,C01887,2026-05-02 02:25:45,delivered,2026-05-10 02:25:45,2026-05-10 02:25:45
O003858,C00950,2024-11-05 17:54:40,delivered,2024-11-10 17:54:40,2024-11-06 17:54:40
O003859,C00341,2025-01-05 22:06:13,delivered,2025-01-07 22:06:13,2025-01-11 22:06:13
O003860,C01447,2025-08-16 14:58:26,delivered,2025-08-22 14:58:26,2025-08-23 14:58:26
O003861,C02497,2024-03-23 11:41:33,delivered,2024-04-03 11:41:33,2024-03-27 11:41:33
O003862,C00020,2024-04-24 10:36:54,delivered,2024-04-27 10:36:54,2024-04-27 10:36:54
O003863,C00060,2025-02-23 18:34:40,delivered,2025-03-03 18:34:40,2025-03-02 18:34:40
O003864,C01188,2025-08-10 02:34:29,shipped,2025-08-20 02:34:29,
O003865,C01037,2026-06-30 09:34:35,delivered,2026-07-05 09:34:35,2026-07-02 09:34:35
O003866,C02133,2025-05-23 23:36:16,shipped,2025-06-04 23:36:16,
O003867,C00058,2025-12-23 05:28:39,delivered,2025-12-29 05:28:39,2026-01-04 05:28:39
O003868,C01409,2026-02-16 19:19:10,delivered,2026-02-23 19:19:10,2026-02-20 19:19:10
O003869,C01337,2025-06-30 05:23:20,shipped,2025-07-09 05:23:20,
O003870,C02146,2024-03-20 06:59:33,cancelled,2024-04-01 06:59:33,
O003871,C01590,2024-08-07 16:40:47,delivered,2024-08-14 16:40:47,2024-08-09 16:40:47
O003872,C01189,2026-03-25 13:18:54,delivered,2026-04-03 13:18:54,2026-04-02 13:18:54
O003873,C00173,2025-04-11 08:00:51,shipped,2025-04-18 08:00:51,
O003874,C02022,2025-04-19 19:57:46,delivered,2025-04-22 19:57:46,2025-04-20 19:57:46
O003875,C01814,2026-01-03 17:51:35,delivered,2026-01-15 17:51:35,2026-01-04 17:51:35
O003876,C00899,2026-04-01 21:51:40,delivered,2026-04-10 21:51:40,2026-04-02 21:51:40
O003877,C01604,2024-12-03 19:19:17,delivered,2024-12-08 19:19:17,2024-12-12 19:19:17
O003878,C00340,2024-09-27 11:41:57,delivered,2024-10-02 11:41:57,2024-10-02 11:41:57
O003879,C01589,2024-08-26 08:01:43,delivered,2024-08-29 08:01:43,2024-08-30 08:01:43
O003880,C01785,2024-03-17 19:11:27,delivered,2024-03-26 19:11:27,2024-03-24 19:11:27
O003881,C00823,2024-04-20 14:07:20,cancelled,2024-04-29 14:07:20,
O003882,C01376,2026-06-11 13:20:59,delivered,2026-06-16 13:20:59,2026-06-17 13:20:59
O003883,C01656,2024-09-27 17:07:23,delivered,2024-10-09 17:07:23,2024-10-08 17:07:23
O003884,C02226,2025-02-03 04:55:34,delivered,2025-02-09 04:55:34,2025-02-06 04:55:34
O003885,C02283,2024-08-01 22:18:20,delivered,2024-08-07 22:18:20,2024-08-03 22:18:20
O003886,C00243,2026-06-10 20:27:38,delivered,2026-06-20 20:27:38,2026-06-18 20:27:38
O003887,C01662,2025-12-07 20:22:39,delivered,2025-12-17 20:22:39,2025-12-14 20:22:39
O003888,C00747,2024-10-10 05:33:54,delivered,2024-10-21 05:33:54,2024-10-21 05:33:54
O003889,C00667,2024-12-12 08:32:00,delivered,2024-12-18 08:32:00,2024-12-21 08:32:00
O003890,C02287,2025-01-25 19:26:29,returned,2025-01-31 19:26:29,2025-01-30 19:26:29
O003891,C00576,2024-04-16 07:26:46,delivered,2024-04-25 07:26:46,2024-04-27 07:26:46
O003892,C01295,2026-05-18 05:57:27,delivered,2026-05-30 05:57:27,2026-05-19 05:57:27
O003893,C00985,2024-07-19 11:30:57,delivered,2024-07-27 11:30:57,2024-07-22 11:30:57
O003894,C01679,2025-04-27 17:50:00,delivered,2025-05-05 17:50:00,2025-04-30 17:50:00
O003895,C00524,2025-08-28 22:00:33,delivered,2025-09-01 22:00:33,2025-09-02 22:00:33
O003896,C00140,2024-11-04 03:36:52,shipped,2024-11-10 03:36:52,
O003897,C00647,2025-06-13 15:35:57,delivered,2025-06-23 15:35:57,2025-06-20 15:35:57
O003898,C01451,2025-01-30 20:09:48,delivered,2025-02-02 20:09:48,2025-02-04 20:09:48
O003899,C01553,2025-03-27 15:46:26,delivered,2025-04-02 15:46:26,2025-03-30 15:46:26
O003900,C00178,2026-06-08 10:51:59,delivered,2026-06-11 10:51:59,2026-06-15 10:51:59
O003901,C01072,2024-04-22 12:44:11,delivered,2024-04-29 12:44:11,2024-05-05 12:44:11
O003902,C02035,2024-03-25 01:52:32,delivered,2024-03-28 01:52:32,2024-03-26 01:52:32
O003903,C00370,2025-02-19 12:47:28,delivered,2025-02-27 12:47:28,2025-02-27 12:47:28
O003904,C00055,2024-10-26 21:32:40,delivered,2024-10-31 21:32:40,2024-11-05 21:32:40
O003905,C01711,2024-04-18 14:41:00,cancelled,2024-04-23 14:41:00,
O003906,C00049,2024-05-23 08:24:05,delivered,2024-06-03 08:24:05,2024-05-26 08:24:05
O003907,C01902,2024-05-19 13:25:27,delivered,2024-05-24 13:25:27,2024-05-29 13:25:27
O003908,C00407,2025-05-04 03:19:03,delivered,2025-05-09 03:19:03,2025-05-15 03:19:03
O003909,C00351,2024-08-26 23:40:15,delivered,2024-09-06 23:40:15,2024-09-01 23:40:15
O003910,C00113,2026-01-27 02:54:12,returned,2026-02-07 02:54:12,2026-02-08 02:54:12
O003911,C00215,2024-12-30 22:37:18,processing,2025-01-11 22:37:18,
O003912,C01926,2025-08-07 13:42:33,delivered,2025-08-09 13:42:33,2025-08-10 13:42:33
O003913,C01939,2024-07-25 09:59:59,processing,2024-07-27 09:59:59,
O003914,C00380,2025-08-01 16:17:48,delivered,2025-08-10 16:17:48,2025-08-11 16:17:48
O003915,C02331,2025-07-03 12:11:34,cancelled,2025-07-15 12:11:34,
O003916,C00128,2026-02-28 04:30:37,delivered,2026-03-10 04:30:37,2026-03-04 04:30:37
O003917,C02340,2026-06-20 07:01:05,delivered,2026-07-02 07:01:05,2026-06-23 07:01:05
O003918,C01185,2025-07-11 21:08:48,delivered,2025-07-20 21:08:48,2025-07-21 21:08:48
O003919,C01396,2025-06-03 04:54:47,delivered,2025-06-15 04:54:47,2025-06-06 04:54:47
O003920,C00922,2024-12-20 04:33:49,delivered,2025-01-01 04:33:49,2024-12-27 04:33:49
O003921,C01737,2026-06-28 18:11:47,delivered,2026-07-06 18:11:47,2026-07-09 18:11:47
O003922,C01638,2024-05-09 08:17:30,delivered,2024-05-18 08:17:30,2024-05-12 08:17:30
O003923,C01067,2024-04-28 14:38:37,delivered,2024-05-08 14:38:37,2024-04-30 14:38:37
O003924,C02354,2024-01-14 12:02:45,delivered,2024-01-26 12:02:45,2024-01-18 12:02:45
O003925,C01544,2025-08-08 16:42:36,delivered,2025-08-11 16:42:36,2025-08-14 16:42:36
O003926,C02143,2024-07-12 03:47:49,shipped,2024-07-18 03:47:49,
O003927,C02271,2024-03-10 18:41:21,delivered,2024-03-20 18:41:21,2024-03-15 18:41:21
O003928,C00457,2025-08-31 01:07:01,processing,2025-09-03 01:07:01,
O003929,C00727,2024-10-19 20:43:06,delivered,2024-10-31 20:43:06,2024-10-26 20:43:06
O003930,C00713,2026-06-05 11:03:15,cancelled,2026-06-09 11:03:15,
O003931,C01060,2026-06-23 22:26:35,delivered,2026-06-27 22:26:35,2026-06-29 22:26:35
O003932,C00581,2026-02-22 00:04:21,delivered,2026-03-02 00:04:21,2026-03-01 00:04:21
O003933,C01032,2025-03-22 22:31:16,delivered,2025-03-30 22:31:16,2025-04-02 22:31:16
O003934,C01869,2024-05-08 10:31:52,shipped,2024-05-10 10:31:52,
O003935,C01312,2025-08-31 20:01:39,delivered,2025-09-10 20:01:39,2025-09-08 20:01:39
O003936,C01287,2025-04-17 23:03:18,delivered,2025-04-23 23:03:18,2025-04-26 23:03:18
O003937,C01836,2024-04-09 14:05:50,delivered,2024-04-18 14:05:50,2024-04-15 14:05:50
O003938,C01349,2026-05-28 12:51:26,delivered,2026-06-03 12:51:26,2026-05-30 12:51:26
O003939,C01799,2024-09-13 17:17:37,cancelled,2024-09-21 17:17:37,
O003940,C01555,2024-09-25 00:19:22,delivered,2024-09-28 00:19:22,2024-09-30 00:19:22
O003941,C00592,2024-09-08 17:28:53,returned,2024-09-12 17:28:53,2024-09-18 17:28:53
O003942,C02456,2025-07-07 01:32:42,delivered,2025-07-12 01:32:42,2025-07-08 01:32:42
O003943,C01966,2026-05-25 14:49:35,delivered,2026-05-28 14:49:35,2026-06-02 14:49:35
O003944,C00317,2025-03-03 14:04:34,delivered,2025-03-07 14:04:34,2025-03-13 14:04:34
O003945,C02040,2026-04-17 00:52:15,delivered,2026-04-29 00:52:15,2026-04-23 00:52:15
O003946,C02158,2024-01-31 10:54:17,delivered,2024-02-10 10:54:17,2024-02-06 10:54:17
O003947,C01626,2025-04-30 12:33:01,delivered,2025-05-06 12:33:01,2025-05-09 12:33:01
O003948,C00445,2025-07-31 00:58:02,delivered,2025-08-11 00:58:02,2025-08-01 00:58:02
O003949,C00324,2025-04-13 07:47:31,delivered,2025-04-22 07:47:31,2025-04-17 07:47:31
O003950,C01965,2024-09-15 04:08:04,delivered,2024-09-20 04:08:04,2024-09-22 04:08:04
O003951,C00513,2025-10-01 13:56:07,delivered,2025-10-05 13:56:07,2025-10-10 13:56:07
O003952,C01087,2026-01-24 13:18:31,delivered,2026-01-26 13:18:31,2026-01-28 13:18:31
O003953,C01173,2025-11-18 00:05:05,delivered,2025-11-22 00:05:05,2025-11-27 00:05:05
O003954,C00385,2025-01-21 21:21:53,delivered,2025-01-23 21:21:53,2025-01-27 21:21:53
O003955,C00508,2024-01-06 17:25:26,delivered,2024-01-16 17:25:26,2024-01-09 17:25:26
O003956,C01543,2025-01-10 05:51:42,delivered,2025-01-17 05:51:42,2025-01-18 05:51:42
O003957,C02459,2024-07-24 13:41:46,delivered,2024-07-26 13:41:46,2024-07-29 13:41:46
O003958,C01046,2024-07-17 21:38:22,delivered,2024-07-23 21:38:22,2024-07-27 21:38:22
O003959,C01035,2025-11-20 09:27:30,delivered,2025-11-30 09:27:30,2025-11-28 09:27:30
O003960,C00057,2024-12-07 01:18:28,delivered,2024-12-11 01:18:28,2024-12-13 01:18:28
O003961,C02013,2025-09-10 06:17:16,delivered,2025-09-22 06:17:16,2025-09-14 06:17:16
O003962,C00422,2026-02-21 14:48:25,delivered,2026-02-27 14:48:25,2026-02-28 14:48:25
O003963,C02075,2025-04-14 00:40:52,delivered,2025-04-16 00:40:52,2025-04-18 00:40:52
O003964,C02340,2025-09-16 15:39:35,delivered,2025-09-25 15:39:35,2025-09-20 15:39:35
O003965,C02099,2026-06-13 00:06:59,delivered,2026-06-19 00:06:59,2026-06-17 00:06:59
O003966,C01241,2025-09-16 01:09:04,delivered,2025-09-21 01:09:04,2025-09-19 01:09:04
O003967,C01515,2025-01-15 14:17:29,shipped,2025-01-17 14:17:29,
O003968,C02065,2025-01-03 01:09:12,delivered,2025-01-05 01:09:12,2025-01-16 01:09:12
O003969,C00203,2024-09-18 08:42:25,delivered,2024-09-27 08:42:25,2024-09-24 08:42:25
O003970,C01776,2025-03-25 07:30:59,delivered,2025-04-05 07:30:59,2025-03-29 07:30:59
O003971,C00494,2025-04-30 15:40:43,delivered,2025-05-11 15:40:43,2025-05-04 15:40:43
O003972,C01005,2024-07-17 08:19:14,delivered,2024-07-23 08:19:14,2024-07-26 08:19:14
O003973,C00891,2024-02-04 19:27:36,delivered,2024-02-16 19:27:36,2024-02-09 19:27:36
O003974,C01900,2024-05-16 00:00:04,delivered,2024-05-21 00:00:04,2024-05-21 00:00:04
O003975,C00083,2024-04-30 04:49:16,delivered,2024-05-10 04:49:16,2024-05-06 04:49:16
O003976,C00341,2024-05-25 16:41:07,delivered,2024-05-28 16:41:07,2024-06-03 16:41:07
O003977,C01484,2025-01-13 12:09:20,delivered,2025-01-20 12:09:20,2025-01-17 12:09:20
O003978,C00514,2024-11-28 07:06:10,delivered,2024-12-10 07:06:10,2024-11-29 07:06:10
O003979,C02137,2026-02-03 23:10:56,delivered,2026-02-05 23:10:56,2026-02-04 23:10:56
O003980,C00432,2025-07-17 09:59:19,returned,2025-07-24 09:59:19,2025-07-22 09:59:19
O003981,C00226,2024-10-09 05:20:42,delivered,2024-10-17 05:20:42,2024-10-22 05:20:42
O003982,C01126,2026-06-18 06:58:57,delivered,2026-06-22 06:58:57,2026-06-23 06:58:57
O003983,C02366,2025-11-01 23:29:13,delivered,2025-11-03 23:29:13,2025-11-04 23:29:13
O003984,C00869,2025-12-17 01:37:59,delivered,2025-12-19 01:37:59,2025-12-29 01:37:59
O003985,C00321,2024-10-29 02:44:00,delivered,2024-11-04 02:44:00,2024-11-02 02:44:00
O003986,C01634,2025-11-04 14:23:53,delivered,2025-11-08 14:23:53,2025-11-06 14:23:53
O003987,C02181,2024-02-08 03:14:41,delivered,2024-02-16 03:14:41,2024-02-11 03:14:41
O003988,C02303,2025-06-15 02:34:05,delivered,2025-06-20 02:34:05,2025-06-23 02:34:05
O003989,C01085,2024-03-10 22:58:43,delivered,2024-03-14 22:58:43,2024-03-14 22:58:43
O003990,C02188,2025-05-04 14:48:53,cancelled,2025-05-09 14:48:53,
O003991,C01818,2025-08-16 12:06:48,delivered,2025-08-28 12:06:48,2025-08-30 12:06:48
O003992,C00693,2024-02-08 10:24:03,cancelled,2024-02-14 10:24:03,
O003993,C00106,2025-02-21 21:37:18,delivered,2025-02-26 21:37:18,2025-02-28 21:37:18
O003994,C01306,2026-05-21 12:47:00,delivered,2026-05-23 12:47:00,2026-05-23 12:47:00
O003995,C01309,2024-09-08 02:12:56,delivered,2024-09-14 02:12:56,2024-09-11 02:12:56
O003996,C01091,2024-11-19 21:40:59,delivered,2024-11-23 21:40:59,2024-11-24 21:40:59
O003997,C00758,2025-01-19 11:43:16,shipped,2025-01-31 11:43:16,
O003998,C00326,2024-08-15 17:42:44,delivered,2024-08-26 17:42:44,2024-08-21 17:42:44
O003999,C01136,2025-04-04 10:37:16,delivered,2025-04-08 10:37:16,2025-04-07 10:37:16
O004000,C00038,2025-04-28 20:39:45,delivered,2025-05-06 20:39:45,2025-05-07 20:39:45
O004001,C02128,2025-04-09 05:45:46,delivered,2025-04-16 05:45:46,2025-04-16 05:45:46
O004002,C02074,2024-10-23 13:21:25,returned,2024-10-29 13:21:25,2024-10-29 13:21:25
O004003,C02027,2025-03-01 18:57:51,delivered,2025-03-10 18:57:51,2025-03-04 18:57:51
O004004,C00125,2025-08-11 00:36:31,delivered,2025-08-16 00:36:31,2025-08-16 00:36:31
O004005,C01968,2024-09-25 11:47:26,delivered,2024-09-28 11:47:26,2024-09-26 11:47:26
O004006,C01836,2024-06-20 01:49:03,cancelled,2024-06-22 01:49:03,
O004007,C00308,2024-04-12 11:34:44,processing,2024-04-16 11:34:44,
O004008,C00034,2025-09-13 10:46:50,delivered,2025-09-19 10:46:50,2025-09-18 10:46:50
O004009,C02147,2025-06-14 18:18:23,delivered,2025-06-22 18:18:23,2025-06-21 18:18:23
O004010,C01428,2024-07-31 07:34:44,delivered,2024-08-06 07:34:44,2024-08-04 07:34:44
O004011,C00018,2024-04-05 08:16:00,delivered,2024-04-12 08:16:00,2024-04-13 08:16:00
O004012,C01243,2024-09-12 02:02:20,delivered,2024-09-21 02:02:20,2024-09-23 02:02:20
O004013,C01938,2024-01-16 13:13:22,delivered,2024-01-28 13:13:22,2024-01-22 13:13:22
O004014,C01584,2024-02-24 03:29:47,shipped,2024-02-26 03:29:47,
O004015,C00434,2025-07-22 17:36:51,delivered,2025-08-01 17:36:51,2025-07-25 17:36:51
O004016,C00670,2024-04-02 05:59:27,delivered,2024-04-05 05:59:27,2024-04-06 05:59:27
O004017,C00466,2025-11-22 05:11:46,delivered,2025-11-28 05:11:46,2025-11-28 05:11:46
O004018,C00195,2025-08-27 01:34:09,processing,2025-09-07 01:34:09,
O004019,C01654,2024-09-11 05:15:27,delivered,2024-09-13 05:15:27,2024-09-16 05:15:27
O004020,C02281,2026-05-02 11:28:48,delivered,2026-05-12 11:28:48,2026-05-07 11:28:48
O004021,C00086,2025-04-26 12:00:36,delivered,2025-05-04 12:00:36,2025-05-02 12:00:36
O004022,C01445,2024-06-15 22:42:21,cancelled,2024-06-26 22:42:21,
O004023,C00832,2026-05-21 18:08:13,delivered,2026-05-26 18:08:13,2026-05-25 18:08:13
O004024,C01111,2025-10-09 10:25:12,delivered,2025-10-17 10:25:12,2025-10-12 10:25:12
O004025,C01008,2025-01-19 15:21:59,delivered,2025-01-24 15:21:59,2025-01-20 15:21:59
O004026,C02286,2025-06-04 00:42:07,delivered,2025-06-12 00:42:07,2025-06-11 00:42:07
O004027,C01563,2024-01-21 22:02:30,delivered,2024-02-01 22:02:30,2024-01-22 22:02:30
O004028,C00663,2024-09-22 08:30:46,delivered,2024-10-03 08:30:46,2024-09-29 08:30:46
O004029,C02288,2026-01-13 18:29:47,delivered,2026-01-22 18:29:47,2026-01-18 18:29:47
O004030,C02142,2026-06-12 13:35:47,shipped,2026-06-18 13:35:47,
O004031,C00011,2024-09-26 23:15:52,delivered,2024-10-03 23:15:52,2024-10-03 23:15:52
O004032,C00660,2026-05-15 02:18:41,delivered,2026-05-22 02:18:41,2026-05-25 02:18:41
O004033,C01101,2025-03-16 23:33:15,delivered,2025-03-27 23:33:15,2025-03-22 23:33:15
O004034,C01891,2024-09-07 23:44:46,delivered,2024-09-12 23:44:46,2024-09-08 23:44:46
O004035,C02017,2024-01-18 14:25:59,delivered,2024-01-25 14:25:59,2024-01-22 14:25:59
O004036,C00079,2026-06-12 06:58:25,delivered,2026-06-21 06:58:25,2026-06-15 06:58:25
O004037,C02210,2024-10-02 08:50:35,delivered,2024-10-12 08:50:35,2024-10-11 08:50:35
O004038,C00177,2025-06-26 08:27:18,cancelled,2025-07-07 08:27:18,
O004039,C02252,2026-04-29 05:35:28,delivered,2026-05-02 05:35:28,2026-05-02 05:35:28
O004040,C00621,2025-08-24 15:00:01,delivered,2025-08-31 15:00:01,2025-08-30 15:00:01
O004041,C00202,2024-05-31 13:30:28,shipped,2024-06-10 13:30:28,
O004042,C02009,2024-04-22 09:30:53,delivered,2024-04-28 09:30:53,2024-04-29 09:30:53
O004043,C00425,2024-06-03 02:06:56,delivered,2024-06-07 02:06:56,2024-06-12 02:06:56
O004044,C02015,2024-04-30 08:35:30,delivered,2024-05-03 08:35:30,2024-05-07 08:35:30
O004045,C01553,2025-01-29 21:10:42,returned,2025-02-02 21:10:42,2025-02-10 21:10:42
O004046,C00209,2024-09-14 23:49:29,cancelled,2024-09-24 23:49:29,
O004047,C00808,2025-03-22 21:08:12,delivered,2025-03-25 21:08:12,2025-03-26 21:08:12
O004048,C01661,2025-01-17 05:47:05,delivered,2025-01-24 05:47:05,2025-01-28 05:47:05
O004049,C01905,2025-08-14 04:09:17,delivered,2025-08-23 04:09:17,2025-08-20 04:09:17
O004050,C02204,2026-03-04 22:08:22,delivered,2026-03-09 22:08:22,2026-03-11 22:08:22
O004051,C01980,2025-07-06 17:50:18,delivered,2025-07-15 17:50:18,2025-07-08 17:50:18
O004052,C01765,2024-08-08 17:29:49,delivered,2024-08-10 17:29:49,2024-08-17 17:29:49
O004053,C01005,2024-01-27 16:19:46,delivered,2024-02-06 16:19:46,2024-02-02 16:19:46
O004054,C01344,2024-04-25 20:23:12,shipped,2024-04-30 20:23:12,
O004055,C02112,2024-09-22 01:18:31,delivered,2024-10-04 01:18:31,2024-09-29 01:18:31
O004056,C01562,2025-08-07 19:25:57,delivered,2025-08-19 19:25:57,2025-08-12 19:25:57
O004057,C00573,2025-08-31 22:00:12,shipped,2025-09-02 22:00:12,
O004058,C00573,2025-11-02 15:04:06,delivered,2025-11-06 15:04:06,2025-11-03 15:04:06
O004059,C01464,2026-01-25 17:58:26,delivered,2026-02-01 17:58:26,2026-02-04 17:58:26
O004060,C00388,2025-11-30 07:27:26,delivered,2025-12-04 07:27:26,2025-12-06 07:27:26
O004061,C00477,2025-12-31 21:02:47,delivered,2026-01-04 21:02:47,2026-01-11 21:02:47
O004062,C00052,2025-03-26 10:04:20,delivered,2025-03-30 10:04:20,2025-03-30 10:04:20
O004063,C01141,2026-05-07 12:31:32,delivered,2026-05-17 12:31:32,2026-05-16 12:31:32
O004064,C01699,2025-07-10 02:34:45,delivered,2025-07-17 02:34:45,2025-07-18 02:34:45
O004065,C00618,2024-05-10 13:40:52,delivered,2024-05-17 13:40:52,2024-05-15 13:40:52
O004066,C01755,2025-08-02 22:22:06,delivered,2025-08-07 22:22:06,2025-08-08 22:22:06
O004067,C01159,2024-09-06 02:43:30,delivered,2024-09-10 02:43:30,2024-09-14 02:43:30
O004068,C01675,2026-01-27 05:24:40,delivered,,2026-01-30 05:24:40
O004069,C00601,2024-11-19 07:55:36,delivered,2024-11-23 07:55:36,2024-11-23 07:55:36
O004070,C01103,2026-02-01 06:05:40,delivered,2026-02-07 06:05:40,2026-02-09 06:05:40
O004071,C00534,2025-06-29 22:23:14,delivered,2025-07-10 22:23:14,2025-07-08 22:23:14
O004072,C00461,2026-03-14 10:15:40,shipped,2026-03-26 10:15:40,
O004073,C00434,2024-04-01 05:09:34,delivered,2024-04-05 05:09:34,2024-04-02 05:09:34
O004074,C01504,2025-12-21 16:45:42,delivered,2025-12-24 16:45:42,2025-12-30 16:45:42
O004075,C02403,2025-01-15 07:15:04,delivered,2025-01-17 07:15:04,2025-01-21 07:15:04
O004076,C02294,2024-12-22 11:05:47,delivered,2024-12-27 11:05:47,2024-12-29 11:05:47
O004077,C01594,2025-05-27 04:36:43,delivered,2025-06-08 04:36:43,2025-06-05 04:36:43
O004078,C02327,2025-05-15 20:42:51,delivered,2025-05-18 20:42:51,2025-05-22 20:42:51
O004079,C02474,2024-04-29 06:21:15,returned,2024-05-07 06:21:15,2024-05-05 06:21:15
O004080,C02303,2025-12-19 07:06:33,shipped,2025-12-21 07:06:33,
O004081,C02348,2024-10-21 15:35:54,delivered,,2024-10-24 15:35:54
O004082,C01202,2025-06-09 00:13:28,delivered,2025-06-21 00:13:28,2025-06-20 00:13:28
O004083,C02206,2024-06-07 21:11:29,delivered,2024-06-15 21:11:29,2024-06-08 21:11:29
O004084,C01039,2024-12-04 18:34:44,shipped,2024-12-16 18:34:44,
O004085,C00327,2025-09-06 01:11:14,delivered,2025-09-16 01:11:14,2025-09-12 01:11:14
O004086,C00960,2024-01-15 01:50:48,delivered,2024-01-20 01:50:48,2024-01-16 01:50:48
O004087,C01479,2024-03-24 13:04:28,delivered,2024-04-01 13:04:28,2024-03-25 13:04:28
O004088,C00660,2025-01-25 05:11:16,delivered,2025-01-31 05:11:16,2025-01-28 05:11:16
O004089,C00194,2025-05-15 23:15:49,delivered,,2025-05-25 23:15:49
O004090,C00329,2025-06-27 18:06:06,delivered,2025-06-30 18:06:06,2025-07-05 18:06:06
O004091,C01307,2026-06-23 19:42:23,delivered,2026-06-29 19:42:23,2026-06-27 19:42:23
O004092,C00364,2024-10-04 12:39:30,delivered,2024-10-16 12:39:30,2024-10-09 12:39:30
O004093,C00812,2024-04-01 15:05:59,delivered,2024-04-07 15:05:59,2024-04-09 15:05:59
O004094,C02225,2024-09-30 20:07:55,delivered,2024-10-07 20:07:55,2024-10-06 20:07:55
O004095,C01972,2024-10-28 19:10:06,delivered,2024-11-01 19:10:06,2024-10-29 19:10:06
O004096,C00857,2024-08-10 14:42:12,delivered,2024-08-22 14:42:12,2024-08-16 14:42:12
O004097,C00674,2026-03-02 05:08:09,delivered,2026-03-06 05:08:09,2026-03-14 05:08:09
O004098,C01812,2024-06-07 01:53:45,delivered,2024-06-16 01:53:45,2024-06-10 01:53:45
O004099,C01969,2024-06-09 03:19:18,delivered,2024-06-13 03:19:18,2024-06-18 03:19:18
O004100,C00007,2024-11-06 01:28:39,delivered,2024-11-16 01:28:39,2024-11-12 01:28:39
O004101,C00089,2025-09-15 15:46:28,delivered,2025-09-27 15:46:28,2025-09-18 15:46:28
O004102,C01845,2024-08-11 05:45:53,delivered,2024-08-19 05:45:53,2024-08-18 05:45:53
O004103,C01830,2025-01-25 17:37:46,delivered,2025-01-29 17:37:46,2025-02-05 17:37:46
O004104,C00641,2025-08-08 19:31:55,delivered,2025-08-12 19:31:55,2025-08-12 19:31:55
O004105,C00549,2026-05-16 05:45:45,delivered,2026-05-19 05:45:45,2026-05-25 05:45:45
O004106,C01007,2024-06-28 16:16:23,delivered,2024-07-04 16:16:23,2024-06-30 16:16:23
O004107,C00697,2024-02-24 20:50:05,delivered,2024-03-02 20:50:05,2024-03-04 20:50:05
O004108,C00229,2024-09-08 20:02:20,delivered,2024-09-19 20:02:20,2024-09-17 20:02:20
O004109,C00431,2024-03-15 05:19:06,delivered,2024-03-23 05:19:06,2024-03-25 05:19:06
O004110,C00281,2025-11-15 05:09:05,delivered,2025-11-22 05:09:05,2025-11-25 05:09:05
O004111,C01905,2024-01-17 05:06:15,delivered,2024-01-24 05:06:15,2024-01-22 05:06:15
O004112,C01057,2026-04-01 08:09:53,delivered,2026-04-07 08:09:53,2026-04-06 08:09:53
O004113,C00754,2025-11-23 09:52:07,delivered,2025-11-29 09:52:07,2025-11-25 09:52:07
O004114,C02421,2025-10-24 09:17:57,delivered,2025-10-28 09:17:57,2025-10-25 09:17:57
O004115,C01798,2024-10-09 22:21:54,delivered,2024-10-16 22:21:54,2024-10-17 22:21:54
O004116,C01725,2025-08-23 17:21:59,delivered,2025-08-29 17:21:59,2025-08-28 17:21:59
O004117,C00307,2025-10-14 02:29:23,delivered,2025-10-16 02:29:23,2025-10-15 02:29:23
O004118,C01529,2025-09-30 04:01:18,delivered,2025-10-09 04:01:18,2025-10-08 04:01:18
O004119,C02146,2025-09-12 00:43:21,delivered,2025-09-16 00:43:21,2025-09-18 00:43:21
O004120,C01708,2024-09-29 04:03:21,delivered,2024-10-08 04:03:21,2024-10-12 04:03:21
O004121,C01030,2025-03-27 13:09:09,delivered,2025-04-07 13:09:09,2025-04-07 13:09:09
O004122,C00506,2024-10-01 01:22:26,delivered,2024-10-11 01:22:26,2024-10-09 01:22:26
O004123,C01032,2024-10-20 11:09:55,delivered,2024-10-24 11:09:55,2024-10-26 11:09:55
O004124,C00704,2024-07-01 03:39:21,delivered,2024-07-07 03:39:21,2024-07-07 03:39:21
O004125,C00261,2026-04-04 10:58:00,delivered,2026-04-11 10:58:00,2026-04-14 10:58:00
O004126,C00581,2024-01-01 18:04:16,shipped,2024-01-07 18:04:16,
O004127,C01487,2026-06-29 16:54:08,delivered,2026-07-05 16:54:08,2026-07-07 16:54:08
O004128,C00905,2026-03-27 13:21:47,delivered,2026-03-29 13:21:47,2026-03-31 13:21:47
O004129,C01951,2024-10-20 05:51:07,delivered,2024-10-30 05:51:07,2024-10-22 05:51:07
O004130,C00555,2024-10-08 11:11:18,delivered,2024-10-14 11:11:18,2024-10-14 11:11:18
O004131,C00247,2025-02-12 21:48:33,delivered,2025-02-19 21:48:33,2025-02-19 21:48:33
O004132,C00018,2026-02-04 18:20:20,delivered,2026-02-07 18:20:20,2026-02-10 18:20:20
O004133,C00902,2024-12-09 13:46:07,delivered,2024-12-21 13:46:07,2024-12-18 13:46:07
O004134,C01157,2026-02-01 11:43:09,delivered,2026-02-10 11:43:09,2026-02-02 11:43:09
O004135,C01551,2026-01-23 09:46:03,delivered,2026-01-30 09:46:03,2026-01-30 09:46:03
O004136,C01590,2024-07-07 13:23:13,delivered,2024-07-11 13:23:13,2024-07-17 13:23:13
O004137,C01116,2025-06-22 07:31:35,delivered,2025-06-27 07:31:35,2025-06-28 07:31:35
O004138,C01902,2025-11-19 09:56:39,delivered,2025-11-27 09:56:39,2025-11-20 09:56:39
O004139,C00281,2025-07-08 19:47:22,cancelled,2025-07-14 19:47:22,
O004140,C01541,2024-01-10 19:51:45,delivered,2024-01-12 19:51:45,2024-01-12 19:51:45
O004141,C02488,2025-04-29 07:02:24,cancelled,2025-05-03 07:02:24,
O004142,C00037,2025-09-04 09:53:44,delivered,2025-09-10 09:53:44,2025-09-08 09:53:44
O004143,C00375,2025-04-27 19:52:36,delivered,2025-05-08 19:52:36,2025-04-30 19:52:36
O004144,C00443,2025-06-28 21:08:41,cancelled,2025-07-06 21:08:41,
O004145,C01871,2024-04-29 16:17:36,delivered,2024-05-01 16:17:36,2024-05-03 16:17:36
O004146,C02466,2024-06-10 16:18:24,delivered,2024-06-14 16:18:24,2024-06-16 16:18:24
O004147,C00924,2025-05-31 03:34:29,delivered,2025-06-03 03:34:29,2025-06-04 03:34:29
O004148,C00080,2025-12-01 07:31:04,delivered,2025-12-10 07:31:04,2025-12-06 07:31:04
O004149,C00159,2024-08-22 06:25:30,delivered,2024-08-31 06:25:30,2024-08-26 06:25:30
O004150,C01568,2025-10-17 07:52:51,delivered,2025-10-23 07:52:51,2025-10-23 07:52:51
O004151,C01691,2025-07-12 05:18:05,shipped,2025-07-23 05:18:05,
O004152,C01066,2025-11-17 13:21:29,delivered,2025-11-20 13:21:29,2025-11-18 13:21:29
O004153,C00712,2024-11-23 11:59:31,delivered,2024-11-25 11:59:31,2024-11-30 11:59:31
O004154,C02377,2025-08-29 21:47:29,cancelled,,
O004155,C00562,2025-04-16 08:12:56,delivered,2025-04-26 08:12:56,2025-04-20 08:12:56
O004156,C01120,2025-05-06 06:57:06,delivered,2025-05-14 06:57:06,2025-05-15 06:57:06
O004157,C01613,2025-09-11 06:28:08,delivered,2025-09-13 06:28:08,2025-09-19 06:28:08
O004158,C02450,2024-12-16 12:21:30,delivered,2024-12-24 12:21:30,2024-12-21 12:21:30
O004159,C02226,2025-02-02 22:30:04,delivered,2025-02-07 22:30:04,2025-02-13 22:30:04
O004160,C02383,2024-09-09 20:05:05,delivered,2024-09-20 20:05:05,2024-09-14 20:05:05
O004161,C01988,2024-08-12 21:59:50,cancelled,2024-08-18 21:59:50,
O004162,C01522,2024-01-28 09:00:39,delivered,2024-02-09 09:00:39,2024-02-09 09:00:39
O004163,C00170,2025-02-22 07:19:00,delivered,2025-02-25 07:19:00,2025-02-25 07:19:00
O004164,C01025,2025-08-04 16:21:20,delivered,2025-08-14 16:21:20,2025-08-07 16:21:20
O004165,C02048,2025-01-12 14:22:06,delivered,2025-01-20 14:22:06,2025-01-13 14:22:06
O004166,C00706,2026-03-16 23:05:45,delivered,2026-03-20 23:05:45,2026-03-20 23:05:45
O004167,C00392,2025-01-27 07:27:52,processing,2025-02-05 07:27:52,
O004168,C02428,2025-08-05 07:12:48,shipped,2025-08-08 07:12:48,
O004169,C01443,2025-03-24 09:06:41,delivered,2025-03-29 09:06:41,2025-03-31 09:06:41
O004170,C01052,2024-01-04 22:21:43,delivered,2024-01-15 22:21:43,2024-01-05 22:21:43
O004171,C00727,2025-08-23 05:50:57,delivered,2025-08-31 05:50:57,2025-08-28 05:50:57
O004172,C00138,2025-01-19 17:19:59,delivered,2025-01-29 17:19:59,2025-01-27 17:19:59
O004173,C02291,2024-04-13 06:54:25,delivered,,2024-04-17 06:54:25
O004174,C01782,2024-02-03 20:50:49,delivered,2024-02-05 20:50:49,2024-02-11 20:50:49
O004175,C02484,2025-07-13 18:35:08,delivered,2025-07-23 18:35:08,2025-07-14 18:35:08
O004176,C02051,2024-03-07 03:07:30,cancelled,2024-03-13 03:07:30,
O004177,C01164,2026-03-04 00:01:49,delivered,2026-03-12 00:01:49,2026-03-08 00:01:49
O004178,C02143,2025-03-21 12:35:40,cancelled,2025-03-30 12:35:40,
O004179,C01191,2024-07-27 21:17:49,delivered,2024-08-05 21:17:49,2024-08-04 21:17:49
O004180,C00769,2025-01-11 02:45:15,delivered,2025-01-19 02:45:15,2025-01-17 02:45:15
O004181,C00621,2025-09-29 18:43:29,delivered,2025-10-11 18:43:29,2025-10-07 18:43:29
O004182,C01379,2025-07-15 17:10:51,delivered,2025-07-27 17:10:51,2025-07-25 17:10:51
O004183,C02097,2024-01-04 08:42:05,delivered,2024-01-06 08:42:05,2024-01-07 08:42:05
O004184,C01257,2026-06-18 20:48:40,delivered,2026-06-30 20:48:40,2026-06-23 20:48:40
O004185,C02408,2024-02-17 13:15:25,processing,2024-02-23 13:15:25,
O004186,C01461,2024-11-13 09:42:01,delivered,2024-11-25 09:42:01,2024-11-18 09:42:01
O004187,C02417,2024-04-03 17:26:59,shipped,2024-04-08 17:26:59,
O004188,C00101,2025-11-26 08:03:09,delivered,2025-11-28 08:03:09,2025-12-03 08:03:09
O004189,C00868,2025-09-12 13:45:05,delivered,2025-09-22 13:45:05,2025-09-19 13:45:05
O004190,C02474,2025-05-12 07:54:06,delivered,2025-05-23 07:54:06,2025-05-19 07:54:06
O004191,C00412,2025-07-17 11:33:24,delivered,2025-07-21 11:33:24,2025-07-19 11:33:24
O004192,C02122,2024-01-16 19:37:20,delivered,2024-01-21 19:37:20,2024-01-25 19:37:20
O004193,C01974,2026-01-16 21:51:34,delivered,2026-01-19 21:51:34,2026-01-24 21:51:34
O004194,C02218,2025-11-18 08:31:53,delivered,2025-11-29 08:31:53,2025-11-24 08:31:53
O004195,C01579,2024-07-26 01:54:19,delivered,2024-07-31 01:54:19,2024-07-29 01:54:19
O004196,C01215,2025-10-17 22:59:24,delivered,2025-10-19 22:59:24,2025-10-19 22:59:24
O004197,C01504,2025-11-03 18:51:40,delivered,2025-11-09 18:51:40,2025-11-04 18:51:40
O004198,C00892,2024-05-06 22:38:16,delivered,2024-05-11 22:38:16,2024-05-15 22:38:16
O004199,C02402,2026-01-08 14:21:06,shipped,2026-01-15 14:21:06,
O004200,C00157,2026-06-05 21:49:14,delivered,2026-06-12 21:49:14,2026-06-13 21:49:14
O004201,C00579,2024-02-07 22:37:27,delivered,2024-02-14 22:37:27,2024-02-13 22:37:27
O004202,C00422,2024-11-03 14:53:08,returned,2024-11-06 14:53:08,2024-11-11 14:53:08
O004203,C00654,2025-10-24 00:13:20,delivered,2025-11-05 00:13:20,2025-11-01 00:13:20
O004204,C00342,2025-09-29 20:48:48,delivered,2025-10-02 20:48:48,2025-10-04 20:48:48
O004205,C01807,2026-03-21 14:08:54,delivered,2026-03-31 14:08:54,2026-03-30 14:08:54
O004206,C00585,2025-01-17 16:47:24,delivered,2025-01-28 16:47:24,2025-01-23 16:47:24
O004207,C01661,2025-01-20 22:20:27,delivered,2025-01-23 22:20:27,2025-01-22 22:20:27
O004208,C00885,2026-05-04 09:23:59,delivered,2026-05-15 09:23:59,2026-05-11 09:23:59
O004209,C01179,2024-07-04 10:58:52,delivered,2024-07-14 10:58:52,2024-07-12 10:58:52
O004210,C00603,2026-05-20 19:44:52,delivered,2026-05-29 19:44:52,2026-05-30 19:44:52
O004211,C02164,2026-04-03 19:41:34,cancelled,2026-04-12 19:41:34,
O004212,C01620,2025-06-01 09:21:33,delivered,,2025-06-07 09:21:33
O004213,C01447,2024-03-29 17:47:07,delivered,2024-04-03 17:47:07,2024-04-04 17:47:07
O004214,C02313,2024-05-08 08:27:33,delivered,2024-05-11 08:27:33,2024-05-17 08:27:33
O004215,C02385,2025-03-31 04:58:27,delivered,2025-04-12 04:58:27,2025-04-09 04:58:27
O004216,C00742,2024-02-15 03:50:46,delivered,2024-02-17 03:50:46,2024-02-22 03:50:46
O004217,C01891,2024-01-30 13:00:30,returned,2024-02-07 13:00:30,2024-02-07 13:00:30
O004218,C02252,2025-09-17 10:00:31,delivered,2025-09-20 10:00:31,2025-09-21 10:00:31
O004219,C01081,2026-05-08 04:52:52,delivered,2026-05-13 04:52:52,2026-05-11 04:52:52
O004220,C01758,2026-03-06 19:58:31,delivered,2026-03-17 19:58:31,2026-03-09 19:58:31
O004221,C00029,2024-05-17 14:34:20,delivered,2024-05-23 14:34:20,2024-05-25 14:34:20
O004222,C02000,2024-10-09 17:58:30,delivered,2024-10-11 17:58:30,2024-10-14 17:58:30
O004223,C01614,2024-04-16 11:37:40,delivered,2024-04-21 11:37:40,2024-04-19 11:37:40
O004224,C01155,2025-01-15 14:17:52,delivered,2025-01-24 14:17:52,2025-01-20 14:17:52
O004225,C01538,2024-01-12 00:46:30,delivered,2024-01-20 00:46:30,2024-01-16 00:46:30
O004226,C01630,2026-06-22 18:17:05,delivered,2026-06-24 18:17:05,2026-06-29 18:17:05
O004227,C00154,2024-05-02 04:16:23,delivered,2024-05-12 04:16:23,2024-05-14 04:16:23
O004228,C02110,2025-04-19 08:25:15,delivered,2025-04-28 08:25:15,2025-04-23 08:25:15
O004229,C01218,2024-01-02 02:06:39,shipped,2024-01-06 02:06:39,
O004230,C01469,2024-02-26 07:21:46,delivered,2024-03-01 07:21:46,2024-02-29 07:21:46
O004231,C01052,2025-03-12 15:47:49,returned,2025-03-14 15:47:49,2025-03-20 15:47:49
O004232,C01586,2025-09-13 18:57:27,delivered,2025-09-22 18:57:27,2025-09-18 18:57:27
O004233,C01088,2024-10-31 12:41:46,delivered,2024-11-09 12:41:46,2024-11-01 12:41:46
O004234,C01057,2025-04-19 15:34:54,delivered,2025-04-25 15:34:54,2025-04-25 15:34:54
O004235,C01100,2026-03-21 19:32:42,shipped,2026-04-02 19:32:42,
O004236,C02389,2024-12-06 16:50:31,delivered,2024-12-13 16:50:31,2024-12-10 16:50:31
O004237,C00091,2024-10-22 18:31:07,delivered,2024-10-24 18:31:07,2024-10-26 18:31:07
O004238,C01385,2025-02-16 13:47:20,delivered,2025-02-22 13:47:20,2025-02-26 13:47:20
O004239,C01184,2024-02-06 18:58:03,delivered,2024-02-16 18:58:03,2024-02-08 18:58:03
O004240,C02351,2025-11-24 23:07:50,delivered,2025-11-26 23:07:50,2025-11-26 23:07:50
O004241,C01766,2024-04-03 04:22:17,delivered,2024-04-14 04:22:17,2024-04-12 04:22:17
O004242,C00361,2025-12-13 22:15:25,delivered,2025-12-21 22:15:25,2025-12-14 22:15:25
O004243,C00765,2024-03-14 23:18:25,shipped,2024-03-17 23:18:25,
O004244,C01945,2025-08-29 03:10:12,shipped,2025-08-31 03:10:12,
O004245,C00093,2026-05-15 12:37:35,delivered,2026-05-18 12:37:35,2026-05-16 12:37:35
O004246,C02037,2024-09-23 20:41:54,delivered,2024-09-29 20:41:54,2024-10-04 20:41:54
O004247,C01798,2025-01-13 04:12:13,delivered,2025-01-22 04:12:13,2025-01-17 04:12:13
O004248,C00669,2026-06-25 05:29:21,processing,2026-06-27 05:29:21,
O004249,C01793,2025-05-31 06:31:17,delivered,2025-06-11 06:31:17,2025-06-07 06:31:17
O004250,C01565,2024-12-14 05:15:15,delivered,2024-12-19 05:15:15,2024-12-16 05:15:15
O004251,C00827,2025-07-03 00:39:40,shipped,2025-07-06 00:39:40,
O004252,C01711,2024-09-13 12:29:50,delivered,2024-09-25 12:29:50,2024-09-20 12:29:50
O004253,C01344,2024-12-08 16:07:53,delivered,2024-12-10 16:07:53,2024-12-11 16:07:53
O004254,C00954,2025-05-31 08:55:24,delivered,2025-06-03 08:55:24,2025-06-07 08:55:24
O004255,C01323,2026-05-20 23:45:30,delivered,2026-06-01 23:45:30,2026-05-26 23:45:30
O004256,C01585,2024-05-20 06:17:38,delivered,2024-05-31 06:17:38,2024-05-25 06:17:38
O004257,C01955,2024-11-05 20:02:04,delivered,2024-11-08 20:02:04,2024-11-11 20:02:04
O004258,C00970,2025-03-28 22:14:27,delivered,2025-04-08 22:14:27,2025-04-03 22:14:27
O004259,C02108,2024-08-19 17:07:25,shipped,2024-08-27 17:07:25,
O004260,C02373,2025-05-28 01:06:56,cancelled,2025-06-01 01:06:56,
O004261,C01337,2025-08-06 04:09:22,processing,2025-08-09 04:09:22,
O004262,C00763,2025-10-19 21:02:08,delivered,2025-10-24 21:02:08,2025-10-23 21:02:08
O004263,C02354,2025-05-17 11:36:51,delivered,2025-05-22 11:36:51,2025-05-22 11:36:51
O004264,C01674,2024-02-28 14:41:07,processing,2024-03-11 14:41:07,
O004265,C01714,2024-12-23 16:16:31,delivered,2024-12-28 16:16:31,2024-12-30 16:16:31
O004266,C01089,2026-03-09 08:03:47,delivered,2026-03-18 08:03:47,2026-03-12 08:03:47
O004267,C00915,2024-04-04 14:23:49,delivered,2024-04-13 14:23:49,2024-04-09 14:23:49
O004268,C01014,2024-12-08 02:39:11,processing,2024-12-18 02:39:11,
O004269,C00493,2025-04-22 18:59:14,delivered,2025-04-24 18:59:14,2025-04-25 18:59:14
O004270,C01484,2024-09-15 16:24:51,delivered,2024-09-22 16:24:51,2024-09-18 16:24:51
O004271,C00536,2024-06-04 02:08:44,delivered,2024-06-10 02:08:44,2024-06-09 02:08:44
O004272,C00014,2024-05-02 17:06:16,delivered,2024-05-04 17:06:16,2024-05-08 17:06:16
O004273,C00545,2024-12-08 02:58:26,delivered,2024-12-13 02:58:26,2024-12-14 02:58:26
O004274,C01639,2025-10-16 17:51:03,delivered,2025-10-28 17:51:03,2025-10-23 17:51:03
O004275,C00064,2026-03-16 22:17:38,delivered,2026-03-26 22:17:38,2026-03-21 22:17:38
O004276,C02440,2024-12-17 12:13:19,returned,2024-12-28 12:13:19,2024-12-24 12:13:19
O004277,C00338,2024-04-01 11:59:03,delivered,2024-04-09 11:59:03,2024-04-07 11:59:03
O004278,C01157,2025-07-17 06:11:28,delivered,2025-07-20 06:11:28,2025-07-23 06:11:28
O004279,C00368,2025-01-28 04:45:15,delivered,2025-01-30 04:45:15,2025-01-30 04:45:15
O004280,C00906,2025-07-19 15:06:15,delivered,2025-07-25 15:06:15,2025-07-22 15:06:15
O004281,C00806,2026-03-14 12:06:08,delivered,2026-03-19 12:06:08,2026-03-22 12:06:08
O004282,C00072,2026-05-13 13:46:49,shipped,2026-05-17 13:46:49,
O004283,C01707,2026-02-25 20:27:23,delivered,2026-03-02 20:27:23,2026-02-28 20:27:23
O004284,C01807,2026-04-01 00:46:42,delivered,2026-04-13 00:46:42,2026-04-07 00:46:42
O004285,C00773,2026-01-30 21:49:49,cancelled,2026-02-03 21:49:49,
O004286,C01646,2024-11-14 16:00:41,delivered,2024-11-22 16:00:41,2024-11-22 16:00:41
O004287,C01225,2025-09-14 17:51:46,delivered,2025-09-16 17:51:46,2025-09-16 17:51:46
O004288,C02270,2025-02-24 02:38:49,delivered,2025-03-03 02:38:49,2025-03-06 02:38:49
O004289,C00485,2024-02-19 21:57:31,shipped,2024-03-01 21:57:31,
O004290,C00569,2024-11-21 04:36:52,processing,,
O004291,C01669,2024-06-22 17:30:38,delivered,2024-07-01 17:30:38,2024-06-25 17:30:38
O004292,C01089,2025-12-18 16:30:45,delivered,2025-12-22 16:30:45,2025-12-20 16:30:45
O004293,C02061,2024-05-02 15:50:08,cancelled,2024-05-09 15:50:08,
O004294,C00677,2025-02-01 20:17:58,delivered,2025-02-06 20:17:58,2025-02-05 20:17:58
O004295,C01715,2024-11-11 13:27:54,returned,2024-11-19 13:27:54,2024-11-20 13:27:54
O004296,C00435,2026-04-05 11:38:56,delivered,2026-04-11 11:38:56,2026-04-09 11:38:56
O004297,C01052,2025-01-05 17:28:51,delivered,2025-01-08 17:28:51,2025-01-06 17:28:51
O004298,C02265,2024-01-28 00:27:49,delivered,2024-01-30 00:27:49,2024-02-05 00:27:49
O004299,C00323,2024-07-31 21:57:25,delivered,2024-08-03 21:57:25,2024-08-06 21:57:25
O004300,C01096,2025-06-06 02:33:53,delivered,2025-06-12 02:33:53,2025-06-14 02:33:53
O004301,C01241,2024-07-09 16:39:32,delivered,2024-07-11 16:39:32,2024-07-10 16:39:32
O004302,C01110,2024-08-10 04:52:06,shipped,2024-08-13 04:52:06,
O004303,C01542,2026-01-21 22:26:49,delivered,2026-01-23 22:26:49,2026-01-31 22:26:49
O004304,C01481,2026-02-02 13:49:58,delivered,2026-02-11 13:49:58,2026-02-07 13:49:58
O004305,C01926,2024-08-05 16:38:00,delivered,2024-08-15 16:38:00,2024-08-15 16:38:00
O004306,C00887,2024-06-01 12:04:59,delivered,2024-06-06 12:04:59,2024-06-05 12:04:59
O004307,C02208,2025-10-04 12:22:21,cancelled,2025-10-14 12:22:21,
O004308,C00964,2024-07-31 09:49:55,delivered,2024-08-02 09:49:55,2024-08-01 09:49:55
O004309,C00746,2025-08-14 12:41:15,shipped,2025-08-16 12:41:15,
O004310,C01156,2026-03-26 20:40:19,delivered,2026-04-02 20:40:19,2026-04-01 20:40:19
O004311,C02161,2024-07-12 17:45:00,delivered,2024-07-14 17:45:00,2024-07-20 17:45:00
O004312,C01313,2024-11-15 19:36:33,delivered,2024-11-24 19:36:33,2024-11-20 19:36:33
O004313,C01721,2025-12-06 05:12:45,delivered,2025-12-17 05:12:45,2025-12-09 05:12:45
O004314,C02394,2025-06-07 11:00:41,delivered,2025-06-15 11:00:41,2025-06-14 11:00:41
O004315,C01188,2024-11-30 16:46:15,delivered,2024-12-05 16:46:15,2024-12-09 16:46:15
O004316,C00479,2026-01-01 01:23:00,processing,2026-01-06 01:23:00,
O004317,C00883,2026-03-24 18:58:40,delivered,2026-03-28 18:58:40,2026-04-02 18:58:40
O004318,C00212,2025-10-16 03:58:35,shipped,2025-10-20 03:58:35,
O004319,C01309,2025-05-20 07:44:50,delivered,2025-05-26 07:44:50,2025-05-25 07:44:50
O004320,C00187,2025-07-31 14:04:01,delivered,2025-08-03 14:04:01,2025-08-09 14:04:01
O004321,C01461,2025-01-24 23:59:59,delivered,2025-01-28 23:59:59,2025-02-01 23:59:59
O004322,C02292,2024-11-13 03:24:28,delivered,2024-11-24 03:24:28,2024-11-17 03:24:28
O004323,C00909,2025-06-24 21:40:24,delivered,2025-06-27 21:40:24,2025-06-27 21:40:24
O004324,C01019,2024-09-13 03:36:51,delivered,2024-09-16 03:36:51,2024-09-22 03:36:51
O004325,C01557,2025-01-16 03:51:41,delivered,2025-01-28 03:51:41,2025-01-21 03:51:41
O004326,C01504,2024-10-16 12:52:59,delivered,2024-10-20 12:52:59,2024-10-24 12:52:59
O004327,C00209,2025-06-26 22:38:47,delivered,2025-07-06 22:38:47,2025-07-02 22:38:47
O004328,C02307,2025-07-12 08:06:22,delivered,2025-07-14 08:06:22,2025-07-19 08:06:22
O004329,C01187,2025-05-16 08:23:44,delivered,2025-05-22 08:23:44,2025-05-24 08:23:44
O004330,C00367,2024-03-26 09:11:32,delivered,2024-03-31 09:11:32,2024-04-01 09:11:32
O004331,C01211,2025-06-07 22:21:41,cancelled,2025-06-14 22:21:41,
O004332,C00143,2024-11-04 21:08:23,delivered,2024-11-08 21:08:23,2024-11-11 21:08:23
O004333,C02417,2024-07-19 16:25:17,shipped,2024-07-31 16:25:17,
O004334,C01751,2026-02-18 04:14:01,delivered,2026-02-23 04:14:01,2026-03-01 04:14:01
O004335,C01984,2024-04-28 00:09:08,shipped,2024-05-02 00:09:08,
O004336,C01968,2025-12-02 12:09:20,delivered,2025-12-07 12:09:20,2025-12-10 12:09:20
O004337,C00471,2024-11-27 10:22:44,delivered,2024-12-05 10:22:44,2024-12-03 10:22:44
O004338,C00509,2025-03-14 03:04:18,delivered,2025-03-26 03:04:18,2025-03-22 03:04:18
O004339,C01217,2024-09-08 04:22:19,delivered,2024-09-10 04:22:19,2024-09-11 04:22:19
O004340,C00759,2025-02-25 05:39:47,delivered,2025-03-03 05:39:47,2025-03-02 05:39:47
O004341,C01991,2025-11-28 02:34:20,delivered,2025-12-02 02:34:20,2025-12-04 02:34:20
O004342,C00140,2024-12-10 11:54:03,delivered,2024-12-19 11:54:03,2024-12-16 11:54:03
O004343,C00122,2025-10-14 22:15:45,returned,2025-10-20 22:15:45,2025-10-21 22:15:45
O004344,C01341,2024-07-28 07:13:37,delivered,2024-08-07 07:13:37,2024-08-06 07:13:37
O004345,C01014,2025-04-29 20:38:37,delivered,2025-05-06 20:38:37,2025-04-30 20:38:37
O004346,C00230,2024-03-15 16:52:05,shipped,2024-03-19 16:52:05,
O004347,C01269,2024-11-26 07:02:06,delivered,2024-12-03 07:02:06,2024-12-03 07:02:06
O004348,C01942,2026-02-09 07:05:00,delivered,2026-02-14 07:05:00,2026-02-10 07:05:00
O004349,C02363,2025-05-03 01:27:32,delivered,2025-05-13 01:27:32,2025-05-07 01:27:32
O004350,C02182,2024-01-16 21:27:48,cancelled,2024-01-25 21:27:48,
O004351,C00433,2025-11-24 14:59:07,delivered,2025-12-05 14:59:07,2025-11-29 14:59:07
O004352,C00162,2025-08-25 07:52:24,delivered,2025-08-31 07:52:24,2025-09-04 07:52:24
O004353,C00017,2025-01-14 07:48:06,cancelled,2025-01-17 07:48:06,
O004354,C02395,2024-12-26 19:00:13,delivered,2025-01-02 19:00:13,2025-01-02 19:00:13
O004355,C01788,2025-03-20 08:37:47,delivered,2025-03-31 08:37:47,2025-03-30 08:37:47
O004356,C00538,2025-05-24 20:32:17,delivered,2025-05-31 20:32:17,2025-05-31 20:32:17
O004357,C00894,2025-04-01 18:39:21,delivered,2025-04-08 18:39:21,2025-04-04 18:39:21
O004358,C01988,2025-11-29 01:06:11,delivered,2025-12-02 01:06:11,2025-12-07 01:06:11
O004359,C01669,2024-12-02 15:41:11,delivered,2024-12-05 15:41:11,2024-12-06 15:41:11
O004360,C01897,2025-12-06 10:19:57,delivered,2025-12-12 10:19:57,2025-12-09 10:19:57
O004361,C02451,2024-08-31 00:02:26,delivered,2024-09-03 00:02:26,2024-09-07 00:02:26
O004362,C01409,2024-02-24 08:59:35,delivered,2024-03-05 08:59:35,2024-03-04 08:59:35
O004363,C00771,2025-12-12 11:40:56,delivered,2025-12-24 11:40:56,2025-12-16 11:40:56
O004364,C01565,2024-12-10 12:24:08,shipped,2024-12-21 12:24:08,
O004365,C01361,2026-02-24 19:15:21,delivered,2026-03-03 19:15:21,2026-03-01 19:15:21
O004366,C02252,2024-11-07 18:19:01,processing,2024-11-15 18:19:01,
O004367,C01244,2024-11-14 00:23:34,delivered,2024-11-18 00:23:34,2024-11-16 00:23:34
O004368,C01738,2024-10-04 03:20:25,shipped,2024-10-07 03:20:25,
O004369,C01138,2026-06-14 13:53:04,delivered,2026-06-22 13:53:04,2026-06-23 13:53:04
O004370,C02314,2025-03-12 17:59:08,delivered,2025-03-23 17:59:08,2025-03-19 17:59:08
O004371,C01047,2024-10-19 18:52:27,delivered,2024-10-24 18:52:27,2024-10-22 18:52:27
O004372,C01757,2024-01-20 19:05:46,delivered,2024-01-23 19:05:46,2024-01-21 19:05:46
O004373,C00222,2025-10-05 10:35:45,processing,2025-10-08 10:35:45,
O004374,C00476,2024-12-01 00:46:27,delivered,2024-12-05 00:46:27,2024-12-13 00:46:27
O004375,C02294,2025-03-29 13:27:39,delivered,2025-04-08 13:27:39,2025-04-06 13:27:39
O004376,C00669,2024-11-11 04:48:50,delivered,2024-11-19 04:48:50,2024-11-15 04:48:50
O004377,C00403,2026-04-14 08:53:20,cancelled,2026-04-23 08:53:20,
O004378,C02020,2024-10-09 23:07:13,delivered,2024-10-21 23:07:13,2024-10-14 23:07:13
O004379,C00979,2024-12-20 05:56:46,delivered,2024-12-24 05:56:46,2024-12-23 05:56:46
O004380,C00497,2024-05-23 16:05:28,delivered,2024-05-28 16:05:28,2024-05-28 16:05:28
O004381,C01157,2025-10-31 20:15:18,delivered,2025-11-08 20:15:18,2025-11-03 20:15:18
O004382,C00533,2024-11-29 16:30:36,delivered,2024-12-04 16:30:36,2024-12-03 16:30:36
O004383,C00945,2025-02-12 18:13:45,delivered,2025-02-21 18:13:45,2025-02-18 18:13:45
O004384,C02191,2025-03-30 17:02:11,delivered,2025-04-05 17:02:11,2025-03-31 17:02:11
O004385,C00515,2024-01-29 22:45:00,delivered,2024-02-10 22:45:00,2024-02-05 22:45:00
O004386,C01460,2024-11-06 00:29:05,delivered,2024-11-13 00:29:05,2024-11-10 00:29:05
O004387,C01212,2024-05-19 03:49:37,delivered,2024-05-30 03:49:37,2024-05-26 03:49:37
O004388,C01571,2026-06-06 08:06:33,returned,2026-06-15 08:06:33,2026-06-13 08:06:33
O004389,C01326,2024-05-18 13:32:11,processing,2024-05-21 13:32:11,
O004390,C00863,2024-02-05 07:11:14,returned,2024-02-16 07:11:14,2024-02-12 07:11:14
O004391,C01376,2024-01-27 11:26:28,delivered,2024-01-30 11:26:28,2024-02-04 11:26:28
O004392,C00177,2025-11-30 01:00:36,delivered,2025-12-06 01:00:36,2025-12-04 01:00:36
O004393,C02143,2024-12-21 14:11:14,delivered,2024-12-27 14:11:14,2024-12-27 14:11:14
O004394,C02190,2024-07-15 19:38:12,delivered,2024-07-27 19:38:12,2024-07-23 19:38:12
O004395,C01386,2024-02-25 01:11:12,delivered,2024-03-02 01:11:12,2024-03-01 01:11:12
O004396,C01580,2024-01-16 06:40:49,shipped,2024-01-21 06:40:49,
O004397,C00057,2024-10-14 11:54:29,delivered,2024-10-24 11:54:29,2024-10-25 11:54:29
O004398,C01905,2024-05-13 09:03:34,delivered,2024-05-25 09:03:34,2024-05-20 09:03:34
O004399,C00247,2024-12-16 02:15:40,delivered,2024-12-26 02:15:40,2024-12-22 02:15:40
O004400,C02344,2024-06-14 20:54:45,delivered,2024-06-18 20:54:45,2024-06-18 20:54:45
O004401,C00104,2026-02-01 12:16:14,returned,2026-02-13 12:16:14,2026-02-11 12:16:14
O004402,C01206,2024-01-25 07:03:14,delivered,2024-02-01 07:03:14,2024-01-31 07:03:14
O004403,C01567,2025-11-05 15:53:25,delivered,2025-11-10 15:53:25,2025-11-13 15:53:25
O004404,C00138,2025-04-30 08:08:31,delivered,2025-05-04 08:08:31,2025-05-05 08:08:31
O004405,C00584,2025-01-07 20:33:16,delivered,2025-01-13 20:33:16,2025-01-09 20:33:16
O004406,C02074,2025-05-22 11:43:47,delivered,,2025-05-28 11:43:47
O004407,C00583,2024-03-30 19:25:33,shipped,2024-04-05 19:25:33,
O004408,C01324,2025-08-02 07:59:03,delivered,2025-08-07 07:59:03,2025-08-10 07:59:03
O004409,C01554,2025-01-06 13:53:08,delivered,2025-01-13 13:53:08,2025-01-12 13:53:08
O004410,C00604,2026-04-05 02:43:40,delivered,2026-04-12 02:43:40,2026-04-14 02:43:40
O004411,C00217,2025-12-23 23:47:48,delivered,2026-01-01 23:47:48,2025-12-28 23:47:48
O004412,C02265,2024-12-11 09:14:51,delivered,2024-12-13 09:14:51,2024-12-17 09:14:51
O004413,C00125,2025-11-09 12:30:17,delivered,2025-11-12 12:30:17,2025-11-22 12:30:17
O004414,C02216,2025-07-16 03:28:02,shipped,2025-07-24 03:28:02,
O004415,C01884,2025-04-14 05:58:25,delivered,2025-04-20 05:58:25,2025-04-15 05:58:25
O004416,C00898,2024-11-25 22:29:04,delivered,2024-12-05 22:29:04,2024-12-05 22:29:04
O004417,C02243,2024-02-28 22:57:35,returned,2024-03-04 22:57:35,2024-03-05 22:57:35
O004418,C00424,2024-10-17 02:48:23,processing,2024-10-23 02:48:23,
O004419,C00196,2026-01-11 17:31:47,delivered,2026-01-21 17:31:47,2026-01-18 17:31:47
O004420,C00936,2025-05-30 22:33:55,returned,2025-06-01 22:33:55,2025-06-09 22:33:55
O004421,C00337,2024-08-19 10:38:22,delivered,2024-08-30 10:38:22,2024-08-21 10:38:22
O004422,C00440,2025-01-09 12:15:04,delivered,2025-01-19 12:15:04,2025-01-16 12:15:04
O004423,C00322,2024-10-23 11:02:06,delivered,2024-10-29 11:02:06,2024-11-02 11:02:06
O004424,C01014,2026-03-02 08:46:05,delivered,2026-03-14 08:46:05,2026-03-04 08:46:05
O004425,C02020,2025-01-29 08:45:21,delivered,2025-02-05 08:45:21,2025-02-03 08:45:21
O004426,C00404,2024-05-02 16:11:18,delivered,2024-05-09 16:11:18,2024-05-04 16:11:18
O004427,C00704,2025-10-24 15:34:56,delivered,2025-10-30 15:34:56,2025-10-29 15:34:56
O004428,C00070,2025-03-28 03:44:54,delivered,2025-04-01 03:44:54,2025-04-05 03:44:54
O004429,C01942,2025-03-22 01:59:32,delivered,2025-03-26 01:59:32,2025-03-28 01:59:32
O004430,C00472,2025-05-31 09:46:54,cancelled,2025-06-09 09:46:54,
O004431,C01244,2025-06-20 13:07:18,delivered,2025-06-29 13:07:18,2025-06-26 13:07:18
O004432,C00121,2024-12-22 22:17:41,delivered,2024-12-31 22:17:41,2024-12-25 22:17:41
O004433,C01801,2026-03-28 16:50:28,processing,2026-04-07 16:50:28,
O004434,C02098,2025-09-29 00:36:56,delivered,2025-10-09 00:36:56,2025-10-04 00:36:56
O004435,C00722,2025-07-03 17:22:40,delivered,2025-07-14 17:22:40,2025-07-09 17:22:40
O004436,C00215,2025-10-12 08:07:24,delivered,2025-10-17 08:07:24,2025-10-19 08:07:24
O004437,C00029,2024-07-16 13:56:12,delivered,2024-07-28 13:56:12,2024-07-22 13:56:12
O004438,C00126,2024-05-07 10:11:46,delivered,2024-05-17 10:11:46,2024-05-13 10:11:46
O004439,C01908,2024-01-13 00:03:05,shipped,2024-01-20 00:03:05,
O004440,C01983,2024-07-20 19:03:54,delivered,2024-07-26 19:03:54,2024-07-27 19:03:54
O004441,C01251,2026-03-16 21:20:47,delivered,2026-03-27 21:20:47,2026-03-18 21:20:47
O004442,C02049,2024-08-08 15:58:44,delivered,2024-08-20 15:58:44,2024-08-13 15:58:44
O004443,C00789,2024-10-13 00:47:36,delivered,2024-10-24 00:47:36,2024-10-22 00:47:36
O004444,C00454,2026-06-06 14:54:06,delivered,2026-06-12 14:54:06,2026-06-08 14:54:06
O004445,C01035,2025-05-19 22:07:09,delivered,2025-05-23 22:07:09,2025-05-20 22:07:09
O004446,C02416,2025-05-17 02:24:07,delivered,2025-05-25 02:24:07,2025-05-22 02:24:07
O004447,C01867,2025-09-13 23:14:36,delivered,2025-09-15 23:14:36,2025-09-18 23:14:36
O004448,C00186,2025-09-15 07:48:22,returned,2025-09-26 07:48:22,2025-09-22 07:48:22
O004449,C00436,2025-09-04 00:36:25,delivered,2025-09-13 00:36:25,2025-09-14 00:36:25
O004450,C00207,2025-09-08 01:04:56,delivered,2025-09-10 01:04:56,2025-09-10 01:04:56
O004451,C00607,2025-12-31 02:11:45,returned,2026-01-04 02:11:45,2026-01-05 02:11:45
O004452,C01071,2025-08-20 13:07:46,cancelled,2025-08-30 13:07:46,
O004453,C00630,2024-03-30 13:36:22,delivered,2024-04-11 13:36:22,2024-04-05 13:36:22
O004454,C00202,2024-03-01 22:52:36,delivered,2024-03-04 22:52:36,2024-03-07 22:52:36
O004455,C01972,2025-02-27 11:30:06,delivered,2025-03-08 11:30:06,2025-03-08 11:30:06
O004456,C01199,2025-06-13 13:55:13,returned,2025-06-16 13:55:13,2025-06-23 13:55:13
O004457,C01346,2026-04-12 17:59:55,delivered,2026-04-18 17:59:55,2026-04-18 17:59:55
O004458,C00943,2025-08-20 06:57:32,shipped,2025-08-26 06:57:32,
O004459,C00312,2024-07-30 02:25:16,delivered,2024-08-10 02:25:16,2024-08-07 02:25:16
O004460,C00611,2024-04-28 05:05:45,delivered,2024-05-02 05:05:45,2024-05-02 05:05:45
O004461,C01635,2025-08-27 20:02:38,delivered,2025-09-03 20:02:38,2025-08-30 20:02:38
O004462,C02180,2025-06-19 05:04:34,delivered,2025-06-26 05:04:34,2025-06-22 05:04:34
O004463,C00296,2024-03-11 11:30:11,returned,2024-03-20 11:30:11,2024-03-14 11:30:11
O004464,C00856,2024-08-09 04:48:37,delivered,2024-08-19 04:48:37,2024-08-12 04:48:37
O004465,C02391,2025-06-06 09:11:49,returned,2025-06-10 09:11:49,2025-06-14 09:11:49
O004466,C01961,2026-02-20 02:54:18,cancelled,2026-02-26 02:54:18,
O004467,C01614,2025-02-25 00:37:10,delivered,2025-02-28 00:37:10,2025-03-03 00:37:10
O004468,C00334,2026-03-04 05:58:35,delivered,2026-03-10 05:58:35,2026-03-11 05:58:35
O004469,C02386,2026-02-16 20:32:12,cancelled,2026-02-27 20:32:12,
O004470,C00491,2025-05-01 01:09:38,delivered,2025-05-04 01:09:38,2025-05-09 01:09:38
O004471,C02460,2025-08-18 20:20:20,delivered,2025-08-27 20:20:20,2025-08-24 20:20:20
O004472,C01967,2025-11-29 13:13:41,delivered,2025-12-10 13:13:41,2025-12-03 13:13:41
O004473,C02379,2025-01-15 22:01:01,returned,2025-01-22 22:01:01,2025-01-25 22:01:01
O004474,C02464,2026-05-14 13:48:54,delivered,2026-05-20 13:48:54,2026-05-23 13:48:54
O004475,C01471,2026-05-28 08:35:54,delivered,2026-06-03 08:35:54,2026-05-31 08:35:54
O004476,C01217,2024-11-01 11:50:44,delivered,2024-11-08 11:50:44,2024-11-06 11:50:44
O004477,C02267,2025-12-17 21:31:00,processing,2025-12-27 21:31:00,
O004478,C01244,2026-06-11 12:25:12,shipped,2026-06-21 12:25:12,
O004479,C01643,2025-11-26 06:29:11,delivered,2025-11-30 06:29:11,2025-11-27 06:29:11
O004480,C00346,2025-08-15 05:40:01,delivered,2025-08-22 05:40:01,2025-08-18 05:40:01
O004481,C01056,2025-04-15 10:58:28,processing,2025-04-20 10:58:28,
O004482,C00694,2026-05-29 16:17:58,delivered,2026-06-03 16:17:58,2026-06-03 16:17:58
O004483,C00258,2024-08-21 12:32:07,delivered,2024-08-29 12:32:07,2024-08-22 12:32:07
O004484,C00370,2026-06-05 12:06:05,delivered,2026-06-17 12:06:05,2026-06-10 12:06:05
O004485,C01047,2024-12-08 19:48:54,shipped,2024-12-12 19:48:54,
O004486,C00016,2024-05-31 10:38:35,delivered,2024-06-02 10:38:35,2024-06-05 10:38:35
O004487,C02295,2024-09-08 16:57:06,delivered,2024-09-15 16:57:06,2024-09-17 16:57:06
O004488,C01369,2025-10-07 07:15:27,shipped,2025-10-12 07:15:27,
O004489,C02380,2025-07-08 09:54:47,delivered,2025-07-11 09:54:47,2025-07-15 09:54:47
O004490,C00423,2024-09-09 04:04:00,delivered,2024-09-12 04:04:00,2024-09-11 04:04:00
O004491,C02129,2024-04-30 20:13:05,delivered,2024-05-12 20:13:05,2024-05-06 20:13:05
O004492,C00940,2025-05-19 11:10:45,delivered,2025-05-21 11:10:45,2025-05-24 11:10:45
O004493,C01727,2025-05-19 07:32:04,delivered,2025-05-29 07:32:04,2025-05-27 07:32:04
O004494,C01588,2024-05-26 15:51:05,delivered,2024-06-03 15:51:05,2024-06-02 15:51:05
O004495,C00197,2024-03-08 04:13:57,returned,2024-03-16 04:13:57,2024-03-17 04:13:57
O004496,C02423,2024-07-01 07:10:10,delivered,2024-07-04 07:10:10,2024-07-06 07:10:10
O004497,C02353,2024-06-21 02:06:03,delivered,2024-07-01 02:06:03,2024-06-28 02:06:03
O004498,C00464,2025-05-19 11:39:39,delivered,2025-05-29 11:39:39,2025-05-26 11:39:39
O004499,C01362,2025-06-26 06:49:15,delivered,2025-07-05 06:49:15,2025-07-02 06:49:15
O004500,C02477,2025-09-30 15:46:02,processing,2025-10-12 15:46:02,
O004501,C02088,2024-11-19 20:33:36,returned,2024-11-26 20:33:36,2024-11-24 20:33:36
O004502,C02052,2025-11-20 06:29:03,shipped,2025-11-22 06:29:03,
O004503,C01636,2024-12-12 23:06:54,delivered,2024-12-19 23:06:54,2024-12-19 23:06:54
O004504,C01361,2026-05-11 10:46:33,delivered,2026-05-14 10:46:33,2026-05-21 10:46:33
O004505,C01305,2025-07-21 17:55:47,delivered,2025-07-28 17:55:47,2025-07-30 17:55:47
O004506,C00550,2024-04-28 09:55:08,processing,2024-05-10 09:55:08,
O004507,C01780,2024-09-12 17:00:07,delivered,2024-09-19 17:00:07,2024-09-14 17:00:07
O004508,C00966,2024-04-24 04:45:12,shipped,2024-04-29 04:45:12,
O004509,C00957,2024-07-31 17:11:00,cancelled,2024-08-10 17:11:00,
O004510,C01528,2025-04-23 17:34:32,delivered,2025-04-28 17:34:32,2025-05-06 17:34:32
O004511,C00668,2025-07-16 22:17:11,delivered,2025-07-24 22:17:11,2025-07-17 22:17:11
O004512,C00159,2024-05-16 10:15:08,delivered,2024-05-27 10:15:08,2024-05-24 10:15:08
O004513,C00365,2024-06-26 11:40:06,delivered,2024-07-01 11:40:06,2024-06-28 11:40:06
O004514,C02278,2025-07-14 02:43:23,delivered,2025-07-24 02:43:23,2025-07-23 02:43:23
O004515,C00110,2025-06-20 22:06:24,delivered,2025-07-01 22:06:24,2025-06-27 22:06:24
O004516,C00631,2025-03-24 22:24:54,delivered,2025-04-05 22:24:54,2025-03-26 22:24:54
O004517,C01448,2026-05-25 05:35:26,delivered,2026-05-31 05:35:26,2026-05-30 05:35:26
O004518,C00713,2025-05-25 07:27:59,delivered,2025-06-04 07:27:59,2025-05-29 07:27:59
O004519,C01708,2026-02-19 03:47:04,shipped,2026-02-24 03:47:04,
O004520,C00178,2024-11-17 10:16:11,delivered,2024-11-19 10:16:11,2024-11-23 10:16:11
O004521,C00233,2026-06-15 06:45:49,delivered,2026-06-18 06:45:49,2026-06-19 06:45:49
O004522,C00145,2025-11-28 11:38:26,delivered,2025-12-04 11:38:26,2025-12-05 11:38:26
O004523,C00361,2025-08-24 12:55:23,delivered,2025-08-26 12:55:23,2025-08-31 12:55:23
O004524,C00804,2024-12-26 21:11:46,delivered,2025-01-02 21:11:46,2025-01-01 21:11:46
O004525,C02137,2026-03-21 18:55:24,delivered,2026-03-30 18:55:24,2026-03-24 18:55:24
O004526,C00722,2024-11-02 10:42:13,delivered,2024-11-07 10:42:13,2024-11-12 10:42:13
O004527,C01977,2026-01-16 14:26:33,delivered,2026-01-19 14:26:33,2026-01-19 14:26:33
O004528,C00966,2025-10-02 04:01:36,delivered,2025-10-08 04:01:36,2025-10-06 04:01:36
O004529,C01970,2025-01-15 12:13:53,delivered,2025-01-27 12:13:53,2025-01-23 12:13:53
O004530,C01584,2025-01-07 13:11:46,delivered,2025-01-16 13:11:46,2025-01-14 13:11:46
O004531,C01517,2024-08-01 00:53:38,cancelled,2024-08-12 00:53:38,
O004532,C00424,2024-01-17 01:43:28,delivered,2024-01-21 01:43:28,2024-01-18 01:43:28
O004533,C01025,2025-07-15 17:32:14,shipped,2025-07-23 17:32:14,
O004534,C01606,2025-12-20 13:48:45,delivered,2025-12-27 13:48:45,2025-12-24 13:48:45
O004535,C01025,2024-05-13 01:20:13,delivered,2024-05-21 01:20:13,2024-05-18 01:20:13
O004536,C02368,2024-02-05 15:39:48,delivered,2024-02-13 15:39:48,2024-02-16 15:39:48
O004537,C01534,2024-11-22 04:57:04,delivered,2024-11-26 04:57:04,2024-11-26 04:57:04
O004538,C01206,2024-03-15 13:55:43,delivered,2024-03-25 13:55:43,2024-03-17 13:55:43
O004539,C02141,2026-04-02 11:48:47,delivered,2026-04-05 11:48:47,2026-04-03 11:48:47
O004540,C01664,2024-03-01 17:29:15,delivered,2024-03-11 17:29:15,2024-03-10 17:29:15
O004541,C00395,2025-05-12 23:57:34,delivered,2025-05-14 23:57:34,2025-05-19 23:57:34
O004542,C01872,2024-03-12 21:05:58,delivered,2024-03-18 21:05:58,2024-03-18 21:05:58
O004543,C00113,2024-03-25 11:23:20,delivered,2024-04-05 11:23:20,2024-04-02 11:23:20
O004544,C01725,2025-01-04 02:06:42,delivered,2025-01-13 02:06:42,2025-01-08 02:06:42
O004545,C00022,2025-07-03 16:27:47,delivered,2025-07-12 16:27:47,2025-07-08 16:27:47
O004546,C01296,2025-11-02 08:22:06,delivered,2025-11-08 08:22:06,2025-11-09 08:22:06
O004547,C00765,2025-05-10 13:55:49,delivered,2025-05-16 13:55:49,2025-05-16 13:55:49
O004548,C02441,2024-06-15 02:02:19,cancelled,2024-06-19 02:02:19,
O004549,C01486,2026-03-19 02:55:37,delivered,,2026-03-20 02:55:37
O004550,C02434,2025-08-23 18:06:14,shipped,2025-09-03 18:06:14,
O004551,C00312,2025-05-21 04:35:48,delivered,2025-05-30 04:35:48,2025-05-30 04:35:48
O004552,C01929,2025-07-01 03:16:18,delivered,2025-07-09 03:16:18,2025-07-03 03:16:18
O004553,C00077,2025-03-17 23:30:37,delivered,2025-03-29 23:30:37,2025-03-22 23:30:37
O004554,C01653,2025-11-10 08:52:08,delivered,2025-11-14 08:52:08,2025-11-20 08:52:08
O004555,C00064,2024-08-23 16:17:10,delivered,2024-08-29 16:17:10,2024-08-25 16:17:10
O004556,C00737,2025-11-26 17:29:57,delivered,2025-12-06 17:29:57,2025-12-01 17:29:57
O004557,C01418,2025-02-04 16:23:53,shipped,2025-02-11 16:23:53,
O004558,C00263,2024-07-13 01:18:11,returned,2024-07-17 01:18:11,2024-07-20 01:18:11
O004559,C00698,2025-07-14 08:53:06,processing,2025-07-18 08:53:06,
O004560,C00076,2024-06-05 09:55:53,cancelled,2024-06-13 09:55:53,
O004561,C01086,2024-01-14 23:18:59,delivered,2024-01-23 23:18:59,2024-01-16 23:18:59
O004562,C01451,2024-04-12 05:21:49,delivered,2024-04-23 05:21:49,2024-04-19 05:21:49
O004563,C02243,2024-06-17 17:37:50,delivered,2024-06-26 17:37:50,2024-06-26 17:37:50
O004564,C01373,2025-09-19 14:29:30,delivered,2025-09-21 14:29:30,2025-09-23 14:29:30
O004565,C00184,2025-04-19 05:34:07,returned,2025-04-27 05:34:07,2025-04-23 05:34:07
O004566,C00411,2024-07-22 01:10:44,delivered,2024-08-03 01:10:44,2024-07-24 01:10:44
O004567,C01314,2024-11-18 18:54:05,delivered,2024-11-29 18:54:05,2024-11-25 18:54:05
O004568,C00222,2025-02-11 04:11:59,returned,2025-02-19 04:11:59,2025-02-15 04:11:59
O004569,C01006,2024-09-06 08:29:42,delivered,2024-09-12 08:29:42,2024-09-15 08:29:42
O004570,C02278,2025-02-12 13:29:01,delivered,2025-02-19 13:29:01,2025-02-22 13:29:01
O004571,C02210,2026-04-03 15:59:04,returned,2026-04-06 15:59:04,2026-04-12 15:59:04
O004572,C00359,2024-07-09 12:55:32,delivered,2024-07-18 12:55:32,2024-07-13 12:55:32
O004573,C01452,2024-06-29 22:54:18,delivered,2024-07-09 22:54:18,2024-07-07 22:54:18
O004574,C01742,2025-01-20 06:35:36,delivered,2025-01-29 06:35:36,2025-01-26 06:35:36
O004575,C01668,2025-04-17 07:33:18,delivered,2025-04-28 07:33:18,2025-04-20 07:33:18
O004576,C00970,2026-04-09 08:26:12,delivered,2026-04-11 08:26:12,2026-04-20 08:26:12
O004577,C01085,2026-03-31 18:21:25,processing,2026-04-05 18:21:25,
O004578,C00666,2024-11-26 18:33:12,delivered,2024-12-08 18:33:12,2024-12-05 18:33:12
O004579,C01036,2025-08-04 14:24:25,delivered,2025-08-11 14:24:25,2025-08-08 14:24:25
O004580,C01325,2025-08-27 21:39:11,delivered,2025-08-31 21:39:11,2025-09-02 21:39:11
O004581,C00865,2025-07-04 21:50:10,delivered,2025-07-09 21:50:10,2025-07-12 21:50:10
O004582,C00113,2024-08-28 05:45:51,delivered,2024-09-06 05:45:51,2024-09-03 05:45:51
O004583,C01393,2024-01-06 07:34:24,delivered,2024-01-10 07:34:24,2024-01-11 07:34:24
O004584,C02465,2024-02-14 06:16:14,delivered,2024-02-19 06:16:14,2024-02-17 06:16:14
O004585,C01148,2025-05-30 05:11:43,delivered,2025-06-07 05:11:43,2025-06-04 05:11:43
O004586,C00269,2024-03-16 22:00:09,delivered,2024-03-28 22:00:09,2024-03-22 22:00:09
O004587,C02412,2025-11-16 04:22:17,delivered,2025-11-28 04:22:17,2025-11-23 04:22:17
O004588,C02477,2024-06-12 06:28:13,processing,2024-06-17 06:28:13,
O004589,C01016,2024-06-10 19:34:45,shipped,2024-06-13 19:34:45,
O004590,C01949,2025-07-18 04:13:47,delivered,2025-07-28 04:13:47,2025-07-26 04:13:47
O004591,C01000,2025-11-14 17:38:14,cancelled,2025-11-18 17:38:14,
O004592,C01681,2024-08-13 09:49:35,delivered,2024-08-21 09:49:35,2024-08-22 09:49:35
O004593,C01134,2025-01-14 10:16:16,returned,2025-01-22 10:16:16,2025-01-20 10:16:16
O004594,C02045,2025-01-30 08:40:00,delivered,2025-02-08 08:40:00,2025-02-03 08:40:00
O004595,C00525,2026-01-22 12:44:20,delivered,2026-01-29 12:44:20,2026-01-28 12:44:20
O004596,C00409,2024-12-13 16:44:26,delivered,2024-12-19 16:44:26,2024-12-18 16:44:26
O004597,C01576,2024-01-27 20:11:38,cancelled,2024-02-07 20:11:38,
O004598,C00122,2024-01-15 12:03:53,delivered,2024-01-23 12:03:53,2024-01-26 12:03:53
O004599,C01065,2024-04-05 01:25:41,delivered,2024-04-16 01:25:41,2024-04-07 01:25:41
O004600,C00941,2024-02-03 07:49:03,delivered,2024-02-15 07:49:03,2024-02-04 07:49:03
O004601,C00350,2026-04-10 16:43:26,delivered,2026-04-17 16:43:26,2026-04-18 16:43:26
O004602,C02184,2026-01-14 04:59:40,delivered,2026-01-25 04:59:40,2026-01-17 04:59:40
O004603,C01308,2026-05-10 04:36:54,delivered,2026-05-16 04:36:54,2026-05-12 04:36:54
O004604,C02129,2025-11-22 14:32:16,delivered,2025-11-24 14:32:16,2025-11-26 14:32:16
O004605,C02338,2024-04-17 13:33:27,delivered,2024-04-21 13:33:27,2024-04-18 13:33:27
O004606,C01361,2025-01-09 04:53:48,delivered,2025-01-18 04:53:48,2025-01-18 04:53:48
O004607,C02331,2025-08-10 13:46:45,delivered,2025-08-19 13:46:45,2025-08-14 13:46:45
O004608,C01697,2025-01-21 01:22:17,delivered,2025-01-31 01:22:17,2025-02-01 01:22:17
O004609,C00304,2025-09-04 23:34:05,delivered,2025-09-16 23:34:05,2025-09-10 23:34:05
O004610,C00830,2026-06-28 10:09:18,delivered,2026-07-05 10:09:18,2026-07-07 10:09:18
O004611,C01051,2025-07-08 01:41:43,delivered,2025-07-18 01:41:43,2025-07-16 01:41:43
O004612,C02457,2024-11-12 10:32:50,processing,2024-11-19 10:32:50,
O004613,C01612,2025-07-13 18:24:03,delivered,2025-07-24 18:24:03,2025-07-16 18:24:03
O004614,C02081,2025-01-02 01:35:21,returned,2025-01-11 01:35:21,2025-01-18 01:35:21
O004615,C00923,2025-03-31 19:20:56,cancelled,2025-04-03 19:20:56,
O004616,C01637,2025-09-22 12:10:10,delivered,2025-10-04 12:10:10,2025-10-02 12:10:10
O004617,C01489,2026-06-29 05:25:17,delivered,2026-07-06 05:25:17,2026-07-04 05:25:17
O004618,C02339,2026-03-09 00:38:46,delivered,2026-03-13 00:38:46,2026-03-17 00:38:46
O004619,C02318,2026-06-14 05:47:58,delivered,2026-06-16 05:47:58,2026-06-19 05:47:58
O004620,C02044,2024-11-18 06:20:25,delivered,2024-11-30 06:20:25,2024-11-28 06:20:25
O004621,C01405,2024-05-07 21:28:58,delivered,2024-05-19 21:28:58,2024-05-08 21:28:58
O004622,C00314,2025-06-18 01:43:47,delivered,2025-06-30 01:43:47,2025-06-20 01:43:47
O004623,C01168,2024-04-03 21:10:32,delivered,2024-04-08 21:10:32,2024-04-10 21:10:32
O004624,C02157,2024-01-06 20:48:06,cancelled,2024-01-12 20:48:06,
O004625,C01136,2025-12-29 13:01:19,delivered,2026-01-09 13:01:19,2026-01-05 13:01:19
O004626,C00513,2026-06-19 05:16:14,delivered,2026-06-25 05:16:14,2026-06-25 05:16:14
O004627,C00447,2024-07-14 07:59:31,delivered,2024-07-17 07:59:31,2024-07-15 07:59:31
O004628,C01784,2024-08-10 14:50:12,delivered,2024-08-14 14:50:12,2024-08-16 14:50:12
O004629,C00590,2026-05-05 09:07:14,cancelled,2026-05-11 09:07:14,
O004630,C00224,2024-12-08 12:54:26,delivered,2024-12-13 12:54:26,2024-12-18 12:54:26
O004631,C01677,2026-02-04 16:57:10,delivered,2026-02-08 16:57:10,2026-02-12 16:57:10
O004632,C01020,2025-11-10 09:21:49,delivered,2025-11-22 09:21:49,2025-11-25 09:21:49
O004633,C00896,2024-05-16 01:29:59,shipped,2024-05-21 01:29:59,
O004634,C02378,2025-04-16 18:05:55,returned,2025-04-19 18:05:55,2025-04-25 18:05:55
O004635,C01149,2024-12-20 12:57:16,delivered,2024-12-29 12:57:16,2024-12-26 12:57:16
O004636,C02413,2025-07-03 10:14:01,delivered,2025-07-09 10:14:01,2025-07-10 10:14:01
O004637,C00423,2025-01-13 11:25:05,delivered,2025-01-22 11:25:05,2025-01-21 11:25:05
O004638,C01862,2024-12-07 18:41:09,delivered,2024-12-19 18:41:09,2024-12-09 18:41:09
O004639,C00458,2024-09-16 23:33:56,delivered,2024-09-20 23:33:56,2024-09-25 23:33:56
O004640,C00764,2025-09-08 08:23:49,delivered,2025-09-17 08:23:49,2025-09-20 08:23:49
O004641,C02249,2026-01-06 01:25:29,shipped,2026-01-13 01:25:29,
O004642,C00633,2024-12-21 04:40:54,delivered,2024-12-25 04:40:54,2024-12-27 04:40:54
O004643,C00392,2025-02-03 14:31:34,delivered,2025-02-11 14:31:34,2025-02-06 14:31:34
O004644,C00313,2026-02-11 07:03:45,delivered,2026-02-23 07:03:45,2026-02-18 07:03:45
O004645,C00305,2024-05-14 23:18:44,shipped,2024-05-26 23:18:44,
O004646,C02009,2025-11-22 00:22:58,delivered,2025-11-25 00:22:58,2025-11-29 00:22:58
O004647,C01900,2024-05-15 05:16:00,shipped,2024-05-25 05:16:00,
O004648,C01371,2025-01-07 16:38:51,cancelled,2025-01-19 16:38:51,
O004649,C02262,2025-01-15 08:52:28,delivered,2025-01-17 08:52:28,2025-01-16 08:52:28
O004650,C01416,2024-02-09 06:59:33,delivered,2024-02-19 06:59:33,2024-02-11 06:59:33
O004651,C01119,2024-07-22 15:48:05,delivered,2024-07-27 15:48:05,2024-07-27 15:48:05
O004652,C01102,2025-12-18 18:50:18,delivered,2025-12-27 18:50:18,2025-12-27 18:50:18
O004653,C02469,2024-07-26 06:15:38,delivered,2024-08-02 06:15:38,2024-07-27 06:15:38
O004654,C01516,2025-08-02 17:07:02,delivered,2025-08-10 17:07:02,2025-08-05 17:07:02
O004655,C00350,2025-04-30 19:48:44,delivered,2025-05-05 19:48:44,2025-05-03 19:48:44
O004656,C01114,2025-08-01 05:40:14,delivered,2025-08-05 05:40:14,2025-08-13 05:40:14
O004657,C01939,2025-03-27 19:11:27,delivered,2025-04-06 19:11:27,2025-04-02 19:11:27
O004658,C00046,2025-11-05 21:57:56,shipped,2025-11-14 21:57:56,
O004659,C00756,2025-04-08 09:32:06,cancelled,2025-04-14 09:32:06,
O004660,C02171,2025-06-11 01:20:44,delivered,2025-06-17 01:20:44,2025-06-14 01:20:44
O004661,C01589,2025-12-15 07:48:25,cancelled,2025-12-23 07:48:25,
O004662,C00083,2024-03-31 14:34:24,delivered,2024-04-09 14:34:24,2024-04-08 14:34:24
O004663,C01891,2025-10-25 15:53:23,delivered,2025-11-06 15:53:23,2025-11-01 15:53:23
O004664,C00650,2025-01-11 12:10:14,delivered,2025-01-21 12:10:14,2025-01-14 12:10:14
O004665,C01003,2025-09-27 11:43:58,delivered,2025-10-09 11:43:58,2025-09-28 11:43:58
O004666,C01025,2024-11-09 08:47:05,cancelled,2024-11-17 08:47:05,
O004667,C01257,2024-05-29 10:32:14,delivered,2024-06-06 10:32:14,2024-06-05 10:32:14
O004668,C01564,2025-08-23 23:55:47,delivered,2025-09-04 23:55:47,2025-08-28 23:55:47
O004669,C02495,2025-10-07 16:02:29,delivered,2025-10-17 16:02:29,2025-10-08 16:02:29
O004670,C02167,2024-04-18 01:14:22,delivered,2024-04-26 01:14:22,2024-04-22 01:14:22
O004671,C01841,2024-10-29 07:32:44,delivered,2024-11-01 07:32:44,2024-10-31 07:32:44
O004672,C01089,2024-07-22 05:04:53,delivered,2024-08-02 05:04:53,2024-07-30 05:04:53
O004673,C02132,2024-09-11 01:30:46,delivered,2024-09-15 01:30:46,2024-09-16 01:30:46
O004674,C02421,2025-06-28 03:23:21,delivered,2025-07-02 03:23:21,2025-07-01 03:23:21
O004675,C01539,2025-05-17 19:22:57,delivered,2025-05-29 19:22:57,2025-05-23 19:22:57
O004676,C01950,2026-03-23 07:55:40,delivered,2026-04-03 07:55:40,2026-03-29 07:55:40
O004677,C01436,2025-08-21 07:40:28,delivered,2025-09-02 07:40:28,2025-08-23 07:40:28
O004678,C02215,2026-03-31 02:28:44,delivered,2026-04-10 02:28:44,2026-04-08 02:28:44
O004679,C01742,2025-01-23 01:25:28,delivered,2025-01-29 01:25:28,2025-01-27 01:25:28
O004680,C01581,2024-03-03 22:35:39,delivered,2024-03-12 22:35:39,2024-03-09 22:35:39
O004681,C01124,2024-01-05 22:25:11,returned,2024-01-11 22:25:11,2024-01-14 22:25:11
O004682,C01181,2024-08-13 17:23:22,delivered,2024-08-19 17:23:22,2024-08-17 17:23:22
O004683,C01500,2025-05-03 20:05:46,delivered,2025-05-07 20:05:46,2025-05-10 20:05:46
O004684,C00304,2026-01-11 09:51:41,delivered,2026-01-20 09:51:41,2026-01-12 09:51:41
O004685,C00861,2024-03-19 16:50:58,delivered,2024-03-26 16:50:58,2024-03-26 16:50:58
O004686,C02163,2026-02-10 07:14:27,delivered,2026-02-21 07:14:27,2026-02-17 07:14:27
O004687,C01318,2025-09-14 21:59:38,delivered,2025-09-21 21:59:38,2025-09-23 21:59:38
O004688,C00032,2025-01-31 18:55:58,delivered,2025-02-04 18:55:58,2025-02-08 18:55:58
O004689,C01119,2025-09-29 04:40:32,delivered,2025-10-11 04:40:32,2025-10-05 04:40:32
O004690,C02497,2024-11-10 20:34:07,delivered,2024-11-12 20:34:07,2024-11-14 20:34:07
O004691,C01191,2026-04-22 00:17:11,delivered,2026-05-03 00:17:11,2026-04-26 00:17:11
O004692,C01940,2024-07-29 17:53:44,delivered,2024-08-01 17:53:44,2024-08-09 17:53:44
O004693,C00770,2025-10-06 10:26:15,delivered,2025-10-08 10:26:15,2025-10-12 10:26:15
O004694,C00542,2024-09-03 11:44:11,delivered,2024-09-10 11:44:11,2024-09-12 11:44:11
O004695,C02335,2025-11-12 14:39:08,delivered,2025-11-18 14:39:08,2025-11-15 14:39:08
O004696,C00537,2026-03-19 18:57:58,returned,2026-03-28 18:57:58,2026-03-22 18:57:58
O004697,C02015,2026-06-27 17:03:16,delivered,2026-07-01 17:03:16,2026-07-02 17:03:16
O004698,C00137,2025-12-24 16:14:24,delivered,2026-01-02 16:14:24,2025-12-25 16:14:24
O004699,C00080,2026-01-10 14:35:37,returned,2026-01-21 14:35:37,2026-01-20 14:35:37
O004700,C00629,2025-10-03 13:09:45,delivered,2025-10-10 13:09:45,2025-10-06 13:09:45
O004701,C00119,2024-11-19 13:01:01,cancelled,2024-11-28 13:01:01,
O004702,C01195,2024-05-01 14:53:01,cancelled,2024-05-04 14:53:01,
O004703,C02073,2024-05-03 13:11:53,delivered,2024-05-06 13:11:53,2024-05-12 13:11:53
O004704,C00348,2025-05-27 23:44:01,delivered,2025-06-08 23:44:01,2025-06-04 23:44:01
O004705,C01159,2025-10-14 04:05:59,delivered,2025-10-24 04:05:59,2025-10-20 04:05:59
O004706,C00150,2025-11-13 07:32:54,cancelled,2025-11-18 07:32:54,
O004707,C01987,2024-09-10 10:58:15,returned,2024-09-19 10:58:15,2024-09-22 10:58:15
O004708,C01994,2025-07-15 14:59:11,cancelled,2025-07-19 14:59:11,
O004709,C01840,2026-02-12 10:35:53,delivered,2026-02-23 10:35:53,2026-02-17 10:35:53
O004710,C01918,2025-01-03 13:38:18,delivered,2025-01-08 13:38:18,2025-01-05 13:38:18
O004711,C02119,2024-09-10 00:56:25,delivered,2024-09-19 00:56:25,2024-09-16 00:56:25
O004712,C00957,2025-04-24 18:11:09,delivered,2025-04-27 18:11:09,2025-04-28 18:11:09
O004713,C00617,2024-09-13 20:30:38,returned,2024-09-25 20:30:38,2024-09-20 20:30:38
O004714,C01185,2024-04-25 04:45:17,cancelled,2024-04-30 04:45:17,
O004715,C01567,2025-12-21 10:00:47,delivered,2025-12-28 10:00:47,2025-12-26 10:00:47
O004716,C01548,2026-01-09 20:40:14,delivered,2026-01-12 20:40:14,2026-01-15 20:40:14
O004717,C01941,2024-09-07 07:36:55,delivered,2024-09-16 07:36:55,2024-09-16 07:36:55
O004718,C01108,2026-01-12 18:58:52,delivered,2026-01-15 18:58:52,2026-01-16 18:58:52
O004719,C01063,2024-05-21 03:58:22,delivered,2024-05-28 03:58:22,2024-05-31 03:58:22
O004720,C02218,2025-06-13 03:08:35,cancelled,2025-06-20 03:08:35,
O004721,C02147,2025-04-19 17:18:42,delivered,2025-04-21 17:18:42,2025-04-27 17:18:42
O004722,C00898,2024-01-15 17:33:09,shipped,2024-01-19 17:33:09,
O004723,C00800,2024-04-03 20:09:22,delivered,2024-04-15 20:09:22,2024-04-10 20:09:22
O004724,C01580,2025-11-05 16:08:03,delivered,2025-11-15 16:08:03,2025-11-15 16:08:03
O004725,C01501,2024-02-11 11:35:38,delivered,2024-02-13 11:35:38,2024-02-19 11:35:38
O004726,C01971,2025-03-29 19:27:08,shipped,2025-04-10 19:27:08,
O004727,C00390,2025-03-06 13:44:31,delivered,2025-03-08 13:44:31,2025-03-13 13:44:31
O004728,C01740,2024-03-17 07:47:16,delivered,2024-03-26 07:47:16,2024-03-25 07:47:16
O004729,C01979,2026-01-27 00:08:47,delivered,2026-02-02 00:08:47,2026-02-02 00:08:47
O004730,C00743,2025-04-05 04:55:11,delivered,2025-04-15 04:55:11,2025-04-09 04:55:11
O004731,C01217,2026-06-07 09:21:01,delivered,2026-06-13 09:21:01,2026-06-11 09:21:01
O004732,C01292,2024-11-11 20:41:01,delivered,2024-11-16 20:41:01,2024-11-14 20:41:01
O004733,C00107,2026-05-11 04:39:36,delivered,2026-05-20 04:39:36,2026-05-14 04:39:36
O004734,C00497,2024-01-05 18:45:41,delivered,2024-01-13 18:45:41,2024-01-09 18:45:41
O004735,C00196,2025-11-09 07:31:46,delivered,2025-11-13 07:31:46,2025-11-16 07:31:46
O004736,C00939,2024-08-02 15:32:21,delivered,2024-08-09 15:32:21,2024-08-08 15:32:21
O004737,C01034,2025-09-11 12:58:05,shipped,2025-09-17 12:58:05,
O004738,C00489,2024-02-16 09:15:02,cancelled,2024-02-28 09:15:02,
O004739,C00860,2025-01-20 08:45:24,delivered,2025-01-24 08:45:24,2025-01-29 08:45:24
O004740,C01417,2024-09-20 21:54:32,delivered,2024-09-27 21:54:32,2024-09-27 21:54:32
O004741,C02185,2024-12-09 09:13:03,delivered,2024-12-19 09:13:03,2024-12-17 09:13:03
O004742,C02443,2024-08-02 05:30:03,returned,2024-08-14 05:30:03,2024-08-12 05:30:03
O004743,C01922,2025-12-01 11:53:18,delivered,2025-12-12 11:53:18,2025-12-08 11:53:18
O004744,C00832,2024-06-14 19:54:15,delivered,2024-06-24 19:54:15,2024-06-16 19:54:15
O004745,C01414,2024-11-01 23:53:43,delivered,2024-11-08 23:53:43,2024-11-09 23:53:43
O004746,C02394,2024-12-05 16:26:12,delivered,2024-12-13 16:26:12,2024-12-14 16:26:12
O004747,C00516,2024-01-23 06:00:04,returned,2024-01-26 06:00:04,2024-01-31 06:00:04
O004748,C01664,2025-08-15 07:24:38,delivered,2025-08-27 07:24:38,2025-08-18 07:24:38
O004749,C01898,2024-04-23 07:25:54,delivered,2024-05-02 07:25:54,2024-04-28 07:25:54
O004750,C00359,2026-06-04 08:29:51,delivered,2026-06-06 08:29:51,2026-06-08 08:29:51
O004751,C00317,2024-02-17 21:31:00,delivered,2024-02-27 21:31:00,2024-02-21 21:31:00
O004752,C02036,2025-05-12 13:19:03,processing,2025-05-22 13:19:03,
O004753,C01316,2025-07-20 07:08:29,delivered,2025-07-23 07:08:29,2025-07-27 07:08:29
O004754,C00282,2025-01-31 15:35:24,delivered,2025-02-04 15:35:24,2025-02-05 15:35:24
O004755,C00632,2025-01-02 10:54:29,delivered,2025-01-09 10:54:29,2025-01-10 10:54:29
O004756,C02237,2024-01-26 17:06:51,delivered,2024-02-04 17:06:51,2024-02-04 17:06:51
O004757,C01617,2024-04-12 19:35:14,delivered,2024-04-15 19:35:14,2024-04-16 19:35:14
O004758,C01289,2025-01-13 23:41:50,delivered,2025-01-20 23:41:50,2025-01-18 23:41:50
O004759,C01045,2024-05-17 03:00:50,returned,2024-05-26 03:00:50,2024-05-25 03:00:50
O004760,C02215,2025-04-13 11:56:38,shipped,2025-04-21 11:56:38,
O004761,C01578,2025-12-20 10:24:56,delivered,2025-12-25 10:24:56,2025-12-30 10:24:56
O004762,C01229,2024-07-11 14:14:55,delivered,2024-07-16 14:14:55,2024-07-19 14:14:55
O004763,C01136,2026-04-06 13:41:35,delivered,2026-04-16 13:41:35,2026-04-12 13:41:35
O004764,C02019,2025-04-27 15:42:57,delivered,2025-05-04 15:42:57,2025-04-30 15:42:57
O004765,C00879,2026-01-11 20:06:50,delivered,2026-01-18 20:06:50,2026-01-17 20:06:50
O004766,C00323,2024-08-03 16:28:51,delivered,2024-08-11 16:28:51,2024-08-08 16:28:51
O004767,C00824,2025-11-02 00:09:27,delivered,2025-11-08 00:09:27,2025-11-10 00:09:27
O004768,C01115,2024-06-30 02:07:04,delivered,2024-07-10 02:07:04,2024-07-05 02:07:04
O004769,C01334,2026-06-18 21:56:12,shipped,2026-06-23 21:56:12,
O004770,C00987,2026-03-26 23:24:08,delivered,2026-03-31 23:24:08,2026-04-03 23:24:08
O004771,C00898,2026-02-04 18:57:47,delivered,2026-02-08 18:57:47,2026-02-14 18:57:47
O004772,C00186,2024-01-06 06:48:02,delivered,2024-01-16 06:48:02,2024-01-09 06:48:02
O004773,C01056,2024-01-27 19:25:12,delivered,2024-02-01 19:25:12,2024-02-04 19:25:12
O004774,C00228,2024-09-27 13:05:45,processing,2024-10-02 13:05:45,
O004775,C00722,2024-05-14 22:11:12,delivered,2024-05-20 22:11:12,2024-05-27 22:11:12
O004776,C01735,2026-02-27 21:31:01,cancelled,2026-03-10 21:31:01,
O004777,C00017,2026-03-16 04:50:36,delivered,2026-03-21 04:50:36,2026-03-20 04:50:36
O004778,C01978,2025-05-18 14:14:43,delivered,2025-05-24 14:14:43,2025-05-24 14:14:43
O004779,C00568,2024-02-05 11:54:18,delivered,2024-02-13 11:54:18,2024-02-11 11:54:18
O004780,C01418,2025-01-10 23:37:57,delivered,2025-01-16 23:37:57,2025-01-11 23:37:57
O004781,C00798,2025-07-27 16:11:10,delivered,2025-08-06 16:11:10,2025-08-02 16:11:10
O004782,C01474,2026-02-13 17:50:00,shipped,2026-02-23 17:50:00,
O004783,C00538,2024-01-26 21:48:08,cancelled,2024-01-30 21:48:08,
O004784,C00782,2024-12-06 00:40:53,cancelled,2024-12-17 00:40:53,
O004785,C02327,2026-05-14 01:38:51,delivered,2026-05-23 01:38:51,2026-05-15 01:38:51
O004786,C01203,2024-01-27 22:28:17,delivered,2024-02-05 22:28:17,2024-02-01 22:28:17
O004787,C01973,2024-09-12 12:51:14,delivered,2024-09-14 12:51:14,2024-09-20 12:51:14
O004788,C02391,2025-06-01 20:38:30,delivered,2025-06-06 20:38:30,2025-06-07 20:38:30
O004789,C01775,2024-07-10 00:11:36,delivered,2024-07-19 00:11:36,2024-07-16 00:11:36
O004790,C02139,2024-09-13 19:50:30,delivered,2024-09-16 19:50:30,2024-09-23 19:50:30
O004791,C01153,2025-09-23 06:30:51,delivered,2025-10-02 06:30:51,2025-09-27 06:30:51
O004792,C02493,2024-09-18 20:56:18,processing,2024-09-30 20:56:18,
O004793,C02049,2024-02-21 07:22:21,delivered,2024-03-02 07:22:21,2024-02-25 07:22:21
O004794,C00035,2025-02-11 23:15:48,cancelled,2025-02-22 23:15:48,
O004795,C01999,2024-10-24 21:45:07,delivered,2024-10-29 21:45:07,2024-10-31 21:45:07
O004796,C02419,2025-03-04 05:58:33,shipped,2025-03-06 05:58:33,
O004797,C02053,2026-02-25 06:04:57,delivered,2026-03-09 06:04:57,2026-03-03 06:04:57
O004798,C02170,2025-11-25 01:51:09,shipped,2025-12-04 01:51:09,
O004799,C01467,2025-08-11 16:30:39,delivered,2025-08-16 16:30:39,2025-08-18 16:30:39
O004800,C02068,2024-11-30 23:10:59,delivered,2024-12-09 23:10:59,2024-12-04 23:10:59
O004801,C00807,2024-08-01 21:57:32,delivered,2024-08-10 21:57:32,2024-08-06 21:57:32
O004802,C02169,2026-05-27 07:29:50,delivered,2026-06-08 07:29:50,2026-06-01 07:29:50
O004803,C02371,2024-06-29 11:58:41,delivered,2024-07-02 11:58:41,2024-06-30 11:58:41
O004804,C02057,2026-03-30 15:58:47,delivered,2026-04-04 15:58:47,2026-04-08 15:58:47
O004805,C01390,2025-01-23 17:28:46,delivered,2025-02-02 17:28:46,2025-02-06 17:28:46
O004806,C00182,2024-04-26 12:50:47,delivered,2024-05-03 12:50:47,2024-05-03 12:50:47
O004807,C02235,2025-04-29 18:28:42,delivered,2025-05-06 18:28:42,2025-05-07 18:28:42
O004808,C01391,2024-02-06 14:25:59,shipped,2024-02-14 14:25:59,
O004809,C00858,2024-02-16 16:08:34,delivered,2024-02-24 16:08:34,2024-02-24 16:08:34
O004810,C00507,2026-04-05 17:14:27,delivered,2026-04-17 17:14:27,2026-04-06 17:14:27
O004811,C01387,2026-06-01 19:45:51,delivered,2026-06-13 19:45:51,2026-06-09 19:45:51
O004812,C01990,2026-03-27 14:03:44,delivered,2026-04-01 14:03:44,2026-04-03 14:03:44
O004813,C01456,2025-08-13 23:36:08,delivered,2025-08-21 23:36:08,2025-08-17 23:36:08
O004814,C01642,2025-09-09 12:38:28,delivered,2025-09-17 12:38:28,2025-09-15 12:38:28
O004815,C00757,2025-11-25 21:16:43,delivered,2025-11-28 21:16:43,2025-11-27 21:16:43
O004816,C01720,2026-04-25 11:28:08,delivered,2026-05-06 11:28:08,2026-05-02 11:28:08
O004817,C01103,2025-04-28 12:42:18,processing,2025-05-03 12:42:18,
O004818,C01754,2026-04-14 09:55:02,delivered,2026-04-20 09:55:02,2026-04-18 09:55:02
O004819,C01761,2024-10-14 08:42:31,returned,2024-10-26 08:42:31,2024-10-19 08:42:31
O004820,C00515,2024-10-21 20:40:08,delivered,2024-10-27 20:40:08,2024-10-26 20:40:08
O004821,C01391,2025-12-24 07:58:34,delivered,2025-12-27 07:58:34,2025-12-31 07:58:34
O004822,C00166,2026-02-19 13:39:27,processing,2026-03-02 13:39:27,
O004823,C02192,2025-02-08 01:53:48,delivered,2025-02-14 01:53:48,2025-02-10 01:53:48
O004824,C02468,2024-09-14 10:33:29,processing,2024-09-26 10:33:29,
O004825,C01923,2026-04-11 15:50:30,delivered,2026-04-20 15:50:30,2026-04-16 15:50:30
O004826,C00339,2025-11-27 01:22:42,delivered,2025-12-07 01:22:42,2025-12-02 01:22:42
O004827,C01042,2024-12-14 06:55:00,delivered,2024-12-18 06:55:00,2024-12-24 06:55:00
O004828,C00483,2025-06-27 16:22:10,delivered,2025-06-30 16:22:10,2025-07-03 16:22:10
O004829,C00887,2026-02-15 08:23:52,delivered,2026-02-27 08:23:52,2026-02-16 08:23:52
O004830,C00755,2025-06-15 16:09:10,processing,2025-06-20 16:09:10,
O004831,C00901,2025-11-23 00:59:25,delivered,2025-11-25 00:59:25,2025-12-01 00:59:25
O004832,C01199,2024-09-17 02:55:43,delivered,2024-09-19 02:55:43,2024-09-21 02:55:43
O004833,C00572,2025-12-11 07:49:54,delivered,2025-12-13 07:49:54,2025-12-14 07:49:54
O004834,C01158,2026-01-19 10:02:54,delivered,2026-01-28 10:02:54,2026-01-26 10:02:54
O004835,C00992,2025-01-29 23:11:49,delivered,2025-01-31 23:11:49,2025-02-04 23:11:49
O004836,C00843,2024-11-08 07:02:45,delivered,2024-11-11 07:02:45,2024-11-14 07:02:45
O004837,C01801,2025-06-27 13:26:22,shipped,2025-06-29 13:26:22,
O004838,C01367,2025-03-01 10:46:00,delivered,2025-03-04 10:46:00,2025-03-06 10:46:00
O004839,C01581,2026-01-19 16:37:11,delivered,2026-01-31 16:37:11,2026-01-22 16:37:11
O004840,C00555,2026-02-18 13:00:35,delivered,2026-03-01 13:00:35,2026-02-24 13:00:35
O004841,C02347,2025-12-22 12:10:10,delivered,2025-12-31 12:10:10,2025-12-25 12:10:10
O004842,C00562,2025-03-06 12:48:14,delivered,2025-03-17 12:48:14,2025-03-09 12:48:14
O004843,C02073,2024-04-11 10:01:34,delivered,2024-04-16 10:01:34,2024-04-12 10:01:34
O004844,C01515,2026-05-15 22:46:08,delivered,2026-05-24 22:46:08,2026-05-16 22:46:08
O004845,C00745,2024-09-25 20:37:47,processing,2024-10-03 20:37:47,
O004846,C01636,2026-04-25 07:29:52,cancelled,2026-05-02 07:29:52,
O004847,C00700,2024-10-02 23:33:33,delivered,2024-10-14 23:33:33,2024-10-06 23:33:33
O004848,C01307,2024-02-03 10:52:33,shipped,2024-02-11 10:52:33,
O004849,C00264,2026-03-10 08:12:41,delivered,2026-03-18 08:12:41,2026-03-17 08:12:41
O004850,C01291,2025-01-29 11:48:15,delivered,2025-02-03 11:48:15,2025-02-05 11:48:15
O004851,C00608,2026-01-24 20:42:53,delivered,2026-02-05 20:42:53,2026-01-26 20:42:53
O004852,C00451,2024-05-25 15:56:34,shipped,2024-06-03 15:56:34,
O004853,C01992,2024-05-26 13:52:49,delivered,2024-06-04 13:52:49,2024-05-28 13:52:49
O004854,C00012,2024-02-17 11:22:30,delivered,2024-02-21 11:22:30,2024-02-25 11:22:30
O004855,C00656,2024-06-18 17:29:47,delivered,2024-06-30 17:29:47,2024-06-23 17:29:47
O004856,C02137,2026-02-19 12:46:25,delivered,2026-03-03 12:46:25,2026-02-26 12:46:25
O004857,C01138,2024-06-02 18:08:36,delivered,2024-06-04 18:08:36,2024-06-08 18:08:36
O004858,C01026,2025-03-02 11:00:43,delivered,2025-03-09 11:00:43,2025-03-04 11:00:43
O004859,C01868,2024-05-30 17:27:07,delivered,2024-06-11 17:27:07,2024-06-07 17:27:07
O004860,C02170,2024-09-04 01:56:24,delivered,2024-09-12 01:56:24,2024-09-11 01:56:24
O004861,C00662,2026-02-18 05:00:16,delivered,2026-02-23 05:00:16,2026-02-19 05:00:16
O004862,C02467,2024-12-07 17:39:08,delivered,2024-12-18 17:39:08,2024-12-13 17:39:08
O004863,C00535,2024-05-14 21:33:20,shipped,2024-05-23 21:33:20,
O004864,C00645,2024-01-18 12:02:19,delivered,2024-01-21 12:02:19,2024-01-21 12:02:19
O004865,C01289,2024-04-11 17:00:20,delivered,2024-04-16 17:00:20,2024-04-14 17:00:20
O004866,C00919,2024-11-16 17:53:06,delivered,2024-11-20 17:53:06,2024-11-26 17:53:06
O004867,C00043,2024-04-07 02:37:55,delivered,2024-04-19 02:37:55,2024-04-14 02:37:55
O004868,C00239,2025-09-15 10:59:43,processing,2025-09-23 10:59:43,
O004869,C02011,2025-06-11 05:15:43,delivered,2025-06-21 05:15:43,2025-06-14 05:15:43
O004870,C02270,2025-03-05 09:48:35,delivered,2025-03-12 09:48:35,2025-03-11 09:48:35
O004871,C01934,2025-01-02 04:48:59,delivered,2025-01-08 04:48:59,2025-01-09 04:48:59
O004872,C01939,2024-05-29 13:15:34,delivered,2024-06-02 13:15:34,2024-06-07 13:15:34
O004873,C00749,2026-04-28 20:40:33,delivered,2026-05-06 20:40:33,2026-05-02 20:40:33
O004874,C00450,2024-12-07 08:38:33,delivered,2024-12-10 08:38:33,2024-12-13 08:38:33
O004875,C00014,2024-04-29 15:00:04,delivered,2024-05-01 15:00:04,2024-05-03 15:00:04
O004876,C01141,2026-05-27 06:06:00,delivered,2026-06-02 06:06:00,2026-05-30 06:06:00
O004877,C01695,2025-03-25 04:28:32,returned,2025-04-03 04:28:32,2025-03-31 04:28:32
O004878,C01189,2025-03-17 22:32:46,delivered,2025-03-21 22:32:46,2025-03-29 22:32:46
O004879,C02185,2024-05-19 16:22:15,delivered,2024-05-25 16:22:15,2024-05-26 16:22:15
O004880,C00742,2024-03-23 15:02:13,delivered,2024-03-27 15:02:13,2024-03-31 15:02:13
O004881,C01029,2025-10-15 02:31:26,delivered,2025-10-17 02:31:26,2025-10-20 02:31:26
O004882,C00684,2026-05-24 15:03:36,delivered,2026-05-31 15:03:36,2026-05-25 15:03:36
O004883,C02003,2026-05-16 06:25:34,delivered,2026-05-24 06:25:34,2026-05-24 06:25:34
O004884,C01765,2026-03-28 06:55:53,delivered,2026-04-02 06:55:53,2026-04-02 06:55:53
O004885,C00444,2025-10-11 15:51:58,delivered,2025-10-21 15:51:58,2025-10-19 15:51:58
O004886,C00460,2026-04-13 06:05:23,cancelled,2026-04-20 06:05:23,
O004887,C01622,2025-12-31 18:09:29,delivered,2026-01-11 18:09:29,2026-01-01 18:09:29
O004888,C02304,2025-06-06 20:30:41,delivered,2025-06-08 20:30:41,2025-06-11 20:30:41
O004889,C02018,2024-05-07 15:50:54,returned,2024-05-18 15:50:54,2024-05-22 15:50:54
O004890,C01455,2024-04-04 22:56:20,delivered,2024-04-14 22:56:20,2024-04-14 22:56:20
O004891,C01778,2026-05-02 16:42:32,delivered,2026-05-06 16:42:32,2026-05-03 16:42:32
O004892,C00545,2026-05-03 13:08:08,delivered,2026-05-06 13:08:08,2026-05-08 13:08:08
O004893,C00123,2024-09-27 22:25:09,delivered,2024-10-03 22:25:09,2024-10-02 22:25:09
O004894,C02202,2024-07-07 23:23:30,delivered,2024-07-19 23:23:30,2024-07-15 23:23:30
O004895,C02280,2024-01-27 02:45:14,delivered,2024-01-30 02:45:14,2024-01-31 02:45:14
O004896,C01678,2026-05-31 12:33:54,returned,2026-06-12 12:33:54,2026-06-05 12:33:54
O004897,C00820,2026-02-22 05:49:58,delivered,2026-03-05 05:49:58,2026-03-04 05:49:58
O004898,C01353,2024-08-28 22:55:49,delivered,2024-09-06 22:55:49,2024-08-31 22:55:49
O004899,C00899,2024-12-06 02:25:31,delivered,2024-12-14 02:25:31,2024-12-16 02:25:31
O004900,C02119,2026-03-04 23:34:56,delivered,2026-03-16 23:34:56,2026-03-09 23:34:56
O004901,C00722,2026-01-29 00:48:50,processing,2026-01-31 00:48:50,
O004902,C00095,2024-09-28 08:24:52,shipped,2024-10-04 08:24:52,
O004903,C01332,2024-05-30 06:11:46,delivered,2024-06-08 06:11:46,2024-06-03 06:11:46
O004904,C01476,2025-08-30 05:57:27,delivered,2025-09-04 05:57:27,2025-09-07 05:57:27
O004905,C01076,2024-12-02 22:44:49,delivered,2024-12-14 22:44:49,2024-12-07 22:44:49
O004906,C00110,2025-01-08 02:30:18,delivered,2025-01-16 02:30:18,2025-01-21 02:30:18
O004907,C01926,2025-06-23 08:36:08,delivered,2025-07-05 08:36:08,2025-07-02 08:36:08
O004908,C01676,2024-07-08 14:53:26,delivered,2024-07-10 14:53:26,2024-07-15 14:53:26
O004909,C02354,2024-10-01 19:13:45,delivered,2024-10-13 19:13:45,2024-10-05 19:13:45
O004910,C01838,2024-05-07 07:34:41,delivered,2024-05-17 07:34:41,2024-05-11 07:34:41
O004911,C02190,2026-02-13 22:20:29,shipped,2026-02-18 22:20:29,
O004912,C00392,2024-05-28 03:13:35,delivered,2024-06-08 03:13:35,2024-06-04 03:13:35
O004913,C00152,2025-12-08 22:05:01,returned,2025-12-17 22:05:01,2025-12-18 22:05:01
O004914,C01702,2024-04-21 01:10:51,processing,2024-04-27 01:10:51,
O004915,C00700,2025-06-20 01:12:37,delivered,2025-06-22 01:12:37,2025-06-24 01:12:37
O004916,C01981,2025-09-14 07:45:12,returned,2025-09-20 07:45:12,2025-09-20 07:45:12
O004917,C02055,2026-04-02 00:14:21,delivered,2026-04-12 00:14:21,2026-04-08 00:14:21
O004918,C01894,2024-05-29 19:37:37,shipped,2024-05-31 19:37:37,
O004919,C00266,2025-05-30 23:19:57,shipped,2025-06-10 23:19:57,
O004920,C01318,2025-01-02 15:40:12,delivered,2025-01-14 15:40:12,2025-01-04 15:40:12
O004921,C01036,2025-07-09 18:18:00,delivered,2025-07-13 18:18:00,2025-07-15 18:18:00
O004922,C00612,2025-12-25 08:08:59,delivered,2026-01-02 08:08:59,2025-12-30 08:08:59
O004923,C01025,2025-11-22 19:44:16,delivered,2025-11-29 19:44:16,2025-11-24 19:44:16
O004924,C00551,2024-02-02 18:45:04,delivered,2024-02-08 18:45:04,2024-02-12 18:45:04
O004925,C01872,2026-05-15 01:39:44,delivered,2026-05-24 01:39:44,2026-05-26 01:39:44
O004926,C01013,2024-02-26 00:12:39,delivered,2024-03-08 00:12:39,2024-03-05 00:12:39
O004927,C01417,2024-05-12 10:06:15,delivered,2024-05-23 10:06:15,2024-05-18 10:06:15
O004928,C01757,2025-12-07 21:26:05,delivered,2025-12-09 21:26:05,2025-12-13 21:26:05
O004929,C00265,2025-04-08 17:14:46,delivered,2025-04-13 17:14:46,2025-04-12 17:14:46
O004930,C02162,2024-03-24 16:05:08,delivered,,2024-03-27 16:05:08
O004931,C01873,2025-04-24 16:09:50,delivered,2025-04-30 16:09:50,2025-04-30 16:09:50
O004932,C01358,2024-09-12 04:25:59,delivered,2024-09-16 04:25:59,2024-09-14 04:25:59
O004933,C01136,2024-06-20 19:45:29,delivered,2024-06-26 19:45:29,2024-06-25 19:45:29
O004934,C00920,2024-12-28 00:04:29,delivered,2024-12-30 00:04:29,2025-01-05 00:04:29
O004935,C01571,2025-04-19 10:47:55,delivered,2025-04-27 10:47:55,2025-04-27 10:47:55
O004936,C01749,2026-04-23 02:25:29,delivered,2026-05-05 02:25:29,2026-04-27 02:25:29
O004937,C01803,2024-07-16 00:59:07,delivered,2024-07-21 00:59:07,2024-07-20 00:59:07
O004938,C02457,2024-06-11 21:28:17,delivered,2024-06-21 21:28:17,2024-06-22 21:28:17
O004939,C00155,2025-05-07 03:34:33,delivered,2025-05-12 03:34:33,2025-05-12 03:34:33
O004940,C02132,2026-06-30 16:32:30,delivered,2026-07-09 16:32:30,2026-07-04 16:32:30
O004941,C02240,2024-04-30 23:57:02,delivered,2024-05-12 23:57:02,2024-05-06 23:57:02
O004942,C02168,2024-06-23 12:40:42,delivered,2024-07-01 12:40:42,2024-06-24 12:40:42
O004943,C00126,2024-12-12 13:45:30,delivered,2024-12-16 13:45:30,2024-12-14 13:45:30
O004944,C00426,2025-10-17 15:08:18,delivered,2025-10-29 15:08:18,2025-10-26 15:08:18
O004945,C00456,2025-05-28 06:52:38,delivered,2025-06-01 06:52:38,2025-06-02 06:52:38
O004946,C02322,2024-01-02 03:57:12,delivered,2024-01-14 03:57:12,2024-01-10 03:57:12
O004947,C00369,2025-12-23 02:17:58,delivered,2025-12-29 02:17:58,2025-12-29 02:17:58
O004948,C01666,2024-01-19 09:35:52,delivered,2024-01-26 09:35:52,2024-01-25 09:35:52
O004949,C02104,2026-05-21 09:45:41,delivered,2026-05-29 09:45:41,2026-05-25 09:45:41
O004950,C00261,2024-08-21 21:53:58,delivered,2024-08-24 21:53:58,2024-08-22 21:53:58
O004951,C02097,2024-07-10 14:32:43,delivered,2024-07-21 14:32:43,2024-07-14 14:32:43
O004952,C00155,2024-06-12 22:34:10,shipped,2024-06-21 22:34:10,
O004953,C01114,2024-10-24 01:31:44,delivered,2024-10-29 01:31:44,2024-10-29 01:31:44
O004954,C01912,2025-08-17 21:45:17,returned,2025-08-23 21:45:17,2025-08-24 21:45:17
O004955,C00947,2024-07-01 15:03:45,delivered,2024-07-09 15:03:45,2024-07-08 15:03:45
O004956,C02087,2025-06-26 15:53:08,delivered,2025-06-28 15:53:08,2025-06-29 15:53:08
O004957,C00432,2026-02-13 11:10:05,delivered,2026-02-16 11:10:05,2026-02-14 11:10:05
O004958,C01869,2024-07-11 18:50:51,delivered,2024-07-23 18:50:51,2024-07-16 18:50:51
O004959,C01845,2025-09-09 14:50:55,delivered,2025-09-15 14:50:55,2025-09-16 14:50:55
O004960,C00789,2025-07-30 17:34:46,delivered,2025-08-09 17:34:46,2025-08-04 17:34:46
O004961,C01638,2026-05-21 04:27:37,processing,2026-06-02 04:27:37,
O004962,C01413,2024-06-07 13:47:07,delivered,2024-06-09 13:47:07,2024-06-09 13:47:07
O004963,C00539,2026-01-10 11:19:03,delivered,2026-01-13 11:19:03,2026-01-11 11:19:03
O004964,C01781,2026-03-29 19:22:43,delivered,2026-04-08 19:22:43,2026-04-01 19:22:43
O004965,C01265,2024-09-16 14:42:27,delivered,2024-09-27 14:42:27,2024-09-18 14:42:27
O004966,C00949,2026-06-10 03:43:56,delivered,2026-06-19 03:43:56,2026-06-11 03:43:56
O004967,C00388,2025-04-12 03:31:42,delivered,2025-04-18 03:31:42,2025-04-20 03:31:42
O004968,C00069,2024-10-14 03:19:34,delivered,2024-10-17 03:19:34,2024-10-24 03:19:34
O004969,C01956,2026-03-05 04:07:37,delivered,2026-03-15 04:07:37,2026-03-11 04:07:37
O004970,C02311,2024-04-23 06:09:57,delivered,2024-04-29 06:09:57,2024-05-02 06:09:57
O004971,C02068,2024-01-30 10:29:12,delivered,2024-02-03 10:29:12,2024-02-07 10:29:12
O004972,C02457,2026-04-30 22:44:12,delivered,2026-05-06 22:44:12,2026-05-04 22:44:12
O004973,C01866,2024-08-14 21:09:50,delivered,2024-08-22 21:09:50,2024-08-21 21:09:50
O004974,C00907,2025-02-24 08:27:07,delivered,2025-03-01 08:27:07,2025-02-26 08:27:07
O004975,C00466,2024-11-21 18:26:23,delivered,2024-11-26 18:26:23,2024-11-28 18:26:23
O004976,C01332,2024-11-04 16:27:45,delivered,2024-11-15 16:27:45,2024-11-09 16:27:45
O004977,C00738,2025-08-03 12:25:06,cancelled,2025-08-12 12:25:06,
O004978,C01839,2025-06-08 06:21:38,delivered,2025-06-14 06:21:38,2025-06-14 06:21:38
O004979,C01211,2025-12-01 20:27:34,cancelled,2025-12-11 20:27:34,
O004980,C01492,2025-04-14 15:52:03,delivered,2025-04-16 15:52:03,2025-04-20 15:52:03
O004981,C02015,2025-10-01 22:21:47,delivered,2025-10-13 22:21:47,2025-10-04 22:21:47
O004982,C02404,2024-06-01 19:31:40,delivered,2024-06-05 19:31:40,2024-06-06 19:31:40
O004983,C00513,2024-05-07 17:49:01,delivered,2024-05-13 17:49:01,2024-05-14 17:49:01
O004984,C00786,2024-07-24 21:19:45,delivered,2024-07-31 21:19:45,2024-08-04 21:19:45
O004985,C00670,2024-03-04 02:47:22,delivered,2024-03-12 02:47:22,2024-03-11 02:47:22
O004986,C00627,2026-06-27 12:25:44,shipped,2026-07-09 12:25:44,
O004987,C00232,2024-03-11 09:16:21,delivered,2024-03-18 09:16:21,2024-03-19 09:16:21
O004988,C00021,2025-03-24 22:14:23,delivered,2025-04-04 22:14:23,2025-03-31 22:14:23
O004989,C01923,2025-01-10 13:27:05,shipped,2025-01-21 13:27:05,
O004990,C01860,2024-04-22 14:29:09,delivered,2024-04-24 14:29:09,2024-04-30 14:29:09
O004991,C00936,2026-02-27 20:14:12,delivered,2026-03-03 20:14:12,2026-03-03 20:14:12
O004992,C00590,2024-07-07 12:03:34,delivered,2024-07-13 12:03:34,2024-07-13 12:03:34
O004993,C02134,2026-02-23 20:49:36,processing,2026-02-27 20:49:36,
O004994,C00149,2026-01-13 22:22:12,delivered,2026-01-21 22:22:12,2026-01-16 22:22:12
O004995,C02169,2024-04-05 13:51:28,delivered,2024-04-09 13:51:28,2024-04-10 13:51:28
O004996,C00004,2025-07-27 10:37:04,delivered,2025-08-06 10:37:04,2025-08-03 10:37:04
O004997,C00053,2025-02-07 19:42:15,delivered,2025-02-10 19:42:15,2025-02-17 19:42:15
O004998,C01527,2024-12-10 23:07:10,delivered,2024-12-14 23:07:10,2024-12-17 23:07:10
O004999,C02101,2026-01-11 00:54:58,processing,2026-01-15 00:54:58,
O005000,C01983,2024-10-14 14:54:18,delivered,2024-10-19 14:54:18,2024-10-23 14:54:18
O005001,C01156,2026-02-06 10:03:11,delivered,2026-02-09 10:03:11,2026-02-12 10:03:11
O005002,C01661,2024-11-27 08:45:07,delivered,2024-12-04 08:45:07,2024-12-06 08:45:07
O005003,C01389,2025-08-12 14:15:47,processing,2025-08-16 14:15:47,
O005004,C01548,2024-02-03 03:06:39,delivered,2024-02-12 03:06:39,2024-02-10 03:06:39
O005005,C00912,2024-02-24 23:13:38,delivered,2024-02-26 23:13:38,2024-03-05 23:13:38
O005006,C00483,2024-09-07 14:29:05,delivered,2024-09-10 14:29:05,2024-09-11 14:29:05
O005007,C02415,2025-11-10 00:35:20,delivered,2025-11-19 00:35:20,2025-11-18 00:35:20
O005008,C00913,2024-01-01 01:17:38,delivered,2024-01-07 01:17:38,2024-01-14 01:17:38
O005009,C00185,2025-02-06 12:42:14,delivered,2025-02-18 12:42:14,2025-02-19 12:42:14
O005010,C01631,2025-07-12 19:27:33,cancelled,2025-07-17 19:27:33,
O005011,C00267,2026-06-10 14:09:54,delivered,2026-06-21 14:09:54,2026-06-11 14:09:54
O005012,C01061,2026-02-25 23:57:49,delivered,2026-03-05 23:57:49,2026-02-26 23:57:49
O005013,C00229,2026-01-16 10:18:01,delivered,2026-01-28 10:18:01,2026-01-17 10:18:01
O005014,C00283,2025-08-16 11:43:46,delivered,2025-08-28 11:43:46,2025-08-17 11:43:46
O005015,C01996,2024-08-21 05:02:40,delivered,2024-09-02 05:02:40,2024-08-25 05:02:40
O005016,C02397,2025-07-02 09:33:03,delivered,2025-07-14 09:33:03,2025-07-05 09:33:03
O005017,C01950,2024-11-29 02:53:45,processing,2024-12-05 02:53:45,
O005018,C02223,2024-04-21 12:13:21,shipped,2024-04-30 12:13:21,
O005019,C01186,2025-10-10 18:41:12,delivered,2025-10-22 18:41:12,2025-10-19 18:41:12
O005020,C00083,2026-01-06 00:20:50,delivered,2026-01-17 00:20:50,2026-01-07 00:20:50
O005021,C02456,2024-02-08 13:12:35,delivered,2024-02-19 13:12:35,2024-02-14 13:12:35
O005022,C01227,2025-04-11 23:29:27,delivered,2025-04-19 23:29:27,2025-04-15 23:29:27
O005023,C01804,2026-01-24 02:52:50,delivered,2026-02-02 02:52:50,2026-01-30 02:52:50
O005024,C01327,2026-04-21 21:47:08,delivered,2026-04-24 21:47:08,2026-04-26 21:47:08
O005025,C00616,2025-06-18 09:07:48,cancelled,2025-06-20 09:07:48,
O005026,C00476,2024-04-23 18:00:45,delivered,2024-05-04 18:00:45,2024-04-30 18:00:45
O005027,C01533,2025-05-02 04:01:12,delivered,2025-05-06 04:01:12,2025-05-06 04:01:12
O005028,C02121,2025-07-29 05:49:24,delivered,2025-08-07 05:49:24,2025-08-04 05:49:24
O005029,C01288,2024-04-22 21:14:40,shipped,2024-04-24 21:14:40,
O005030,C00994,2025-11-27 15:00:19,delivered,2025-12-07 15:00:19,2025-12-02 15:00:19
O005031,C02357,2025-03-30 14:44:54,delivered,2025-04-09 14:44:54,2025-04-04 14:44:54
O005032,C00977,2025-01-17 18:59:01,delivered,2025-01-27 18:59:01,2025-01-23 18:59:01
O005033,C01868,2025-01-28 00:48:18,delivered,,2025-02-02 00:48:18
O005034,C00067,2026-01-23 09:20:55,cancelled,2026-01-27 09:20:55,
O005035,C00955,2025-08-18 15:01:32,delivered,2025-08-23 15:01:32,2025-08-22 15:01:32
O005036,C00351,2024-07-06 19:43:31,delivered,2024-07-15 19:43:31,2024-07-14 19:43:31
O005037,C00874,2024-12-03 11:32:50,delivered,2024-12-11 11:32:50,2024-12-10 11:32:50
O005038,C00799,2025-07-22 17:23:39,delivered,2025-07-31 17:23:39,2025-07-28 17:23:39
O005039,C00740,2025-01-22 06:54:55,delivered,2025-01-29 06:54:55,2025-01-30 06:54:55
O005040,C00542,2024-04-02 22:58:46,delivered,2024-04-05 22:58:46,2024-04-09 22:58:46
O005041,C00881,2024-04-20 07:22:06,delivered,2024-05-02 07:22:06,2024-04-22 07:22:06
O005042,C00866,2024-12-05 02:26:09,delivered,,2024-12-13 02:26:09
O005043,C00071,2024-01-01 06:47:18,delivered,2024-01-07 06:47:18,2024-01-05 06:47:18
O005044,C02459,2024-09-26 21:09:57,delivered,2024-10-06 21:09:57,2024-10-05 21:09:57
O005045,C01947,2024-08-09 20:26:31,delivered,2024-08-11 20:26:31,2024-08-12 20:26:31
O005046,C00533,2026-06-24 06:03:05,delivered,2026-06-30 06:03:05,2026-06-26 06:03:05
O005047,C01406,2025-03-18 10:17:33,delivered,,2025-03-24 10:17:33
O005048,C02074,2024-10-20 09:41:11,delivered,2024-10-31 09:41:11,2024-10-26 09:41:11
O005049,C01418,2025-10-02 12:02:35,delivered,2025-10-08 12:02:35,2025-10-07 12:02:35
O005050,C00027,2024-08-19 08:18:32,delivered,2024-08-28 08:18:32,2024-08-22 08:18:32
O005051,C02371,2025-08-18 08:24:14,delivered,2025-08-22 08:24:14,2025-08-22 08:24:14
O005052,C00449,2024-03-08 04:39:29,delivered,2024-03-13 04:39:29,2024-03-11 04:39:29
O005053,C00560,2024-09-06 15:27:17,delivered,2024-09-10 15:27:17,2024-09-08 15:27:17
O005054,C02479,2024-08-12 03:02:28,shipped,2024-08-22 03:02:28,
O005055,C02161,2024-01-30 22:40:15,delivered,2024-02-03 22:40:15,2024-02-05 22:40:15
O005056,C01281,2026-03-15 18:30:04,delivered,2026-03-27 18:30:04,2026-03-24 18:30:04
O005057,C00383,2025-08-06 22:23:08,delivered,2025-08-12 22:23:08,2025-08-08 22:23:08
O005058,C01837,2024-01-13 10:33:09,delivered,2024-01-15 10:33:09,2024-01-14 10:33:09
O005059,C00528,2024-02-21 19:36:33,delivered,2024-03-03 19:36:33,2024-02-28 19:36:33
O005060,C00846,2025-12-29 17:18:10,delivered,2026-01-02 17:18:10,2025-12-30 17:18:10
O005061,C00190,2024-06-16 20:30:21,delivered,2024-06-27 20:30:21,2024-06-23 20:30:21
O005062,C00086,2024-07-07 03:33:41,delivered,2024-07-17 03:33:41,2024-07-11 03:33:41
O005063,C00669,2026-01-16 20:44:48,cancelled,2026-01-22 20:44:48,
O005064,C00600,2026-06-14 10:28:27,delivered,2026-06-16 10:28:27,2026-06-17 10:28:27
O005065,C00683,2024-07-30 21:08:57,cancelled,2024-08-07 21:08:57,
O005066,C01081,2025-05-06 06:29:48,processing,2025-05-17 06:29:48,
O005067,C00341,2024-06-20 17:02:11,delivered,2024-06-27 17:02:11,2024-06-23 17:02:11
O005068,C01669,2024-04-08 22:06:57,processing,2024-04-15 22:06:57,
O005069,C01245,2024-01-08 19:00:00,delivered,2024-01-14 19:00:00,2024-01-16 19:00:00
O005070,C00884,2026-05-04 08:20:44,delivered,2026-05-15 08:20:44,2026-05-10 08:20:44
O005071,C01267,2024-11-12 22:59:50,delivered,2024-11-21 22:59:50,2024-11-16 22:59:50
O005072,C02379,2024-06-16 07:33:36,cancelled,2024-06-22 07:33:36,
O005073,C01800,2024-03-27 21:05:37,delivered,2024-04-03 21:05:37,2024-03-30 21:05:37
O005074,C01721,2024-01-18 03:35:22,delivered,2024-01-21 03:35:22,2024-01-23 03:35:22
O005075,C01520,2026-05-14 04:56:37,shipped,2026-05-19 04:56:37,
O005076,C02329,2025-05-31 04:22:51,delivered,2025-06-08 04:22:51,2025-06-04 04:22:51
O005077,C00543,2025-09-30 03:19:55,delivered,2025-10-04 03:19:55,2025-10-07 03:19:55
O005078,C02332,2025-10-23 00:02:03,cancelled,2025-11-01 00:02:03,
O005079,C00313,2024-04-02 13:44:27,delivered,2024-04-05 13:44:27,2024-04-11 13:44:27
O005080,C00254,2025-01-30 20:28:42,delivered,2025-02-05 20:28:42,2025-02-04 20:28:42
O005081,C01795,2026-04-08 10:30:41,cancelled,2026-04-17 10:30:41,
O005082,C02075,2025-10-09 10:18:13,delivered,,2025-10-13 10:18:13
O005083,C01348,2025-01-11 17:33:05,delivered,2025-01-23 17:33:05,2025-01-19 17:33:05
O005084,C00193,2026-01-11 00:40:21,delivered,2026-01-20 00:40:21,2026-01-14 00:40:21
O005085,C00117,2024-12-20 13:20:26,delivered,2024-12-31 13:20:26,2024-12-22 13:20:26
O005086,C02301,2024-02-14 14:40:14,delivered,2024-02-21 14:40:14,2024-02-17 14:40:14
O005087,C02414,2024-05-13 11:25:14,delivered,2024-05-17 11:25:14,2024-05-16 11:25:14
O005088,C02468,2025-05-01 15:57:30,delivered,2025-05-10 15:57:30,2025-05-02 15:57:30
O005089,C01778,2025-08-10 18:13:11,delivered,2025-08-17 18:13:11,2025-08-17 18:13:11
O005090,C00095,2024-10-14 11:51:15,delivered,2024-10-19 11:51:15,2024-10-18 11:51:15
O005091,C02493,2025-03-25 20:48:50,shipped,2025-04-01 20:48:50,
O005092,C01601,2026-05-23 07:16:07,delivered,2026-05-30 07:16:07,2026-05-28 07:16:07
O005093,C02055,2024-08-03 09:53:17,cancelled,2024-08-11 09:53:17,
O005094,C00067,2025-04-23 22:53:46,delivered,2025-05-05 22:53:46,2025-05-02 22:53:46
O005095,C02296,2025-01-14 10:28:14,delivered,2025-01-23 10:28:14,2025-01-15 10:28:14
O005096,C00587,2025-01-24 06:27:53,delivered,2025-02-05 06:27:53,2025-01-25 06:27:53
O005097,C00889,2024-10-29 21:19:16,delivered,2024-11-10 21:19:16,2024-11-04 21:19:16
O005098,C00903,2025-06-09 16:45:36,delivered,2025-06-16 16:45:36,2025-06-16 16:45:36
O005099,C00518,2024-03-22 08:53:56,delivered,2024-04-02 08:53:56,2024-03-28 08:53:56
O005100,C00248,2024-09-29 21:38:28,delivered,2024-10-02 21:38:28,2024-10-01 21:38:28
O005101,C02111,2025-03-12 16:55:54,delivered,2025-03-14 16:55:54,2025-03-18 16:55:54
O005102,C00819,2025-04-03 03:08:32,delivered,2025-04-07 03:08:32,2025-04-04 03:08:32
O005103,C01769,2025-02-17 00:42:13,delivered,2025-02-21 00:42:13,2025-02-22 00:42:13
O005104,C02016,2024-04-20 15:35:02,delivered,2024-04-27 15:35:02,2024-04-25 15:35:02
O005105,C01253,2025-04-27 09:49:20,delivered,2025-05-04 09:49:20,2025-05-01 09:49:20
O005106,C01690,2025-12-14 20:13:14,delivered,2025-12-23 20:13:14,2025-12-21 20:13:14
O005107,C01243,2026-02-18 17:06:24,delivered,2026-02-20 17:06:24,2026-02-19 17:06:24
O005108,C00596,2025-07-06 19:39:08,delivered,2025-07-14 19:39:08,2025-07-08 19:39:08
O005109,C00049,2025-02-17 08:39:40,delivered,2025-02-21 08:39:40,2025-02-20 08:39:40
O005110,C00421,2025-11-17 08:39:32,delivered,2025-11-19 08:39:32,2025-11-25 08:39:32
O005111,C01999,2026-02-18 09:47:10,delivered,2026-02-23 09:47:10,2026-02-19 09:47:10
O005112,C01658,2024-02-18 06:59:14,delivered,2024-02-20 06:59:14,2024-02-25 06:59:14
O005113,C00588,2024-06-16 02:48:21,delivered,2024-06-20 02:48:21,2024-06-26 02:48:21
O005114,C00153,2024-08-08 09:41:27,delivered,2024-08-19 09:41:27,2024-08-17 09:41:27
O005115,C01630,2025-11-24 05:42:52,delivered,2025-12-05 05:42:52,2025-11-28 05:42:52
O005116,C02321,2025-01-29 01:23:38,delivered,2025-02-06 01:23:38,2025-02-05 01:23:38
O005117,C00828,2024-01-12 02:15:12,processing,2024-01-21 02:15:12,
O005118,C01371,2026-02-28 23:51:09,delivered,2026-03-06 23:51:09,2026-03-06 23:51:09
O005119,C02173,2026-04-30 06:40:55,delivered,2026-05-03 06:40:55,2026-05-06 06:40:55
O005120,C00544,2025-10-03 06:12:36,delivered,2025-10-10 06:12:36,2025-10-09 06:12:36
O005121,C00937,2025-03-12 11:12:38,cancelled,2025-03-16 11:12:38,
O005122,C01309,2025-11-07 03:48:14,delivered,2025-11-14 03:48:14,2025-11-09 03:48:14
O005123,C01622,2025-07-07 03:55:26,delivered,2025-07-17 03:55:26,2025-07-13 03:55:26
O005124,C01393,2026-03-16 21:27:29,cancelled,2026-03-25 21:27:29,
O005125,C00318,2024-05-02 23:53:05,delivered,2024-05-10 23:53:05,2024-05-04 23:53:05
O005126,C01634,2025-07-23 11:05:51,delivered,2025-07-28 11:05:51,2025-07-24 11:05:51
O005127,C01739,2025-12-11 17:13:22,delivered,2025-12-21 17:13:22,2025-12-19 17:13:22
O005128,C00220,2026-03-05 05:40:03,delivered,2026-03-08 05:40:03,2026-03-12 05:40:03
O005129,C00220,2024-10-05 14:03:23,delivered,2024-10-17 14:03:23,2024-10-07 14:03:23
O005130,C00990,2024-01-22 11:41:02,delivered,2024-02-03 11:41:02,2024-01-25 11:41:02
O005131,C00283,2024-09-01 18:45:11,delivered,2024-09-06 18:45:11,2024-09-02 18:45:11
O005132,C00366,2024-01-08 03:33:17,delivered,2024-01-10 03:33:17,2024-01-12 03:33:17
O005133,C01066,2026-04-09 22:32:18,delivered,2026-04-21 22:32:18,2026-04-12 22:32:18
O005134,C01688,2024-08-30 16:05:42,delivered,2024-09-10 16:05:42,2024-09-06 16:05:42
O005135,C01890,2025-09-22 16:55:32,delivered,2025-10-04 16:55:32,2025-09-24 16:55:32
O005136,C02132,2025-02-27 02:15:53,delivered,2025-03-02 02:15:53,2025-03-02 02:15:53
O005137,C02012,2024-03-02 13:29:55,returned,2024-03-08 13:29:55,2024-03-06 13:29:55
O005138,C01627,2025-02-01 01:44:18,delivered,2025-02-04 01:44:18,2025-02-06 01:44:18
O005139,C00230,2026-05-15 03:34:32,cancelled,2026-05-22 03:34:32,
O005140,C00050,2024-06-15 01:31:15,delivered,2024-06-18 01:31:15,2024-06-20 01:31:15
O005141,C02291,2025-11-25 14:57:21,delivered,2025-11-30 14:57:21,2025-11-28 14:57:21
O005142,C00079,2025-06-15 08:24:45,delivered,2025-06-18 08:24:45,2025-06-18 08:24:45
O005143,C00868,2024-08-02 14:53:08,delivered,2024-08-11 14:53:08,2024-08-08 14:53:08
O005144,C01436,2025-10-19 14:30:31,delivered,2025-10-29 14:30:31,2025-10-26 14:30:31
O005145,C01904,2024-09-02 19:51:55,processing,2024-09-06 19:51:55,
O005146,C01280,2025-06-29 06:11:43,shipped,2025-07-09 06:11:43,
O005147,C00578,2026-02-10 00:55:10,delivered,2026-02-19 00:55:10,2026-02-14 00:55:10
O005148,C01099,2024-04-30 03:50:29,delivered,2024-05-09 03:50:29,2024-05-07 03:50:29
O005149,C01527,2025-05-05 09:00:09,delivered,2025-05-11 09:00:09,2025-05-13 09:00:09
O005150,C00667,2024-07-07 02:23:29,shipped,2024-07-16 02:23:29,
O005151,C00804,2024-10-14 20:17:51,delivered,2024-10-21 20:17:51,2024-10-18 20:17:51
O005152,C00662,2025-01-13 21:55:48,delivered,2025-01-25 21:55:48,2025-01-14 21:55:48
O005153,C00276,2025-10-28 05:41:49,delivered,2025-11-02 05:41:49,2025-11-08 05:41:49
O005154,C00117,2026-04-25 00:48:28,cancelled,2026-04-29 00:48:28,
O005155,C00301,2026-01-06 20:53:19,delivered,2026-01-12 20:53:19,2026-01-12 20:53:19
O005156,C00942,2026-02-14 13:49:07,delivered,2026-02-18 13:49:07,2026-02-19 13:49:07
O005157,C00376,2025-02-24 13:21:27,delivered,2025-02-26 13:21:27,2025-03-03 13:21:27
O005158,C02127,2025-05-26 13:36:56,delivered,2025-05-31 13:36:56,2025-05-27 13:36:56
O005159,C00788,2025-01-16 00:17:41,delivered,2025-01-20 00:17:41,2025-01-21 00:17:41
O005160,C01994,2026-02-03 07:29:19,processing,2026-02-15 07:29:19,
O005161,C00721,2024-08-22 12:01:21,delivered,2024-08-26 12:01:21,2024-08-28 12:01:21
O005162,C00638,2024-03-01 18:14:30,delivered,2024-03-09 18:14:30,2024-03-09 18:14:30
O005163,C01114,2025-10-10 22:38:44,delivered,2025-10-21 22:38:44,2025-10-21 22:38:44
O005164,C00391,2024-04-13 14:26:28,delivered,2024-04-15 14:26:28,2024-04-18 14:26:28
O005165,C01748,2024-12-05 09:37:09,delivered,2024-12-09 09:37:09,2024-12-11 09:37:09
O005166,C00162,2025-07-13 01:31:08,delivered,2025-07-25 01:31:08,2025-07-18 01:31:08
O005167,C00106,2024-05-22 21:24:34,delivered,2024-05-25 21:24:34,2024-05-24 21:24:34
O005168,C00682,2025-03-30 02:29:29,delivered,2025-04-01 02:29:29,2025-04-07 02:29:29
O005169,C02184,2026-06-21 13:09:35,delivered,2026-06-27 13:09:35,2026-06-27 13:09:35
O005170,C01600,2024-11-25 04:38:39,processing,2024-12-05 04:38:39,
O005171,C00286,2026-02-08 19:23:16,delivered,2026-02-19 19:23:16,2026-02-13 19:23:16
O005172,C00527,2025-09-21 04:29:54,delivered,2025-10-02 04:29:54,2025-09-24 04:29:54
O005173,C00663,2025-07-17 02:31:36,delivered,2025-07-28 02:31:36,2025-07-23 02:31:36
O005174,C01847,2026-04-27 19:49:37,delivered,2026-05-02 19:49:37,2026-04-29 19:49:37
O005175,C00513,2025-06-11 17:30:26,delivered,2025-06-13 17:30:26,2025-06-14 17:30:26
O005176,C01136,2026-03-15 08:03:20,delivered,2026-03-24 08:03:20,2026-03-20 08:03:20
O005177,C01385,2026-06-02 12:35:32,returned,2026-06-13 12:35:32,2026-06-13 12:35:32
O005178,C02436,2024-08-29 11:49:21,delivered,2024-09-06 11:49:21,2024-09-01 11:49:21
O005179,C02423,2024-12-15 03:57:19,delivered,2024-12-24 03:57:19,2024-12-19 03:57:19
O005180,C02496,2025-01-19 02:52:42,shipped,2025-01-21 02:52:42,
O005181,C00624,2024-07-27 07:34:06,shipped,2024-07-30 07:34:06,
O005182,C00646,2025-05-13 02:41:39,delivered,2025-05-19 02:41:39,2025-05-17 02:41:39
O005183,C01787,2024-01-11 07:25:55,delivered,2024-01-20 07:25:55,2024-01-14 07:25:55
O005184,C01078,2025-10-07 15:42:44,delivered,2025-10-09 15:42:44,2025-10-13 15:42:44
O005185,C02089,2024-06-14 21:40:42,delivered,2024-06-23 21:40:42,2024-06-16 21:40:42
O005186,C02326,2024-05-09 21:11:44,processing,2024-05-11 21:11:44,
O005187,C01388,2025-10-08 22:11:39,delivered,2025-10-19 22:11:39,2025-10-14 22:11:39
O005188,C00335,2025-04-24 07:33:51,delivered,2025-04-29 07:33:51,2025-04-25 07:33:51
O005189,C00351,2024-06-16 09:43:01,delivered,2024-06-27 09:43:01,2024-06-22 09:43:01
O005190,C00817,2026-05-19 11:57:37,delivered,2026-05-24 11:57:37,2026-05-29 11:57:37
O005191,C02441,2025-03-13 06:21:32,delivered,2025-03-18 06:21:32,2025-03-25 06:21:32
O005192,C01806,2024-09-29 11:25:13,delivered,2024-10-01 11:25:13,2024-10-06 11:25:13
O005193,C02004,2024-05-18 17:25:22,delivered,2024-05-24 17:25:22,2024-05-27 17:25:22
O005194,C01275,2024-09-01 22:20:16,delivered,2024-09-13 22:20:16,2024-09-05 22:20:16
O005195,C02264,2024-04-05 02:12:56,delivered,2024-04-08 02:12:56,2024-04-09 02:12:56
O005196,C00252,2025-10-03 08:24:50,delivered,2025-10-14 08:24:50,2025-10-06 08:24:50
O005197,C00467,2024-12-27 08:03:11,delivered,2024-12-29 08:03:11,2025-01-08 08:03:11
O005198,C00893,2026-05-01 19:07:14,delivered,2026-05-06 19:07:14,2026-05-12 19:07:14
O005199,C01526,2024-07-04 09:47:08,delivered,2024-07-08 09:47:08,2024-07-09 09:47:08
O005200,C00090,2024-02-07 20:35:43,delivered,2024-02-16 20:35:43,2024-02-16 20:35:43
O005201,C01482,2025-03-17 17:17:25,cancelled,2025-03-26 17:17:25,
O005202,C02067,2024-06-23 07:27:29,delivered,2024-06-28 07:27:29,2024-06-25 07:27:29
O005203,C00957,2026-04-11 11:13:03,returned,2026-04-13 11:13:03,2026-04-26 11:13:03
O005204,C00582,2024-05-03 04:59:41,delivered,2024-05-11 04:59:41,2024-05-13 04:59:41
O005205,C01611,2024-03-29 11:39:08,processing,2024-04-09 11:39:08,
O005206,C00638,2026-01-03 17:58:57,delivered,2026-01-07 17:58:57,2026-01-08 17:58:57
O005207,C00761,2026-03-28 03:16:05,delivered,2026-04-09 03:16:05,2026-03-30 03:16:05
O005208,C01591,2025-04-13 12:50:26,delivered,2025-04-22 12:50:26,2025-04-23 12:50:26
O005209,C00174,2025-08-02 01:09:12,delivered,2025-08-11 01:09:12,2025-08-10 01:09:12
O005210,C01878,2024-02-14 16:19:48,delivered,2024-02-17 16:19:48,2024-02-21 16:19:48
O005211,C02025,2024-05-16 23:04:21,delivered,2024-05-24 23:04:21,2024-05-19 23:04:21
O005212,C00275,2024-12-13 05:45:31,shipped,2024-12-22 05:45:31,
O005213,C02157,2024-10-05 00:45:44,delivered,2024-10-12 00:45:44,2024-10-09 00:45:44
O005214,C01393,2025-07-09 00:32:17,processing,2025-07-14 00:32:17,
O005215,C00038,2026-02-03 23:37:05,delivered,2026-02-13 23:37:05,2026-02-16 23:37:05
O005216,C00434,2024-06-22 07:44:56,delivered,,2024-06-29 07:44:56
O005217,C02205,2025-07-07 03:38:36,delivered,2025-07-13 03:38:36,2025-07-16 03:38:36
O005218,C02160,2025-05-01 18:47:53,delivered,2025-05-10 18:47:53,2025-05-10 18:47:53
O005219,C02268,2024-05-01 23:28:56,delivered,2024-05-12 23:28:56,2024-05-03 23:28:56
O005220,C00655,2024-11-20 06:39:47,delivered,2024-11-22 06:39:47,2024-12-01 06:39:47
O005221,C01356,2024-01-22 14:43:53,delivered,2024-02-02 14:43:53,2024-01-26 14:43:53
O005222,C02318,2025-04-18 08:09:32,processing,2025-04-22 08:09:32,
O005223,C00367,2025-03-22 03:52:44,delivered,2025-03-27 03:52:44,2025-04-02 03:52:44
O005224,C02407,2024-04-16 04:15:52,shipped,2024-04-24 04:15:52,
O005225,C00984,2024-02-28 08:34:16,delivered,2024-03-11 08:34:16,2024-03-10 08:34:16
O005226,C01796,2025-06-18 20:27:28,processing,2025-06-24 20:27:28,
O005227,C01025,2024-04-23 23:14:29,delivered,2024-04-27 23:14:29,2024-05-01 23:14:29
O005228,C00033,2024-12-19 08:01:34,delivered,2024-12-21 08:01:34,2024-12-22 08:01:34
O005229,C01320,2024-07-26 08:05:26,delivered,2024-08-05 08:05:26,2024-07-29 08:05:26
O005230,C01687,2024-07-01 13:36:26,delivered,2024-07-10 13:36:26,2024-07-03 13:36:26
O005231,C00410,2025-07-26 04:25:28,delivered,2025-08-07 04:25:28,2025-07-27 04:25:28
O005232,C02302,2025-09-12 00:35:10,delivered,2025-09-22 00:35:10,2025-09-19 00:35:10
O005233,C01015,2025-03-15 07:05:33,delivered,2025-03-23 07:05:33,2025-03-21 07:05:33
O005234,C01188,2025-10-04 02:04:00,cancelled,2025-10-07 02:04:00,
O005235,C00995,2025-01-19 21:14:59,delivered,2025-01-29 21:14:59,2025-01-24 21:14:59
O005236,C02290,2025-06-06 08:25:36,shipped,2025-06-11 08:25:36,
O005237,C00718,2024-01-30 02:48:23,delivered,2024-02-01 02:48:23,2024-02-05 02:48:23
O005238,C00122,2025-07-30 06:23:45,delivered,2025-08-11 06:23:45,2025-08-09 06:23:45
O005239,C00822,2025-07-25 06:59:40,delivered,2025-07-29 06:59:40,2025-08-02 06:59:40
O005240,C00298,2024-10-28 10:33:01,delivered,2024-11-06 10:33:01,2024-11-03 10:33:01
O005241,C00396,2024-08-25 00:42:16,delivered,2024-09-04 00:42:16,2024-08-26 00:42:16
O005242,C00300,2025-04-21 07:44:37,delivered,2025-04-29 07:44:37,2025-04-29 07:44:37
O005243,C00219,2024-10-03 10:21:42,delivered,2024-10-14 10:21:42,2024-10-04 10:21:42
O005244,C00896,2025-10-02 10:25:16,delivered,2025-10-12 10:25:16,2025-10-07 10:25:16
O005245,C00456,2025-08-23 20:41:38,delivered,2025-08-26 20:41:38,2025-08-24 20:41:38
O005246,C00689,2024-06-10 11:33:48,delivered,2024-06-12 11:33:48,2024-06-11 11:33:48
O005247,C01106,2026-06-17 01:07:11,processing,2026-06-27 01:07:11,
O005248,C01181,2025-08-24 13:16:49,shipped,2025-09-01 13:16:49,
O005249,C02134,2024-02-22 06:14:48,delivered,2024-02-24 06:14:48,2024-02-24 06:14:48
O005250,C01237,2024-09-14 06:43:22,delivered,2024-09-25 06:43:22,2024-09-21 06:43:22
O005251,C02195,2025-06-20 06:31:46,shipped,2025-06-25 06:31:46,
O005252,C00482,2024-05-03 10:53:33,delivered,2024-05-06 10:53:33,2024-05-06 10:53:33
O005253,C00328,2025-04-19 03:22:16,delivered,2025-04-21 03:22:16,2025-04-27 03:22:16
O005254,C00996,2025-05-03 14:02:29,delivered,2025-05-10 14:02:29,2025-05-09 14:02:29
O005255,C02445,2025-09-24 05:48:34,delivered,2025-09-27 05:48:34,2025-10-01 05:48:34
O005256,C00171,2026-06-09 06:42:43,delivered,2026-06-20 06:42:43,2026-06-10 06:42:43
O005257,C02374,2025-11-11 13:12:52,delivered,2025-11-17 13:12:52,2025-11-12 13:12:52
O005258,C01913,2025-01-01 14:53:03,shipped,2025-01-06 14:53:03,
O005259,C01213,2026-03-09 23:35:35,delivered,2026-03-15 23:35:35,2026-03-15 23:35:35
O005260,C02230,2025-02-04 05:06:17,delivered,2025-02-11 05:06:17,2025-02-07 05:06:17
O005261,C00731,2025-07-07 22:44:09,delivered,2025-07-14 22:44:09,2025-07-08 22:44:09
O005262,C01297,2025-03-10 09:45:15,delivered,2025-03-19 09:45:15,2025-03-17 09:45:15
O005263,C00915,2024-05-02 01:07:09,delivered,2024-05-05 01:07:09,2024-05-08 01:07:09
O005264,C00978,2024-04-21 02:01:03,delivered,2024-04-25 02:01:03,2024-04-27 02:01:03
O005265,C01035,2024-05-21 00:03:06,delivered,2024-05-31 00:03:06,2024-05-28 00:03:06
O005266,C00441,2026-01-01 21:02:03,delivered,2026-01-09 21:02:03,2026-01-08 21:02:03
O005267,C01447,2024-09-14 18:41:56,delivered,2024-09-20 18:41:56,2024-09-19 18:41:56
O005268,C02203,2025-03-06 07:06:41,delivered,2025-03-09 07:06:41,2025-03-10 07:06:41
O005269,C02223,2024-06-16 02:14:28,delivered,2024-06-19 02:14:28,2024-06-19 02:14:28
O005270,C00094,2025-04-14 03:57:23,delivered,2025-04-26 03:57:23,2025-04-19 03:57:23
O005271,C00094,2025-11-08 12:47:50,delivered,2025-11-20 12:47:50,2025-11-12 12:47:50
O005272,C01190,2024-05-23 12:37:39,delivered,2024-05-31 12:37:39,2024-05-28 12:37:39
O005273,C00227,2024-05-24 05:53:55,shipped,2024-06-05 05:53:55,
O005274,C01518,2025-06-16 22:53:48,delivered,2025-06-18 22:53:48,2025-06-23 22:53:48
O005275,C00620,2026-05-03 23:43:13,delivered,2026-05-11 23:43:13,2026-05-11 23:43:13
O005276,C00349,2025-09-08 11:01:47,delivered,2025-09-18 11:01:47,2025-09-15 11:01:47
O005277,C02121,2024-12-13 20:50:27,delivered,2024-12-25 20:50:27,2024-12-22 20:50:27
O005278,C00813,2024-06-28 22:11:47,delivered,2024-07-01 22:11:47,2024-07-07 22:11:47
O005279,C00618,2025-03-08 05:04:05,delivered,2025-03-17 05:04:05,2025-03-17 05:04:05
O005280,C00270,2025-08-07 20:52:45,shipped,2025-08-12 20:52:45,
O005281,C01141,2026-01-19 18:48:03,delivered,2026-01-23 18:48:03,2026-01-22 18:48:03
O005282,C02061,2025-12-29 05:16:41,delivered,2026-01-05 05:16:41,2026-01-05 05:16:41
O005283,C01891,2025-04-25 19:47:10,delivered,2025-05-06 19:47:10,2025-05-01 19:47:10
O005284,C01050,2025-01-25 21:26:00,delivered,2025-02-05 21:26:00,2025-02-05 21:26:00
O005285,C01409,2024-04-21 06:27:09,delivered,2024-04-23 06:27:09,2024-04-29 06:27:09
O005286,C00828,2025-04-02 10:16:54,processing,2025-04-13 10:16:54,
O005287,C02123,2024-03-10 14:46:55,delivered,2024-03-16 14:46:55,2024-03-12 14:46:55
O005288,C02161,2026-01-20 23:49:35,delivered,2026-01-22 23:49:35,2026-01-31 23:49:35
O005289,C01077,2024-02-17 16:45:24,delivered,2024-02-26 16:45:24,2024-02-27 16:45:24
O005290,C01908,2025-08-05 10:47:30,delivered,2025-08-10 10:47:30,2025-08-13 10:47:30
O005291,C00620,2025-12-07 20:08:32,delivered,2025-12-17 20:08:32,2025-12-12 20:08:32
O005292,C00407,2025-12-27 21:30:04,delivered,2026-01-04 21:30:04,2026-01-02 21:30:04
O005293,C01693,2025-05-28 00:58:41,cancelled,2025-06-02 00:58:41,
O005294,C01937,2025-12-10 11:22:20,shipped,2025-12-20 11:22:20,
O005295,C01172,2025-11-10 19:56:04,returned,2025-11-16 19:56:04,2025-11-19 19:56:04
O005296,C00452,2025-10-29 11:19:52,delivered,2025-11-08 11:19:52,2025-11-03 11:19:52
O005297,C00485,2025-07-06 10:44:11,cancelled,2025-07-18 10:44:11,
O005298,C00642,2024-02-24 04:35:39,delivered,2024-03-02 04:35:39,2024-03-02 04:35:39
O005299,C00897,2024-12-22 17:45:04,delivered,2024-12-26 17:45:04,2024-12-28 17:45:04
O005300,C01274,2024-09-29 04:59:05,delivered,2024-10-07 04:59:05,2024-10-06 04:59:05
O005301,C02456,2025-02-24 19:59:53,delivered,2025-02-26 19:59:53,2025-02-28 19:59:53
O005302,C01372,2026-06-17 15:34:50,delivered,2026-06-19 15:34:50,2026-06-18 15:34:50
O005303,C02001,2024-07-08 05:17:03,delivered,2024-07-17 05:17:03,2024-07-13 05:17:03
O005304,C00854,2024-04-20 19:10:07,delivered,2024-04-28 19:10:07,2024-04-22 19:10:07
O005305,C00204,2026-03-29 18:15:59,returned,2026-04-02 18:15:59,2026-04-04 18:15:59
O005306,C01682,2024-04-19 03:52:50,delivered,2024-04-25 03:52:50,2024-04-27 03:52:50
O005307,C00702,2024-11-17 01:25:31,delivered,2024-11-19 01:25:31,2024-11-22 01:25:31
O005308,C00838,2026-06-24 19:33:55,delivered,2026-06-30 19:33:55,2026-07-03 19:33:55
O005309,C00681,2025-07-26 23:26:00,delivered,2025-07-29 23:26:00,2025-08-01 23:26:00
O005310,C02101,2025-11-02 20:44:29,delivered,2025-11-14 20:44:29,2025-11-06 20:44:29
O005311,C00619,2025-04-26 04:39:44,delivered,2025-05-01 04:39:44,2025-04-28 04:39:44
O005312,C00295,2024-03-27 21:18:02,shipped,2024-03-29 21:18:02,
O005313,C01749,2024-05-04 18:55:53,delivered,2024-05-15 18:55:53,2024-05-09 18:55:53
O005314,C01582,2025-10-02 08:57:35,delivered,2025-10-12 08:57:35,2025-10-10 08:57:35
O005315,C01118,2025-10-09 01:16:00,delivered,2025-10-15 01:16:00,2025-10-12 01:16:00
O005316,C00964,2025-10-17 19:11:31,returned,2025-10-20 19:11:31,2025-10-21 19:11:31
O005317,C01318,2025-01-19 18:10:17,delivered,2025-01-31 18:10:17,2025-01-26 18:10:17
O005318,C00740,2024-02-21 22:42:32,delivered,2024-03-04 22:42:32,2024-03-02 22:42:32
O005319,C00851,2025-09-13 13:55:39,delivered,2025-09-21 13:55:39,2025-09-20 13:55:39
O005320,C01645,2024-12-10 12:22:03,delivered,2024-12-17 12:22:03,2024-12-16 12:22:03
O005321,C02107,2024-07-03 13:40:16,delivered,2024-07-12 13:40:16,2024-07-04 13:40:16
O005322,C00255,2026-02-21 02:29:48,shipped,2026-03-03 02:29:48,
O005323,C00665,2026-06-10 10:00:01,delivered,2026-06-21 10:00:01,2026-06-12 10:00:01
O005324,C02249,2025-12-22 14:00:33,delivered,2025-12-31 14:00:33,2025-12-27 14:00:33
O005325,C00500,2024-07-06 13:33:28,delivered,2024-07-17 13:33:28,2024-07-13 13:33:28
O005326,C01233,2025-02-25 17:51:12,delivered,2025-03-04 17:51:12,2025-03-02 17:51:12
O005327,C02094,2024-11-07 13:37:02,delivered,2024-11-12 13:37:02,2024-11-08 13:37:02
O005328,C00276,2025-07-18 21:05:51,delivered,2025-07-26 21:05:51,2025-07-27 21:05:51
O005329,C02111,2024-10-08 12:49:09,delivered,2024-10-20 12:49:09,2024-10-10 12:49:09
O005330,C00405,2024-04-12 19:14:54,delivered,2024-04-20 19:14:54,2024-04-18 19:14:54
O005331,C01231,2025-08-17 03:39:11,delivered,2025-08-23 03:39:11,2025-08-23 03:39:11
O005332,C02497,2024-06-27 08:06:30,cancelled,2024-07-02 08:06:30,
O005333,C01597,2024-01-13 03:59:54,delivered,2024-01-24 03:59:54,2024-01-16 03:59:54
O005334,C00907,2024-06-27 00:11:23,delivered,2024-06-29 00:11:23,2024-07-03 00:11:23
O005335,C01202,2024-04-19 03:04:23,delivered,2024-04-27 03:04:23,2024-04-24 03:04:23
O005336,C01759,2024-08-16 07:23:17,delivered,2024-08-20 07:23:17,2024-08-18 07:23:17
O005337,C00183,2025-10-22 05:24:03,delivered,2025-10-28 05:24:03,2025-10-26 05:24:03
O005338,C02092,2024-01-08 15:31:10,delivered,2024-01-11 15:31:10,2024-01-11 15:31:10
O005339,C02080,2024-08-06 06:08:19,shipped,2024-08-12 06:08:19,
O005340,C00902,2024-09-16 00:21:09,delivered,2024-09-24 00:21:09,2024-09-20 00:21:09
O005341,C00623,2024-06-19 02:57:04,delivered,2024-06-21 02:57:04,2024-06-24 02:57:04
O005342,C00410,2025-04-09 02:35:44,delivered,2025-04-17 02:35:44,2025-04-16 02:35:44
O005343,C01845,2025-08-29 11:08:58,cancelled,2025-09-07 11:08:58,
O005344,C01936,2025-09-17 03:51:39,delivered,2025-09-20 03:51:39,2025-09-18 03:51:39
O005345,C00942,2025-10-15 01:59:33,delivered,2025-10-21 01:59:33,2025-10-20 01:59:33
O005346,C01008,2026-06-17 12:15:19,delivered,2026-06-23 12:15:19,2026-06-25 12:15:19
O005347,C00124,2025-03-21 18:31:59,delivered,2025-04-02 18:31:59,2025-03-31 18:31:59
O005348,C02171,2026-04-28 10:54:11,delivered,2026-05-09 10:54:11,2026-05-08 10:54:11
O005349,C02202,2024-12-02 09:58:36,delivered,2024-12-12 09:58:36,2024-12-03 09:58:36
O005350,C02092,2026-05-30 00:37:50,delivered,2026-06-11 00:37:50,2026-06-05 00:37:50
O005351,C00797,2026-05-06 05:44:10,cancelled,2026-05-08 05:44:10,
O005352,C00394,2024-07-25 05:00:00,delivered,2024-07-31 05:00:00,2024-08-03 05:00:00
O005353,C02306,2025-07-18 10:30:02,cancelled,2025-07-25 10:30:02,
O005354,C00603,2025-04-26 08:25:04,delivered,2025-04-28 08:25:04,2025-05-07 08:25:04
O005355,C01322,2024-01-22 00:43:57,cancelled,2024-01-31 00:43:57,
O005356,C00693,2024-08-21 08:39:10,delivered,2024-09-02 08:39:10,2024-08-27 08:39:10
O005357,C02272,2024-10-02 01:32:09,delivered,2024-10-09 01:32:09,2024-10-07 01:32:09
O005358,C01671,2024-10-16 12:18:27,delivered,2024-10-27 12:18:27,2024-10-17 12:18:27
O005359,C01003,2024-05-31 23:49:05,delivered,2024-06-05 23:49:05,2024-06-02 23:49:05
O005360,C02072,2024-09-08 16:17:54,delivered,2024-09-15 16:17:54,2024-09-15 16:17:54
O005361,C01973,2024-09-27 17:14:21,delivered,2024-10-09 17:14:21,2024-09-28 17:14:21
O005362,C00129,2026-04-07 04:49:17,returned,2026-04-11 04:49:17,2026-04-16 04:49:17
O005363,C00377,2024-04-07 11:04:05,delivered,,2024-04-13 11:04:05
O005364,C02392,2025-04-25 10:29:44,delivered,2025-04-29 10:29:44,2025-04-29 10:29:44
O005365,C00304,2026-01-26 22:36:57,delivered,2026-02-01 22:36:57,2026-02-01 22:36:57
O005366,C00300,2025-12-01 04:01:54,delivered,2025-12-09 04:01:54,2025-12-02 04:01:54
O005367,C00521,2025-03-01 10:23:38,delivered,2025-03-08 10:23:38,2025-03-04 10:23:38
O005368,C00471,2024-07-01 18:28:02,shipped,2024-07-05 18:28:02,
O005369,C02303,2024-07-17 12:43:40,cancelled,2024-07-25 12:43:40,
O005370,C02436,2025-10-24 21:28:33,delivered,2025-10-26 21:28:33,2025-10-31 21:28:33
O005371,C00644,2025-01-14 23:30:16,shipped,2025-01-21 23:30:16,
O005372,C02418,2025-04-26 05:39:23,delivered,2025-05-01 05:39:23,2025-05-02 05:39:23
O005373,C00227,2024-09-04 20:53:38,delivered,2024-09-08 20:53:38,2024-09-07 20:53:38
O005374,C02114,2026-05-07 13:10:35,delivered,2026-05-19 13:10:35,2026-05-18 13:10:35
O005375,C02293,2025-10-10 03:48:02,delivered,2025-10-22 03:48:02,2025-10-17 03:48:02
O005376,C02124,2024-01-30 21:16:53,delivered,2024-02-05 21:16:53,2024-02-04 21:16:53
O005377,C02475,2024-05-17 18:45:24,delivered,2024-05-24 18:45:24,2024-05-22 18:45:24
O005378,C02028,2025-04-24 14:31:06,delivered,2025-05-02 14:31:06,2025-04-30 14:31:06
O005379,C01041,2026-03-21 20:41:18,delivered,2026-03-30 20:41:18,2026-03-28 20:41:18
O005380,C00288,2025-01-24 14:24:22,delivered,2025-02-04 14:24:22,2025-02-01 14:24:22
O005381,C00971,2024-09-01 06:17:29,delivered,,2024-09-09 06:17:29
O005382,C00596,2024-03-07 06:57:52,delivered,,2024-03-14 06:57:52
O005383,C00629,2025-09-26 12:40:52,delivered,2025-10-03 12:40:52,2025-10-02 12:40:52
O005384,C02019,2024-10-11 02:00:47,cancelled,2024-10-21 02:00:47,
O005385,C00616,2025-01-02 07:53:26,delivered,2025-01-11 07:53:26,2025-01-15 07:53:26
O005386,C00698,2024-07-09 17:29:45,delivered,2024-07-14 17:29:45,2024-07-13 17:29:45
O005387,C00613,2025-09-06 04:25:24,delivered,2025-09-14 04:25:24,2025-09-14 04:25:24
O005388,C00969,2026-02-22 23:55:27,delivered,2026-02-24 23:55:27,2026-03-03 23:55:27
O005389,C01186,2025-10-20 13:06:38,delivered,2025-10-25 13:06:38,2025-10-21 13:06:38
O005390,C00108,2025-07-01 18:28:02,shipped,2025-07-04 18:28:02,
O005391,C01987,2025-02-12 10:37:39,delivered,2025-02-19 10:37:39,2025-02-15 10:37:39
O005392,C01336,2025-02-20 02:36:23,delivered,,2025-02-23 02:36:23
O005393,C00332,2025-08-07 19:30:30,delivered,2025-08-15 19:30:30,2025-08-13 19:30:30
O005394,C00252,2024-04-23 05:53:06,cancelled,2024-04-26 05:53:06,
O005395,C01413,2026-02-18 10:54:34,cancelled,2026-02-27 10:54:34,
O005396,C02218,2025-10-14 05:30:09,delivered,2025-10-25 05:30:09,2025-10-20 05:30:09
O005397,C00972,2024-09-04 18:13:28,delivered,2024-09-13 18:13:28,2024-09-08 18:13:28
O005398,C01741,2024-09-07 12:01:26,delivered,2024-09-09 12:01:26,2024-09-13 12:01:26
O005399,C01384,2026-05-07 08:13:02,delivered,2026-05-12 08:13:02,2026-05-11 08:13:02
O005400,C00233,2024-07-09 13:57:36,delivered,2024-07-16 13:57:36,2024-07-15 13:57:36
O005401,C01298,2024-08-05 02:45:48,delivered,2024-08-11 02:45:48,2024-08-10 02:45:48
O005402,C00574,2025-11-05 22:02:28,delivered,2025-11-09 22:02:28,2025-11-10 22:02:28
O005403,C00846,2024-03-03 08:03:49,delivered,2024-03-09 08:03:49,2024-03-07 08:03:49
O005404,C01156,2026-02-16 16:11:20,delivered,2026-02-28 16:11:20,2026-02-26 16:11:20
O005405,C00637,2024-08-04 06:16:35,delivered,2024-08-12 06:16:35,2024-08-09 06:16:35
O005406,C01688,2024-10-11 02:48:49,shipped,2024-10-21 02:48:49,
O005407,C00225,2024-05-12 05:00:15,shipped,2024-05-19 05:00:15,
O005408,C01362,2026-02-03 09:23:27,delivered,2026-02-14 09:23:27,2026-02-11 09:23:27
O005409,C01874,2025-01-03 04:44:35,delivered,2025-01-11 04:44:35,2025-01-11 04:44:35
O005410,C00374,2025-03-09 01:00:58,cancelled,2025-03-13 01:00:58,
O005411,C01302,2024-02-10 17:00:56,shipped,,
O005412,C02168,2026-01-30 11:14:30,delivered,2026-02-02 11:14:30,2026-02-06 11:14:30
O005413,C01869,2025-05-02 19:17:43,delivered,2025-05-09 19:17:43,2025-05-10 19:17:43
O005414,C02061,2025-01-15 22:48:58,delivered,2025-01-19 22:48:58,2025-01-20 22:48:58
O005415,C00067,2026-02-26 18:21:13,delivered,2026-03-10 18:21:13,2026-03-05 18:21:13
O005416,C01914,2024-05-03 01:38:09,delivered,2024-05-05 01:38:09,2024-05-08 01:38:09
O005417,C01814,2025-08-09 08:20:03,delivered,2025-08-21 08:20:03,2025-08-13 08:20:03
O005418,C01985,2026-02-08 09:47:52,delivered,2026-02-10 09:47:52,2026-02-09 09:47:52
O005419,C00152,2024-12-17 13:28:25,delivered,2024-12-20 13:28:25,2024-12-30 13:28:25
O005420,C01221,2024-09-19 16:42:36,delivered,2024-10-01 16:42:36,2024-09-23 16:42:36
O005421,C00341,2024-10-14 23:16:12,delivered,2024-10-16 23:16:12,2024-10-17 23:16:12
O005422,C01724,2025-07-08 02:57:38,delivered,2025-07-17 02:57:38,2025-07-10 02:57:38
O005423,C01650,2025-09-23 16:43:16,delivered,2025-10-05 16:43:16,2025-09-29 16:43:16
O005424,C02087,2024-09-26 08:49:46,delivered,2024-10-06 08:49:46,2024-09-29 08:49:46
O005425,C01140,2024-09-05 21:42:42,cancelled,2024-09-07 21:42:42,
O005426,C01961,2024-10-03 20:57:58,delivered,2024-10-09 20:57:58,2024-10-15 20:57:58
O005427,C00769,2024-08-25 17:19:00,delivered,2024-09-05 17:19:00,2024-09-02 17:19:00
O005428,C01904,2026-01-22 00:10:52,delivered,2026-01-24 00:10:52,2026-02-01 00:10:52
O005429,C01496,2025-09-12 02:55:57,delivered,2025-09-14 02:55:57,2025-09-19 02:55:57
O005430,C00906,2024-09-15 18:31:17,delivered,2024-09-25 18:31:17,2024-09-24 18:31:17
O005431,C00618,2026-05-22 10:46:57,delivered,2026-06-02 10:46:57,2026-05-27 10:46:57
O005432,C00188,2025-05-10 13:52:42,delivered,2025-05-13 13:52:42,2025-05-21 13:52:42
O005433,C01717,2024-02-15 22:41:50,delivered,2024-02-26 22:41:50,2024-02-17 22:41:50
O005434,C00394,2024-06-27 00:09:13,shipped,2024-07-08 00:09:13,
O005435,C02051,2025-01-06 05:10:06,cancelled,2025-01-14 05:10:06,
O005436,C02446,2025-10-29 20:27:53,delivered,2025-11-02 20:27:53,2025-11-01 20:27:53
O005437,C01858,2024-08-24 08:00:04,delivered,2024-09-04 08:00:04,2024-08-27 08:00:04
O005438,C00321,2026-04-06 02:15:32,delivered,2026-04-17 02:15:32,2026-04-08 02:15:32
O005439,C02476,2025-01-25 14:44:59,delivered,2025-02-02 14:44:59,2025-01-29 14:44:59
O005440,C00876,2025-06-17 08:11:05,delivered,2025-06-20 08:11:05,2025-06-26 08:11:05
O005441,C00683,2024-03-06 09:49:22,delivered,2024-03-09 09:49:22,2024-03-08 09:49:22
O005442,C02364,2026-02-02 23:18:58,delivered,2026-02-10 23:18:58,2026-02-12 23:18:58
O005443,C00111,2024-03-19 02:07:53,delivered,2024-03-26 02:07:53,2024-03-22 02:07:53
O005444,C00496,2025-12-11 00:00:40,delivered,2025-12-21 00:00:40,2025-12-19 00:00:40
O005445,C01990,2024-12-20 09:02:04,delivered,2024-12-23 09:02:04,2024-12-28 09:02:04
O005446,C01896,2025-06-24 05:59:23,cancelled,2025-06-26 05:59:23,
O005447,C01915,2025-08-17 14:00:04,delivered,2025-08-29 14:00:04,2025-08-19 14:00:04
O005448,C02475,2024-06-28 11:29:43,delivered,2024-07-06 11:29:43,2024-07-02 11:29:43
O005449,C01228,2025-09-01 05:01:29,delivered,2025-09-09 05:01:29,2025-09-06 05:01:29
O005450,C01095,2024-10-27 05:16:59,delivered,2024-11-03 05:16:59,2024-10-31 05:16:59
O005451,C00818,2025-09-12 14:58:40,returned,2025-09-16 14:58:40,2025-09-17 14:58:40
O005452,C00216,2024-02-28 06:27:12,processing,2024-03-10 06:27:12,
O005453,C02485,2025-10-06 18:14:52,delivered,2025-10-17 18:14:52,2025-10-11 18:14:52
O005454,C01793,2024-04-06 11:27:25,delivered,2024-04-17 11:27:25,2024-04-10 11:27:25
O005455,C01089,2024-02-19 04:29:10,delivered,2024-02-25 04:29:10,2024-02-24 04:29:10
O005456,C02257,2026-06-02 08:43:39,returned,2026-06-08 08:43:39,2026-06-10 08:43:39
O005457,C00156,2025-07-31 20:11:11,returned,2025-08-11 20:11:11,2025-08-08 20:11:11
O005458,C00174,2026-05-27 01:16:53,delivered,2026-06-08 01:16:53,2026-06-05 01:16:53
O005459,C02338,2024-12-29 20:59:07,delivered,2025-01-01 20:59:07,2025-01-02 20:59:07
O005460,C01553,2024-12-31 23:16:54,delivered,2025-01-02 23:16:54,2025-01-08 23:16:54
O005461,C02388,2024-11-25 17:54:01,delivered,2024-11-28 17:54:01,2024-12-02 17:54:01
O005462,C02271,2024-08-03 21:47:10,cancelled,2024-08-12 21:47:10,
O005463,C01842,2025-03-01 19:21:55,delivered,2025-03-12 19:21:55,2025-03-07 19:21:55
O005464,C01718,2024-08-25 19:14:46,delivered,2024-09-05 19:14:46,2024-08-27 19:14:46
O005465,C01064,2025-01-09 10:34:46,delivered,2025-01-18 10:34:46,2025-01-13 10:34:46
O005466,C02030,2024-09-07 22:19:44,delivered,2024-09-19 22:19:44,2024-09-14 22:19:44
O005467,C00750,2025-02-21 02:00:28,delivered,2025-02-24 02:00:28,2025-02-26 02:00:28
O005468,C01279,2024-10-07 03:15:47,delivered,2024-10-10 03:15:47,2024-10-13 03:15:47
O005469,C02407,2026-03-28 17:24:35,delivered,2026-04-06 17:24:35,2026-03-29 17:24:35
O005470,C02450,2024-10-19 20:40:18,delivered,2024-10-24 20:40:18,2024-10-25 20:40:18
O005471,C02197,2026-06-19 14:14:48,delivered,2026-06-25 14:14:48,2026-06-20 14:14:48
O005472,C00375,2025-02-17 06:24:57,delivered,2025-02-26 06:24:57,2025-02-27 06:24:57
O005473,C02374,2025-01-16 19:35:17,delivered,2025-01-27 19:35:17,2025-01-19 19:35:17
O005474,C00835,2025-09-15 11:41:40,shipped,2025-09-24 11:41:40,
O005475,C02016,2024-07-26 16:34:02,delivered,2024-07-31 16:34:02,2024-08-01 16:34:02
O005476,C02064,2025-01-17 19:03:53,delivered,2025-01-20 19:03:53,2025-01-20 19:03:53
O005477,C01402,2026-02-18 14:40:09,delivered,2026-02-21 14:40:09,2026-02-22 14:40:09
O005478,C00475,2025-03-29 04:07:01,delivered,2025-04-02 04:07:01,2025-04-04 04:07:01
O005479,C00425,2024-06-07 21:59:57,shipped,2024-06-17 21:59:57,
O005480,C02283,2024-09-12 01:29:24,delivered,2024-09-15 01:29:24,2024-09-17 01:29:24
O005481,C01109,2026-03-03 05:41:28,delivered,2026-03-12 05:41:28,2026-03-08 05:41:28
O005482,C02058,2026-03-16 00:47:17,delivered,2026-03-28 00:47:17,2026-03-24 00:47:17
O005483,C02465,2024-09-01 22:39:35,returned,2024-09-04 22:39:35,2024-09-06 22:39:35
O005484,C01700,2024-03-07 11:31:44,delivered,2024-03-15 11:31:44,2024-03-13 11:31:44
O005485,C01322,2026-01-08 13:25:39,delivered,2026-01-14 13:25:39,2026-01-12 13:25:39
O005486,C01905,2024-09-21 22:38:37,delivered,2024-09-27 22:38:37,2024-09-22 22:38:37
O005487,C02267,2024-01-24 00:30:47,delivered,2024-02-05 00:30:47,2024-01-28 00:30:47
O005488,C01822,2025-09-18 10:50:28,delivered,2025-09-23 10:50:28,2025-09-23 10:50:28
O005489,C00870,2025-07-06 06:42:47,delivered,2025-07-14 06:42:47,2025-07-12 06:42:47
O005490,C00404,2025-01-20 13:08:24,returned,2025-02-01 13:08:24,2025-01-29 13:08:24
O005491,C01638,2024-08-03 19:42:13,shipped,2024-08-05 19:42:13,
O005492,C01888,2025-06-25 23:54:45,cancelled,2025-06-28 23:54:45,
O005493,C02309,2024-07-03 06:22:43,delivered,2024-07-14 06:22:43,2024-07-08 06:22:43
O005494,C01794,2025-12-02 15:45:07,delivered,2025-12-13 15:45:07,2025-12-03 15:45:07
O005495,C01673,2024-10-22 05:55:31,delivered,2024-10-24 05:55:31,2024-10-25 05:55:31
O005496,C00987,2024-10-13 16:45:17,delivered,2024-10-15 16:45:17,2024-10-15 16:45:17
O005497,C00003,2024-11-23 15:28:33,delivered,2024-12-04 15:28:33,2024-11-30 15:28:33
O005498,C00563,2025-01-27 22:19:07,delivered,2025-02-01 22:19:07,2025-01-30 22:19:07
O005499,C01610,2025-01-06 10:10:50,delivered,2025-01-09 10:10:50,2025-01-12 10:10:50
O005500,C01688,2024-02-17 07:35:24,delivered,2024-02-23 07:35:24,2024-02-22 07:35:24
O005501,C01604,2025-05-30 06:47:08,delivered,2025-06-01 06:47:08,2025-05-31 06:47:08
O005502,C00829,2024-05-11 06:10:29,shipped,2024-05-15 06:10:29,
O005503,C02009,2025-03-31 12:48:38,delivered,2025-04-04 12:48:38,2025-04-01 12:48:38
O005504,C01237,2025-04-09 11:35:03,shipped,2025-04-19 11:35:03,
O005505,C00126,2024-11-02 02:08:13,delivered,2024-11-06 02:08:13,2024-11-15 02:08:13
O005506,C01923,2025-07-11 12:59:52,delivered,2025-07-17 12:59:52,2025-07-19 12:59:52
O005507,C01538,2024-06-13 22:22:39,delivered,2024-06-24 22:22:39,2024-06-16 22:22:39
O005508,C00420,2024-07-07 13:24:24,delivered,2024-07-18 13:24:24,2024-07-10 13:24:24
O005509,C01191,2025-07-13 20:17:54,returned,2025-07-23 20:17:54,2025-07-26 20:17:54
O005510,C01192,2024-05-22 15:24:32,delivered,2024-05-30 15:24:32,2024-05-28 15:24:32
O005511,C02432,2026-01-07 18:34:02,returned,2026-01-17 18:34:02,2026-01-15 18:34:02
O005512,C01146,2025-01-05 13:13:49,delivered,2025-01-14 13:13:49,2025-01-06 13:13:49
O005513,C00852,2024-09-19 00:22:51,delivered,2024-09-29 00:22:51,2024-09-24 00:22:51
O005514,C02009,2025-07-24 06:01:48,delivered,2025-08-02 06:01:48,2025-07-30 06:01:48
O005515,C00195,2024-07-15 01:17:06,delivered,2024-07-27 01:17:06,2024-07-27 01:17:06
O005516,C01881,2025-02-07 08:59:53,delivered,2025-02-11 08:59:53,2025-02-13 08:59:53
O005517,C01917,2025-09-12 21:03:57,delivered,2025-09-18 21:03:57,2025-09-13 21:03:57
O005518,C00439,2025-06-19 09:50:01,delivered,2025-06-30 09:50:01,2025-06-20 09:50:01
O005519,C00268,2024-06-02 01:02:41,delivered,2024-06-12 01:02:41,2024-06-09 01:02:41
O005520,C00248,2025-05-20 08:18:58,delivered,2025-05-26 08:18:58,2025-05-27 08:18:58
O005521,C00414,2024-12-26 08:12:30,delivered,2025-01-03 08:12:30,2025-01-05 08:12:30
O005522,C00137,2025-09-12 22:08:33,delivered,2025-09-24 22:08:33,2025-09-19 22:08:33
O005523,C00465,2026-03-22 19:47:43,delivered,2026-03-27 19:47:43,2026-03-29 19:47:43
O005524,C00786,2024-06-18 01:02:07,processing,2024-06-27 01:02:07,
O005525,C01157,2024-07-29 08:45:36,processing,2024-08-09 08:45:36,
O005526,C01574,2024-01-26 11:53:48,delivered,2024-02-01 11:53:48,2024-02-04 11:53:48
O005527,C01189,2024-09-15 13:51:23,shipped,2024-09-25 13:51:23,
O005528,C00689,2024-07-03 05:22:13,delivered,2024-07-08 05:22:13,2024-07-05 05:22:13
O005529,C01930,2025-10-10 22:44:42,delivered,2025-10-15 22:44:42,2025-10-12 22:44:42
O005530,C01767,2024-07-26 11:22:09,delivered,2024-08-07 11:22:09,2024-07-30 11:22:09
O005531,C01424,2026-06-29 07:09:41,delivered,2026-07-11 07:09:41,2026-07-04 07:09:41
O005532,C00340,2024-04-05 12:58:46,delivered,2024-04-15 12:58:46,2024-04-07 12:58:46
O005533,C00778,2025-09-19 12:51:20,delivered,2025-09-23 12:51:20,2025-09-27 12:51:20
O005534,C01187,2024-06-17 03:40:44,delivered,2024-06-23 03:40:44,2024-06-20 03:40:44
O005535,C01549,2025-04-05 15:13:05,processing,2025-04-10 15:13:05,
O005536,C02072,2026-01-20 13:24:53,cancelled,2026-01-24 13:24:53,
O005537,C02466,2024-06-16 13:41:31,cancelled,2024-06-22 13:41:31,
O005538,C00286,2025-12-27 21:23:16,shipped,2025-12-30 21:23:16,
O005539,C01058,2025-03-26 19:47:08,delivered,2025-03-30 19:47:08,2025-03-27 19:47:08
O005540,C02156,2025-06-03 18:12:08,delivered,2025-06-15 18:12:08,2025-06-09 18:12:08
O005541,C02305,2025-10-13 04:41:20,delivered,2025-10-16 04:41:20,2025-10-15 04:41:20
O005542,C00567,2025-07-24 12:27:37,delivered,2025-07-26 12:27:37,2025-08-01 12:27:37
O005543,C02275,2024-09-06 19:24:07,delivered,2024-09-08 19:24:07,2024-09-12 19:24:07
O005544,C02306,2026-03-21 18:12:41,delivered,2026-03-31 18:12:41,2026-03-22 18:12:41
O005545,C02079,2026-01-21 07:47:25,delivered,2026-01-29 07:47:25,2026-01-29 07:47:25
O005546,C00761,2025-02-27 16:28:56,delivered,2025-03-08 16:28:56,2025-03-06 16:28:56
O005547,C00046,2024-10-03 23:00:43,delivered,2024-10-15 23:00:43,2024-10-09 23:00:43
O005548,C02056,2024-03-26 23:04:45,delivered,2024-04-02 23:04:45,2024-03-31 23:04:45
O005549,C00246,2026-03-17 08:55:26,delivered,2026-03-23 08:55:26,2026-03-22 08:55:26
O005550,C01670,2025-07-04 05:32:29,delivered,2025-07-10 05:32:29,2025-07-05 05:32:29
O005551,C00478,2025-12-20 07:02:48,delivered,2025-12-24 07:02:48,2025-12-21 07:02:48
O005552,C00136,2024-12-28 20:16:20,delivered,2025-01-09 20:16:20,2025-01-01 20:16:20
O005553,C00095,2026-02-24 10:34:05,cancelled,2026-03-05 10:34:05,
O005554,C00196,2026-03-05 11:00:13,delivered,2026-03-10 11:00:13,2026-03-12 11:00:13
O005555,C00720,2025-11-13 15:42:46,delivered,2025-11-24 15:42:46,2025-11-19 15:42:46
O005556,C00352,2025-09-26 13:38:00,delivered,2025-10-06 13:38:00,2025-09-28 13:38:00
O005557,C02088,2025-09-24 09:58:06,delivered,2025-09-28 09:58:06,2025-09-27 09:58:06
O005558,C02353,2025-05-01 14:28:17,delivered,2025-05-03 14:28:17,2025-05-04 14:28:17
O005559,C00954,2024-12-27 17:39:33,delivered,2025-01-03 17:39:33,2025-01-07 17:39:33
O005560,C01783,2024-06-08 12:37:55,delivered,2024-06-10 12:37:55,2024-06-14 12:37:55
O005561,C02418,2024-03-17 21:55:21,cancelled,2024-03-20 21:55:21,
O005562,C01152,2024-02-10 12:06:56,returned,2024-02-16 12:06:56,2024-02-13 12:06:56
O005563,C02486,2026-06-23 21:13:58,delivered,2026-07-01 21:13:58,2026-06-25 21:13:58
O005564,C00228,2025-06-03 21:41:09,delivered,2025-06-13 21:41:09,2025-06-10 21:41:09
O005565,C00367,2025-09-15 06:01:29,delivered,2025-09-22 06:01:29,2025-09-16 06:01:29
O005566,C00527,2025-02-03 13:50:54,processing,2025-02-09 13:50:54,
O005567,C01981,2026-02-13 16:17:03,delivered,2026-02-17 16:17:03,2026-02-18 16:17:03
O005568,C02341,2025-07-24 02:42:18,delivered,2025-07-29 02:42:18,2025-08-01 02:42:18
O005569,C00776,2025-04-28 00:40:43,delivered,2025-05-04 00:40:43,2025-05-07 00:40:43
O005570,C00374,2025-12-09 03:40:37,delivered,2025-12-14 03:40:37,2025-12-10 03:40:37
O005571,C01254,2025-12-06 11:03:03,shipped,2025-12-17 11:03:03,
O005572,C02270,2025-01-05 17:48:48,cancelled,2025-01-07 17:48:48,
O005573,C01636,2025-05-30 19:02:02,delivered,2025-06-04 19:02:02,2025-06-06 19:02:02
O005574,C01966,2026-03-04 22:55:35,delivered,2026-03-11 22:55:35,2026-03-08 22:55:35
O005575,C02367,2025-08-15 18:08:56,returned,2025-08-25 18:08:56,2025-08-24 18:08:56
O005576,C01188,2024-11-02 12:42:25,delivered,2024-11-10 12:42:25,2024-11-10 12:42:25
O005577,C00323,2024-01-06 02:20:54,processing,2024-01-12 02:20:54,
O005578,C01221,2026-06-20 16:35:04,delivered,2026-06-25 16:35:04,2026-07-03 16:35:04
O005579,C01208,2024-01-13 21:41:20,cancelled,2024-01-19 21:41:20,
O005580,C01570,2026-03-17 04:14:52,delivered,2026-03-26 04:14:52,2026-03-19 04:14:52
O005581,C02136,2026-02-27 19:35:17,delivered,2026-03-11 19:35:17,2026-03-05 19:35:17
O005582,C02217,2024-07-06 22:39:35,delivered,2024-07-08 22:39:35,2024-07-12 22:39:35
O005583,C01280,2026-01-16 21:28:45,cancelled,2026-01-22 21:28:45,
O005584,C01323,2024-07-25 05:19:19,shipped,2024-07-31 05:19:19,
O005585,C02370,2024-02-22 08:36:49,delivered,2024-02-29 08:36:49,2024-03-03 08:36:49
O005586,C00325,2024-02-02 04:56:12,delivered,2024-02-08 04:56:12,2024-02-09 04:56:12
O005587,C01091,2025-11-21 11:42:49,delivered,2025-12-01 11:42:49,2025-11-25 11:42:49
O005588,C02299,2025-02-10 18:39:27,delivered,2025-02-22 18:39:27,2025-02-16 18:39:27
O005589,C00216,2026-05-25 10:54:05,delivered,2026-05-30 10:54:05,2026-05-31 10:54:05
O005590,C01294,2024-12-09 08:36:23,delivered,2024-12-13 08:36:23,2024-12-11 08:36:23
O005591,C02212,2025-01-19 04:46:01,delivered,2025-01-25 04:46:01,2025-01-30 04:46:01
O005592,C00512,2024-03-07 16:41:15,delivered,2024-03-12 16:41:15,2024-03-14 16:41:15
O005593,C01716,2025-12-03 21:19:27,processing,2025-12-12 21:19:27,
O005594,C00203,2024-10-16 00:54:49,processing,2024-10-18 00:54:49,
O005595,C01631,2024-12-30 21:31:50,delivered,2025-01-02 21:31:50,2025-01-03 21:31:50
O005596,C00877,2025-10-21 23:29:55,delivered,2025-11-02 23:29:55,2025-10-25 23:29:55
O005597,C00430,2024-02-08 00:20:02,delivered,2024-02-16 00:20:02,2024-02-14 00:20:02
O005598,C01843,2025-01-24 16:21:37,delivered,2025-01-27 16:21:37,2025-01-25 16:21:37
O005599,C02053,2024-03-22 05:06:03,cancelled,2024-03-30 05:06:03,
O005600,C02178,2024-11-11 22:55:11,processing,2024-11-17 22:55:11,
O005601,C00673,2025-06-06 22:53:23,delivered,2025-06-10 22:53:23,2025-06-14 22:53:23
O005602,C00936,2025-01-13 11:48:01,delivered,2025-01-18 11:48:01,2025-01-18 11:48:01
O005603,C00301,2025-01-13 11:07:52,delivered,2025-01-25 11:07:52,2025-01-17 11:07:52
O005604,C02184,2025-03-03 19:07:41,delivered,2025-03-08 19:07:41,2025-03-14 19:07:41
O005605,C00549,2025-11-15 10:35:02,delivered,2025-11-23 10:35:02,2025-11-18 10:35:02
O005606,C02055,2024-02-02 11:52:23,delivered,2024-02-09 11:52:23,2024-02-05 11:52:23
O005607,C00032,2025-10-23 18:13:00,shipped,2025-10-29 18:13:00,
O005608,C01272,2024-01-08 05:31:44,delivered,2024-01-11 05:31:44,2024-01-10 05:31:44
O005609,C01338,2026-06-06 19:11:48,delivered,2026-06-11 19:11:48,2026-06-07 19:11:48
O005610,C02263,2025-04-16 02:48:10,delivered,2025-04-26 02:48:10,2025-04-20 02:48:10
O005611,C00677,2026-03-16 01:14:23,returned,2026-03-23 01:14:23,2026-03-23 01:14:23
O005612,C00969,2026-04-29 11:22:03,delivered,2026-05-06 11:22:03,2026-05-04 11:22:03
O005613,C02324,2026-06-24 02:21:20,delivered,2026-06-27 02:21:20,2026-07-03 02:21:20
O005614,C00022,2024-03-19 01:09:17,delivered,2024-03-26 01:09:17,2024-03-26 01:09:17
O005615,C01275,2025-11-26 21:11:43,delivered,2025-12-08 21:11:43,2025-12-02 21:11:43
O005616,C02142,2026-05-13 04:52:20,delivered,2026-05-22 04:52:20,2026-05-17 04:52:20
O005617,C01702,2026-04-06 10:05:58,delivered,2026-04-14 10:05:58,2026-04-08 10:05:58
O005618,C01827,2025-02-03 07:29:38,delivered,2025-02-14 07:29:38,2025-02-13 07:29:38
O005619,C01473,2024-08-23 19:32:55,delivered,2024-08-30 19:32:55,2024-08-30 19:32:55
O005620,C00816,2024-01-04 15:15:11,delivered,2024-01-16 15:15:11,2024-01-07 15:15:11
O005621,C00455,2025-07-15 18:26:32,delivered,2025-07-19 18:26:32,2025-07-16 18:26:32
O005622,C00152,2024-06-26 14:28:16,delivered,2024-06-29 14:28:16,2024-07-04 14:28:16
O005623,C02099,2025-10-08 21:04:23,delivered,2025-10-14 21:04:23,2025-10-11 21:04:23
O005624,C02203,2024-03-21 14:48:03,delivered,2024-03-23 14:48:03,2024-03-26 14:48:03
O005625,C01638,2026-01-10 10:02:07,delivered,2026-01-15 10:02:07,2026-01-13 10:02:07
O005626,C01437,2025-12-04 04:13:10,delivered,2025-12-13 04:13:10,2025-12-07 04:13:10
O005627,C01996,2026-02-12 03:14:34,delivered,2026-02-23 03:14:34,2026-02-15 03:14:34
O005628,C01634,2025-02-27 12:28:31,delivered,2025-03-10 12:28:31,2025-03-03 12:28:31
O005629,C00059,2025-11-04 22:36:29,delivered,2025-11-08 22:36:29,2025-11-08 22:36:29
O005630,C01845,2026-04-23 21:34:08,delivered,2026-04-29 21:34:08,2026-04-30 21:34:08
O005631,C00850,2025-04-03 22:08:42,delivered,2025-04-13 22:08:42,2025-04-10 22:08:42
O005632,C00222,2026-06-24 10:29:07,delivered,2026-07-04 10:29:07,2026-06-30 10:29:07
O005633,C01429,2026-03-08 23:06:54,delivered,2026-03-18 23:06:54,2026-03-13 23:06:54
O005634,C01372,2025-07-19 09:35:36,delivered,2025-07-25 09:35:36,2025-07-28 09:35:36
O005635,C00048,2024-08-15 19:47:06,delivered,2024-08-27 19:47:06,2024-08-21 19:47:06
O005636,C00899,2024-04-05 11:10:21,delivered,2024-04-09 11:10:21,2024-04-14 11:10:21
O005637,C00398,2024-09-05 09:03:37,delivered,2024-09-17 09:03:37,2024-09-15 09:03:37
O005638,C01776,2024-07-05 13:57:09,delivered,2024-07-10 13:57:09,2024-07-10 13:57:09
O005639,C02128,2024-02-25 20:12:03,delivered,2024-03-05 20:12:03,2024-03-03 20:12:03
O005640,C00950,2024-04-03 14:13:31,delivered,2024-04-06 14:13:31,2024-04-09 14:13:31
O005641,C02442,2024-11-23 05:42:08,delivered,2024-12-01 05:42:08,2024-12-01 05:42:08
O005642,C01412,2026-06-04 01:01:29,delivered,2026-06-15 01:01:29,2026-06-06 01:01:29
O005643,C00118,2024-11-09 19:48:45,delivered,2024-11-14 19:48:45,2024-11-16 19:48:45
O005644,C00408,2026-05-25 17:53:42,delivered,2026-05-30 17:53:42,2026-06-02 17:53:42
O005645,C00472,2024-04-12 18:20:35,delivered,2024-04-24 18:20:35,2024-04-16 18:20:35
O005646,C00334,2024-10-01 02:34:03,shipped,2024-10-09 02:34:03,
O005647,C01680,2025-12-11 10:16:41,returned,2025-12-16 10:16:41,2025-12-22 10:16:41
O005648,C00191,2025-11-19 14:56:17,delivered,2025-11-22 14:56:17,2025-11-27 14:56:17
O005649,C01686,2024-11-21 06:55:39,processing,2024-12-03 06:55:39,
O005650,C01192,2025-05-02 11:46:49,delivered,2025-05-08 11:46:49,2025-05-10 11:46:49
O005651,C01211,2024-08-03 02:24:25,delivered,2024-08-07 02:24:25,2024-08-05 02:24:25
O005652,C01204,2025-07-26 12:16:50,cancelled,2025-07-28 12:16:50,
O005653,C01771,2025-05-18 07:11:42,delivered,2025-05-27 07:11:42,2025-05-27 07:11:42
O005654,C01043,2026-04-28 02:56:27,delivered,2026-05-02 02:56:27,2026-05-03 02:56:27
O005655,C01402,2024-02-18 00:42:03,delivered,2024-02-29 00:42:03,2024-02-26 00:42:03
O005656,C00500,2024-10-17 15:29:08,delivered,2024-10-24 15:29:08,2024-10-22 15:29:08
O005657,C02209,2026-02-20 20:04:27,delivered,2026-03-03 20:04:27,2026-02-26 20:04:27
O005658,C00271,2024-02-09 14:55:09,delivered,2024-02-13 14:55:09,2024-02-11 14:55:09
O005659,C00767,2024-09-15 06:15:38,delivered,2024-09-21 06:15:38,2024-09-24 06:15:38
O005660,C01932,2025-12-31 21:58:05,delivered,2026-01-09 21:58:05,2026-01-09 21:58:05
O005661,C01124,2026-04-03 11:09:10,returned,2026-04-05 11:09:10,2026-04-06 11:09:10
O005662,C01084,2024-12-22 11:07:02,delivered,2024-12-28 11:07:02,2024-12-28 11:07:02
O005663,C01753,2024-10-14 01:49:14,delivered,2024-10-20 01:49:14,2024-10-19 01:49:14
O005664,C00030,2024-09-15 18:05:35,delivered,2024-09-26 18:05:35,2024-09-18 18:05:35
O005665,C01025,2025-11-10 00:29:07,delivered,2025-11-17 00:29:07,2025-11-15 00:29:07
O005666,C00555,2024-11-24 08:30:55,delivered,2024-11-28 08:30:55,2024-11-25 08:30:55
O005667,C02462,2025-11-24 01:34:12,delivered,2025-12-01 01:34:12,2025-11-29 01:34:12
O005668,C02406,2024-06-19 21:11:41,delivered,2024-07-01 21:11:41,2024-06-25 21:11:41
O005669,C01705,2025-12-04 08:08:07,delivered,2025-12-10 08:08:07,2025-12-12 08:08:07
O005670,C00681,2026-05-28 22:23:36,delivered,2026-06-09 22:23:36,2026-06-02 22:23:36
O005671,C01311,2024-12-04 00:11:14,delivered,2024-12-11 00:11:14,2024-12-06 00:11:14
O005672,C01416,2025-08-30 06:34:46,shipped,2025-09-08 06:34:46,
O005673,C01335,2024-08-12 08:26:48,delivered,2024-08-22 08:26:48,2024-08-13 08:26:48
O005674,C02163,2025-11-08 23:02:51,shipped,2025-11-20 23:02:51,
O005675,C00989,2024-08-16 20:15:20,delivered,2024-08-27 20:15:20,2024-08-26 20:15:20
O005676,C00478,2024-05-16 11:03:44,returned,2024-05-20 11:03:44,2024-05-22 11:03:44
O005677,C00541,2025-02-05 05:54:17,delivered,2025-02-15 05:54:17,2025-02-12 05:54:17
O005678,C00169,2025-12-26 23:17:26,delivered,2026-01-04 23:17:26,2025-12-31 23:17:26
O005679,C01635,2024-07-12 22:56:18,delivered,2024-07-17 22:56:18,2024-07-20 22:56:18
O005680,C00014,2026-03-29 18:54:22,delivered,2026-04-10 18:54:22,2026-03-31 18:54:22
O005681,C01842,2024-12-06 14:28:55,delivered,2024-12-11 14:28:55,2024-12-09 14:28:55
O005682,C00561,2025-05-22 18:48:38,delivered,2025-05-30 18:48:38,2025-05-25 18:48:38
O005683,C01643,2025-07-12 02:21:19,delivered,2025-07-21 02:21:19,2025-07-21 02:21:19
O005684,C02300,2025-01-03 22:30:44,delivered,2025-01-12 22:30:44,2025-01-10 22:30:44
O005685,C00761,2026-06-19 09:25:54,delivered,2026-06-30 09:25:54,2026-06-24 09:25:54
O005686,C01665,2025-01-27 11:44:29,delivered,2025-01-29 11:44:29,2025-02-04 11:44:29
O005687,C02133,2025-05-10 15:44:48,delivered,2025-05-15 15:44:48,2025-05-18 15:44:48
O005688,C00607,2024-02-25 11:15:34,delivered,2024-03-01 11:15:34,2024-03-01 11:15:34
O005689,C02282,2025-10-10 21:44:22,delivered,2025-10-18 21:44:22,2025-10-19 21:44:22
O005690,C02245,2025-07-09 07:03:40,delivered,2025-07-15 07:03:40,2025-07-16 07:03:40
O005691,C02473,2025-04-25 11:46:24,cancelled,2025-05-07 11:46:24,
O005692,C00663,2025-10-19 07:03:11,delivered,2025-10-23 07:03:11,2025-10-29 07:03:11
O005693,C01370,2025-06-12 23:51:38,delivered,2025-06-19 23:51:38,2025-06-19 23:51:38
O005694,C01817,2025-02-11 08:28:04,delivered,2025-02-14 08:28:04,2025-02-15 08:28:04
O005695,C00169,2024-02-16 18:25:52,delivered,2024-02-28 18:25:52,2024-02-17 18:25:52
O005696,C00091,2024-05-12 11:18:21,returned,2024-05-15 11:18:21,2024-05-27 11:18:21
O005697,C00563,2024-02-17 23:19:21,delivered,2024-02-24 23:19:21,2024-02-20 23:19:21
O005698,C01446,2024-04-08 18:38:52,processing,2024-04-13 18:38:52,
O005699,C00997,2025-03-22 11:31:32,delivered,2025-04-03 11:31:32,2025-03-26 11:31:32
O005700,C01031,2024-09-19 20:40:48,delivered,2024-09-27 20:40:48,2024-09-26 20:40:48
O005701,C02483,2026-03-07 00:19:03,delivered,2026-03-14 00:19:03,2026-03-13 00:19:03
O005702,C01094,2025-04-02 05:11:41,delivered,2025-04-13 05:11:41,2025-04-09 05:11:41
O005703,C01558,2024-06-04 00:55:25,delivered,2024-06-13 00:55:25,2024-06-12 00:55:25
O005704,C01898,2025-03-27 03:46:17,delivered,2025-03-29 03:46:17,2025-04-01 03:46:17
O005705,C00072,2026-03-25 17:07:23,delivered,2026-03-30 17:07:23,2026-03-30 17:07:23
O005706,C00250,2024-08-16 23:11:58,delivered,2024-08-25 23:11:58,2024-08-20 23:11:58
O005707,C02107,2025-02-07 20:24:50,cancelled,2025-02-15 20:24:50,
O005708,C00527,2024-04-30 15:48:32,delivered,2024-05-06 15:48:32,2024-05-02 15:48:32
O005709,C02408,2025-10-06 10:02:41,delivered,2025-10-16 10:02:41,2025-10-11 10:02:41
O005710,C01003,2026-03-29 19:54:16,delivered,2026-03-31 19:54:16,2026-03-31 19:54:16
O005711,C01731,2024-10-30 12:40:35,delivered,2024-11-02 12:40:35,2024-11-03 12:40:35
O005712,C01436,2024-11-23 23:57:02,delivered,2024-12-02 23:57:02,2024-11-25 23:57:02
O005713,C02487,2025-05-23 01:47:26,delivered,2025-05-25 01:47:26,2025-05-27 01:47:26
O005714,C00960,2024-09-22 09:20:17,delivered,2024-09-26 09:20:17,2024-09-27 09:20:17
O005715,C02392,2024-10-20 21:11:11,delivered,2024-10-28 21:11:11,2024-10-22 21:11:11
O005716,C00660,2024-06-26 17:55:08,delivered,2024-07-08 17:55:08,2024-06-29 17:55:08
O005717,C00854,2026-03-14 12:43:04,delivered,,2026-03-24 12:43:04
O005718,C00184,2024-11-23 16:04:04,delivered,2024-12-03 16:04:04,2024-12-04 16:04:04
O005719,C01575,2026-06-21 11:20:57,delivered,2026-06-23 11:20:57,2026-06-22 11:20:57
O005720,C02314,2025-03-25 06:27:26,delivered,2025-03-31 06:27:26,2025-03-28 06:27:26
O005721,C01515,2025-04-09 11:49:15,delivered,2025-04-11 11:49:15,2025-04-14 11:49:15
O005722,C00596,2026-05-20 09:48:17,delivered,2026-05-29 09:48:17,2026-05-21 09:48:17
O005723,C00471,2024-11-02 03:08:16,delivered,2024-11-13 03:08:16,2024-11-10 03:08:16
O005724,C00462,2026-01-29 10:04:59,delivered,2026-02-04 10:04:59,2026-02-10 10:04:59
O005725,C01241,2024-12-03 00:10:17,delivered,2024-12-14 00:10:17,2024-12-07 00:10:17
O005726,C01481,2025-03-08 05:31:09,delivered,2025-03-17 05:31:09,2025-03-11 05:31:09
O005727,C00302,2025-06-04 06:14:00,delivered,2025-06-12 06:14:00,2025-06-09 06:14:00
O005728,C00277,2024-01-17 00:31:27,delivered,2024-01-21 00:31:27,2024-01-25 00:31:27
O005729,C00312,2026-06-24 04:48:47,cancelled,2026-06-26 04:48:47,
O005730,C00107,2026-02-01 20:35:19,shipped,2026-02-03 20:35:19,
O005731,C01720,2024-05-12 07:05:02,delivered,2024-05-16 07:05:02,2024-05-23 07:05:02
O005732,C02344,2025-08-17 03:33:14,delivered,2025-08-28 03:33:14,2025-08-26 03:33:14
O005733,C00520,2024-12-13 04:18:31,processing,2024-12-17 04:18:31,
O005734,C01788,2025-06-22 06:18:33,delivered,2025-07-03 06:18:33,2025-06-23 06:18:33
O005735,C00896,2024-03-17 18:38:31,delivered,2024-03-24 18:38:31,2024-03-26 18:38:31
O005736,C02416,2025-08-20 12:10:38,processing,2025-08-23 12:10:38,
O005737,C01534,2025-09-03 23:17:37,delivered,2025-09-09 23:17:37,2025-09-09 23:17:37
O005738,C02107,2025-08-29 03:46:22,delivered,2025-09-10 03:46:22,2025-09-04 03:46:22
O005739,C00205,2025-01-01 12:12:03,delivered,2025-01-07 12:12:03,2025-01-06 12:12:03
O005740,C02212,2025-07-09 13:31:05,cancelled,2025-07-19 13:31:05,
O005741,C00742,2024-09-26 05:52:46,delivered,2024-09-29 05:52:46,2024-09-30 05:52:46
O005742,C00352,2024-07-18 03:53:28,delivered,2024-07-25 03:53:28,2024-07-28 03:53:28
O005743,C02158,2025-12-03 21:35:20,delivered,2025-12-06 21:35:20,2025-12-06 21:35:20
O005744,C01942,2026-04-25 16:21:18,delivered,2026-04-29 16:21:18,2026-04-28 16:21:18
O005745,C01229,2024-04-18 07:02:23,cancelled,2024-04-24 07:02:23,
O005746,C01943,2025-09-24 16:02:28,delivered,2025-09-29 16:02:28,2025-09-28 16:02:28
O005747,C01705,2024-02-28 03:10:24,delivered,2024-03-03 03:10:24,2024-03-05 03:10:24
O005748,C01619,2025-03-07 23:04:37,cancelled,2025-03-13 23:04:37,
O005749,C01869,2025-12-27 14:33:05,delivered,2026-01-01 14:33:05,2026-01-03 14:33:05
O005750,C01912,2025-10-09 00:34:38,processing,2025-10-19 00:34:38,
O005751,C01291,2025-05-01 02:32:26,delivered,2025-05-12 02:32:26,2025-05-02 02:32:26
O005752,C01908,2026-04-09 18:29:32,delivered,2026-04-15 18:29:32,2026-04-16 18:29:32
O005753,C01901,2025-03-17 19:33:59,cancelled,2025-03-20 19:33:59,
O005754,C00200,2025-12-06 19:09:25,shipped,2025-12-13 19:09:25,
O005755,C01570,2025-10-14 01:11:52,shipped,2025-10-20 01:11:52,
O005756,C00272,2025-10-23 18:40:33,delivered,2025-10-30 18:40:33,2025-10-31 18:40:33
O005757,C01053,2025-11-09 21:37:33,delivered,2025-11-21 21:37:33,2025-11-14 21:37:33
O005758,C00986,2025-10-14 15:16:14,delivered,2025-10-19 15:16:14,2025-10-18 15:16:14
O005759,C02272,2025-01-11 00:41:48,shipped,2025-01-13 00:41:48,
O005760,C02043,2025-01-05 03:06:34,delivered,2025-01-07 03:06:34,2025-01-11 03:06:34
O005761,C01304,2025-05-10 19:57:47,delivered,2025-05-13 19:57:47,2025-05-11 19:57:47
O005762,C01794,2025-03-16 10:11:19,delivered,2025-03-19 10:11:19,2025-03-22 10:11:19
O005763,C02271,2024-03-05 00:16:52,shipped,2024-03-11 00:16:52,
O005764,C01471,2025-02-03 13:10:43,delivered,2025-02-15 13:10:43,2025-02-04 13:10:43
O005765,C01034,2026-01-15 00:39:06,processing,2026-01-25 00:39:06,
O005766,C00132,2025-08-15 22:03:17,delivered,2025-08-20 22:03:17,2025-08-21 22:03:17
O005767,C00717,2026-06-26 11:00:10,delivered,2026-06-28 11:00:10,2026-06-29 11:00:10
O005768,C00999,2025-06-30 21:24:24,delivered,2025-07-11 21:24:24,2025-07-03 21:24:24
O005769,C00510,2025-09-01 06:44:31,delivered,2025-09-10 06:44:31,2025-09-04 06:44:31
O005770,C02324,2025-03-29 12:41:57,delivered,2025-04-08 12:41:57,2025-04-07 12:41:57
O005771,C01838,2024-12-14 08:48:30,delivered,2024-12-18 08:48:30,2024-12-23 08:48:30
O005772,C01950,2024-10-01 08:48:20,delivered,2024-10-13 08:48:20,2024-10-08 08:48:20
O005773,C01995,2026-06-27 19:03:28,delivered,2026-06-29 19:03:28,2026-06-29 19:03:28
O005774,C02132,2025-11-10 01:07:21,delivered,2025-11-17 01:07:21,2025-11-15 01:07:21
O005775,C00822,2025-08-31 22:09:07,delivered,2025-09-02 22:09:07,2025-09-08 22:09:07
O005776,C01191,2025-03-08 19:32:05,delivered,2025-03-15 19:32:05,2025-03-13 19:32:05
O005777,C01714,2025-01-25 00:15:59,delivered,2025-01-31 00:15:59,2025-02-02 00:15:59
O005778,C01758,2025-07-20 20:05:14,delivered,2025-07-27 20:05:14,2025-07-28 20:05:14
O005779,C02383,2026-01-05 01:33:44,delivered,2026-01-16 01:33:44,2026-01-06 01:33:44
O005780,C01541,2024-08-07 07:35:57,shipped,2024-08-09 07:35:57,
O005781,C01450,2025-01-11 17:44:00,delivered,2025-01-20 17:44:00,2025-01-16 17:44:00
O005782,C02488,2026-03-15 01:09:22,delivered,2026-03-21 01:09:22,2026-03-24 01:09:22
O005783,C01062,2025-06-01 13:53:02,delivered,2025-06-05 13:53:02,2025-06-09 13:53:02
O005784,C00978,2024-02-25 04:32:26,delivered,2024-03-03 04:32:26,2024-03-04 04:32:26
O005785,C02431,2025-05-06 06:16:45,delivered,2025-05-13 06:16:45,2025-05-12 06:16:45
O005786,C01309,2024-10-26 21:30:10,delivered,2024-11-06 21:30:10,2024-11-02 21:30:10
O005787,C02274,2024-07-13 09:40:21,delivered,2024-07-21 09:40:21,2024-07-21 09:40:21
O005788,C01582,2026-03-19 11:22:22,delivered,2026-03-31 11:22:22,2026-03-26 11:22:22
O005789,C01065,2026-01-06 14:36:14,delivered,2026-01-12 14:36:14,2026-01-16 14:36:14
O005790,C00215,2025-04-01 05:35:55,returned,2025-04-06 05:35:55,2025-04-08 05:35:55
O005791,C00100,2025-02-15 09:32:05,delivered,2025-02-23 09:32:05,2025-02-25 09:32:05
O005792,C01689,2024-01-22 22:51:34,delivered,2024-01-28 22:51:34,2024-01-26 22:51:34
O005793,C02418,2025-07-01 18:36:22,delivered,2025-07-09 18:36:22,2025-07-10 18:36:22
O005794,C01839,2025-08-13 19:41:15,delivered,2025-08-18 19:41:15,2025-08-14 19:41:15
O005795,C00222,2026-04-08 21:15:44,delivered,2026-04-11 21:15:44,2026-04-14 21:15:44
O005796,C00380,2025-02-20 10:22:44,delivered,2025-02-28 10:22:44,2025-02-25 10:22:44
O005797,C01407,2026-05-13 01:00:17,shipped,2026-05-22 01:00:17,
O005798,C01912,2024-02-28 10:09:02,delivered,2024-03-05 10:09:02,2024-03-04 10:09:02
O005799,C02312,2025-10-01 06:51:10,delivered,2025-10-10 06:51:10,2025-10-09 06:51:10
O005800,C01493,2024-04-23 14:18:16,delivered,2024-05-02 14:18:16,2024-04-28 14:18:16
O005801,C00637,2025-07-16 13:04:43,delivered,2025-07-18 13:04:43,2025-07-22 13:04:43
O005802,C01848,2025-02-16 09:35:57,delivered,2025-02-27 09:35:57,2025-02-18 09:35:57
O005803,C01452,2025-06-06 02:41:59,delivered,2025-06-14 02:41:59,2025-06-12 02:41:59
O005804,C02214,2026-04-07 04:27:29,delivered,2026-04-11 04:27:29,2026-04-15 04:27:29
O005805,C02208,2025-07-26 22:16:54,delivered,2025-08-01 22:16:54,2025-08-01 22:16:54
O005806,C00417,2026-03-05 15:52:23,delivered,2026-03-07 15:52:23,2026-03-14 15:52:23
O005807,C00758,2024-12-22 00:00:16,delivered,2025-01-01 00:00:16,2024-12-26 00:00:16
O005808,C00739,2025-10-16 08:39:48,delivered,2025-10-26 08:39:48,2025-10-19 08:39:48
O005809,C00690,2025-08-24 14:22:26,processing,2025-08-28 14:22:26,
O005810,C00177,2024-09-28 07:14:36,cancelled,2024-10-06 07:14:36,
O005811,C01699,2026-02-16 21:53:15,delivered,2026-02-27 21:53:15,2026-02-20 21:53:15
O005812,C01882,2025-04-23 23:20:55,delivered,2025-04-30 23:20:55,2025-04-27 23:20:55
O005813,C02291,2026-01-26 11:58:18,processing,2026-02-06 11:58:18,
O005814,C01059,2026-04-06 20:48:40,cancelled,2026-04-16 20:48:40,
O005815,C01998,2025-03-16 08:23:41,delivered,2025-03-20 08:23:41,2025-03-25 08:23:41
O005816,C02177,2025-01-29 18:53:14,delivered,2025-02-03 18:53:14,2025-02-07 18:53:14
O005817,C00690,2025-02-20 21:25:54,delivered,2025-03-01 21:25:54,2025-03-01 21:25:54
O005818,C02196,2026-01-09 03:44:01,returned,2026-01-15 03:44:01,2026-01-18 03:44:01
O005819,C00350,2024-06-09 09:49:17,delivered,2024-06-16 09:49:17,2024-06-14 09:49:17
O005820,C01635,2024-06-05 01:28:08,delivered,2024-06-13 01:28:08,2024-06-12 01:28:08
O005821,C00982,2024-05-14 21:54:14,shipped,2024-05-17 21:54:14,
O005822,C02434,2024-02-12 20:28:48,delivered,2024-02-19 20:28:48,2024-02-19 20:28:48
O005823,C01874,2025-05-29 11:13:00,delivered,2025-05-31 11:13:00,2025-06-02 11:13:00
O005824,C00828,2026-03-29 11:25:27,processing,2026-04-06 11:25:27,
O005825,C01028,2024-11-29 07:09:32,delivered,2024-12-02 07:09:32,2024-12-06 07:09:32
O005826,C00759,2025-09-14 23:00:15,delivered,2025-09-20 23:00:15,2025-09-19 23:00:15
O005827,C01012,2024-03-19 19:11:38,delivered,2024-03-23 19:11:38,2024-03-24 19:11:38
O005828,C00273,2024-03-02 01:17:10,delivered,2024-03-08 01:17:10,2024-03-09 01:17:10
O005829,C01239,2025-04-06 22:00:11,delivered,2025-04-12 22:00:11,2025-04-10 22:00:11
O005830,C01576,2026-03-01 15:14:29,delivered,2026-03-05 15:14:29,2026-03-11 15:14:29
O005831,C01341,2024-07-16 08:15:46,cancelled,2024-07-20 08:15:46,
O005832,C01549,2025-04-15 16:58:10,delivered,2025-04-25 16:58:10,2025-04-16 16:58:10
O005833,C01253,2024-08-06 18:07:28,delivered,2024-08-11 18:07:28,2024-08-12 18:07:28
O005834,C01527,2024-10-10 04:17:47,delivered,2024-10-18 04:17:47,2024-10-13 04:17:47
O005835,C01653,2025-12-04 02:41:35,delivered,2025-12-16 02:41:35,2025-12-09 02:41:35
O005836,C02190,2025-02-01 02:03:16,delivered,2025-02-10 02:03:16,2025-02-09 02:03:16
O005837,C00432,2024-09-22 13:06:53,shipped,2024-09-30 13:06:53,
O005838,C01503,2026-01-01 12:29:10,delivered,2026-01-06 12:29:10,2026-01-05 12:29:10
O005839,C01512,2025-12-16 22:04:56,delivered,2025-12-18 22:04:56,2025-12-24 22:04:56
O005840,C02405,2025-07-18 09:16:30,delivered,2025-07-25 09:16:30,2025-07-29 09:16:30
O005841,C00524,2025-04-10 06:33:58,delivered,2025-04-21 06:33:58,2025-04-15 06:33:58
O005842,C00151,2024-11-30 21:33:00,delivered,2024-12-03 21:33:00,2024-12-04 21:33:00
O005843,C01666,2024-12-09 22:21:56,delivered,2024-12-16 22:21:56,2024-12-15 22:21:56
O005844,C02261,2025-09-06 23:11:39,delivered,2025-09-16 23:11:39,2025-09-14 23:11:39
O005845,C00072,2025-03-30 21:06:10,delivered,2025-04-02 21:06:10,2025-04-05 21:06:10
O005846,C01652,2025-05-03 00:06:30,delivered,2025-05-08 00:06:30,2025-05-12 00:06:30
O005847,C00428,2024-10-03 22:53:52,delivered,2024-10-15 22:53:52,2024-10-08 22:53:52
O005848,C02146,2025-08-28 18:46:20,returned,2025-09-04 18:46:20,2025-08-30 18:46:20
O005849,C01382,2025-09-05 06:18:51,returned,2025-09-12 06:18:51,2025-09-12 06:18:51
O005850,C02001,2025-04-25 07:02:30,delivered,2025-05-01 07:02:30,2025-05-02 07:02:30
O005851,C00823,2025-12-27 09:49:50,cancelled,2026-01-02 09:49:50,
O005852,C01761,2024-01-07 14:54:14,delivered,2024-01-16 14:54:14,2024-01-12 14:54:14
O005853,C01656,2025-12-16 03:15:57,delivered,2025-12-18 03:15:57,2025-12-24 03:15:57
O005854,C00079,2025-02-03 21:13:37,delivered,2025-02-06 21:13:37,2025-02-10 21:13:37
O005855,C00831,2025-08-16 21:21:58,delivered,2025-08-27 21:21:58,2025-08-24 21:21:58
O005856,C01213,2026-06-19 19:37:23,delivered,2026-06-22 19:37:23,2026-06-22 19:37:23
O005857,C01597,2025-06-04 22:33:42,shipped,2025-06-15 22:33:42,
O005858,C01087,2024-03-22 00:28:27,delivered,2024-03-24 00:28:27,2024-03-27 00:28:27
O005859,C02325,2024-01-05 02:58:47,delivered,2024-01-15 02:58:47,2024-01-10 02:58:47
O005860,C00151,2024-09-17 21:34:58,delivered,2024-09-21 21:34:58,2024-09-23 21:34:58
O005861,C01110,2024-03-09 05:46:34,shipped,2024-03-19 05:46:34,
O005862,C00122,2026-03-20 22:19:10,delivered,2026-03-28 22:19:10,2026-03-24 22:19:10
O005863,C00231,2025-07-20 13:51:11,delivered,2025-07-29 13:51:11,2025-07-31 13:51:11
O005864,C00475,2024-05-15 16:44:51,shipped,2024-05-17 16:44:51,
O005865,C00301,2024-07-12 05:51:21,cancelled,2024-07-22 05:51:21,
O005866,C02036,2026-04-12 05:36:17,delivered,2026-04-22 05:36:17,2026-04-13 05:36:17
O005867,C01060,2025-06-24 04:00:08,delivered,2025-06-27 04:00:08,2025-07-02 04:00:08
O005868,C00423,2026-06-16 04:02:10,returned,2026-06-24 04:02:10,2026-06-21 04:02:10
O005869,C00277,2024-07-03 23:44:04,delivered,2024-07-06 23:44:04,2024-07-06 23:44:04
O005870,C01341,2024-10-16 23:48:57,delivered,2024-10-19 23:48:57,2024-10-22 23:48:57
O005871,C00066,2025-09-10 12:40:56,delivered,2025-09-14 12:40:56,2025-09-15 12:40:56
O005872,C01015,2026-06-26 14:59:19,delivered,2026-07-07 14:59:19,2026-06-29 14:59:19
O005873,C02036,2025-12-13 11:14:41,delivered,2025-12-25 11:14:41,2025-12-17 11:14:41
O005874,C00665,2025-02-23 07:46:15,delivered,2025-02-25 07:46:15,2025-02-24 07:46:15
O005875,C00588,2024-06-22 06:01:13,delivered,2024-07-04 06:01:13,2024-06-25 06:01:13
O005876,C01026,2025-02-04 20:35:58,returned,2025-02-10 20:35:58,2025-02-14 20:35:58
O005877,C02143,2025-03-28 14:04:45,delivered,2025-03-31 14:04:45,2025-03-30 14:04:45
O005878,C00900,2024-11-08 01:11:12,shipped,2024-11-18 01:11:12,
O005879,C02233,2024-06-12 14:49:00,delivered,2024-06-24 14:49:00,2024-06-13 14:49:00
O005880,C01958,2024-05-31 17:59:06,delivered,2024-06-06 17:59:06,2024-06-09 17:59:06
O005881,C00757,2025-06-11 19:15:56,returned,2025-06-23 19:15:56,2025-06-18 19:15:56
O005882,C00421,2025-02-07 16:53:18,delivered,2025-02-09 16:53:18,2025-02-17 16:53:18
O005883,C02235,2024-01-19 04:05:33,cancelled,2024-01-28 04:05:33,
O005884,C00975,2025-04-06 08:19:06,delivered,2025-04-13 08:19:06,2025-04-09 08:19:06
O005885,C02319,2026-06-24 20:29:13,delivered,2026-07-06 20:29:13,2026-06-26 20:29:13
O005886,C00241,2025-07-31 17:23:07,delivered,2025-08-05 17:23:07,2025-08-07 17:23:07
O005887,C01819,2026-01-22 23:21:45,delivered,2026-02-03 23:21:45,2026-01-27 23:21:45
O005888,C00218,2025-03-23 17:28:19,delivered,2025-04-04 17:28:19,2025-03-27 17:28:19
O005889,C00941,2025-02-17 07:51:56,returned,2025-02-25 07:51:56,2025-02-22 07:51:56
O005890,C02311,2026-02-07 08:04:28,delivered,2026-02-15 08:04:28,2026-02-08 08:04:28
O005891,C01151,2025-11-20 05:49:28,shipped,2025-12-02 05:49:28,
O005892,C00668,2024-12-04 12:10:42,delivered,2024-12-13 12:10:42,2024-12-07 12:10:42
O005893,C01173,2025-10-26 18:59:13,delivered,2025-10-30 18:59:13,2025-10-31 18:59:13
O005894,C00960,2024-05-18 10:01:28,delivered,2024-05-25 10:01:28,2024-05-27 10:01:28
O005895,C01748,2025-10-15 01:57:14,delivered,2025-10-25 01:57:14,2025-10-18 01:57:14
O005896,C00499,2025-12-02 01:33:39,delivered,2025-12-09 01:33:39,2025-12-08 01:33:39
O005897,C00028,2025-03-29 14:45:24,delivered,2025-04-03 14:45:24,2025-04-02 14:45:24
O005898,C02329,2024-06-14 15:29:52,delivered,2024-06-25 15:29:52,2024-06-22 15:29:52
O005899,C00761,2024-10-05 23:14:34,delivered,2024-10-07 23:14:34,2024-10-07 23:14:34
O005900,C00158,2025-08-10 10:28:40,delivered,2025-08-15 10:28:40,2025-08-17 10:28:40
O005901,C02232,2024-06-17 09:09:06,delivered,2024-06-24 09:09:06,2024-06-22 09:09:06
O005902,C01933,2025-08-13 04:03:29,delivered,2025-08-20 04:03:29,2025-08-14 04:03:29
O005903,C01842,2025-01-30 04:20:54,delivered,2025-02-09 04:20:54,2025-02-08 04:20:54
O005904,C01827,2026-06-12 23:11:27,delivered,2026-06-19 23:11:27,2026-06-18 23:11:27
O005905,C01953,2025-10-14 14:37:54,returned,2025-10-25 14:37:54,2025-10-23 14:37:54
O005906,C01553,2024-06-04 15:46:34,delivered,2024-06-14 15:46:34,2024-06-09 15:46:34
O005907,C01133,2024-06-19 03:08:06,delivered,2024-06-26 03:08:06,2024-06-26 03:08:06
O005908,C00616,2024-06-21 21:49:41,delivered,2024-06-27 21:49:41,2024-06-27 21:49:41
O005909,C02080,2026-03-02 17:16:39,delivered,2026-03-06 17:16:39,2026-03-10 17:16:39
O005910,C02193,2025-05-08 13:28:01,delivered,2025-05-17 13:28:01,2025-05-12 13:28:01
O005911,C00563,2025-09-21 15:59:07,delivered,2025-09-25 15:59:07,2025-09-25 15:59:07
O005912,C01608,2025-06-20 04:37:38,processing,2025-06-27 04:37:38,
O005913,C01982,2024-05-25 14:28:41,delivered,2024-05-28 14:28:41,2024-06-05 14:28:41
O005914,C01916,2024-12-06 07:26:55,delivered,2024-12-12 07:26:55,2024-12-11 07:26:55
O005915,C02399,2024-06-16 17:31:09,delivered,2024-06-19 17:31:09,2024-06-23 17:31:09
O005916,C00651,2025-01-09 13:13:40,delivered,2025-01-16 13:13:40,2025-01-18 13:13:40
O005917,C02349,2024-05-20 04:26:32,delivered,2024-06-01 04:26:32,2024-05-27 04:26:32
O005918,C00708,2024-01-05 19:01:18,delivered,2024-01-13 19:01:18,2024-01-08 19:01:18
O005919,C01681,2024-02-06 11:35:42,shipped,2024-02-18 11:35:42,
O005920,C00006,2025-10-17 18:05:31,delivered,2025-10-21 18:05:31,2025-10-22 18:05:31
O005921,C00356,2025-11-03 05:20:22,shipped,2025-11-10 05:20:22,
O005922,C02288,2026-01-06 11:43:01,delivered,2026-01-16 11:43:01,2026-01-09 11:43:01
O005923,C02459,2026-05-03 05:35:45,delivered,2026-05-14 05:35:45,2026-05-09 05:35:45
O005924,C01163,2024-07-30 19:29:50,delivered,2024-08-05 19:29:50,2024-08-01 19:29:50
O005925,C00598,2024-10-29 09:39:28,delivered,2024-11-10 09:39:28,2024-11-05 09:39:28
O005926,C00682,2025-06-30 11:27:20,delivered,2025-07-08 11:27:20,2025-07-08 11:27:20
O005927,C01513,2026-01-14 05:09:32,delivered,2026-01-24 05:09:32,2026-01-23 05:09:32
O005928,C01634,2024-06-07 21:08:43,cancelled,2024-06-17 21:08:43,
O005929,C01568,2024-04-29 22:45:54,delivered,2024-05-03 22:45:54,2024-04-30 22:45:54
O005930,C02195,2024-12-29 02:01:05,delivered,2024-12-31 02:01:05,2025-01-05 02:01:05
O005931,C00818,2026-03-26 16:44:23,returned,2026-04-07 16:44:23,2026-04-03 16:44:23
O005932,C02453,2024-03-30 23:43:05,delivered,2024-04-02 23:43:05,2024-04-06 23:43:05
O005933,C00771,2025-10-19 03:47:20,returned,2025-10-28 03:47:20,2025-10-21 03:47:20
O005934,C00574,2026-02-04 22:17:42,processing,2026-02-07 22:17:42,
O005935,C01883,2024-05-09 07:25:16,delivered,2024-05-12 07:25:16,2024-05-18 07:25:16
O005936,C00842,2026-01-07 03:47:11,shipped,2026-01-18 03:47:11,
O005937,C01168,2025-03-26 01:27:57,shipped,2025-03-30 01:27:57,
O005938,C00538,2025-08-31 17:46:07,delivered,2025-09-12 17:46:07,2025-09-03 17:46:07
O005939,C02112,2026-05-14 21:51:50,delivered,2026-05-17 21:51:50,2026-05-16 21:51:50
O005940,C01447,2024-02-10 03:29:38,delivered,2024-02-13 03:29:38,2024-02-13 03:29:38
O005941,C00147,2026-01-30 10:40:11,returned,2026-02-10 10:40:11,2026-02-06 10:40:11
O005942,C00246,2024-12-25 16:19:37,delivered,2024-12-29 16:19:37,2024-12-30 16:19:37
O005943,C00419,2024-01-04 20:09:18,processing,2024-01-13 20:09:18,
O005944,C00610,2025-01-04 12:13:10,delivered,2025-01-09 12:13:10,2025-01-05 12:13:10
O005945,C01700,2024-03-28 23:10:45,delivered,2024-04-01 23:10:45,2024-04-06 23:10:45
O005946,C02186,2025-04-16 07:51:00,delivered,2025-04-25 07:51:00,2025-04-23 07:51:00
O005947,C02099,2024-08-20 10:42:48,delivered,2024-08-25 10:42:48,2024-08-26 10:42:48
O005948,C01865,2026-05-21 12:54:22,processing,2026-05-31 12:54:22,
O005949,C02113,2024-05-01 08:51:52,delivered,2024-05-07 08:51:52,2024-05-03 08:51:52
O005950,C01653,2026-03-05 12:24:09,delivered,2026-03-14 12:24:09,2026-03-12 12:24:09
O005951,C00966,2024-04-10 06:11:35,delivered,2024-04-21 06:11:35,2024-04-21 06:11:35
O005952,C01247,2025-09-19 13:49:29,processing,2025-09-22 13:49:29,
O005953,C00476,2024-11-22 22:01:21,delivered,2024-11-29 22:01:21,2024-11-26 22:01:21
O005954,C00795,2024-08-22 05:27:11,delivered,2024-09-01 05:27:11,2024-08-23 05:27:11
O005955,C02292,2025-04-29 00:01:38,delivered,2025-05-08 00:01:38,2025-05-02 00:01:38
O005956,C00692,2024-02-24 12:40:46,delivered,2024-02-28 12:40:46,2024-02-28 12:40:46
O005957,C02062,2024-07-08 05:27:27,cancelled,2024-07-11 05:27:27,
O005958,C01403,2024-04-29 21:23:37,delivered,2024-05-08 21:23:37,2024-05-02 21:23:37
O005959,C02481,2026-02-23 23:15:46,delivered,2026-02-25 23:15:46,2026-03-01 23:15:46
O005960,C00683,2026-05-09 21:55:56,delivered,2026-05-11 21:55:56,2026-05-11 21:55:56
O005961,C00502,2024-11-06 11:25:26,delivered,2024-11-08 11:25:26,2024-11-10 11:25:26
O005962,C00757,2024-11-04 18:35:37,processing,2024-11-12 18:35:37,
O005963,C01498,2024-12-24 13:53:14,delivered,2024-12-30 13:53:14,2025-01-03 13:53:14
O005964,C00210,2024-10-06 14:53:25,delivered,2024-10-09 14:53:25,2024-10-14 14:53:25
O005965,C00193,2026-03-10 10:16:07,delivered,2026-03-15 10:16:07,2026-03-17 10:16:07
O005966,C02454,2025-05-31 07:14:03,delivered,2025-06-11 07:14:03,2025-06-04 07:14:03
O005967,C02326,2025-09-02 19:27:18,shipped,2025-09-11 19:27:18,
O005968,C00218,2026-05-31 13:51:18,delivered,2026-06-10 13:51:18,2026-06-03 13:51:18
O005969,C00195,2025-09-09 05:59:28,delivered,2025-09-14 05:59:28,2025-09-14 05:59:28
O005970,C01800,2025-10-14 14:03:13,delivered,2025-10-20 14:03:13,2025-10-23 14:03:13
O005971,C01621,2024-06-11 02:50:24,shipped,2024-06-21 02:50:24,
O005972,C00175,2025-12-10 23:11:09,shipped,2025-12-19 23:11:09,
O005973,C01521,2025-01-08 05:16:13,delivered,2025-01-17 05:16:13,2025-01-17 05:16:13
O005974,C02169,2024-06-27 15:48:01,delivered,2024-07-01 15:48:01,2024-07-04 15:48:01
O005975,C01241,2026-01-26 16:15:30,delivered,2026-01-30 16:15:30,2026-01-31 16:15:30
O005976,C00603,2025-04-09 22:32:47,delivered,2025-04-17 22:32:47,2025-04-12 22:32:47
O005977,C00914,2024-01-27 16:20:37,delivered,2024-02-04 16:20:37,2024-01-31 16:20:37
O005978,C00783,2024-06-30 06:05:45,delivered,2024-07-02 06:05:45,2024-07-06 06:05:45
O005979,C00919,2024-10-14 12:48:35,delivered,2024-10-24 12:48:35,2024-10-21 12:48:35
O005980,C01103,2024-02-28 21:09:55,delivered,2024-03-01 21:09:55,2024-03-07 21:09:55
O005981,C02170,2025-11-15 23:13:11,delivered,2025-11-19 23:13:11,2025-11-23 23:13:11
O005982,C01101,2025-03-14 00:32:45,shipped,2025-03-25 00:32:45,
O005983,C01568,2024-03-07 04:34:59,delivered,2024-03-11 04:34:59,2024-03-12 04:34:59
O005984,C01928,2026-04-07 22:43:07,delivered,2026-04-15 22:43:07,2026-04-11 22:43:07
O005985,C02035,2026-03-02 03:31:56,delivered,2026-03-08 03:31:56,2026-03-05 03:31:56
O005986,C02394,2025-12-28 13:48:49,delivered,2026-01-03 13:48:49,2025-12-30 13:48:49
O005987,C01120,2026-05-15 05:46:04,shipped,2026-05-24 05:46:04,
O005988,C00902,2025-08-24 02:41:01,delivered,2025-08-31 02:41:01,2025-09-04 02:41:01
O005989,C01487,2026-06-29 01:25:51,delivered,2026-07-05 01:25:51,2026-07-06 01:25:51
O005990,C01721,2024-01-02 09:57:03,delivered,2024-01-13 09:57:03,2024-01-10 09:57:03
O005991,C01936,2026-01-07 07:58:56,cancelled,2026-01-10 07:58:56,
O005992,C00856,2026-05-19 13:20:17,delivered,2026-05-28 13:20:17,2026-05-29 13:20:17
O005993,C01768,2024-11-01 00:38:53,shipped,2024-11-08 00:38:53,
O005994,C00702,2026-04-21 07:14:56,delivered,2026-04-29 07:14:56,2026-04-24 07:14:56
O005995,C00803,2025-05-28 22:48:53,delivered,2025-06-01 22:48:53,2025-06-02 22:48:53
O005996,C01600,2025-05-03 05:42:07,delivered,2025-05-15 05:42:07,2025-05-07 05:42:07
O005997,C01070,2024-04-15 03:37:50,delivered,2024-04-27 03:37:50,2024-04-21 03:37:50
O005998,C02470,2025-09-01 08:58:08,shipped,2025-09-07 08:58:08,
O005999,C01611,2024-08-29 02:39:07,delivered,2024-09-09 02:39:07,2024-09-04 02:39:07
O006000,C00116,2024-03-16 09:47:12,delivered,2024-03-18 09:47:12,2024-03-25 09:47:12
O006001,C02312,2024-06-04 08:26:25,delivered,2024-06-06 08:26:25,2024-06-17 08:26:25
O006002,C02160,2024-10-28 22:04:27,processing,2024-11-03 22:04:27,
O006003,C00548,2024-06-05 17:10:34,delivered,2024-06-16 17:10:34,2024-06-10 17:10:34
O006004,C00037,2025-04-11 18:23:20,delivered,2025-04-17 18:23:20,2025-04-19 18:23:20
O006005,C01924,2024-11-29 21:54:27,delivered,2024-12-08 21:54:27,2024-12-02 21:54:27
O006006,C00416,2026-04-09 14:21:52,delivered,2026-04-13 14:21:52,2026-04-13 14:21:52
O006007,C02253,2024-12-18 12:35:09,delivered,2024-12-21 12:35:09,2024-12-24 12:35:09
O006008,C00434,2024-05-01 06:51:50,delivered,2024-05-05 06:51:50,2024-05-05 06:51:50
O006009,C02408,2025-10-07 05:17:03,delivered,2025-10-19 05:17:03,2025-10-13 05:17:03
O006010,C01136,2026-04-16 19:52:59,delivered,2026-04-25 19:52:59,2026-04-24 19:52:59
O006011,C02139,2024-01-18 07:45:41,delivered,2024-01-20 07:45:41,2024-01-21 07:45:41
O006012,C02254,2024-12-14 17:16:03,processing,2024-12-16 17:16:03,
O006013,C00379,2025-04-08 07:39:41,delivered,2025-04-17 07:39:41,2025-04-18 07:39:41
O006014,C01939,2024-03-20 23:02:03,delivered,2024-03-30 23:02:03,2024-03-24 23:02:03
O006015,C00359,2024-12-02 14:51:12,delivered,2024-12-08 14:51:12,2024-12-05 14:51:12
O006016,C01927,2024-08-24 03:06:10,shipped,2024-08-28 03:06:10,
O006017,C01580,2025-11-25 23:50:58,shipped,2025-11-30 23:50:58,
O006018,C01136,2024-09-21 20:20:59,delivered,2024-10-03 20:20:59,2024-09-23 20:20:59
O006019,C00013,2024-03-08 02:45:26,delivered,2024-03-15 02:45:26,2024-03-12 02:45:26
O006020,C02473,2025-12-19 09:23:34,delivered,2025-12-25 09:23:34,2025-12-20 09:23:34
O006021,C02210,2025-05-28 14:23:56,delivered,2025-06-06 14:23:56,2025-06-05 14:23:56
O006022,C01399,2024-09-03 13:19:05,delivered,2024-09-07 13:19:05,2024-09-14 13:19:05
O006023,C00460,2024-01-27 07:09:39,delivered,2024-02-04 07:09:39,2024-02-01 07:09:39
O006024,C00018,2025-01-19 14:04:46,cancelled,2025-01-26 14:04:46,
O006025,C02027,2025-06-27 19:46:56,cancelled,2025-07-08 19:46:56,
O006026,C00785,2024-02-06 19:02:05,delivered,2024-02-09 19:02:05,2024-02-13 19:02:05
O006027,C00260,2025-04-20 14:55:32,delivered,2025-04-22 14:55:32,2025-04-25 14:55:32
O006028,C01641,2025-12-30 05:58:38,cancelled,2026-01-06 05:58:38,
O006029,C00052,2024-07-30 12:36:29,returned,2024-08-09 12:36:29,2024-08-04 12:36:29
O006030,C01872,2024-06-19 03:35:52,delivered,2024-06-21 03:35:52,2024-06-24 03:35:52
O006031,C01275,2024-11-30 10:07:32,delivered,2024-12-04 10:07:32,2024-12-05 10:07:32
O006032,C00519,2025-05-03 07:07:13,delivered,2025-05-07 07:07:13,2025-05-06 07:07:13
O006033,C00053,2024-08-30 05:56:00,delivered,2024-09-10 05:56:00,2024-08-31 05:56:00
O006034,C00673,2024-02-22 05:00:29,delivered,2024-02-28 05:00:29,2024-02-25 05:00:29
O006035,C00475,2024-11-25 23:39:36,delivered,2024-12-06 23:39:36,2024-11-29 23:39:36
O006036,C00225,2026-06-12 12:25:56,delivered,2026-06-19 12:25:56,2026-06-19 12:25:56
O006037,C02199,2024-08-06 03:48:18,returned,2024-08-18 03:48:18,2024-08-18 03:48:18
O006038,C02237,2025-10-30 16:06:02,delivered,2025-11-06 16:06:02,2025-11-03 16:06:02
O006039,C00371,2024-11-23 18:35:22,delivered,2024-11-26 18:35:22,2024-11-28 18:35:22
O006040,C01326,2026-05-25 06:49:51,delivered,2026-06-01 06:49:51,2026-06-03 06:49:51
O006041,C01396,2026-05-21 22:48:20,cancelled,2026-05-23 22:48:20,
O006042,C00570,2026-02-12 11:23:29,returned,2026-02-14 11:23:29,2026-02-14 11:23:29
O006043,C01754,2025-08-29 23:15:31,delivered,2025-09-02 23:15:31,2025-08-30 23:15:31
O006044,C00871,2025-03-25 18:26:53,delivered,2025-04-03 18:26:53,2025-03-27 18:26:53
O006045,C00006,2024-07-10 07:40:35,delivered,2024-07-19 07:40:35,2024-07-18 07:40:35
O006046,C00336,2026-04-29 17:56:20,delivered,2026-05-09 17:56:20,2026-05-04 17:56:20
O006047,C01268,2026-01-14 01:27:15,delivered,2026-01-24 01:27:15,2026-01-17 01:27:15
O006048,C01844,2025-04-08 09:36:06,delivered,2025-04-14 09:36:06,2025-04-19 09:36:06
O006049,C02318,2024-10-08 17:37:33,delivered,2024-10-13 17:37:33,2024-10-11 17:37:33
O006050,C00932,2024-06-29 10:06:35,delivered,2024-07-06 10:06:35,2024-06-30 10:06:35
O006051,C01612,2026-02-04 06:59:17,delivered,2026-02-07 06:59:17,2026-02-10 06:59:17
O006052,C01174,2026-02-17 19:59:41,delivered,2026-02-26 19:59:41,2026-02-27 19:59:41
O006053,C01000,2025-10-28 01:23:32,delivered,2025-11-01 01:23:32,2025-11-05 01:23:32
O006054,C01173,2024-04-25 15:13:02,shipped,2024-05-03 15:13:02,
O006055,C01581,2025-07-03 03:48:49,delivered,2025-07-06 03:48:49,2025-07-05 03:48:49
O006056,C00608,2024-06-12 21:44:29,delivered,2024-06-16 21:44:29,2024-06-17 21:44:29
O006057,C02467,2026-06-23 21:25:40,delivered,2026-06-25 21:25:40,2026-06-24 21:25:40
O006058,C01815,2024-05-10 09:30:45,delivered,2024-05-17 09:30:45,2024-05-12 09:30:45
O006059,C01166,2024-04-27 13:18:00,shipped,2024-05-04 13:18:00,
O006060,C01971,2025-06-10 22:43:29,cancelled,2025-06-14 22:43:29,
O006061,C00662,2024-12-24 01:30:17,delivered,2025-01-02 01:30:17,2024-12-29 01:30:17
O006062,C00063,2024-07-04 17:52:55,delivered,2024-07-06 17:52:55,2024-07-05 17:52:55
O006063,C02470,2025-06-01 01:19:54,delivered,2025-06-13 01:19:54,2025-06-11 01:19:54
O006064,C00515,2024-04-29 06:09:08,delivered,2024-05-02 06:09:08,2024-05-08 06:09:08
O006065,C01670,2025-12-07 22:46:32,delivered,2025-12-15 22:46:32,2025-12-12 22:46:32
O006066,C01192,2024-04-22 10:58:06,cancelled,2024-04-24 10:58:06,
O006067,C01543,2025-06-05 02:03:13,delivered,2025-06-10 02:03:13,2025-06-13 02:03:13
O006068,C01810,2026-01-25 06:25:57,cancelled,2026-02-04 06:25:57,
O006069,C01593,2026-03-21 11:00:53,delivered,2026-03-24 11:00:53,2026-03-27 11:00:53
O006070,C00830,2025-07-30 11:19:49,delivered,2025-08-04 11:19:49,2025-08-04 11:19:49
O006071,C02173,2024-06-02 12:58:44,delivered,2024-06-06 12:58:44,2024-06-06 12:58:44
O006072,C01744,2025-07-23 16:17:31,delivered,2025-07-30 16:17:31,2025-07-25 16:17:31
O006073,C00510,2024-09-17 11:50:05,delivered,2024-09-25 11:50:05,2024-09-26 11:50:05
O006074,C00023,2024-06-04 11:00:18,delivered,2024-06-12 11:00:18,2024-06-08 11:00:18
O006075,C00798,2026-01-07 03:26:46,delivered,2026-01-18 03:26:46,2026-01-15 03:26:46
O006076,C01437,2025-05-05 02:40:51,delivered,2025-05-11 02:40:51,2025-05-10 02:40:51
O006077,C00579,2025-10-11 21:01:16,delivered,2025-10-17 21:01:16,2025-10-17 21:01:16
O006078,C01816,2024-03-21 06:40:47,delivered,2024-04-01 06:40:47,2024-03-23 06:40:47
O006079,C00496,2025-04-04 16:44:03,delivered,2025-04-11 16:44:03,2025-04-07 16:44:03
O006080,C00985,2026-05-05 23:58:02,delivered,2026-05-16 23:58:02,2026-05-14 23:58:02
O006081,C00159,2024-11-22 01:17:55,delivered,2024-11-25 01:17:55,2024-11-27 01:17:55
O006082,C01578,2025-12-25 15:46:12,delivered,2026-01-01 15:46:12,2026-01-03 15:46:12
O006083,C01113,2025-01-22 20:07:43,delivered,2025-01-25 20:07:43,2025-01-28 20:07:43
O006084,C00299,2025-04-17 17:01:50,delivered,2025-04-19 17:01:50,2025-04-24 17:01:50
O006085,C00631,2025-02-25 13:56:31,delivered,2025-03-09 13:56:31,2025-03-03 13:56:31
O006086,C00954,2025-03-28 02:27:17,delivered,2025-04-08 02:27:17,2025-03-31 02:27:17
O006087,C01686,2025-05-30 03:16:13,delivered,2025-06-10 03:16:13,2025-06-11 03:16:13
O006088,C02244,2025-01-14 09:34:07,delivered,2025-01-24 09:34:07,2025-01-18 09:34:07
O006089,C01275,2024-04-07 05:36:51,cancelled,2024-04-18 05:36:51,
O006090,C00128,2024-08-25 23:58:08,delivered,2024-08-27 23:58:08,2024-08-31 23:58:08
O006091,C00953,2024-04-03 08:19:02,delivered,2024-04-12 08:19:02,2024-04-04 08:19:02
O006092,C00146,2024-03-30 20:58:05,delivered,2024-04-01 20:58:05,2024-04-05 20:58:05
O006093,C01005,2024-03-02 05:08:14,returned,2024-03-05 05:08:14,2024-03-13 05:08:14
O006094,C00930,2024-03-29 21:14:33,delivered,2024-04-08 21:14:33,2024-04-04 21:14:33
O006095,C01486,2026-06-21 02:23:16,delivered,2026-06-28 02:23:16,2026-06-30 02:23:16
O006096,C00533,2025-10-23 14:38:54,delivered,2025-10-25 14:38:54,2025-10-30 14:38:54
O006097,C01997,2024-06-13 12:54:42,delivered,2024-06-20 12:54:42,2024-06-21 12:54:42
O006098,C01567,2024-05-20 15:41:22,delivered,2024-05-26 15:41:22,2024-05-31 15:41:22
O006099,C00138,2024-01-02 18:19:52,delivered,2024-01-11 18:19:52,2024-01-09 18:19:52
O006100,C01751,2024-09-24 19:46:23,delivered,2024-10-02 19:46:23,2024-09-26 19:46:23
O006101,C01668,2025-09-10 05:41:30,delivered,2025-09-19 05:41:30,2025-09-17 05:41:30
O006102,C00370,2024-04-09 13:57:12,cancelled,2024-04-21 13:57:12,
O006103,C00160,2024-10-11 05:06:41,delivered,2024-10-22 05:06:41,2024-10-16 05:06:41
O006104,C01628,2024-03-12 12:38:47,delivered,2024-03-18 12:38:47,2024-03-19 12:38:47
O006105,C00070,2025-01-03 09:13:54,delivered,2025-01-07 09:13:54,2025-01-10 09:13:54
O006106,C01804,2024-01-04 22:59:42,delivered,2024-01-11 22:59:42,2024-01-08 22:59:42
O006107,C01939,2026-05-26 19:28:36,delivered,2026-05-28 19:28:36,2026-05-31 19:28:36
O006108,C02306,2024-01-23 10:54:22,delivered,2024-01-29 10:54:22,2024-01-26 10:54:22
O006109,C00053,2024-06-14 19:55:50,delivered,2024-06-25 19:55:50,2024-06-19 19:55:50
O006110,C02245,2025-01-23 02:45:56,delivered,2025-02-04 02:45:56,2025-01-29 02:45:56
O006111,C00019,2024-08-28 22:44:00,shipped,,
O006112,C01643,2026-02-02 08:14:19,processing,2026-02-04 08:14:19,
O006113,C01905,2025-09-23 01:33:05,delivered,2025-10-04 01:33:05,2025-10-03 01:33:05
O006114,C00409,2024-10-27 20:49:08,delivered,2024-10-31 20:49:08,2024-10-28 20:49:08
O006115,C01756,2026-06-29 22:02:21,delivered,2026-07-01 22:02:21,2026-06-30 22:02:21
O006116,C02262,2026-03-14 04:30:37,delivered,2026-03-21 04:30:37,2026-03-15 04:30:37
O006117,C00818,2024-04-03 20:18:16,processing,2024-04-08 20:18:16,
O006118,C01492,2024-12-07 11:09:37,delivered,2024-12-12 11:09:37,2024-12-12 11:09:37
O006119,C02089,2025-02-11 07:59:57,delivered,2025-02-17 07:59:57,2025-02-16 07:59:57
O006120,C02449,2024-09-14 05:01:37,delivered,2024-09-24 05:01:37,2024-09-21 05:01:37
O006121,C01768,2024-05-30 03:38:27,delivered,2024-06-06 03:38:27,2024-06-09 03:38:27
O006122,C00241,2026-05-14 02:58:43,delivered,2026-05-23 02:58:43,2026-05-20 02:58:43
O006123,C01110,2025-11-14 06:40:52,delivered,2025-11-21 06:40:52,2025-11-17 06:40:52
O006124,C01922,2024-01-13 04:39:32,delivered,2024-01-25 04:39:32,2024-01-19 04:39:32
O006125,C02498,2026-05-06 22:48:57,cancelled,2026-05-10 22:48:57,
O006126,C02331,2025-06-23 15:30:51,delivered,2025-06-26 15:30:51,2025-06-24 15:30:51
O006127,C01496,2026-02-19 00:56:39,cancelled,2026-02-27 00:56:39,
O006128,C01125,2024-10-01 07:08:47,processing,2024-10-03 07:08:47,
O006129,C00111,2025-06-05 03:22:09,delivered,2025-06-13 03:22:09,2025-06-12 03:22:09
O006130,C00369,2025-07-02 13:51:15,delivered,2025-07-04 13:51:15,2025-07-03 13:51:15
O006131,C00697,2025-11-09 09:59:20,delivered,2025-11-21 09:59:20,2025-11-11 09:59:20
O006132,C02119,2025-08-07 01:00:41,delivered,2025-08-13 01:00:41,2025-08-17 01:00:41
O006133,C01961,2026-05-28 04:51:00,delivered,2026-06-04 04:51:00,2026-06-04 04:51:00
O006134,C01661,2024-10-24 15:12:19,delivered,2024-11-05 15:12:19,2024-11-06 15:12:19
O006135,C00651,2025-06-14 10:33:24,returned,2025-06-21 10:33:24,2025-06-27 10:33:24
O006136,C00149,2024-06-17 13:32:23,delivered,2024-06-22 13:32:23,2024-06-18 13:32:23
O006137,C02133,2025-04-01 15:57:41,shipped,2025-04-11 15:57:41,
O006138,C01800,2025-11-08 15:17:52,delivered,2025-11-11 15:17:52,2025-11-11 15:17:52
O006139,C02326,2024-05-09 13:05:58,delivered,2024-05-20 13:05:58,2024-05-11 13:05:58
O006140,C00135,2026-01-07 05:55:13,cancelled,2026-01-18 05:55:13,
O006141,C00985,2024-07-01 14:50:59,delivered,2024-07-10 14:50:59,2024-07-07 14:50:59
O006142,C02484,2025-05-27 03:47:16,delivered,2025-05-29 03:47:16,2025-05-28 03:47:16
O006143,C01127,2024-11-06 05:27:32,delivered,2024-11-08 05:27:32,2024-11-12 05:27:32
O006144,C01204,2025-03-12 15:21:56,delivered,2025-03-22 15:21:56,2025-03-19 15:21:56
O006145,C01681,2025-11-24 12:45:27,delivered,2025-11-29 12:45:27,2025-12-03 12:45:27
O006146,C01818,2024-09-12 00:45:40,delivered,2024-09-24 00:45:40,2024-09-18 00:45:40
O006147,C02142,2025-03-08 22:24:07,returned,2025-03-20 22:24:07,2025-03-14 22:24:07
O006148,C02424,2024-08-08 08:52:56,delivered,2024-08-11 08:52:56,2024-08-09 08:52:56
O006149,C01247,2025-08-06 10:15:46,processing,2025-08-08 10:15:46,
O006150,C01700,2026-06-07 00:40:34,delivered,2026-06-19 00:40:34,2026-06-13 00:40:34
O006151,C01764,2025-11-25 01:36:38,processing,2025-12-07 01:36:38,
O006152,C00564,2025-05-16 10:38:38,cancelled,2025-05-23 10:38:38,
O006153,C01810,2025-10-20 04:03:43,delivered,2025-10-26 04:03:43,2025-10-25 04:03:43
O006154,C02118,2025-05-26 05:54:48,returned,2025-05-30 05:54:48,2025-06-02 05:54:48
O006155,C01817,2026-04-02 22:36:49,delivered,2026-04-11 22:36:49,2026-04-10 22:36:49
O006156,C01159,2024-10-10 23:46:19,delivered,2024-10-20 23:46:19,2024-10-17 23:46:19
O006157,C02469,2025-03-29 13:15:05,delivered,2025-04-07 13:15:05,2025-04-05 13:15:05
O006158,C00901,2024-08-07 22:25:17,delivered,2024-08-09 22:25:17,2024-08-09 22:25:17
O006159,C00567,2024-08-30 04:20:46,delivered,2024-09-10 04:20:46,2024-09-10 04:20:46
O006160,C00808,2024-08-19 01:13:25,shipped,2024-08-28 01:13:25,
O006161,C02101,2024-02-20 11:51:44,delivered,2024-02-27 11:51:44,2024-02-22 11:51:44
O006162,C01204,2025-03-11 16:32:14,delivered,2025-03-15 16:32:14,2025-03-16 16:32:14
O006163,C00458,2025-01-31 04:50:30,shipped,2025-02-11 04:50:30,
O006164,C01565,2025-06-09 14:10:05,delivered,2025-06-12 14:10:05,2025-06-18 14:10:05
O006165,C02487,2026-05-31 06:09:15,delivered,2026-06-08 06:09:15,2026-06-05 06:09:15
O006166,C02472,2024-08-11 01:40:11,delivered,2024-08-18 01:40:11,2024-08-23 01:40:11
O006167,C00322,2024-05-04 23:12:36,delivered,2024-05-08 23:12:36,2024-05-10 23:12:36
O006168,C00984,2025-08-15 06:08:46,delivered,2025-08-23 06:08:46,2025-08-21 06:08:46
O006169,C02421,2026-06-08 07:27:46,delivered,2026-06-19 07:27:46,2026-06-12 07:27:46
O006170,C02395,2026-04-21 04:54:12,delivered,2026-05-02 04:54:12,2026-04-26 04:54:12
O006171,C02188,2026-01-30 01:47:49,delivered,2026-02-03 01:47:49,2026-02-05 01:47:49
O006172,C00997,2024-06-07 21:20:53,delivered,2024-06-11 21:20:53,2024-06-17 21:20:53
O006173,C02071,2026-05-27 16:28:04,delivered,2026-05-30 16:28:04,2026-05-31 16:28:04
O006174,C02439,2026-03-19 17:30:59,delivered,2026-03-25 17:30:59,2026-03-21 17:30:59
O006175,C00253,2025-03-31 04:14:01,delivered,2025-04-03 04:14:01,2025-04-06 04:14:01
O006176,C00610,2025-05-21 17:24:45,delivered,2025-05-24 17:24:45,2025-05-27 17:24:45
O006177,C01718,2025-06-22 03:47:54,delivered,2025-06-24 03:47:54,2025-06-27 03:47:54
O006178,C01127,2025-04-30 22:18:46,cancelled,2025-05-04 22:18:46,
O006179,C01218,2024-06-08 19:08:48,delivered,2024-06-18 19:08:48,2024-06-15 19:08:48
O006180,C00727,2026-03-27 23:21:42,shipped,2026-04-04 23:21:42,
O006181,C01357,2025-02-26 09:33:36,delivered,2025-02-28 09:33:36,2025-03-07 09:33:36
O006182,C01508,2025-03-04 10:26:58,delivered,2025-03-13 10:26:58,2025-03-09 10:26:58
O006183,C00644,2025-02-01 02:23:22,delivered,2025-02-09 02:23:22,2025-02-05 02:23:22
O006184,C00878,2024-07-17 08:29:10,delivered,2024-07-23 08:29:10,2024-07-26 08:29:10
O006185,C00809,2026-04-09 07:28:18,delivered,2026-04-15 07:28:18,2026-04-13 07:28:18
O006186,C02274,2025-10-19 18:41:57,delivered,2025-10-28 18:41:57,2025-10-24 18:41:57
O006187,C01021,2025-08-13 09:16:21,delivered,2025-08-20 09:16:21,2025-08-20 09:16:21
O006188,C01745,2024-08-31 13:14:39,delivered,2024-09-12 13:14:39,2024-09-05 13:14:39
O006189,C00605,2024-03-25 20:34:46,delivered,2024-04-05 20:34:46,2024-03-31 20:34:46
O006190,C01472,2024-10-04 17:47:15,delivered,2024-10-08 17:47:15,2024-10-07 17:47:15
O006191,C01324,2025-02-15 08:16:38,processing,2025-02-23 08:16:38,
O006192,C00246,2026-01-15 14:22:56,processing,2026-01-23 14:22:56,
O006193,C01152,2024-06-14 08:23:48,delivered,2024-06-25 08:23:48,2024-06-24 08:23:48
O006194,C01443,2025-05-13 18:52:05,delivered,2025-05-22 18:52:05,2025-05-29 18:52:05
O006195,C00515,2026-05-25 04:55:38,delivered,2026-05-28 04:55:38,2026-05-28 04:55:38
O006196,C01631,2025-01-20 18:25:13,delivered,2025-01-25 18:25:13,2025-01-23 18:25:13
O006197,C00561,2024-12-28 14:53:54,returned,2025-01-07 14:53:54,2025-01-04 14:53:54
O006198,C02396,2024-03-13 17:55:08,delivered,2024-03-23 17:55:08,2024-03-25 17:55:08
O006199,C00604,2024-11-10 04:48:30,delivered,2024-11-19 04:48:30,2024-11-13 04:48:30
O006200,C00274,2026-01-29 17:13:27,delivered,2026-02-06 17:13:27,2026-02-03 17:13:27
O006201,C01791,2026-06-23 00:41:58,delivered,2026-06-28 00:41:58,2026-06-30 00:41:58
O006202,C01572,2024-07-11 13:03:07,delivered,2024-07-18 13:03:07,2024-07-14 13:03:07
O006203,C01087,2024-04-26 00:00:03,delivered,2024-05-08 00:00:03,2024-05-05 00:00:03
O006204,C00981,2026-04-16 14:14:14,delivered,2026-04-22 14:14:14,2026-04-28 14:14:14
O006205,C00921,2026-05-04 18:12:57,delivered,2026-05-13 18:12:57,2026-05-11 18:12:57
O006206,C01382,2025-07-26 22:18:55,cancelled,2025-08-03 22:18:55,
O006207,C00176,2024-08-05 09:52:44,delivered,2024-08-13 09:52:44,2024-08-13 09:52:44
O006208,C02117,2025-05-27 04:17:34,delivered,2025-06-06 04:17:34,2025-06-02 04:17:34
O006209,C00055,2025-01-13 03:29:43,delivered,2025-01-15 03:29:43,2025-01-19 03:29:43
O006210,C01728,2025-02-17 16:49:56,delivered,2025-02-27 16:49:56,2025-02-23 16:49:56
O006211,C01674,2026-03-26 08:55:33,cancelled,2026-04-04 08:55:33,
O006212,C01106,2026-05-02 00:15:22,delivered,2026-05-05 00:15:22,2026-05-05 00:15:22
O006213,C02299,2024-02-09 00:04:56,delivered,2024-02-12 00:04:56,2024-02-20 00:04:56
O006214,C00301,2024-04-28 20:10:39,cancelled,2024-05-10 20:10:39,
O006215,C02377,2026-06-13 19:31:00,delivered,2026-06-21 19:31:00,2026-06-24 19:31:00
O006216,C00464,2024-06-09 15:36:24,delivered,2024-06-16 15:36:24,2024-06-14 15:36:24
O006217,C00171,2025-03-14 01:19:42,delivered,2025-03-17 01:19:42,2025-03-20 01:19:42
O006218,C01894,2026-06-21 08:27:03,delivered,2026-06-26 08:27:03,2026-07-04 08:27:03
O006219,C01145,2025-09-05 08:54:38,delivered,2025-09-08 08:54:38,2025-09-06 08:54:38
O006220,C01131,2024-02-04 03:38:17,delivered,2024-02-10 03:38:17,2024-02-14 03:38:17
O006221,C00094,2026-06-23 17:18:37,delivered,2026-07-01 17:18:37,2026-06-27 17:18:37
O006222,C00014,2025-01-20 03:43:21,delivered,2025-01-22 03:43:21,2025-01-21 03:43:21
O006223,C01176,2025-07-07 00:33:25,processing,2025-07-12 00:33:25,
O006224,C01428,2026-05-18 09:33:47,delivered,2026-05-30 09:33:47,2026-05-24 09:33:47
O006225,C00363,2026-05-06 23:16:16,delivered,2026-05-14 23:16:16,2026-05-09 23:16:16
O006226,C02422,2026-01-31 15:58:30,delivered,2026-02-09 15:58:30,2026-02-02 15:58:30
O006227,C00902,2024-10-11 01:11:30,delivered,2024-10-23 01:11:30,2024-10-12 01:11:30
O006228,C02160,2025-07-01 22:25:08,delivered,2025-07-11 22:25:08,2025-07-07 22:25:08
O006229,C01822,2025-02-08 22:27:20,delivered,2025-02-17 22:27:20,2025-02-13 22:27:20
O006230,C01714,2025-02-19 03:59:54,delivered,2025-03-01 03:59:54,2025-02-24 03:59:54
O006231,C02244,2024-07-03 22:59:48,delivered,2024-07-05 22:59:48,2024-07-10 22:59:48
O006232,C00231,2024-02-19 10:52:56,delivered,2024-02-21 10:52:56,2024-02-28 10:52:56
O006233,C02069,2026-03-30 20:02:36,delivered,2026-04-03 20:02:36,2026-04-05 20:02:36
O006234,C02462,2025-01-10 21:32:45,delivered,2025-01-13 21:32:45,2025-01-11 21:32:45
O006235,C00442,2024-12-26 10:32:48,delivered,2025-01-01 10:32:48,2025-01-03 10:32:48
O006236,C01937,2024-04-01 03:31:49,delivered,2024-04-13 03:31:49,2024-04-07 03:31:49
O006237,C01799,2024-01-11 19:01:21,delivered,2024-01-22 19:01:21,2024-01-17 19:01:21
O006238,C00798,2024-03-26 12:21:54,delivered,2024-04-03 12:21:54,2024-04-05 12:21:54
O006239,C02041,2024-09-25 05:03:27,delivered,2024-09-29 05:03:27,2024-09-29 05:03:27
O006240,C00041,2025-06-11 08:27:08,delivered,2025-06-16 08:27:08,2025-06-15 08:27:08
O006241,C01383,2026-01-27 13:55:06,delivered,2026-01-30 13:55:06,2026-02-03 13:55:06
O006242,C01982,2026-01-14 12:03:44,delivered,2026-01-25 12:03:44,2026-01-17 12:03:44
O006243,C01738,2024-05-28 10:02:11,delivered,2024-06-08 10:02:11,2024-06-04 10:02:11
O006244,C01717,2024-02-19 13:51:13,delivered,2024-02-29 13:51:13,2024-02-28 13:51:13
O006245,C02206,2024-04-23 22:47:19,delivered,2024-04-30 22:47:19,2024-04-27 22:47:19
O006246,C01104,2025-08-25 07:10:20,delivered,2025-08-30 07:10:20,2025-08-31 07:10:20
O006247,C00689,2024-11-17 01:06:40,delivered,2024-11-24 01:06:40,2024-11-22 01:06:40
O006248,C00471,2025-08-01 03:54:53,delivered,2025-08-09 03:54:53,2025-08-07 03:54:53
O006249,C01082,2025-07-30 02:19:32,delivered,2025-08-03 02:19:32,2025-08-04 02:19:32
O006250,C00189,2025-08-02 08:30:40,delivered,2025-08-09 08:30:40,2025-08-11 08:30:40
O006251,C01676,2024-06-04 20:11:31,delivered,2024-06-16 20:11:31,2024-06-08 20:11:31
O006252,C02001,2024-06-28 22:30:15,delivered,2024-06-30 22:30:15,2024-07-04 22:30:15
O006253,C01748,2024-11-22 07:16:08,delivered,2024-12-02 07:16:08,2024-12-01 07:16:08
O006254,C01372,2024-04-09 07:09:20,delivered,2024-04-12 07:09:20,2024-04-17 07:09:20
O006255,C01145,2025-10-16 07:40:26,delivered,2025-10-21 07:40:26,2025-10-22 07:40:26
O006256,C01637,2025-04-13 17:37:52,delivered,2025-04-23 17:37:52,2025-04-19 17:37:52
O006257,C01440,2024-09-26 18:30:24,delivered,2024-10-03 18:30:24,2024-10-02 18:30:24
O006258,C02011,2025-11-15 22:46:53,shipped,2025-11-25 22:46:53,
O006259,C01830,2026-01-30 15:55:11,delivered,2026-02-04 15:55:11,2026-02-08 15:55:11
O006260,C01378,2026-05-13 12:40:59,delivered,2026-05-18 12:40:59,2026-05-21 12:40:59
O006261,C00031,2025-11-18 23:39:22,delivered,2025-11-29 23:39:22,2025-11-27 23:39:22
O006262,C01001,2024-05-03 14:57:12,delivered,2024-05-07 14:57:12,2024-05-09 14:57:12
O006263,C00846,2024-02-01 20:30:08,delivered,2024-02-09 20:30:08,2024-02-07 20:30:08
O006264,C01054,2026-05-18 13:49:02,delivered,2026-05-27 13:49:02,2026-05-21 13:49:02
O006265,C01375,2024-08-09 07:02:07,delivered,2024-08-18 07:02:07,2024-08-17 07:02:07
O006266,C00477,2026-06-04 12:46:54,cancelled,2026-06-11 12:46:54,
O006267,C01797,2026-02-13 04:33:53,delivered,2026-02-25 04:33:53,2026-02-22 04:33:53
O006268,C01242,2025-06-17 20:11:35,delivered,2025-06-24 20:11:35,2025-06-18 20:11:35
O006269,C02015,2025-09-27 10:10:03,delivered,2025-10-06 10:10:03,2025-10-04 10:10:03
O006270,C01823,2026-06-12 19:55:16,delivered,2026-06-19 19:55:16,2026-06-21 19:55:16
O006271,C01328,2024-10-20 09:16:01,delivered,2024-10-24 09:16:01,2024-10-26 09:16:01
O006272,C01558,2025-05-12 02:14:52,delivered,2025-05-14 02:14:52,2025-05-15 02:14:52
O006273,C00274,2025-05-31 16:52:44,processing,2025-06-12 16:52:44,
O006274,C01536,2026-02-25 21:08:07,delivered,2026-03-04 21:08:07,2026-03-08 21:08:07
O006275,C01116,2024-06-02 11:59:13,shipped,2024-06-07 11:59:13,
O006276,C01347,2024-01-01 12:52:18,delivered,2024-01-13 12:52:18,2024-01-12 12:52:18
O006277,C01582,2025-05-11 01:19:29,delivered,2025-05-18 01:19:29,2025-05-15 01:19:29
O006278,C01110,2025-11-20 15:47:20,delivered,2025-11-25 15:47:20,2025-11-24 15:47:20
O006279,C01578,2026-04-08 06:55:08,delivered,2026-04-19 06:55:08,2026-04-19 06:55:08
O006280,C00481,2025-10-11 10:08:50,delivered,2025-10-13 10:08:50,2025-10-17 10:08:50
O006281,C02387,2024-08-03 00:24:09,delivered,2024-08-15 00:24:09,2024-08-10 00:24:09
O006282,C00137,2024-10-27 19:54:32,delivered,2024-11-08 19:54:32,2024-10-28 19:54:32
O006283,C00719,2025-08-15 12:12:46,cancelled,2025-08-20 12:12:46,
O006284,C00532,2026-06-03 02:51:19,delivered,2026-06-10 02:51:19,2026-06-10 02:51:19
O006285,C01806,2024-12-09 21:21:52,processing,2024-12-16 21:21:52,
O006286,C00161,2026-03-12 12:54:53,delivered,2026-03-24 12:54:53,2026-03-22 12:54:53
O006287,C01868,2025-01-06 00:54:35,delivered,2025-01-16 00:54:35,2025-01-11 00:54:35
O006288,C01837,2025-04-29 21:51:34,delivered,2025-05-08 21:51:34,2025-05-06 21:51:34
O006289,C00037,2024-02-10 14:11:11,delivered,2024-02-22 14:11:11,2024-02-11 14:11:11
O006290,C00676,2024-08-17 21:01:40,delivered,2024-08-24 21:01:40,2024-08-28 21:01:40
O006291,C01107,2024-02-13 21:26:27,delivered,2024-02-21 21:26:27,2024-02-18 21:26:27
O006292,C00667,2025-01-31 04:43:09,delivered,2025-02-10 04:43:09,2025-02-02 04:43:09
O006293,C00016,2024-03-17 11:43:18,shipped,2024-03-21 11:43:18,
O006294,C00184,2024-01-21 09:02:04,processing,2024-01-26 09:02:04,
O006295,C01258,2025-08-22 10:23:13,returned,2025-08-24 10:23:13,2025-09-03 10:23:13
O006296,C01584,2025-12-09 07:04:25,delivered,2025-12-14 07:04:25,2025-12-15 07:04:25
O006297,C01253,2024-08-20 12:17:29,delivered,2024-08-30 12:17:29,2024-08-26 12:17:29
O006298,C01247,2025-08-05 22:24:21,delivered,2025-08-15 22:24:21,2025-08-14 22:24:21
O006299,C00725,2025-07-22 00:13:05,processing,2025-07-26 00:13:05,
O006300,C00815,2025-08-20 19:19:32,delivered,2025-08-31 19:19:32,2025-08-22 19:19:32
O006301,C01917,2024-07-03 14:42:35,returned,2024-07-11 14:42:35,2024-07-08 14:42:35
O006302,C00250,2025-09-27 11:37:39,delivered,2025-10-09 11:37:39,2025-10-07 11:37:39
O006303,C00800,2025-02-11 03:52:42,delivered,2025-02-16 03:52:42,2025-02-17 03:52:42
O006304,C00709,2024-09-13 11:03:39,delivered,2024-09-23 11:03:39,2024-09-21 11:03:39
O006305,C00145,2026-04-04 20:16:54,delivered,2026-04-14 20:16:54,2026-04-08 20:16:54
O006306,C00200,2026-04-01 00:28:47,delivered,2026-04-11 00:28:47,2026-04-06 00:28:47
O006307,C01472,2026-05-19 14:59:40,delivered,2026-05-27 14:59:40,2026-05-25 14:59:40
O006308,C01922,2026-06-01 20:06:18,delivered,2026-06-09 20:06:18,2026-06-04 20:06:18
O006309,C01691,2024-06-27 19:06:24,delivered,2024-06-30 19:06:24,2024-06-28 19:06:24
O006310,C01690,2024-03-18 23:21:52,delivered,2024-03-24 23:21:52,2024-03-27 23:21:52
O006311,C01730,2025-08-15 04:37:10,delivered,2025-08-21 04:37:10,2025-08-26 04:37:10
O006312,C01487,2025-07-05 10:49:13,delivered,2025-07-14 10:49:13,2025-07-09 10:49:13
O006313,C01116,2024-06-28 11:11:27,delivered,2024-07-09 11:11:27,2024-07-06 11:11:27
O006314,C00558,2024-02-10 22:09:48,delivered,2024-02-20 22:09:48,2024-02-19 22:09:48
O006315,C02430,2025-04-18 21:32:05,delivered,2025-04-26 21:32:05,2025-04-27 21:32:05
O006316,C00389,2024-11-26 04:43:07,delivered,2024-12-06 04:43:07,2024-12-01 04:43:07
O006317,C00711,2024-12-22 22:00:58,delivered,2024-12-30 22:00:58,2025-01-04 22:00:58
O006318,C01749,2024-12-14 01:30:31,delivered,2024-12-16 01:30:31,2024-12-19 01:30:31
O006319,C01762,2026-03-20 06:06:04,delivered,2026-03-27 06:06:04,2026-03-29 06:06:04
O006320,C02382,2026-04-29 11:52:29,delivered,2026-05-04 11:52:29,2026-05-06 11:52:29
O006321,C00202,2026-06-04 16:15:05,delivered,2026-06-06 16:15:05,2026-06-09 16:15:05
O006322,C00711,2025-07-21 00:55:31,delivered,2025-07-29 00:55:31,2025-08-01 00:55:31
O006323,C01122,2026-02-13 15:18:55,delivered,2026-02-19 15:18:55,2026-02-17 15:18:55
O006324,C01538,2024-08-23 00:25:58,delivered,2024-08-29 00:25:58,2024-08-26 00:25:58
O006325,C02296,2024-09-14 05:41:32,delivered,2024-09-18 05:41:32,2024-09-28 05:41:32
O006326,C01055,2025-06-06 03:22:49,delivered,2025-06-16 03:22:49,2025-06-12 03:22:49
O006327,C01362,2026-04-07 02:37:47,delivered,2026-04-16 02:37:47,2026-04-15 02:37:47
O006328,C02463,2025-04-27 15:01:26,delivered,2025-05-05 15:01:26,2025-05-03 15:01:26
O006329,C00443,2024-06-05 11:45:57,cancelled,2024-06-11 11:45:57,
O006330,C01421,2024-02-22 08:41:27,returned,2024-02-26 08:41:27,2024-02-29 08:41:27
O006331,C00286,2024-01-13 15:13:27,shipped,2024-01-15 15:13:27,
O006332,C01862,2026-01-22 18:55:26,delivered,2026-01-30 18:55:26,2026-01-25 18:55:26
O006333,C01053,2025-04-09 21:51:42,delivered,2025-04-12 21:51:42,2025-04-15 21:51:42
O006334,C00537,2025-10-20 12:58:29,delivered,2025-10-25 12:58:29,2025-10-25 12:58:29
O006335,C02064,2025-09-10 22:26:15,shipped,2025-09-18 22:26:15,
O006336,C00554,2025-09-15 01:25:24,delivered,2025-09-26 01:25:24,2025-09-20 01:25:24
O006337,C02248,2026-03-22 12:55:54,cancelled,2026-03-24 12:55:54,
O006338,C00595,2024-09-13 05:46:32,delivered,2024-09-15 05:46:32,2024-09-16 05:46:32
O006339,C01956,2024-06-11 07:13:25,delivered,2024-06-19 07:13:25,2024-06-16 07:13:25
O006340,C00208,2025-04-21 16:30:41,delivered,2025-04-24 16:30:41,2025-04-22 16:30:41
O006341,C01220,2024-10-24 14:38:01,delivered,2024-11-03 14:38:01,2024-10-30 14:38:01
O006342,C02302,2024-04-13 06:33:15,delivered,2024-04-15 06:33:15,2024-04-16 06:33:15
O006343,C01525,2025-12-22 11:25:15,delivered,2025-12-27 11:25:15,2025-12-28 11:25:15
O006344,C01911,2025-04-25 22:30:31,delivered,2025-05-06 22:30:31,2025-05-01 22:30:31
O006345,C01613,2024-09-24 11:08:57,returned,2024-09-27 11:08:57,2024-10-03 11:08:57
O006346,C02469,2025-07-14 18:04:05,delivered,2025-07-17 18:04:05,2025-07-24 18:04:05
O006347,C01461,2024-04-06 23:33:53,processing,2024-04-10 23:33:53,
O006348,C02388,2024-04-16 21:41:49,delivered,2024-04-24 21:41:49,2024-04-27 21:41:49
O006349,C01676,2026-05-17 11:14:47,cancelled,2026-05-25 11:14:47,
O006350,C02489,2025-11-16 14:37:01,delivered,2025-11-19 14:37:01,2025-11-20 14:37:01
O006351,C01808,2024-01-07 04:49:27,delivered,2024-01-12 04:49:27,2024-01-10 04:49:27
O006352,C01005,2024-02-01 07:28:41,delivered,2024-02-10 07:28:41,2024-02-09 07:28:41
O006353,C00023,2024-04-16 09:32:37,delivered,2024-04-21 09:32:37,2024-04-21 09:32:37
O006354,C00541,2024-06-22 01:16:45,processing,2024-06-24 01:16:45,
O006355,C01621,2026-05-14 21:23:53,delivered,2026-05-16 21:23:53,2026-05-21 21:23:53
O006356,C00055,2025-08-08 16:37:15,delivered,2025-08-12 16:37:15,2025-08-15 16:37:15
O006357,C01286,2026-01-15 12:46:24,delivered,2026-01-18 12:46:24,2026-01-19 12:46:24
O006358,C00503,2024-10-22 02:04:56,delivered,2024-11-02 02:04:56,2024-11-02 02:04:56
O006359,C01920,2025-03-23 18:25:42,delivered,2025-03-27 18:25:42,2025-03-29 18:25:42
O006360,C00917,2025-08-27 22:52:01,delivered,2025-09-06 22:52:01,2025-09-03 22:52:01
O006361,C02078,2024-03-09 11:24:41,processing,2024-03-19 11:24:41,
O006362,C02089,2025-08-20 06:43:08,delivered,2025-08-29 06:43:08,2025-08-25 06:43:08
O006363,C01916,2025-06-12 21:33:43,delivered,2025-06-19 21:33:43,2025-06-20 21:33:43
O006364,C01490,2025-11-08 05:48:00,delivered,2025-11-10 05:48:00,2025-11-11 05:48:00
O006365,C01927,2025-09-17 18:14:34,delivered,2025-09-26 18:14:34,2025-09-22 18:14:34
O006366,C00203,2026-01-24 13:20:52,delivered,2026-02-01 13:20:52,2026-01-31 13:20:52
O006367,C00817,2024-06-13 14:16:10,delivered,2024-06-23 14:16:10,2024-06-18 14:16:10
O006368,C01933,2024-11-23 02:54:52,delivered,2024-11-25 02:54:52,2024-11-28 02:54:52
O006369,C01018,2025-05-27 11:18:47,delivered,2025-06-07 11:18:47,2025-06-03 11:18:47
O006370,C02148,2025-01-16 08:23:10,delivered,2025-01-27 08:23:10,2025-01-19 08:23:10
O006371,C00447,2025-03-21 06:00:05,cancelled,2025-03-27 06:00:05,
O006372,C01753,2024-09-11 03:34:35,delivered,2024-09-13 03:34:35,2024-09-13 03:34:35
O006373,C00960,2025-11-08 19:57:35,delivered,2025-11-16 19:57:35,2025-11-14 19:57:35
O006374,C01185,2024-03-27 09:20:44,returned,2024-04-07 09:20:44,2024-04-01 09:20:44
O006375,C01823,2025-11-27 03:00:01,delivered,2025-12-04 03:00:01,2025-11-28 03:00:01
O006376,C01180,2025-06-06 00:28:44,delivered,2025-06-14 00:28:44,2025-06-14 00:28:44
O006377,C02448,2024-06-05 22:57:53,delivered,2024-06-12 22:57:53,2024-06-06 22:57:53
O006378,C00600,2026-03-22 07:52:48,processing,2026-03-31 07:52:48,
O006379,C02183,2025-09-10 17:30:19,delivered,2025-09-17 17:30:19,2025-09-22 17:30:19
O006380,C00032,2025-10-08 01:18:31,delivered,2025-10-18 01:18:31,2025-10-17 01:18:31
O006381,C01154,2025-11-22 17:49:08,delivered,2025-11-24 17:49:08,2025-11-28 17:49:08
O006382,C01130,2024-01-29 21:48:15,delivered,2024-02-04 21:48:15,2024-01-30 21:48:15
O006383,C01739,2024-02-12 08:36:04,delivered,2024-02-18 08:36:04,2024-02-16 08:36:04
O006384,C01150,2024-06-18 20:36:30,shipped,2024-06-22 20:36:30,
O006385,C00569,2024-01-23 10:40:44,delivered,2024-02-01 10:40:44,2024-01-24 10:40:44
O006386,C00511,2025-09-30 06:07:09,delivered,2025-10-09 06:07:09,2025-10-08 06:07:09
O006387,C02463,2024-08-11 18:54:55,delivered,2024-08-23 18:54:55,2024-08-12 18:54:55
O006388,C00042,2024-08-12 04:29:55,delivered,2024-08-21 04:29:55,2024-08-19 04:29:55
O006389,C01143,2024-01-14 04:42:32,delivered,2024-01-19 04:42:32,2024-01-15 04:42:32
O006390,C02374,2024-05-17 15:25:18,delivered,2024-05-26 15:25:18,2024-05-22 15:25:18
O006391,C02119,2026-01-21 19:08:15,delivered,2026-01-25 19:08:15,2026-01-25 19:08:15
O006392,C02064,2024-02-18 02:17:05,delivered,2024-02-23 02:17:05,2024-02-19 02:17:05
O006393,C00436,2025-03-30 10:11:48,cancelled,2025-04-09 10:11:48,
O006394,C02023,2025-11-20 12:12:41,delivered,2025-11-30 12:12:41,2025-11-29 12:12:41
O006395,C02250,2026-03-03 21:56:39,shipped,2026-03-07 21:56:39,
O006396,C00881,2024-03-09 10:55:03,delivered,2024-03-14 10:55:03,2024-03-18 10:55:03
O006397,C00247,2026-01-16 22:20:12,delivered,2026-01-26 22:20:12,2026-01-20 22:20:12
O006398,C00232,2026-06-21 14:01:03,delivered,2026-06-28 14:01:03,2026-06-22 14:01:03
O006399,C02225,2024-06-28 15:01:29,delivered,2024-07-07 15:01:29,2024-07-05 15:01:29
O006400,C00578,2024-07-12 00:06:20,processing,2024-07-16 00:06:20,
O006401,C01487,2024-12-17 12:49:37,delivered,2024-12-24 12:49:37,2024-12-18 12:49:37
O006402,C01858,2024-06-18 08:53:32,delivered,2024-06-30 08:53:32,2024-06-25 08:53:32
O006403,C01930,2025-01-08 16:33:44,delivered,2025-01-20 16:33:44,2025-01-16 16:33:44
O006404,C01997,2024-08-05 08:17:16,delivered,2024-08-17 08:17:16,2024-08-12 08:17:16
O006405,C02374,2024-09-25 04:27:46,delivered,2024-10-04 04:27:46,2024-10-01 04:27:46
O006406,C01859,2025-03-14 05:07:15,delivered,2025-03-21 05:07:15,2025-03-22 05:07:15
O006407,C01617,2026-05-07 04:08:46,delivered,2026-05-19 04:08:46,2026-05-09 04:08:46
O006408,C00170,2025-11-12 23:29:30,delivered,2025-11-23 23:29:30,2025-11-13 23:29:30
O006409,C01518,2024-09-25 03:05:38,delivered,2024-10-03 03:05:38,2024-09-29 03:05:38
O006410,C01917,2025-08-01 08:20:06,delivered,2025-08-11 08:20:06,2025-08-05 08:20:06
O006411,C02135,2026-05-08 13:33:21,delivered,2026-05-13 13:33:21,2026-05-12 13:33:21
O006412,C02243,2026-02-13 12:14:01,delivered,2026-02-21 12:14:01,2026-02-20 12:14:01
O006413,C01940,2025-11-28 14:12:15,delivered,2025-12-01 14:12:15,2025-12-06 14:12:15
O006414,C01880,2024-12-17 21:38:41,cancelled,2024-12-21 21:38:41,
O006415,C00184,2024-05-05 14:01:41,delivered,2024-05-13 14:01:41,2024-05-11 14:01:41
O006416,C01795,2024-10-25 05:33:16,delivered,2024-11-03 05:33:16,2024-11-01 05:33:16
O006417,C02296,2025-08-09 14:32:49,delivered,2025-08-18 14:32:49,2025-08-12 14:32:49
O006418,C00928,2024-06-06 06:06:31,delivered,2024-06-09 06:06:31,2024-06-14 06:06:31
O006419,C00952,2025-03-20 15:54:50,delivered,2025-03-30 15:54:50,2025-03-28 15:54:50
O006420,C01277,2025-02-07 03:13:07,shipped,2025-02-14 03:13:07,
O006421,C02390,2024-09-10 12:20:29,shipped,2024-09-14 12:20:29,
O006422,C00316,2024-09-22 02:28:38,delivered,2024-09-27 02:28:38,2024-09-30 02:28:38
O006423,C00991,2024-05-18 19:08:21,delivered,2024-05-20 19:08:21,2024-05-25 19:08:21
O006424,C00097,2024-05-22 15:39:20,delivered,2024-05-24 15:39:20,2024-05-28 15:39:20
O006425,C01919,2026-03-26 21:26:15,delivered,2026-04-06 21:26:15,2026-04-04 21:26:15
O006426,C00265,2025-07-04 10:13:50,delivered,2025-07-08 10:13:50,2025-07-08 10:13:50
O006427,C00293,2025-03-11 01:23:24,delivered,2025-03-20 01:23:24,2025-03-17 01:23:24
O006428,C00707,2025-11-06 23:18:01,cancelled,2025-11-13 23:18:01,
O006429,C01068,2025-11-27 16:24:13,returned,2025-12-05 16:24:13,2025-12-09 16:24:13
O006430,C01762,2026-03-19 11:05:05,delivered,2026-03-30 11:05:05,2026-03-28 11:05:05
O006431,C01680,2024-03-15 11:34:37,delivered,2024-03-26 11:34:37,2024-03-22 11:34:37
O006432,C01897,2024-07-26 18:52:50,delivered,2024-08-01 18:52:50,2024-07-31 18:52:50
O006433,C02379,2024-02-29 03:43:02,delivered,2024-03-03 03:43:02,2024-03-09 03:43:02
O006434,C01953,2024-12-20 02:33:38,delivered,2024-12-31 02:33:38,2024-12-26 02:33:38
O006435,C01520,2026-02-03 07:29:49,delivered,2026-02-12 07:29:49,2026-02-06 07:29:49
O006436,C01471,2025-05-19 00:52:30,processing,2025-05-22 00:52:30,
O006437,C00375,2025-01-10 06:49:52,delivered,2025-01-19 06:49:52,2025-01-15 06:49:52
O006438,C02434,2024-07-17 09:18:11,delivered,2024-07-27 09:18:11,2024-07-19 09:18:11
O006439,C01969,2025-06-14 16:18:23,delivered,2025-06-25 16:18:23,2025-06-17 16:18:23
O006440,C00667,2025-07-27 15:51:05,delivered,2025-07-29 15:51:05,2025-08-04 15:51:05
O006441,C00401,2024-11-21 16:12:47,cancelled,2024-11-29 16:12:47,
O006442,C00716,2025-10-23 17:43:39,delivered,2025-11-01 17:43:39,2025-10-29 17:43:39
O006443,C02434,2025-08-07 11:04:23,delivered,2025-08-09 11:04:23,2025-08-10 11:04:23
O006444,C00313,2024-11-25 17:27:49,delivered,2024-11-28 17:27:49,2024-12-01 17:27:49
O006445,C02456,2024-06-22 18:33:03,delivered,2024-07-03 18:33:03,2024-06-25 18:33:03
O006446,C01100,2026-05-10 16:44:51,delivered,2026-05-15 16:44:51,2026-05-18 16:44:51
O006447,C00242,2024-07-31 10:01:44,delivered,2024-08-04 10:01:44,2024-08-01 10:01:44
O006448,C01489,2024-02-12 02:14:09,delivered,2024-02-21 02:14:09,2024-02-18 02:14:09
O006449,C00637,2025-10-24 04:31:20,delivered,2025-11-03 04:31:20,2025-10-28 04:31:20
O006450,C01828,2026-04-16 08:47:44,delivered,2026-04-23 08:47:44,2026-04-27 08:47:44
O006451,C00310,2024-06-13 16:45:41,delivered,2024-06-15 16:45:41,2024-06-20 16:45:41
O006452,C01711,2025-02-16 12:41:25,delivered,2025-02-26 12:41:25,2025-02-24 12:41:25
O006453,C00295,2024-10-18 06:48:52,delivered,2024-10-30 06:48:52,2024-10-23 06:48:52
O006454,C01275,2026-03-22 17:48:04,cancelled,2026-03-31 17:48:04,
O006455,C00154,2025-01-07 05:44:49,delivered,2025-01-17 05:44:49,2025-01-08 05:44:49
O006456,C02032,2024-09-11 22:08:39,delivered,2024-09-13 22:08:39,2024-09-12 22:08:39
O006457,C00173,2024-07-19 08:29:27,delivered,2024-07-30 08:29:27,2024-07-23 08:29:27
O006458,C00816,2025-05-11 21:14:02,delivered,2025-05-13 21:14:02,2025-05-12 21:14:02
O006459,C01001,2024-08-18 10:54:37,delivered,2024-08-29 10:54:37,2024-08-26 10:54:37
O006460,C01846,2024-08-09 10:51:36,delivered,2024-08-11 10:51:36,2024-08-10 10:51:36
O006461,C01036,2024-06-23 18:20:44,delivered,2024-06-27 18:20:44,2024-06-24 18:20:44
O006462,C01351,2026-01-10 23:25:50,delivered,2026-01-13 23:25:50,2026-01-16 23:25:50
O006463,C01048,2024-06-02 02:03:07,delivered,2024-06-13 02:03:07,2024-06-06 02:03:07
O006464,C01974,2024-07-26 09:07:47,cancelled,2024-07-28 09:07:47,
O006465,C02359,2026-04-07 20:56:56,delivered,2026-04-14 20:56:56,2026-04-12 20:56:56
O006466,C01129,2024-07-22 19:16:02,delivered,2024-08-03 19:16:02,2024-07-28 19:16:02
O006467,C01581,2024-05-24 05:18:51,delivered,2024-06-03 05:18:51,2024-06-02 05:18:51
O006468,C01438,2025-07-13 18:46:42,delivered,2025-07-18 18:46:42,2025-07-19 18:46:42
O006469,C01387,2024-04-13 11:27:29,cancelled,2024-04-25 11:27:29,
O006470,C00306,2025-07-20 09:34:48,delivered,2025-08-01 09:34:48,2025-07-26 09:34:48
O006471,C00335,2026-03-27 07:20:44,delivered,2026-04-03 07:20:44,2026-04-06 07:20:44
O006472,C02124,2026-04-03 01:30:42,delivered,2026-04-15 01:30:42,2026-04-12 01:30:42
O006473,C02351,2026-06-17 16:22:46,delivered,2026-06-19 16:22:46,2026-06-23 16:22:46
O006474,C02319,2024-03-01 20:58:40,delivered,2024-03-08 20:58:40,2024-03-07 20:58:40
O006475,C01543,2025-12-12 22:42:29,cancelled,,
O006476,C01269,2024-11-07 13:04:35,returned,2024-11-14 13:04:35,2024-11-15 13:04:35
O006477,C01450,2025-09-19 00:14:01,cancelled,2025-09-23 00:14:01,
O006478,C01175,2024-09-03 10:25:08,returned,2024-09-05 10:25:08,2024-09-11 10:25:08
O006479,C00536,2024-05-22 16:27:55,delivered,2024-06-03 16:27:55,2024-05-27 16:27:55
O006480,C00352,2026-05-14 13:37:08,delivered,2026-05-24 13:37:08,2026-05-20 13:37:08
O006481,C00838,2025-02-20 01:12:28,delivered,2025-02-28 01:12:28,2025-02-23 01:12:28
O006482,C01461,2024-08-20 22:41:38,delivered,2024-09-01 22:41:38,2024-08-31 22:41:38
O006483,C02001,2025-03-05 15:15:28,delivered,2025-03-16 15:15:28,2025-03-11 15:15:28
O006484,C00730,2024-04-30 02:11:23,delivered,2024-05-11 02:11:23,2024-05-08 02:11:23
O006485,C00623,2025-11-09 13:09:33,delivered,2025-11-17 13:09:33,2025-11-13 13:09:33
O006486,C02449,2024-08-20 08:08:26,returned,2024-08-22 08:08:26,2024-08-26 08:08:26
O006487,C02494,2026-02-03 07:34:08,processing,2026-02-09 07:34:08,
O006488,C00685,2024-08-11 06:45:47,delivered,2024-08-18 06:45:47,2024-08-20 06:45:47
O006489,C02422,2025-04-23 14:35:56,cancelled,2025-04-28 14:35:56,
O006490,C01885,2025-01-27 10:16:28,delivered,2025-02-05 10:16:28,2025-02-04 10:16:28
O006491,C00058,2026-05-04 20:55:41,delivered,2026-05-08 20:55:41,2026-05-12 20:55:41
O006492,C01891,2026-02-20 21:23:14,delivered,2026-03-01 21:23:14,2026-02-28 21:23:14
O006493,C00447,2025-03-17 00:06:41,delivered,2025-03-19 00:06:41,2025-03-19 00:06:41
O006494,C01474,2024-05-02 18:25:03,delivered,2024-05-10 18:25:03,2024-05-05 18:25:03
O006495,C00126,2024-07-22 10:59:17,delivered,2024-08-01 10:59:17,2024-07-27 10:59:17
O006496,C00770,2024-08-09 01:54:45,delivered,2024-08-14 01:54:45,2024-08-14 01:54:45
O006497,C01961,2024-01-17 04:52:52,delivered,2024-01-22 04:52:52,2024-01-21 04:52:52
O006498,C02113,2025-01-17 22:30:10,cancelled,2025-01-24 22:30:10,
O006499,C00920,2025-05-31 15:03:46,shipped,2025-06-02 15:03:46,
O006500,C02285,2024-01-28 16:20:38,returned,2024-01-31 16:20:38,2024-02-08 16:20:38
O006501,C01456,2024-05-11 02:46:57,delivered,2024-05-22 02:46:57,2024-05-19 02:46:57
O006502,C00576,2024-04-18 18:51:00,shipped,2024-04-26 18:51:00,
O006503,C00174,2024-04-08 14:17:36,delivered,2024-04-15 14:17:36,2024-04-10 14:17:36
O006504,C00793,2025-11-04 10:14:02,delivered,2025-11-14 10:14:02,2025-11-08 10:14:02
O006505,C02476,2026-03-28 13:02:49,delivered,2026-04-08 13:02:49,2026-04-05 13:02:49
O006506,C01559,2024-11-20 02:32:29,delivered,2024-11-29 02:32:29,2024-11-22 02:32:29
O006507,C02396,2024-10-18 00:07:57,delivered,2024-10-26 00:07:57,2024-10-25 00:07:57
O006508,C01926,2024-06-09 15:39:43,delivered,2024-06-19 15:39:43,2024-06-18 15:39:43
O006509,C00975,2025-10-14 22:57:40,delivered,2025-10-21 22:57:40,2025-10-21 22:57:40
O006510,C00819,2025-05-25 00:32:18,shipped,2025-05-27 00:32:18,
O006511,C02299,2024-06-27 01:43:29,delivered,2024-07-08 01:43:29,2024-07-05 01:43:29
O006512,C01488,2025-06-16 23:34:41,returned,2025-06-26 23:34:41,2025-06-22 23:34:41
O006513,C00644,2024-03-25 22:53:59,returned,2024-04-05 22:53:59,2024-03-29 22:53:59
O006514,C00136,2025-03-28 14:54:36,delivered,2025-04-04 14:54:36,2025-04-03 14:54:36
O006515,C00678,2024-07-17 23:29:29,shipped,2024-07-20 23:29:29,
O006516,C00325,2025-02-11 09:34:29,delivered,2025-02-17 09:34:29,2025-02-12 09:34:29
O006517,C00749,2025-07-31 09:42:38,delivered,2025-08-05 09:42:38,2025-08-07 09:42:38
O006518,C01441,2026-02-28 21:33:06,delivered,2026-03-08 21:33:06,2026-03-04 21:33:06
O006519,C02286,2024-01-22 18:25:09,delivered,2024-02-02 18:25:09,2024-01-27 18:25:09
O006520,C00714,2024-12-25 02:11:47,shipped,2024-12-28 02:11:47,
O006521,C01411,2024-09-28 01:09:26,shipped,2024-10-07 01:09:26,
O006522,C00710,2024-05-09 02:27:38,delivered,2024-05-12 02:27:38,2024-05-14 02:27:38
O006523,C00916,2024-05-13 06:57:34,delivered,2024-05-17 06:57:34,2024-05-24 06:57:34
O006524,C01395,2025-05-17 03:17:40,delivered,2025-05-19 03:17:40,2025-05-21 03:17:40
O006525,C01067,2026-06-09 07:31:19,cancelled,2026-06-19 07:31:19,
O006526,C01806,2025-07-21 09:10:10,shipped,2025-07-23 09:10:10,
O006527,C01798,2025-06-23 02:02:03,delivered,2025-07-02 02:02:03,2025-06-24 02:02:03
O006528,C01044,2026-05-04 20:56:00,delivered,2026-05-06 20:56:00,2026-05-10 20:56:00
O006529,C01996,2025-12-18 15:00:10,delivered,2025-12-27 15:00:10,2025-12-24 15:00:10
O006530,C01452,2025-01-08 20:25:56,delivered,2025-01-10 20:25:56,2025-01-11 20:25:56
O006531,C00291,2024-05-19 07:43:16,delivered,2024-05-23 07:43:16,2024-05-26 07:43:16
O006532,C02152,2024-11-27 13:17:59,delivered,2024-12-07 13:17:59,2024-12-06 13:17:59
O006533,C00355,2025-01-20 03:16:22,delivered,2025-01-28 03:16:22,2025-01-26 03:16:22
O006534,C01142,2024-05-29 20:48:58,delivered,2024-06-10 20:48:58,2024-06-05 20:48:58
O006535,C02140,2026-02-03 10:46:59,cancelled,2026-02-05 10:46:59,
O006536,C01513,2024-09-02 02:07:17,delivered,2024-09-13 02:07:17,2024-09-07 02:07:17
O006537,C01844,2026-06-11 03:13:58,delivered,,2026-06-15 03:13:58
O006538,C00072,2025-01-26 16:52:49,delivered,2025-02-05 16:52:49,2025-01-30 16:52:49
O006539,C01987,2024-05-22 11:03:03,cancelled,2024-05-25 11:03:03,
O006540,C01247,2025-06-03 19:18:55,cancelled,2025-06-14 19:18:55,
O006541,C01010,2024-02-02 09:51:34,delivered,2024-02-06 09:51:34,2024-02-03 09:51:34
O006542,C00761,2025-04-08 16:52:14,delivered,2025-04-14 16:52:14,2025-04-15 16:52:14
O006543,C00886,2024-10-23 20:51:28,shipped,2024-10-30 20:51:28,
O006544,C01253,2025-07-14 11:56:36,processing,2025-07-21 11:56:36,
O006545,C00719,2025-09-12 11:50:10,delivered,2025-09-17 11:50:10,2025-09-17 11:50:10
O006546,C00827,2024-06-30 03:42:09,delivered,2024-07-04 03:42:09,2024-07-05 03:42:09
O006547,C02436,2026-04-21 12:03:58,delivered,2026-04-27 12:03:58,2026-04-22 12:03:58
O006548,C01819,2024-05-06 00:01:05,delivered,2024-05-13 00:01:05,2024-05-11 00:01:05
O006549,C02199,2026-02-12 08:39:59,delivered,2026-02-21 08:39:59,2026-02-15 08:39:59
O006550,C01636,2024-08-10 19:56:38,delivered,2024-08-12 19:56:38,2024-08-17 19:56:38
O006551,C00835,2024-11-28 10:45:27,delivered,2024-12-06 10:45:27,2024-12-04 10:45:27
O006552,C01098,2026-05-08 04:49:31,delivered,2026-05-20 04:49:31,2026-05-13 04:49:31
O006553,C00386,2024-05-30 10:40:53,delivered,2024-06-10 10:40:53,2024-06-03 10:40:53
O006554,C02117,2026-03-15 18:15:19,delivered,2026-03-19 18:15:19,2026-03-27 18:15:19
O006555,C00741,2024-03-01 00:31:39,delivered,2024-03-13 00:31:39,2024-03-09 00:31:39
O006556,C02295,2025-03-28 09:40:07,delivered,2025-03-30 09:40:07,2025-04-05 09:40:07
O006557,C01572,2025-03-17 05:43:51,delivered,2025-03-26 05:43:51,2025-03-26 05:43:51
O006558,C01475,2025-06-23 16:33:51,delivered,2025-07-05 16:33:51,2025-07-02 16:33:51
O006559,C02133,2024-02-21 10:09:08,returned,2024-02-26 10:09:08,2024-02-24 10:09:08
O006560,C01035,2025-12-05 10:18:55,delivered,2025-12-15 10:18:55,2025-12-09 10:18:55
O006561,C00750,2025-02-17 02:44:28,delivered,2025-02-19 02:44:28,2025-02-21 02:44:28
O006562,C01607,2025-04-24 21:28:49,returned,2025-04-26 21:28:49,2025-05-06 21:28:49
O006563,C00990,2024-11-24 08:56:30,delivered,2024-11-26 08:56:30,2024-11-29 08:56:30
O006564,C00918,2025-10-26 03:48:10,delivered,2025-11-06 03:48:10,2025-11-01 03:48:10
O006565,C02153,2026-01-10 14:00:29,shipped,2026-01-22 14:00:29,
O006566,C00727,2024-10-21 02:54:45,delivered,2024-10-23 02:54:45,2024-10-28 02:54:45
O006567,C01346,2025-11-05 20:45:24,delivered,2025-11-08 20:45:24,2025-11-15 20:45:24
O006568,C00806,2026-06-01 19:26:35,delivered,2026-06-13 19:26:35,2026-06-10 19:26:35
O006569,C01956,2024-03-14 05:09:46,delivered,2024-03-24 05:09:46,2024-03-18 05:09:46
O006570,C01507,2024-11-28 14:39:03,delivered,2024-12-01 14:39:03,2024-12-05 14:39:03
O006571,C01739,2024-06-26 08:25:23,delivered,2024-07-05 08:25:23,2024-06-27 08:25:23
O006572,C00641,2025-05-23 21:57:06,delivered,2025-05-30 21:57:06,2025-05-30 21:57:06
O006573,C00126,2024-06-16 04:51:52,delivered,2024-06-21 04:51:52,2024-06-17 04:51:52
O006574,C00516,2025-02-07 03:35:54,shipped,2025-02-19 03:35:54,
O006575,C01855,2025-03-16 18:37:49,returned,2025-03-19 18:37:49,2025-03-22 18:37:49
O006576,C01757,2025-10-01 04:34:31,delivered,2025-10-03 04:34:31,2025-10-07 04:34:31
O006577,C01668,2025-10-02 03:01:30,delivered,2025-10-07 03:01:30,2025-10-04 03:01:30
O006578,C01829,2024-01-08 07:36:38,delivered,2024-01-12 07:36:38,2024-01-09 07:36:38
O006579,C00428,2024-03-28 17:43:08,delivered,2024-04-03 17:43:08,2024-04-04 17:43:08
O006580,C01816,2025-05-04 07:47:26,delivered,2025-05-11 07:47:26,2025-05-07 07:47:26
O006581,C02150,2024-05-08 17:19:04,delivered,2024-05-19 17:19:04,2024-05-17 17:19:04
O006582,C01473,2024-04-11 05:13:38,delivered,2024-04-17 05:13:38,2024-04-19 05:13:38
O006583,C00423,2024-12-29 19:04:47,cancelled,2025-01-05 19:04:47,
O006584,C02472,2025-12-04 04:35:58,delivered,2025-12-14 04:35:58,2025-12-11 04:35:58
O006585,C00874,2024-06-26 04:34:59,delivered,2024-07-01 04:34:59,2024-07-02 04:34:59
O006586,C00565,2024-07-22 17:56:28,delivered,2024-07-27 17:56:28,2024-07-28 17:56:28
O006587,C00843,2025-05-07 02:37:11,delivered,2025-05-13 02:37:11,2025-05-14 02:37:11
O006588,C01161,2025-05-18 17:00:27,delivered,2025-05-29 17:00:27,2025-05-20 17:00:27
O006589,C01464,2024-02-15 06:07:27,cancelled,2024-02-18 06:07:27,
O006590,C00422,2025-06-13 21:30:29,delivered,2025-06-16 21:30:29,2025-06-20 21:30:29
O006591,C01915,2024-04-15 14:48:01,delivered,2024-04-23 14:48:01,2024-04-22 14:48:01
O006592,C01531,2026-04-20 15:43:31,delivered,2026-04-24 15:43:31,2026-04-21 15:43:31
O006593,C01582,2025-03-08 12:47:59,delivered,2025-03-17 12:47:59,2025-03-09 12:47:59
O006594,C00598,2025-07-19 08:51:32,delivered,2025-07-31 08:51:32,2025-07-23 08:51:32
O006595,C01669,2024-02-26 13:18:31,delivered,2024-03-04 13:18:31,2024-03-05 13:18:31
O006596,C00020,2025-11-28 07:05:38,delivered,2025-12-01 07:05:38,2025-12-01 07:05:38
O006597,C00838,2025-01-25 09:24:15,delivered,2025-01-27 09:24:15,2025-01-31 09:24:15
O006598,C01334,2024-10-10 19:51:36,delivered,2024-10-22 19:51:36,2024-10-21 19:51:36
O006599,C01193,2025-12-04 10:24:15,delivered,2025-12-11 10:24:15,2025-12-11 10:24:15
O006600,C01823,2026-03-11 19:29:43,delivered,2026-03-23 19:29:43,2026-03-15 19:29:43
O006601,C01459,2024-08-28 16:07:17,delivered,2024-09-05 16:07:17,2024-09-06 16:07:17
O006602,C01566,2025-03-04 03:01:17,delivered,2025-03-15 03:01:17,2025-03-11 03:01:17
O006603,C01409,2025-08-11 11:59:38,delivered,2025-08-21 11:59:38,2025-08-20 11:59:38
O006604,C00010,2026-01-16 10:11:29,delivered,2026-01-22 10:11:29,2026-01-26 10:11:29
O006605,C01604,2026-02-13 00:44:06,delivered,2026-02-24 00:44:06,2026-02-17 00:44:06
O006606,C00276,2024-10-03 06:29:57,delivered,2024-10-05 06:29:57,2024-10-08 06:29:57
O006607,C01210,2025-10-03 11:09:06,delivered,2025-10-13 11:09:06,2025-10-06 11:09:06
O006608,C02484,2024-09-25 02:57:08,delivered,2024-10-06 02:57:08,2024-10-05 02:57:08
O006609,C00382,2024-04-10 18:29:52,shipped,2024-04-17 18:29:52,
O006610,C02455,2024-03-27 10:21:11,delivered,2024-03-31 10:21:11,2024-03-31 10:21:11
O006611,C01934,2025-12-23 23:46:25,delivered,2025-12-30 23:46:25,2025-12-30 23:46:25
O006612,C01136,2026-04-13 21:05:34,delivered,2026-04-21 21:05:34,2026-04-19 21:05:34
O006613,C01010,2025-03-15 06:56:15,delivered,2025-03-20 06:56:15,2025-03-20 06:56:15
O006614,C00272,2024-01-26 03:26:16,delivered,2024-02-02 03:26:16,2024-01-31 03:26:16
O006615,C02483,2025-01-20 18:18:06,delivered,2025-01-28 18:18:06,2025-01-26 18:18:06
O006616,C00218,2024-06-26 18:07:07,delivered,2024-07-04 18:07:07,2024-06-29 18:07:07
O006617,C00529,2024-08-16 11:47:51,delivered,2024-08-24 11:47:51,2024-08-21 11:47:51
O006618,C01949,2026-03-05 15:53:26,delivered,2026-03-12 15:53:26,2026-03-14 15:53:26
O006619,C00430,2024-08-25 19:50:37,delivered,2024-09-05 19:50:37,2024-09-05 19:50:37
O006620,C01168,2024-07-25 11:01:11,delivered,2024-07-29 11:01:11,2024-07-30 11:01:11
O006621,C01739,2024-01-06 22:31:08,delivered,2024-01-09 22:31:08,2024-01-12 22:31:08
O006622,C01372,2025-10-14 11:25:11,delivered,2025-10-19 11:25:11,2025-10-23 11:25:11
O006623,C01828,2025-09-17 14:14:57,delivered,2025-09-26 14:14:57,2025-09-21 14:14:57
O006624,C01155,2025-04-29 05:10:41,delivered,2025-05-02 05:10:41,2025-05-02 05:10:41
O006625,C01113,2025-05-27 09:09:03,delivered,2025-06-01 09:09:03,2025-06-01 09:09:03
O006626,C02388,2024-02-13 11:56:44,delivered,2024-02-25 11:56:44,2024-02-14 11:56:44
O006627,C02307,2024-10-25 19:04:57,delivered,2024-10-30 19:04:57,2024-11-01 19:04:57
O006628,C00390,2025-12-14 03:57:59,delivered,2025-12-22 03:57:59,2025-12-18 03:57:59
O006629,C01779,2026-03-08 13:51:29,delivered,2026-03-11 13:51:29,2026-03-12 13:51:29
O006630,C01955,2024-07-10 16:19:22,returned,2024-07-15 16:19:22,2024-07-15 16:19:22
O006631,C01986,2025-07-29 17:31:16,cancelled,2025-08-04 17:31:16,
O006632,C02152,2025-04-07 18:40:53,delivered,2025-04-13 18:40:53,2025-04-15 18:40:53
O006633,C00174,2024-11-16 14:49:00,delivered,2024-11-22 14:49:00,2024-11-22 14:49:00
O006634,C00321,2025-08-31 21:55:53,delivered,2025-09-03 21:55:53,2025-09-04 21:55:53
O006635,C02414,2026-04-04 07:48:42,delivered,2026-04-10 07:48:42,2026-04-08 07:48:42
O006636,C00223,2026-03-08 09:50:41,delivered,2026-03-16 09:50:41,2026-03-14 09:50:41
O006637,C01524,2025-04-05 18:03:58,returned,2025-04-14 18:03:58,2025-04-14 18:03:58
O006638,C01060,2025-11-06 20:28:43,delivered,2025-11-18 20:28:43,2025-11-13 20:28:43
O006639,C02135,2026-04-25 02:03:10,delivered,2026-05-04 02:03:10,2026-05-01 02:03:10
O006640,C00293,2024-03-31 22:09:43,delivered,2024-04-03 22:09:43,2024-04-07 22:09:43
O006641,C00693,2024-10-22 16:20:40,shipped,2024-10-30 16:20:40,
O006642,C00026,2026-06-08 01:04:29,shipped,2026-06-19 01:04:29,
O006643,C01215,2025-02-18 10:14:53,returned,2025-02-25 10:14:53,2025-02-28 10:14:53
O006644,C01874,2026-06-25 05:11:03,delivered,2026-07-01 05:11:03,2026-06-30 05:11:03
O006645,C01205,2024-02-06 21:17:49,delivered,2024-02-18 21:17:49,2024-02-07 21:17:49
O006646,C01987,2026-01-03 06:10:37,delivered,2026-01-10 06:10:37,2026-01-17 06:10:37
O006647,C01340,2026-02-11 12:40:34,delivered,2026-02-20 12:40:34,2026-02-19 12:40:34
O006648,C01714,2026-03-06 16:35:12,shipped,2026-03-10 16:35:12,
O006649,C01972,2024-12-14 09:01:37,delivered,2024-12-17 09:01:37,2024-12-20 09:01:37
O006650,C00623,2026-02-26 02:51:52,delivered,2026-03-06 02:51:52,2026-03-07 02:51:52
O006651,C01519,2024-06-11 19:10:52,processing,2024-06-22 19:10:52,
O006652,C00190,2025-02-23 19:35:24,delivered,2025-02-25 19:35:24,2025-02-24 19:35:24
O006653,C00406,2026-05-26 20:01:08,delivered,2026-06-01 20:01:08,2026-05-27 20:01:08
O006654,C02053,2024-08-21 08:32:58,returned,2024-08-29 08:32:58,2024-09-03 08:32:58
O006655,C00871,2025-05-27 16:36:02,delivered,2025-06-02 16:36:02,2025-05-29 16:36:02
O006656,C00850,2025-03-03 12:54:47,shipped,2025-03-06 12:54:47,
O006657,C01396,2026-03-17 09:18:06,delivered,2026-03-29 09:18:06,2026-03-27 09:18:06
O006658,C00257,2025-05-02 06:59:32,delivered,2025-05-07 06:59:32,2025-05-07 06:59:32
O006659,C00406,2026-06-03 20:37:34,delivered,2026-06-14 20:37:34,2026-06-11 20:37:34
O006660,C00863,2024-11-08 13:53:50,delivered,2024-11-18 13:53:50,2024-11-12 13:53:50
O006661,C00096,2025-09-01 00:36:22,delivered,2025-09-03 00:36:22,2025-09-10 00:36:22
O006662,C00287,2024-10-26 03:38:26,delivered,2024-10-29 03:38:26,2024-10-28 03:38:26
O006663,C02105,2025-06-23 00:28:25,delivered,2025-07-05 00:28:25,2025-07-01 00:28:25
O006664,C01502,2026-06-17 01:12:22,cancelled,2026-06-25 01:12:22,
O006665,C02050,2025-03-12 01:58:18,delivered,2025-03-15 01:58:18,2025-03-20 01:58:18
O006666,C01756,2024-11-09 08:40:15,returned,2024-11-11 08:40:15,2024-11-19 08:40:15
O006667,C01018,2024-08-22 03:21:24,delivered,2024-08-30 03:21:24,2024-08-24 03:21:24
O006668,C02240,2024-10-16 10:52:58,shipped,2024-10-18 10:52:58,
O006669,C00934,2025-03-20 01:54:30,returned,2025-03-30 01:54:30,2025-03-29 01:54:30
O006670,C02079,2025-06-27 02:39:31,processing,2025-07-02 02:39:31,
O006671,C00865,2025-12-10 13:03:10,delivered,2025-12-19 13:03:10,2025-12-14 13:03:10
O006672,C00043,2025-01-27 22:49:08,delivered,2025-02-06 22:49:08,2025-01-28 22:49:08
O006673,C01491,2025-02-10 02:14:54,delivered,2025-02-12 02:14:54,2025-02-15 02:14:54
O006674,C01421,2025-10-22 07:13:42,delivered,2025-10-27 07:13:42,2025-10-29 07:13:42
O006675,C01067,2025-07-17 08:38:54,delivered,2025-07-22 08:38:54,2025-07-19 08:38:54
O006676,C00389,2024-11-12 19:36:10,delivered,2024-11-15 19:36:10,2024-11-18 19:36:10
O006677,C01737,2026-01-02 15:26:22,delivered,2026-01-05 15:26:22,2026-01-03 15:26:22
O006678,C01566,2025-08-28 06:37:50,delivered,2025-08-30 06:37:50,2025-09-02 06:37:50
O006679,C00245,2025-06-26 01:47:29,delivered,2025-07-04 01:47:29,2025-06-29 01:47:29
O006680,C01850,2025-10-14 03:37:19,shipped,2025-10-25 03:37:19,
O006681,C01452,2026-04-05 07:44:06,delivered,2026-04-10 07:44:06,2026-04-10 07:44:06
O006682,C01294,2024-05-21 17:47:47,delivered,2024-05-27 17:47:47,2024-05-26 17:47:47
O006683,C01805,2025-03-27 09:35:07,cancelled,2025-04-01 09:35:07,
O006684,C02129,2025-10-31 21:12:47,delivered,2025-11-05 21:12:47,2025-11-05 21:12:47
O006685,C00601,2026-04-11 16:44:36,delivered,2026-04-14 16:44:36,2026-04-13 16:44:36
O006686,C01199,2025-09-21 16:04:05,delivered,2025-09-24 16:04:05,2025-09-30 16:04:05
O006687,C00257,2025-04-11 22:23:54,returned,2025-04-14 22:23:54,2025-04-20 22:23:54
O006688,C01554,2024-01-28 09:57:02,delivered,2024-02-06 09:57:02,2024-02-05 09:57:02
O006689,C02120,2025-07-25 19:25:23,delivered,2025-07-28 19:25:23,2025-08-01 19:25:23
O006690,C02362,2025-12-15 00:21:45,delivered,2025-12-18 00:21:45,2025-12-25 00:21:45
O006691,C01299,2024-09-13 05:16:31,delivered,2024-09-23 05:16:31,2024-09-16 05:16:31
O006692,C02170,2025-08-02 16:13:42,delivered,2025-08-13 16:13:42,2025-08-08 16:13:42
O006693,C01555,2025-02-23 12:08:41,delivered,2025-02-26 12:08:41,2025-02-26 12:08:41
O006694,C00546,2026-03-25 05:41:01,delivered,2026-03-31 05:41:01,2026-03-27 05:41:01
O006695,C00030,2025-07-07 00:46:49,delivered,2025-07-19 00:46:49,2025-07-15 00:46:49
O006696,C00438,2025-12-28 18:01:27,delivered,2026-01-03 18:01:27,2026-01-07 18:01:27
O006697,C01974,2024-06-20 04:20:19,delivered,2024-06-23 04:20:19,2024-06-25 04:20:19
O006698,C00764,2026-06-24 03:37:00,delivered,2026-06-27 03:37:00,2026-07-05 03:37:00
O006699,C01714,2024-03-29 21:50:49,delivered,2024-04-01 21:50:49,2024-04-04 21:50:49
O006700,C00772,2025-05-10 15:31:06,delivered,2025-05-14 15:31:06,2025-05-18 15:31:06
O006701,C00190,2025-10-25 22:45:15,delivered,2025-11-04 22:45:15,2025-11-02 22:45:15
O006702,C01878,2024-12-20 09:26:30,delivered,2024-12-29 09:26:30,2024-12-26 09:26:30
O006703,C00101,2025-08-25 18:57:04,shipped,2025-09-03 18:57:04,
O006704,C00058,2026-05-27 00:07:07,delivered,2026-06-07 00:07:07,2026-06-09 00:07:07
O006705,C00937,2024-03-15 19:49:21,delivered,2024-03-27 19:49:21,2024-03-22 19:49:21
O006706,C00834,2024-08-15 00:40:28,delivered,2024-08-22 00:40:28,2024-08-20 00:40:28
O006707,C01493,2024-12-02 22:40:39,delivered,2024-12-05 22:40:39,2024-12-07 22:40:39
O006708,C00523,2024-04-18 06:11:56,delivered,2024-04-23 06:11:56,2024-04-27 06:11:56
O006709,C02333,2026-03-13 11:03:52,shipped,2026-03-15 11:03:52,
O006710,C02370,2026-01-29 04:13:45,delivered,2026-02-05 04:13:45,2026-02-06 04:13:45
O006711,C01684,2025-03-20 02:19:30,delivered,2025-03-28 02:19:30,2025-03-27 02:19:30
O006712,C02401,2025-10-01 19:40:22,delivered,2025-10-06 19:40:22,2025-10-10 19:40:22
O006713,C01423,2025-02-09 07:30:15,delivered,2025-02-15 07:30:15,2025-02-24 07:30:15
O006714,C01067,2024-10-12 22:53:42,delivered,2024-10-16 22:53:42,2024-10-13 22:53:42
O006715,C00331,2024-01-09 10:52:00,delivered,2024-01-11 10:52:00,2024-01-12 10:52:00
O006716,C00112,2024-08-02 15:05:36,delivered,2024-08-09 15:05:36,2024-08-03 15:05:36
O006717,C02412,2026-06-16 17:11:03,shipped,2026-06-18 17:11:03,
O006718,C00967,2025-08-16 04:14:27,delivered,2025-08-26 04:14:27,2025-08-28 04:14:27
O006719,C00021,2024-05-11 17:23:53,delivered,2024-05-18 17:23:53,2024-05-12 17:23:53
O006720,C01431,2026-02-06 10:15:23,shipped,2026-02-14 10:15:23,
O006721,C02231,2025-01-08 21:29:36,delivered,2025-01-18 21:29:36,2025-01-09 21:29:36
O006722,C00239,2025-02-03 23:49:44,delivered,2025-02-15 23:49:44,2025-02-10 23:49:44
O006723,C02457,2025-10-08 02:18:23,delivered,2025-10-19 02:18:23,2025-10-19 02:18:23
O006724,C02136,2025-02-24 17:19:55,delivered,2025-03-08 17:19:55,2025-03-06 17:19:55
O006725,C01664,2025-04-05 13:13:45,delivered,2025-04-07 13:13:45,2025-04-06 13:13:45
O006726,C02476,2025-01-05 15:42:16,delivered,2025-01-17 15:42:16,2025-01-06 15:42:16
O006727,C00904,2025-05-15 10:13:41,delivered,2025-05-24 10:13:41,2025-05-20 10:13:41
O006728,C02324,2026-04-04 02:04:36,processing,2026-04-11 02:04:36,
O006729,C01054,2025-07-19 08:02:20,processing,2025-07-24 08:02:20,
O006730,C01357,2025-05-07 05:54:22,delivered,2025-05-14 05:54:22,2025-05-12 05:54:22
O006731,C00992,2024-10-29 03:52:11,delivered,2024-11-01 03:52:11,2024-11-03 03:52:11
O006732,C00975,2024-03-02 20:01:49,delivered,2024-03-13 20:01:49,2024-03-07 20:01:49
O006733,C01325,2026-04-28 13:58:57,shipped,2026-04-30 13:58:57,
O006734,C00354,2024-05-31 16:48:40,cancelled,2024-06-10 16:48:40,
O006735,C01424,2024-02-21 23:50:32,delivered,2024-03-02 23:50:32,2024-03-02 23:50:32
O006736,C00322,2026-05-25 13:43:13,processing,2026-05-31 13:43:13,
O006737,C00072,2026-01-13 15:26:47,delivered,2026-01-20 15:26:47,2026-01-21 15:26:47
O006738,C01882,2024-08-24 11:02:37,cancelled,2024-08-26 11:02:37,
O006739,C02152,2026-05-13 17:07:07,delivered,2026-05-23 17:07:07,2026-05-15 17:07:07
O006740,C01596,2025-08-10 10:06:31,delivered,2025-08-12 10:06:31,2025-08-15 10:06:31
O006741,C00337,2025-02-10 10:55:53,delivered,2025-02-18 10:55:53,2025-02-13 10:55:53
O006742,C00772,2024-02-03 14:32:23,delivered,2024-02-09 14:32:23,2024-02-10 14:32:23
O006743,C02228,2025-05-16 02:34:32,delivered,2025-05-19 02:34:32,2025-05-26 02:34:32
O006744,C01692,2026-04-09 19:09:39,delivered,2026-04-13 19:09:39,2026-04-20 19:09:39
O006745,C02184,2025-02-27 06:56:12,processing,2025-03-07 06:56:12,
O006746,C01560,2025-01-07 14:47:12,cancelled,2025-01-13 14:47:12,
O006747,C00456,2024-01-30 10:36:24,delivered,2024-02-09 10:36:24,2024-01-31 10:36:24
O006748,C00742,2025-02-08 21:42:57,delivered,2025-02-18 21:42:57,2025-02-09 21:42:57
O006749,C00378,2024-04-26 10:31:32,shipped,2024-05-06 10:31:32,
O006750,C00957,2025-01-04 19:17:43,delivered,2025-01-12 19:17:43,2025-01-05 19:17:43
O006751,C00001,2024-07-20 21:03:40,shipped,2024-07-29 21:03:40,
O006752,C00796,2024-02-06 13:15:06,delivered,2024-02-08 13:15:06,2024-02-07 13:15:06
O006753,C01988,2026-01-14 18:54:15,shipped,2026-01-24 18:54:15,
O006754,C02270,2025-11-10 07:22:48,delivered,2025-11-18 07:22:48,2025-11-18 07:22:48
O006755,C00833,2026-05-09 01:39:15,delivered,2026-05-17 01:39:15,2026-05-16 01:39:15
O006756,C02175,2025-07-28 21:10:06,delivered,2025-08-06 21:10:06,2025-08-02 21:10:06
O006757,C01445,2026-05-26 04:35:22,shipped,2026-06-01 04:35:22,
O006758,C00128,2024-07-14 18:26:57,shipped,2024-07-25 18:26:57,
O006759,C01821,2025-09-25 23:18:57,delivered,2025-09-30 23:18:57,2025-10-01 23:18:57
O006760,C00982,2024-03-18 19:25:29,delivered,2024-03-25 19:25:29,2024-03-23 19:25:29
O006761,C00905,2026-06-03 21:49:32,delivered,2026-06-11 21:49:32,2026-06-09 21:49:32
O006762,C00097,2025-06-15 18:57:10,delivered,2025-06-17 18:57:10,2025-06-18 18:57:10
O006763,C01010,2024-06-13 21:14:50,delivered,2024-06-21 21:14:50,2024-06-19 21:14:50
O006764,C00931,2026-06-15 22:33:25,delivered,2026-06-27 22:33:25,2026-06-19 22:33:25
O006765,C02462,2024-08-24 01:06:07,returned,2024-09-02 01:06:07,2024-09-03 01:06:07
O006766,C00848,2025-12-27 15:08:48,delivered,2026-01-08 15:08:48,2025-12-29 15:08:48
O006767,C01263,2024-02-19 21:53:46,returned,2024-02-27 21:53:46,2024-02-25 21:53:46
O006768,C01439,2024-01-18 10:49:40,delivered,2024-01-20 10:49:40,2024-01-26 10:49:40
O006769,C00032,2024-05-30 22:26:15,delivered,2024-06-11 22:26:15,2024-06-04 22:26:15
O006770,C00393,2024-12-30 04:33:04,delivered,2025-01-03 04:33:04,2025-01-03 04:33:04
O006771,C01396,2026-04-09 16:29:01,delivered,2026-04-11 16:29:01,2026-04-17 16:29:01
O006772,C02191,2024-08-26 09:50:45,delivered,2024-09-07 09:50:45,2024-08-30 09:50:45
O006773,C00361,2024-03-05 04:21:41,delivered,2024-03-14 04:21:41,2024-03-08 04:21:41
O006774,C01476,2025-10-20 01:20:46,shipped,2025-10-31 01:20:46,
O006775,C01365,2025-06-27 00:28:12,delivered,2025-07-07 00:28:12,2025-06-30 00:28:12
O006776,C00988,2024-09-15 12:56:08,delivered,2024-09-23 12:56:08,2024-09-20 12:56:08
O006777,C00312,2024-04-12 12:19:51,delivered,2024-04-16 12:19:51,2024-04-17 12:19:51
O006778,C01295,2024-04-27 19:18:19,delivered,2024-05-08 19:18:19,2024-05-08 19:18:19
O006779,C01399,2024-04-18 04:08:35,processing,2024-04-20 04:08:35,
O006780,C00820,2024-07-03 10:49:47,delivered,2024-07-11 10:49:47,2024-07-10 10:49:47
O006781,C00134,2024-01-25 11:05:55,delivered,2024-02-04 11:05:55,2024-01-26 11:05:55
O006782,C00479,2024-09-04 17:13:00,cancelled,2024-09-14 17:13:00,
O006783,C00059,2026-04-08 02:19:43,delivered,2026-04-20 02:19:43,2026-04-09 02:19:43
O006784,C00866,2026-05-03 16:39:12,delivered,2026-05-10 16:39:12,2026-05-08 16:39:12
O006785,C01850,2025-04-21 08:44:01,delivered,2025-05-01 08:44:01,2025-04-27 08:44:01
O006786,C02172,2024-02-08 04:59:47,delivered,2024-02-14 04:59:47,2024-02-15 04:59:47
O006787,C01320,2024-02-27 00:32:26,shipped,2024-03-01 00:32:26,
O006788,C01361,2026-04-30 10:36:47,delivered,2026-05-06 10:36:47,2026-05-08 10:36:47
O006789,C02374,2026-06-06 00:31:11,delivered,2026-06-12 00:31:11,2026-06-09 00:31:11
O006790,C00939,2025-05-18 04:37:11,delivered,2025-05-20 04:37:11,2025-05-27 04:37:11
O006791,C00305,2025-09-25 15:59:51,delivered,2025-09-30 15:59:51,2025-10-07 15:59:51
O006792,C00497,2026-02-14 23:48:40,cancelled,2026-02-20 23:48:40,
O006793,C01966,2025-10-01 18:24:27,delivered,2025-10-09 18:24:27,2025-10-04 18:24:27
O006794,C01311,2026-01-03 19:58:02,delivered,2026-01-05 19:58:02,2026-01-06 19:58:02
O006795,C02174,2025-09-05 21:10:36,delivered,2025-09-09 21:10:36,2025-09-06 21:10:36
O006796,C00539,2024-10-11 18:41:56,delivered,2024-10-17 18:41:56,2024-10-18 18:41:56
O006797,C02373,2024-12-22 14:41:05,delivered,2024-12-25 14:41:05,2024-12-23 14:41:05
O006798,C01332,2025-02-12 16:11:28,cancelled,2025-02-17 16:11:28,
O006799,C01210,2026-05-06 23:43:15,delivered,2026-05-11 23:43:15,2026-05-16 23:43:15
O006800,C01848,2026-06-28 03:58:52,delivered,2026-07-09 03:58:52,2026-07-07 03:58:52
O006801,C00752,2024-12-05 17:35:13,returned,2024-12-17 17:35:13,2024-12-16 17:35:13
O006802,C02231,2025-05-25 21:49:57,delivered,2025-05-27 21:49:57,2025-06-02 21:49:57
O006803,C00744,2025-11-26 00:53:03,delivered,2025-11-30 00:53:03,2025-11-29 00:53:03
O006804,C01031,2024-11-09 14:59:01,delivered,2024-11-17 14:59:01,2024-11-15 14:59:01
O006805,C02046,2024-02-07 07:10:53,processing,2024-02-10 07:10:53,
O006806,C01097,2026-05-30 14:31:19,cancelled,2026-06-05 14:31:19,
O006807,C01463,2025-01-20 19:38:07,shipped,2025-01-25 19:38:07,
O006808,C00487,2024-09-06 06:07:33,delivered,2024-09-11 06:07:33,2024-09-10 06:07:33
O006809,C02427,2026-04-06 08:32:13,cancelled,2026-04-08 08:32:13,
O006810,C01878,2025-02-14 17:03:17,delivered,2025-02-18 17:03:17,2025-02-17 17:03:17
O006811,C02195,2024-12-03 12:14:04,delivered,2024-12-06 12:14:04,2024-12-12 12:14:04
O006812,C02212,2024-08-07 07:01:01,delivered,2024-08-12 07:01:01,2024-08-18 07:01:01
O006813,C01307,2024-04-16 07:13:20,delivered,2024-04-25 07:13:20,2024-04-21 07:13:20
O006814,C02336,2025-06-10 08:26:49,delivered,2025-06-12 08:26:49,2025-06-11 08:26:49
O006815,C01026,2025-05-17 16:35:40,delivered,2025-05-26 16:35:40,2025-05-20 16:35:40
O006816,C01646,2024-04-03 15:00:03,delivered,2024-04-15 15:00:03,2024-04-04 15:00:03
O006817,C01081,2024-08-31 10:28:38,delivered,2024-09-11 10:28:38,2024-09-04 10:28:38
O006818,C02079,2025-03-21 05:42:56,delivered,2025-04-02 05:42:56,2025-03-30 05:42:56
O006819,C01548,2024-02-04 08:54:59,delivered,2024-02-14 08:54:59,2024-02-12 08:54:59
O006820,C02382,2025-03-13 13:53:40,returned,2025-03-16 13:53:40,2025-03-15 13:53:40
O006821,C00793,2025-10-31 18:14:13,delivered,2025-11-02 18:14:13,2025-11-09 18:14:13
O006822,C02212,2025-01-30 18:35:06,delivered,2025-02-04 18:35:06,2025-02-04 18:35:06
O006823,C01849,2026-06-19 08:20:54,delivered,2026-06-26 08:20:54,2026-06-24 08:20:54
O006824,C02173,2024-01-30 12:32:07,delivered,2024-02-06 12:32:07,2024-02-04 12:32:07
O006825,C00874,2025-10-25 02:15:06,delivered,2025-10-30 02:15:06,2025-10-29 02:15:06
O006826,C00915,2024-05-23 19:39:59,delivered,2024-05-27 19:39:59,2024-05-30 19:39:59
O006827,C00616,2025-11-04 02:54:59,delivered,2025-11-07 02:54:59,2025-11-05 02:54:59
O006828,C00742,2026-03-18 13:11:27,delivered,2026-03-26 13:11:27,2026-03-28 13:11:27
O006829,C01410,2026-06-12 02:08:53,delivered,2026-06-23 02:08:53,2026-06-18 02:08:53
O006830,C00864,2025-11-14 15:10:44,delivered,2025-11-21 15:10:44,2025-11-19 15:10:44
O006831,C00859,2026-06-17 00:28:13,delivered,2026-06-25 00:28:13,2026-06-24 00:28:13
O006832,C02151,2024-10-20 23:31:59,delivered,2024-10-26 23:31:59,2024-10-29 23:31:59
O006833,C01796,2025-03-18 14:44:54,delivered,2025-03-28 14:44:54,2025-03-19 14:44:54
O006834,C01041,2026-05-05 16:34:53,delivered,2026-05-13 16:34:53,2026-05-06 16:34:53
O006835,C01667,2025-12-29 13:55:05,delivered,2026-01-01 13:55:05,2026-01-07 13:55:05
O006836,C02479,2025-08-16 15:41:09,delivered,2025-08-26 15:41:09,2025-08-17 15:41:09
O006837,C01181,2026-06-04 11:29:37,delivered,2026-06-13 11:29:37,2026-06-11 11:29:37
O006838,C01767,2025-03-30 09:09:47,delivered,2025-04-11 09:09:47,2025-04-01 09:09:47
O006839,C01794,2025-02-13 08:29:39,processing,2025-02-20 08:29:39,
O006840,C01146,2024-09-13 10:58:46,delivered,2024-09-21 10:58:46,2024-09-19 10:58:46
O006841,C00637,2024-05-13 02:00:25,delivered,2024-05-16 02:00:25,2024-05-20 02:00:25
O006842,C01358,2025-01-23 20:30:40,delivered,2025-02-02 20:30:40,2025-02-06 20:30:40
O006843,C01809,2026-05-26 05:40:34,delivered,2026-05-30 05:40:34,2026-05-27 05:40:34
O006844,C00900,2024-12-18 14:53:50,delivered,2024-12-26 14:53:50,2024-12-31 14:53:50
O006845,C00650,2024-03-21 07:26:55,shipped,2024-03-23 07:26:55,
O006846,C01334,2025-12-14 15:54:06,delivered,2025-12-26 15:54:06,2025-12-19 15:54:06
O006847,C02334,2025-12-12 23:35:43,delivered,2025-12-14 23:35:43,2025-12-19 23:35:43
O006848,C00640,2026-04-30 14:27:00,delivered,2026-05-11 14:27:00,2026-05-01 14:27:00
O006849,C01394,2025-04-03 11:44:08,delivered,2025-04-09 11:44:08,2025-04-06 11:44:08
O006850,C01896,2024-03-11 22:46:02,processing,2024-03-21 22:46:02,
O006851,C01295,2025-07-23 10:48:50,delivered,2025-07-26 10:48:50,2025-07-25 10:48:50
O006852,C01326,2024-04-19 00:41:57,delivered,2024-04-27 00:41:57,2024-04-23 00:41:57
O006853,C00234,2025-08-17 05:41:46,delivered,2025-08-24 05:41:46,2025-08-19 05:41:46
O006854,C01045,2025-09-21 20:35:15,delivered,2025-09-26 20:35:15,2025-09-22 20:35:15
O006855,C01132,2026-06-09 15:30:20,shipped,2026-06-17 15:30:20,
O006856,C00708,2024-04-02 18:04:35,delivered,2024-04-11 18:04:35,2024-04-06 18:04:35
O006857,C01147,2025-02-09 21:08:05,delivered,2025-02-16 21:08:05,2025-02-23 21:08:05
O006858,C00178,2024-12-02 10:50:52,delivered,2024-12-04 10:50:52,2024-12-09 10:50:52
O006859,C00980,2024-03-10 03:43:40,delivered,2024-03-21 03:43:40,2024-03-13 03:43:40
O006860,C02341,2025-06-06 07:54:08,delivered,2025-06-12 07:54:08,2025-06-09 07:54:08
O006861,C01896,2025-05-15 13:11:26,delivered,2025-05-18 13:11:26,2025-05-23 13:11:26
O006862,C00990,2024-04-23 02:59:29,cancelled,2024-05-04 02:59:29,
O006863,C01171,2026-03-01 11:21:34,delivered,2026-03-07 11:21:34,2026-03-05 11:21:34
O006864,C01182,2025-10-02 08:17:27,delivered,2025-10-05 08:17:27,2025-10-05 08:17:27
O006865,C00936,2026-04-28 15:15:41,processing,2026-05-01 15:15:41,
O006866,C01553,2024-10-15 20:02:28,delivered,2024-10-24 20:02:28,2024-10-17 20:02:28
O006867,C02123,2025-09-15 21:08:29,delivered,2025-09-21 21:08:29,2025-09-16 21:08:29
O006868,C01604,2025-09-09 17:04:12,delivered,2025-09-11 17:04:12,2025-09-15 17:04:12
O006869,C01534,2025-10-03 18:23:30,shipped,2025-10-13 18:23:30,
O006870,C00600,2024-01-14 17:05:52,shipped,2024-01-26 17:05:52,
O006871,C01095,2024-05-13 09:42:33,shipped,2024-05-18 09:42:33,
O006872,C01726,2026-04-28 06:00:11,delivered,2026-05-05 06:00:11,2026-05-04 06:00:11
O006873,C02019,2026-01-07 05:46:46,delivered,2026-01-16 05:46:46,2026-01-13 05:46:46
O006874,C00028,2024-10-21 09:29:27,delivered,2024-10-26 09:29:27,2024-10-25 09:29:27
O006875,C00277,2025-07-03 07:29:30,delivered,2025-07-08 07:29:30,2025-07-06 07:29:30
O006876,C01603,2026-04-01 03:07:48,returned,2026-04-11 03:07:48,2026-04-08 03:07:48
O006877,C00015,2025-02-21 20:58:48,delivered,2025-03-03 20:58:48,2025-02-28 20:58:48
O006878,C02396,2025-07-28 21:03:11,delivered,2025-08-07 21:03:11,2025-08-03 21:03:11
O006879,C02243,2026-03-18 10:33:14,delivered,2026-03-21 10:33:14,2026-03-24 10:33:14
O006880,C01663,2024-03-13 12:11:49,delivered,2024-03-22 12:11:49,2024-03-16 12:11:49
O006881,C00892,2025-08-18 05:07:38,delivered,2025-08-25 05:07:38,2025-08-23 05:07:38
O006882,C01751,2024-09-02 21:14:49,shipped,2024-09-10 21:14:49,
O006883,C00274,2024-02-11 03:50:55,delivered,2024-02-14 03:50:55,2024-02-13 03:50:55
O006884,C00906,2026-03-20 08:34:21,delivered,2026-03-25 08:34:21,2026-03-29 08:34:21
O006885,C02205,2025-08-02 03:33:18,delivered,2025-08-11 03:33:18,2025-08-06 03:33:18
O006886,C02109,2024-03-24 19:09:29,shipped,2024-04-04 19:09:29,
O006887,C01618,2025-04-22 02:54:13,cancelled,2025-04-28 02:54:13,
O006888,C01402,2024-06-07 08:31:27,delivered,2024-06-18 08:31:27,2024-06-15 08:31:27
O006889,C01585,2025-07-13 11:46:57,delivered,2025-07-25 11:46:57,2025-07-15 11:46:57
O006890,C00202,2024-08-14 07:05:57,delivered,2024-08-19 07:05:57,2024-08-19 07:05:57
O006891,C00810,2024-09-22 21:00:53,delivered,2024-09-26 21:00:53,2024-09-23 21:00:53
O006892,C01008,2024-06-30 14:32:01,delivered,2024-07-07 14:32:01,2024-07-05 14:32:01
O006893,C00659,2025-09-13 04:02:00,processing,2025-09-19 04:02:00,
O006894,C00368,2024-12-19 08:35:06,delivered,2024-12-27 08:35:06,2024-12-29 08:35:06
O006895,C02089,2024-03-01 12:11:04,delivered,2024-03-07 12:11:04,2024-03-11 12:11:04
O006896,C01405,2024-11-24 23:44:04,delivered,2024-11-29 23:44:04,2024-11-27 23:44:04
O006897,C01654,2026-02-20 20:34:56,shipped,2026-03-03 20:34:56,
O006898,C00917,2024-03-19 20:15:51,delivered,2024-03-26 20:15:51,2024-03-21 20:15:51
O006899,C00201,2026-06-04 14:53:19,delivered,2026-06-10 14:53:19,2026-06-11 14:53:19
O006900,C00346,2024-08-17 06:48:51,delivered,2024-08-27 06:48:51,2024-08-18 06:48:51
O006901,C01337,2024-12-21 11:08:28,cancelled,2024-12-29 11:08:28,
O006902,C00139,2024-11-06 14:24:14,delivered,2024-11-13 14:24:14,2024-11-07 14:24:14
O006903,C02345,2024-09-01 10:16:54,delivered,2024-09-05 10:16:54,2024-09-05 10:16:54
O006904,C00225,2026-01-08 02:27:19,delivered,2026-01-16 02:27:19,2026-01-14 02:27:19
O006905,C00371,2026-01-02 18:42:35,shipped,2026-01-09 18:42:35,
O006906,C00343,2026-05-25 03:53:36,delivered,2026-05-27 03:53:36,2026-06-06 03:53:36
O006907,C00563,2024-09-18 05:59:29,delivered,2024-09-22 05:59:29,2024-09-20 05:59:29
O006908,C02152,2025-01-05 05:23:39,delivered,2025-01-17 05:23:39,2025-01-08 05:23:39
O006909,C01514,2024-06-04 22:59:27,delivered,2024-06-12 22:59:27,2024-06-12 22:59:27
O006910,C01385,2024-10-03 13:58:58,delivered,2024-10-08 13:58:58,2024-10-06 13:58:58
O006911,C02267,2024-11-11 06:39:47,delivered,2024-11-18 06:39:47,2024-11-18 06:39:47
O006912,C01572,2026-06-26 06:45:24,delivered,2026-07-05 06:45:24,2026-07-02 06:45:24
O006913,C02121,2025-02-25 05:08:25,delivered,2025-03-01 05:08:25,2025-03-06 05:08:25
O006914,C00897,2025-04-11 21:01:32,delivered,2025-04-23 21:01:32,2025-04-19 21:01:32
O006915,C02456,2024-08-31 00:51:48,delivered,2024-09-06 00:51:48,2024-09-01 00:51:48
O006916,C00079,2025-11-17 09:56:45,returned,2025-11-20 09:56:45,2025-11-24 09:56:45
O006917,C02232,2025-06-05 18:37:40,delivered,2025-06-16 18:37:40,2025-06-11 18:37:40
O006918,C02056,2025-01-17 10:39:14,delivered,2025-01-21 10:39:14,2025-01-24 10:39:14
O006919,C00045,2026-06-09 02:55:36,processing,2026-06-11 02:55:36,
O006920,C00040,2025-01-30 10:14:02,delivered,2025-02-07 10:14:02,2025-02-02 10:14:02
O006921,C01697,2024-05-13 21:00:03,shipped,2024-05-17 21:00:03,
O006922,C02431,2025-01-12 05:39:29,delivered,2025-01-22 05:39:29,2025-01-18 05:39:29
O006923,C00210,2024-05-13 21:55:29,delivered,2024-05-22 21:55:29,2024-05-19 21:55:29
O006924,C00543,2025-04-01 11:24:22,delivered,2025-04-03 11:24:22,2025-04-06 11:24:22
O006925,C01557,2024-01-14 15:00:45,shipped,2024-01-16 15:00:45,
O006926,C02303,2025-03-06 02:15:23,delivered,2025-03-08 02:15:23,2025-03-10 02:15:23
O006927,C01017,2024-05-24 10:39:03,delivered,2024-05-29 10:39:03,2024-05-26 10:39:03
O006928,C00135,2024-09-12 23:27:37,delivered,2024-09-24 23:27:37,2024-09-15 23:27:37
O006929,C00849,2025-06-14 15:59:14,delivered,2025-06-26 15:59:14,2025-06-20 15:59:14
O006930,C00567,2024-12-23 11:05:38,delivered,2024-12-31 11:05:38,2024-12-30 11:05:38
O006931,C00590,2025-08-17 21:59:11,returned,2025-08-22 21:59:11,2025-08-26 21:59:11
O006932,C00182,2026-02-26 18:24:56,delivered,2026-03-01 18:24:56,2026-03-05 18:24:56
O006933,C00405,2025-03-09 11:47:00,delivered,2025-03-11 11:47:00,2025-03-13 11:47:00
O006934,C02382,2024-09-04 07:49:54,processing,2024-09-10 07:49:54,
O006935,C01641,2026-05-02 02:03:13,delivered,2026-05-07 02:03:13,2026-05-07 02:03:13
O006936,C00322,2026-06-25 12:05:34,delivered,2026-07-05 12:05:34,2026-06-29 12:05:34
O006937,C02037,2026-06-01 00:46:40,delivered,2026-06-10 00:46:40,2026-06-07 00:46:40
O006938,C00378,2026-02-04 11:07:24,delivered,2026-02-12 11:07:24,2026-02-11 11:07:24
O006939,C00327,2026-01-14 09:22:51,delivered,2026-01-20 09:22:51,2026-01-26 09:22:51
O006940,C00057,2025-02-26 21:31:54,delivered,2025-03-05 21:31:54,2025-03-05 21:31:54
O006941,C00292,2025-04-12 18:59:53,delivered,2025-04-14 18:59:53,2025-04-19 18:59:53
O006942,C01133,2025-02-12 16:56:45,delivered,2025-02-21 16:56:45,2025-02-17 16:56:45
O006943,C00500,2025-06-16 08:02:32,delivered,2025-06-24 08:02:32,2025-06-20 08:02:32
O006944,C01993,2024-12-29 08:26:58,delivered,,2025-01-09 08:26:58
O006945,C01761,2024-05-31 23:29:56,shipped,2024-06-10 23:29:56,
O006946,C00408,2026-01-12 21:50:04,delivered,2026-01-19 21:50:04,2026-01-23 21:50:04
O006947,C00394,2024-11-22 05:38:06,delivered,2024-11-30 05:38:06,2024-11-27 05:38:06
O006948,C02204,2025-07-07 11:46:56,delivered,2025-07-19 11:46:56,2025-07-15 11:46:56
O006949,C00479,2026-04-21 06:23:38,delivered,2026-05-01 06:23:38,2026-04-29 06:23:38
O006950,C02104,2026-06-04 14:43:23,delivered,2026-06-16 14:43:23,2026-06-10 14:43:23
O006951,C02042,2024-01-06 10:06:58,returned,2024-01-12 10:06:58,2024-01-19 10:06:58
O006952,C00323,2024-12-09 11:13:27,cancelled,2024-12-14 11:13:27,
O006953,C02172,2026-01-03 16:37:20,delivered,2026-01-07 16:37:20,2026-01-12 16:37:20
O006954,C01117,2024-07-02 14:26:28,delivered,2024-07-14 14:26:28,2024-07-04 14:26:28
O006955,C00336,2025-01-19 12:30:56,shipped,2025-01-26 12:30:56,
O006956,C01242,2025-09-19 23:07:14,delivered,2025-09-26 23:07:14,2025-09-20 23:07:14
O006957,C01614,2025-12-26 17:53:27,delivered,2026-01-07 17:53:27,2025-12-31 17:53:27
O006958,C01830,2025-05-06 23:11:28,delivered,2025-05-08 23:11:28,2025-05-07 23:11:28
O006959,C01805,2024-08-31 15:14:28,delivered,2024-09-10 15:14:28,2024-09-06 15:14:28
O006960,C00326,2024-08-24 19:13:13,delivered,2024-09-02 19:13:13,2024-08-29 19:13:13
O006961,C00966,2024-03-31 18:06:20,cancelled,2024-04-08 18:06:20,
O006962,C01338,2024-04-10 19:33:11,delivered,2024-04-16 19:33:11,2024-04-17 19:33:11
O006963,C00396,2024-02-28 06:25:18,delivered,2024-03-08 06:25:18,2024-03-09 06:25:18
O006964,C00590,2025-09-20 17:15:57,delivered,2025-09-22 17:15:57,2025-09-21 17:15:57
O006965,C00500,2026-02-23 02:24:42,shipped,2026-03-02 02:24:42,
O006966,C01137,2026-05-18 23:07:10,delivered,2026-05-23 23:07:10,2026-05-19 23:07:10
O006967,C00676,2025-10-01 17:23:06,delivered,2025-10-07 17:23:06,2025-10-08 17:23:06
O006968,C01071,2025-10-26 02:18:55,delivered,2025-10-30 02:18:55,2025-10-29 02:18:55
O006969,C01985,2026-01-18 07:17:41,delivered,2026-01-24 07:17:41,2026-01-20 07:17:41
O006970,C00042,2026-06-13 21:18:42,cancelled,2026-06-18 21:18:42,
O006971,C02318,2024-12-12 22:54:27,delivered,2024-12-22 22:54:27,2024-12-16 22:54:27
O006972,C02075,2025-10-08 21:01:24,delivered,2025-10-10 21:01:24,2025-10-12 21:01:24
O006973,C02344,2025-11-05 01:21:22,delivered,2025-11-07 01:21:22,2025-11-08 01:21:22
O006974,C01711,2025-01-01 03:19:25,delivered,2025-01-11 03:19:25,2025-01-07 03:19:25
O006975,C01756,2025-06-07 12:55:39,shipped,2025-06-12 12:55:39,
O006976,C01424,2026-04-03 18:39:49,cancelled,2026-04-10 18:39:49,
O006977,C01647,2025-06-13 05:43:18,delivered,2025-06-20 05:43:18,2025-06-20 05:43:18
O006978,C01035,2025-10-18 17:09:06,delivered,2025-10-26 17:09:06,2025-10-26 17:09:06
O006979,C01245,2025-07-21 10:23:23,delivered,2025-07-26 10:23:23,2025-07-24 10:23:23
O006980,C00875,2024-10-10 17:34:12,delivered,2024-10-15 17:34:12,2024-10-20 17:34:12
O006981,C00970,2025-06-18 00:44:25,delivered,2025-06-29 00:44:25,2025-06-24 00:44:25
O006982,C02365,2024-12-08 17:57:12,returned,2024-12-16 17:57:12,2024-12-14 17:57:12
O006983,C00783,2025-08-07 23:07:35,delivered,2025-08-17 23:07:35,2025-08-13 23:07:35
O006984,C02214,2025-12-18 09:29:52,delivered,2025-12-28 09:29:52,2025-12-21 09:29:52
O006985,C01580,2024-01-25 05:18:10,delivered,2024-02-05 05:18:10,2024-01-30 05:18:10
O006986,C02398,2026-04-05 06:29:01,delivered,2026-04-07 06:29:01,2026-04-11 06:29:01
O006987,C01189,2024-11-23 08:50:44,delivered,2024-12-03 08:50:44,2024-11-28 08:50:44
O006988,C00465,2024-12-20 09:34:51,delivered,2024-12-30 09:34:51,2024-12-28 09:34:51
O006989,C01979,2024-01-21 06:32:26,delivered,2024-01-25 06:32:26,2024-01-28 06:32:26
O006990,C01950,2026-03-14 15:02:55,delivered,2026-03-25 15:02:55,2026-03-23 15:02:55
O006991,C01893,2026-04-10 19:22:35,processing,2026-04-17 19:22:35,
O006992,C00699,2025-11-28 14:31:07,returned,2025-12-10 14:31:07,2025-11-30 14:31:07
O006993,C01593,2026-01-13 02:54:46,delivered,2026-01-17 02:54:46,2026-01-19 02:54:46
O006994,C00455,2025-05-15 07:42:31,delivered,2025-05-25 07:42:31,2025-05-19 07:42:31
O006995,C00945,2024-02-07 06:05:03,delivered,2024-02-17 06:05:03,2024-02-19 06:05:03
O006996,C00845,2024-06-10 21:17:11,delivered,2024-06-13 21:17:11,2024-06-14 21:17:11
O006997,C01575,2025-02-04 16:58:44,delivered,2025-02-09 16:58:44,2025-02-06 16:58:44
O006998,C00958,2025-06-06 15:24:14,delivered,2025-06-11 15:24:14,2025-06-09 15:24:14
O006999,C00504,2026-02-11 10:20:14,delivered,2026-02-17 10:20:14,2026-02-19 10:20:14
O007000,C00906,2025-04-28 20:35:00,delivered,2025-05-09 20:35:00,2025-04-30 20:35:00
O007001,C02134,2024-07-11 04:47:35,delivered,2024-07-17 04:47:35,2024-07-12 04:47:35
O007002,C01524,2024-02-04 04:34:33,delivered,2024-02-06 04:34:33,2024-02-11 04:34:33
O007003,C01566,2024-04-07 18:54:18,shipped,2024-04-15 18:54:18,
O007004,C00210,2024-08-16 00:30:13,delivered,2024-08-25 00:30:13,2024-08-20 00:30:13
O007005,C01606,2026-04-08 02:15:37,delivered,2026-04-11 02:15:37,2026-04-13 02:15:37
O007006,C00764,2024-05-28 00:50:37,delivered,2024-06-09 00:50:37,2024-06-04 00:50:37
O007007,C02491,2026-05-29 02:21:45,cancelled,2026-06-09 02:21:45,
O007008,C01185,2026-03-13 09:39:31,delivered,2026-03-15 09:39:31,2026-03-20 09:39:31
O007009,C01218,2024-07-22 04:54:33,processing,2024-07-25 04:54:33,
O007010,C00495,2025-10-25 00:34:16,delivered,2025-11-04 00:34:16,2025-10-27 00:34:16
O007011,C01078,2025-08-08 22:36:21,delivered,2025-08-12 22:36:21,2025-08-10 22:36:21
O007012,C01686,2025-07-07 15:49:41,delivered,2025-07-15 15:49:41,2025-07-09 15:49:41
O007013,C00927,2024-04-30 04:37:03,cancelled,2024-05-08 04:37:03,
O007014,C01574,2024-08-12 18:51:57,delivered,2024-08-17 18:51:57,2024-08-22 18:51:57
O007015,C01306,2026-06-25 07:54:27,delivered,2026-07-01 07:54:27,2026-07-01 07:54:27
O007016,C01696,2024-03-08 14:40:03,delivered,2024-03-12 14:40:03,2024-03-18 14:40:03
O007017,C00208,2025-08-03 02:59:22,cancelled,2025-08-10 02:59:22,
O007018,C02495,2025-07-18 08:08:46,shipped,2025-07-26 08:08:46,
O007019,C01283,2024-08-26 19:50:52,delivered,2024-09-02 19:50:52,2024-09-02 19:50:52
O007020,C01287,2025-11-30 21:18:11,delivered,2025-12-10 21:18:11,2025-12-04 21:18:11
O007021,C01477,2025-05-10 12:15:57,delivered,2025-05-21 12:15:57,2025-05-15 12:15:57
O007022,C00441,2025-03-23 14:19:34,delivered,2025-03-29 14:19:34,2025-03-29 14:19:34
O007023,C02389,2025-11-02 20:17:59,processing,2025-11-10 20:17:59,
O007024,C00337,2024-06-21 22:21:09,delivered,2024-07-03 22:21:09,2024-06-24 22:21:09
O007025,C02498,2025-09-08 01:10:17,processing,2025-09-14 01:10:17,
O007026,C02293,2024-07-04 17:46:48,delivered,2024-07-13 17:46:48,2024-07-15 17:46:48
O007027,C00250,2024-11-23 21:41:13,delivered,2024-11-26 21:41:13,2024-12-02 21:41:13
O007028,C01834,2024-01-13 21:18:26,delivered,2024-01-23 21:18:26,2024-01-18 21:18:26
O007029,C01004,2024-07-21 08:22:26,delivered,2024-07-25 08:22:26,2024-07-25 08:22:26
O007030,C00316,2025-02-01 08:50:53,delivered,2025-02-08 08:50:53,2025-02-08 08:50:53
O007031,C01820,2025-06-03 07:26:37,returned,2025-06-09 07:26:37,2025-06-11 07:26:37
O007032,C01884,2024-07-28 01:33:14,delivered,2024-08-04 01:33:14,2024-08-04 01:33:14
O007033,C02317,2026-05-25 08:36:09,delivered,2026-06-03 08:36:09,2026-06-03 08:36:09
O007034,C01861,2025-12-19 05:06:03,processing,2025-12-28 05:06:03,
O007035,C01742,2024-09-03 08:15:43,delivered,2024-09-05 08:15:43,2024-09-05 08:15:43
O007036,C01791,2024-05-21 14:41:41,delivered,2024-05-30 14:41:41,2024-05-26 14:41:41
O007037,C02386,2024-07-07 09:20:34,delivered,2024-07-16 09:20:34,2024-07-10 09:20:34
O007038,C01143,2025-07-23 10:19:18,delivered,2025-07-26 10:19:18,2025-07-29 10:19:18
O007039,C00969,2025-02-13 08:46:03,delivered,2025-02-18 08:46:03,2025-02-20 08:46:03
O007040,C00299,2024-08-11 06:38:08,delivered,2024-08-17 06:38:08,2024-08-13 06:38:08
O007041,C01114,2026-04-01 05:56:19,delivered,2026-04-11 05:56:19,2026-04-10 05:56:19
O007042,C01500,2024-03-29 03:13:29,delivered,2024-03-31 03:13:29,2024-04-08 03:13:29
O007043,C01844,2025-07-21 09:20:03,delivered,2025-07-30 09:20:03,2025-07-28 09:20:03
O007044,C02442,2024-07-11 15:11:10,delivered,2024-07-23 15:11:10,2024-07-23 15:11:10
O007045,C02431,2025-06-06 05:26:30,returned,2025-06-08 05:26:30,2025-06-14 05:26:30
O007046,C02439,2025-03-28 23:29:15,delivered,2025-04-01 23:29:15,2025-04-03 23:29:15
O007047,C00863,2024-04-13 12:23:02,delivered,2024-04-16 12:23:02,2024-04-14 12:23:02
O007048,C00015,2024-08-19 21:34:46,shipped,2024-08-25 21:34:46,
O007049,C00062,2025-03-08 15:29:51,delivered,2025-03-18 15:29:51,2025-03-09 15:29:51
O007050,C00518,2026-01-07 07:26:43,delivered,2026-01-09 07:26:43,2026-01-09 07:26:43
O007051,C02086,2024-03-16 11:49:04,delivered,2024-03-19 11:49:04,2024-03-23 11:49:04
O007052,C01161,2026-04-07 20:49:16,shipped,2026-04-19 20:49:16,
O007053,C01349,2025-01-09 01:08:41,shipped,2025-01-14 01:08:41,
O007054,C00360,2025-04-24 06:07:47,shipped,2025-04-28 06:07:47,
O007055,C02054,2025-05-02 00:52:32,delivered,2025-05-09 00:52:32,2025-05-12 00:52:32
O007056,C00197,2026-02-09 06:45:42,shipped,2026-02-12 06:45:42,
O007057,C02054,2025-07-13 02:29:20,delivered,2025-07-20 02:29:20,2025-07-16 02:29:20
O007058,C01341,2024-06-06 03:59:20,delivered,2024-06-16 03:59:20,2024-06-13 03:59:20
O007059,C00890,2024-06-05 16:49:09,delivered,2024-06-11 16:49:09,2024-06-11 16:49:09
O007060,C00290,2024-09-10 07:51:47,delivered,2024-09-13 07:51:47,2024-09-11 07:51:47
O007061,C02164,2026-05-06 23:44:37,delivered,2026-05-17 23:44:37,2026-05-07 23:44:37
O007062,C01307,2024-08-08 07:23:35,delivered,2024-08-13 07:23:35,2024-08-18 07:23:35
O007063,C01066,2024-09-04 06:48:21,delivered,2024-09-07 06:48:21,2024-09-13 06:48:21
O007064,C00692,2025-11-21 12:35:58,returned,2025-11-27 12:35:58,2025-11-27 12:35:58
O007065,C01682,2024-12-28 07:47:56,delivered,2025-01-07 07:47:56,2024-12-29 07:47:56
O007066,C01254,2024-06-18 10:07:06,delivered,2024-06-20 10:07:06,2024-06-26 10:07:06
O007067,C02002,2025-06-15 01:11:37,delivered,2025-06-19 01:11:37,2025-06-18 01:11:37
O007068,C00029,2025-04-14 22:18:02,delivered,2025-04-25 22:18:02,2025-04-22 22:18:02
O007069,C01296,2025-01-03 05:31:55,returned,2025-01-07 05:31:55,2025-01-09 05:31:55
O007070,C02094,2025-04-08 01:48:38,delivered,2025-04-10 01:48:38,2025-04-12 01:48:38
O007071,C01494,2024-05-26 18:08:33,delivered,2024-06-01 18:08:33,2024-06-03 18:08:33
O007072,C00026,2025-10-19 02:10:10,delivered,2025-10-29 02:10:10,2025-10-27 02:10:10
O007073,C01377,2026-01-25 00:06:23,delivered,2026-02-03 00:06:23,2026-01-31 00:06:23
O007074,C02184,2024-05-31 08:17:26,delivered,2024-06-12 08:17:26,2024-06-02 08:17:26
O007075,C01264,2025-05-09 19:48:59,processing,2025-05-19 19:48:59,
O007076,C01090,2025-05-12 09:17:05,delivered,2025-05-14 09:17:05,2025-05-19 09:17:05
O007077,C01623,2026-04-16 08:14:10,delivered,2026-04-24 08:14:10,2026-04-17 08:14:10
O007078,C00068,2025-05-18 15:15:44,delivered,2025-05-24 15:15:44,2025-05-22 15:15:44
O007079,C01936,2024-05-25 13:50:48,delivered,2024-05-29 13:50:48,2024-06-04 13:50:48
O007080,C00285,2026-06-14 02:03:27,delivered,2026-06-25 02:03:27,2026-06-24 02:03:27
O007081,C00574,2024-09-01 09:39:42,delivered,2024-09-12 09:39:42,2024-09-10 09:39:42
O007082,C00405,2026-06-26 04:49:03,delivered,2026-07-03 04:49:03,2026-07-02 04:49:03
O007083,C00501,2024-03-05 02:33:18,delivered,2024-03-08 02:33:18,2024-03-10 02:33:18
O007084,C00655,2025-10-21 17:32:32,shipped,2025-11-01 17:32:32,
O007085,C01165,2025-07-22 13:40:09,delivered,2025-07-26 13:40:09,2025-07-23 13:40:09
O007086,C02319,2024-12-31 17:23:36,delivered,2025-01-06 17:23:36,2025-01-08 17:23:36
O007087,C01038,2025-01-02 20:07:58,delivered,2025-01-11 20:07:58,2025-01-03 20:07:58
O007088,C00642,2024-06-11 00:54:52,processing,2024-06-14 00:54:52,
O007089,C01282,2024-07-17 01:08:28,delivered,2024-07-29 01:08:28,2024-07-21 01:08:28
O007090,C02206,2025-12-20 09:23:44,delivered,2025-12-31 09:23:44,2025-12-29 09:23:44
O007091,C00339,2024-05-26 07:31:52,delivered,2024-05-29 07:31:52,2024-05-27 07:31:52
O007092,C02024,2024-10-13 07:27:55,delivered,2024-10-17 07:27:55,2024-10-16 07:27:55
O007093,C00443,2024-05-27 19:50:58,delivered,2024-06-07 19:50:58,2024-06-05 19:50:58
O007094,C01450,2024-02-05 12:35:41,cancelled,2024-02-08 12:35:41,
O007095,C01925,2024-03-13 03:34:25,delivered,2024-03-19 03:34:25,2024-03-15 03:34:25
O007096,C00604,2024-02-05 06:07:54,delivered,2024-02-14 06:07:54,2024-02-12 06:07:54
O007097,C01512,2024-11-11 04:00:39,delivered,2024-11-20 04:00:39,2024-11-14 04:00:39
O007098,C01049,2025-06-28 18:06:16,cancelled,2025-07-02 18:06:16,
O007099,C02213,2025-08-31 11:24:42,delivered,2025-09-02 11:24:42,2025-09-03 11:24:42
O007100,C00679,2025-11-09 00:41:41,delivered,2025-11-16 00:41:41,2025-11-14 00:41:41
O007101,C01759,2024-09-27 08:05:55,shipped,2024-09-29 08:05:55,
O007102,C01098,2025-01-25 17:04:30,delivered,2025-02-06 17:04:30,2025-01-28 17:04:30
O007103,C02315,2024-06-06 02:06:42,shipped,2024-06-16 02:06:42,
O007104,C00237,2026-03-05 15:49:23,delivered,2026-03-15 15:49:23,2026-03-08 15:49:23
O007105,C00343,2026-01-16 02:39:19,delivered,2026-01-25 02:39:19,2026-01-17 02:39:19
O007106,C01919,2024-09-21 17:22:13,delivered,2024-10-02 17:22:13,2024-09-27 17:22:13
O007107,C01821,2026-05-11 14:55:43,processing,2026-05-16 14:55:43,
O007108,C00755,2025-09-07 09:48:33,delivered,2025-09-13 09:48:33,2025-09-15 09:48:33
O007109,C01252,2025-07-24 07:44:54,delivered,2025-08-01 07:44:54,2025-07-31 07:44:54
O007110,C01986,2025-04-28 15:54:24,delivered,2025-05-07 15:54:24,2025-05-05 15:54:24
O007111,C01791,2025-04-12 19:58:09,delivered,2025-04-18 19:58:09,2025-04-17 19:58:09
O007112,C00098,2025-07-27 00:32:07,delivered,2025-08-05 00:32:07,2025-08-03 00:32:07
O007113,C02419,2026-02-13 07:33:57,delivered,2026-02-19 07:33:57,2026-02-16 07:33:57
O007114,C00067,2024-12-21 10:42:36,delivered,2025-01-01 10:42:36,2024-12-23 10:42:36
O007115,C01122,2025-08-11 17:49:16,delivered,2025-08-20 17:49:16,2025-08-21 17:49:16
O007116,C00136,2025-08-30 07:06:26,delivered,2025-09-09 07:06:26,2025-09-04 07:06:26
O007117,C00424,2024-12-08 02:15:05,delivered,2024-12-19 02:15:05,2024-12-12 02:15:05
O007118,C02492,2024-06-16 09:40:03,delivered,2024-06-27 09:40:03,2024-06-20 09:40:03
O007119,C00527,2024-08-16 19:34:49,delivered,2024-08-24 19:34:49,2024-08-20 19:34:49
O007120,C00549,2026-05-23 17:43:28,delivered,2026-05-28 17:43:28,2026-05-31 17:43:28
O007121,C01749,2025-05-03 00:48:01,delivered,2025-05-15 00:48:01,2025-05-07 00:48:01
O007122,C01611,2025-03-02 08:00:54,delivered,2025-03-12 08:00:54,2025-03-10 08:00:54
O007123,C00552,2026-01-06 19:28:24,delivered,2026-01-13 19:28:24,2026-01-09 19:28:24
O007124,C00184,2024-09-19 18:19:33,delivered,2024-09-26 18:19:33,2024-09-30 18:19:33
O007125,C00494,2024-07-24 14:55:33,delivered,2024-07-29 14:55:33,2024-07-30 14:55:33
O007126,C01938,2025-03-20 11:44:26,delivered,2025-03-31 11:44:26,2025-03-24 11:44:26
O007127,C00157,2024-12-31 11:26:24,delivered,2025-01-05 11:26:24,2025-01-04 11:26:24
O007128,C00244,2026-06-12 19:32:15,delivered,2026-06-23 19:32:15,2026-06-20 19:32:15
O007129,C01662,2026-01-21 00:27:07,cancelled,2026-01-30 00:27:07,
O007130,C01143,2026-02-27 18:53:31,delivered,2026-03-10 18:53:31,2026-03-02 18:53:31
O007131,C02239,2024-04-09 23:11:02,delivered,2024-04-12 23:11:02,2024-04-16 23:11:02
O007132,C01472,2025-05-19 16:44:48,delivered,2025-05-28 16:44:48,2025-05-23 16:44:48
O007133,C00794,2024-04-14 18:23:06,cancelled,2024-04-24 18:23:06,
O007134,C00451,2026-01-05 08:18:23,delivered,2026-01-14 08:18:23,2026-01-06 08:18:23
O007135,C02396,2024-05-17 02:36:21,shipped,2024-05-19 02:36:21,
O007136,C02026,2026-05-27 01:48:32,delivered,2026-06-01 01:48:32,2026-06-03 01:48:32
O007137,C00657,2024-07-09 12:28:07,cancelled,2024-07-20 12:28:07,
O007138,C01633,2024-04-18 08:09:38,shipped,2024-04-25 08:09:38,
O007139,C00336,2024-10-16 20:24:37,delivered,2024-10-24 20:24:37,2024-10-27 20:24:37
O007140,C01617,2025-03-30 03:31:04,delivered,2025-04-09 03:31:04,2025-04-03 03:31:04
O007141,C00920,2024-12-28 08:09:47,processing,2025-01-02 08:09:47,
O007142,C01034,2024-11-16 06:10:58,delivered,2024-11-19 06:10:58,2024-11-18 06:10:58
O007143,C00117,2025-12-15 11:19:05,delivered,2025-12-20 11:19:05,2025-12-22 11:19:05
O007144,C01485,2025-12-05 11:44:58,delivered,2025-12-11 11:44:58,2025-12-11 11:44:58
O007145,C01345,2024-01-03 18:35:42,delivered,2024-01-09 18:35:42,2024-01-08 18:35:42
O007146,C00250,2025-09-26 06:33:46,returned,2025-09-30 06:33:46,2025-10-06 06:33:46
O007147,C01956,2025-02-25 09:13:12,shipped,2025-03-06 09:13:12,
O007148,C02055,2024-12-17 18:55:38,processing,2024-12-27 18:55:38,
O007149,C00870,2024-08-20 06:40:41,delivered,2024-08-27 06:40:41,2024-08-25 06:40:41
O007150,C02431,2024-10-26 20:12:57,cancelled,2024-10-30 20:12:57,
O007151,C00115,2025-11-06 02:17:16,delivered,2025-11-16 02:17:16,2025-11-15 02:17:16
O007152,C01373,2025-07-27 01:31:11,delivered,2025-07-30 01:31:11,2025-08-04 01:31:11
O007153,C02065,2024-03-11 09:48:38,delivered,2024-03-21 09:48:38,2024-03-18 09:48:38
O007154,C01223,2024-09-13 08:33:35,returned,2024-09-20 08:33:35,2024-09-24 08:33:35
O007155,C02235,2026-03-10 05:31:31,delivered,2026-03-19 05:31:31,2026-03-17 05:31:31
O007156,C01499,2026-02-19 19:50:33,delivered,2026-02-23 19:50:33,2026-02-23 19:50:33
O007157,C00616,2024-12-10 10:36:37,delivered,2024-12-16 10:36:37,2024-12-17 10:36:37
O007158,C01838,2025-05-21 16:16:33,delivered,2025-05-27 16:16:33,2025-05-23 16:16:33
O007159,C00254,2024-05-17 06:08:59,returned,2024-05-29 06:08:59,2024-05-21 06:08:59
O007160,C00848,2025-07-19 13:57:57,delivered,2025-07-31 13:57:57,2025-07-20 13:57:57
O007161,C01055,2024-03-06 09:21:58,delivered,2024-03-18 09:21:58,2024-03-11 09:21:58
O007162,C02151,2024-11-23 17:46:39,shipped,2024-11-25 17:46:39,
O007163,C00506,2024-11-22 02:19:08,delivered,2024-12-04 02:19:08,2024-11-26 02:19:08
O007164,C00408,2024-03-26 13:00:28,delivered,2024-04-06 13:00:28,2024-03-31 13:00:28
O007165,C01512,2024-11-27 05:58:56,delivered,2024-11-29 05:58:56,2024-12-06 05:58:56
O007166,C00398,2025-11-25 14:26:16,delivered,2025-12-01 14:26:16,2025-12-03 14:26:16
O007167,C00085,2024-06-28 17:31:33,delivered,2024-07-06 17:31:33,2024-06-29 17:31:33
O007168,C00869,2024-03-15 18:08:20,delivered,2024-03-25 18:08:20,2024-03-21 18:08:20
O007169,C00412,2026-06-20 12:36:08,delivered,2026-06-28 12:36:08,2026-06-21 12:36:08
O007170,C02254,2025-08-22 23:27:15,delivered,2025-08-28 23:27:15,2025-08-28 23:27:15
O007171,C00474,2024-11-29 11:31:49,cancelled,2024-12-07 11:31:49,
O007172,C01645,2024-09-13 15:55:29,delivered,2024-09-17 15:55:29,2024-09-19 15:55:29
O007173,C02072,2026-04-21 23:27:37,shipped,2026-04-29 23:27:37,
O007174,C02455,2024-04-17 17:18:46,delivered,2024-04-26 17:18:46,2024-04-21 17:18:46
O007175,C00947,2025-06-03 12:11:35,delivered,2025-06-12 12:11:35,2025-06-11 12:11:35
O007176,C00826,2024-12-12 17:37:36,delivered,2024-12-15 17:37:36,2024-12-18 17:37:36
O007177,C01174,2024-11-20 12:42:47,delivered,2024-11-28 12:42:47,2024-11-24 12:42:47
O007178,C01134,2025-02-24 20:22:39,delivered,2025-03-01 20:22:39,2025-02-27 20:22:39
O007179,C02235,2025-07-26 16:38:53,shipped,2025-08-06 16:38:53,
O007180,C01473,2026-02-06 19:22:19,delivered,2026-02-12 19:22:19,2026-02-12 19:22:19
O007181,C01081,2026-03-28 16:34:15,delivered,2026-04-06 16:34:15,2026-04-03 16:34:15
O007182,C00612,2026-06-24 00:20:18,delivered,2026-06-28 00:20:18,2026-06-26 00:20:18
O007183,C02361,2025-07-08 15:18:57,delivered,2025-07-14 15:18:57,2025-07-15 15:18:57
O007184,C02343,2025-02-06 16:34:32,delivered,2025-02-08 16:34:32,2025-02-12 16:34:32
O007185,C00533,2025-04-26 12:58:33,delivered,2025-05-03 12:58:33,2025-05-03 12:58:33
O007186,C00065,2024-07-23 14:01:41,delivered,2024-07-28 14:01:41,2024-07-29 14:01:41
O007187,C02031,2024-09-27 04:10:27,delivered,2024-10-07 04:10:27,2024-10-01 04:10:27
O007188,C01663,2026-02-07 06:20:10,processing,2026-02-11 06:20:10,
O007189,C00623,2024-02-06 23:21:13,processing,2024-02-18 23:21:13,
O007190,C01828,2024-02-26 08:52:27,delivered,2024-03-05 08:52:27,2024-03-07 08:52:27
O007191,C00278,2024-10-23 13:24:11,delivered,2024-10-30 13:24:11,2024-10-26 13:24:11
O007192,C00910,2026-02-05 01:01:31,delivered,2026-02-11 01:01:31,2026-02-06 01:01:31
O007193,C00861,2025-05-23 16:55:14,delivered,2025-05-26 16:55:14,2025-05-31 16:55:14
O007194,C00494,2025-09-24 21:34:45,delivered,2025-09-27 21:34:45,2025-09-28 21:34:45
O007195,C00745,2024-04-09 21:26:24,delivered,2024-04-20 21:26:24,2024-04-11 21:26:24
O007196,C01860,2024-10-24 00:11:54,delivered,2024-10-31 00:11:54,2024-10-28 00:11:54
O007197,C00356,2025-06-24 22:24:14,delivered,2025-07-01 22:24:14,2025-07-04 22:24:14
O007198,C01245,2026-05-30 22:54:20,processing,2026-06-07 22:54:20,
O007199,C01435,2026-04-09 18:27:13,delivered,2026-04-13 18:27:13,2026-04-18 18:27:13
O007200,C00248,2025-06-07 07:46:49,delivered,2025-06-14 07:46:49,2025-06-10 07:46:49
O007201,C01834,2024-12-18 01:07:35,delivered,2024-12-20 01:07:35,2024-12-19 01:07:35
O007202,C01379,2024-02-18 12:06:33,delivered,2024-02-27 12:06:33,2024-02-26 12:06:33
O007203,C01132,2024-03-15 22:40:57,delivered,2024-03-25 22:40:57,2024-03-20 22:40:57
O007204,C00293,2026-03-19 23:48:54,delivered,2026-03-31 23:48:54,2026-03-28 23:48:54
O007205,C02401,2026-03-12 23:00:44,delivered,2026-03-14 23:00:44,2026-03-15 23:00:44
O007206,C01500,2026-02-07 05:48:22,delivered,2026-02-09 05:48:22,2026-02-15 05:48:22
O007207,C02003,2025-10-24 22:03:42,delivered,2025-10-30 22:03:42,2025-11-01 22:03:42
O007208,C01181,2024-02-18 21:58:23,cancelled,2024-02-25 21:58:23,
O007209,C00838,2025-11-09 19:13:53,shipped,2025-11-11 19:13:53,
O007210,C00996,2026-04-14 06:12:27,delivered,2026-04-26 06:12:27,2026-04-20 06:12:27
O007211,C00506,2026-02-27 03:45:35,shipped,2026-03-03 03:45:35,
O007212,C01422,2026-05-23 07:04:29,delivered,2026-06-02 07:04:29,2026-05-28 07:04:29
O007213,C01463,2025-07-13 15:03:18,delivered,2025-07-21 15:03:18,2025-07-14 15:03:18
O007214,C01238,2024-02-24 19:42:22,delivered,2024-02-27 19:42:22,2024-03-06 19:42:22
O007215,C00980,2024-09-18 17:23:18,delivered,2024-09-30 17:23:18,2024-09-29 17:23:18
O007216,C01265,2026-01-13 18:45:44,delivered,2026-01-18 18:45:44,2026-01-25 18:45:44
O007217,C01615,2024-09-19 03:24:55,delivered,2024-09-25 03:24:55,2024-09-25 03:24:55
O007218,C00749,2025-07-14 19:18:32,delivered,2025-07-24 19:18:32,2025-07-18 19:18:32
O007219,C01749,2025-08-27 05:49:30,cancelled,2025-09-05 05:49:30,
O007220,C00440,2024-12-03 05:59:24,delivered,2024-12-13 05:59:24,2024-12-10 05:59:24
O007221,C00123,2025-03-04 08:25:48,delivered,2025-03-08 08:25:48,2025-03-09 08:25:48
O007222,C02064,2025-12-11 08:48:15,delivered,2025-12-22 08:48:15,2025-12-16 08:48:15
O007223,C02258,2026-02-18 07:53:34,delivered,2026-02-28 07:53:34,2026-02-24 07:53:34
O007224,C01458,2025-08-04 10:22:03,delivered,2025-08-11 10:22:03,2025-08-09 10:22:03
O007225,C01577,2025-12-04 23:42:43,delivered,2025-12-15 23:42:43,2025-12-10 23:42:43
O007226,C01505,2025-04-25 15:12:38,delivered,2025-05-05 15:12:38,2025-05-01 15:12:38
O007227,C00116,2024-02-16 10:46:19,delivered,2024-02-28 10:46:19,2024-02-21 10:46:19
O007228,C02077,2025-02-01 16:10:42,processing,2025-02-08 16:10:42,
O007229,C02012,2024-06-22 23:35:48,delivered,2024-07-03 23:35:48,2024-07-01 23:35:48
O007230,C01269,2025-02-01 08:47:55,cancelled,2025-02-09 08:47:55,
O007231,C00472,2025-05-23 05:24:31,delivered,2025-05-29 05:24:31,2025-06-01 05:24:31
O007232,C00024,2026-04-17 17:53:44,delivered,2026-04-20 17:53:44,2026-04-22 17:53:44
O007233,C00968,2024-01-30 19:41:45,returned,2024-02-10 19:41:45,2024-02-06 19:41:45
O007234,C00184,2025-12-22 02:23:24,processing,2026-01-03 02:23:24,
O007235,C00686,2025-11-04 20:59:37,delivered,2025-11-15 20:59:37,2025-11-08 20:59:37
O007236,C00379,2024-12-19 09:49:58,delivered,2024-12-27 09:49:58,2024-12-22 09:49:58
O007237,C00051,2025-10-28 14:28:01,shipped,2025-11-03 14:28:01,
O007238,C01375,2025-09-14 22:07:49,delivered,2025-09-25 22:07:49,2025-09-21 22:07:49
O007239,C00368,2024-12-14 12:29:41,delivered,2024-12-20 12:29:41,2024-12-18 12:29:41
O007240,C00424,2024-12-25 20:22:59,processing,2024-12-31 20:22:59,
O007241,C00290,2024-10-16 04:32:40,delivered,2024-10-28 04:32:40,2024-10-21 04:32:40
O007242,C02180,2025-09-09 10:24:08,delivered,2025-09-17 10:24:08,2025-09-14 10:24:08
O007243,C02229,2024-12-02 15:47:10,delivered,2024-12-13 15:47:10,2024-12-11 15:47:10
O007244,C01152,2025-06-18 07:15:28,delivered,2025-06-24 07:15:28,2025-06-27 07:15:28
O007245,C00230,2025-05-12 21:01:03,delivered,2025-05-16 21:01:03,2025-05-17 21:01:03
O007246,C01095,2025-02-25 10:27:09,delivered,2025-03-06 10:27:09,2025-02-27 10:27:09
O007247,C00905,2024-11-12 01:13:06,delivered,2024-11-18 01:13:06,2024-11-17 01:13:06
O007248,C01009,2024-03-30 03:34:56,delivered,2024-04-04 03:34:56,2024-04-07 03:34:56
O007249,C00064,2025-06-25 13:58:12,returned,2025-07-02 13:58:12,2025-06-30 13:58:12
O007250,C00252,2025-12-26 13:14:34,delivered,2025-12-29 13:14:34,2026-01-01 13:14:34
O007251,C01036,2026-01-06 23:54:53,delivered,2026-01-16 23:54:53,2026-01-12 23:54:53
O007252,C01320,2024-02-17 18:21:45,delivered,2024-02-22 18:21:45,2024-02-29 18:21:45
O007253,C00450,2025-09-26 02:04:09,delivered,2025-10-03 02:04:09,2025-10-05 02:04:09
O007254,C02088,2026-05-12 09:24:39,cancelled,2026-05-22 09:24:39,
O007255,C01736,2025-07-16 11:08:06,delivered,2025-07-26 11:08:06,2025-07-22 11:08:06
O007256,C02290,2024-04-05 09:14:01,delivered,2024-04-13 09:14:01,2024-04-10 09:14:01
O007257,C00259,2024-08-16 22:05:53,delivered,2024-08-23 22:05:53,2024-08-22 22:05:53
O007258,C00172,2025-07-10 09:40:20,delivered,2025-07-13 09:40:20,2025-07-23 09:40:20
O007259,C01763,2025-05-24 01:32:20,delivered,2025-06-04 01:32:20,2025-06-05 01:32:20
O007260,C00757,2025-08-04 04:16:30,delivered,2025-08-16 04:16:30,2025-08-09 04:16:30
O007261,C01384,2024-09-26 23:06:53,delivered,2024-09-29 23:06:53,2024-09-30 23:06:53
O007262,C00648,2024-06-03 09:13:00,delivered,2024-06-13 09:13:00,2024-06-08 09:13:00
O007263,C00620,2024-05-26 18:25:47,delivered,2024-06-02 18:25:47,2024-06-01 18:25:47
O007264,C02419,2024-08-27 10:23:08,delivered,2024-09-04 10:23:08,2024-08-30 10:23:08
O007265,C00168,2024-03-07 15:26:36,delivered,2024-03-16 15:26:36,2024-03-13 15:26:36
O007266,C01196,2025-07-16 15:50:44,shipped,2025-07-26 15:50:44,
O007267,C00647,2024-08-12 10:55:40,delivered,2024-08-21 10:55:40,2024-08-20 10:55:40
O007268,C01569,2025-05-21 01:09:14,delivered,2025-05-27 01:09:14,2025-05-27 01:09:14
O007269,C01060,2026-02-17 16:32:51,delivered,2026-02-26 16:32:51,2026-02-22 16:32:51
O007270,C00656,2026-01-27 14:05:24,delivered,2026-02-05 14:05:24,2026-01-29 14:05:24
O007271,C00337,2024-09-08 03:13:52,delivered,2024-09-16 03:13:52,2024-09-13 03:13:52
O007272,C01131,2025-01-22 13:24:31,delivered,2025-01-26 13:24:31,2025-01-31 13:24:31
O007273,C02275,2024-08-18 00:51:09,delivered,2024-08-26 00:51:09,2024-08-30 00:51:09
O007274,C01586,2024-01-06 07:27:21,delivered,2024-01-08 07:27:21,2024-01-14 07:27:21
O007275,C01727,2025-10-27 04:26:19,delivered,2025-10-30 04:26:19,2025-10-31 04:26:19
O007276,C02166,2025-05-17 02:14:19,delivered,2025-05-24 02:14:19,2025-05-19 02:14:19
O007277,C00079,2025-11-07 07:50:12,returned,2025-11-17 07:50:12,2025-11-14 07:50:12
O007278,C00194,2026-02-08 08:11:13,delivered,2026-02-12 08:11:13,2026-02-17 08:11:13
O007279,C01690,2026-05-14 11:46:12,delivered,2026-05-26 11:46:12,2026-05-22 11:46:12
O007280,C02275,2026-01-29 06:17:22,delivered,2026-02-09 06:17:22,2026-02-09 06:17:22
O007281,C01106,2024-04-24 15:20:48,delivered,2024-05-01 15:20:48,2024-05-02 15:20:48
O007282,C01992,2026-03-17 10:22:21,delivered,2026-03-21 10:22:21,2026-03-23 10:22:21
O007283,C02398,2024-04-30 01:23:42,delivered,2024-05-10 01:23:42,2024-05-10 01:23:42
O007284,C01409,2025-05-14 17:19:21,delivered,2025-05-16 17:19:21,2025-05-20 17:19:21
O007285,C02169,2024-10-08 12:00:06,delivered,2024-10-18 12:00:06,2024-10-10 12:00:06
O007286,C00445,2025-08-26 18:43:11,delivered,2025-09-04 18:43:11,2025-08-31 18:43:11
O007287,C02487,2025-12-14 19:30:45,delivered,2025-12-17 19:30:45,2025-12-18 19:30:45
O007288,C00357,2024-07-07 02:25:34,delivered,2024-07-16 02:25:34,2024-07-15 02:25:34
O007289,C01652,2026-05-13 21:29:11,cancelled,2026-05-20 21:29:11,
O007290,C01182,2026-02-02 02:04:33,delivered,2026-02-04 02:04:33,2026-02-10 02:04:33
O007291,C00748,2024-05-07 18:27:19,delivered,2024-05-13 18:27:19,2024-05-08 18:27:19
O007292,C01505,2024-12-29 00:35:54,delivered,2025-01-06 00:35:54,2024-12-30 00:35:54
O007293,C01830,2025-11-02 12:41:42,delivered,2025-11-07 12:41:42,2025-11-03 12:41:42
O007294,C02182,2026-01-08 13:32:20,delivered,2026-01-15 13:32:20,2026-01-13 13:32:20
O007295,C01502,2024-01-16 02:12:46,delivered,2024-01-25 02:12:46,2024-01-17 02:12:46
O007296,C02155,2026-04-27 17:07:33,delivered,2026-05-02 17:07:33,2026-04-30 17:07:33
O007297,C01218,2025-06-11 15:04:31,delivered,2025-06-19 15:04:31,2025-06-15 15:04:31
O007298,C02428,2025-10-11 14:37:45,delivered,2025-10-23 14:37:45,2025-10-18 14:37:45
O007299,C01113,2024-06-09 17:27:22,cancelled,2024-06-16 17:27:22,
O007300,C02204,2026-02-08 22:22:00,delivered,,2026-02-13 22:22:00
O007301,C00784,2025-04-09 17:14:10,delivered,2025-04-16 17:14:10,2025-04-15 17:14:10
O007302,C01569,2024-11-26 07:15:38,delivered,2024-12-01 07:15:38,2024-12-03 07:15:38
O007303,C01723,2026-05-09 02:20:38,delivered,2026-05-13 02:20:38,2026-05-15 02:20:38
O007304,C01500,2025-02-20 16:02:13,shipped,2025-02-24 16:02:13,
O007305,C01423,2025-01-22 23:43:37,delivered,2025-01-30 23:43:37,2025-01-25 23:43:37
O007306,C01525,2025-03-12 18:03:42,delivered,2025-03-14 18:03:42,2025-03-15 18:03:42
O007307,C00996,2024-10-02 04:28:05,delivered,2024-10-06 04:28:05,2024-10-04 04:28:05
O007308,C00788,2026-04-21 02:19:31,processing,2026-05-03 02:19:31,
O007309,C00503,2025-06-29 06:04:36,delivered,,2025-07-03 06:04:36
O007310,C00302,2026-05-10 15:20:36,delivered,2026-05-16 15:20:36,2026-05-16 15:20:36
O007311,C01702,2026-02-01 04:46:52,delivered,2026-02-13 04:46:52,2026-02-03 04:46:52
O007312,C01280,2024-12-20 14:19:51,delivered,2024-12-29 14:19:51,2024-12-25 14:19:51
O007313,C01132,2025-03-21 09:36:11,delivered,2025-03-29 09:36:11,2025-03-27 09:36:11
O007314,C00477,2026-03-15 10:28:56,returned,2026-03-27 10:28:56,2026-03-23 10:28:56
O007315,C01930,2024-04-08 07:32:09,shipped,2024-04-17 07:32:09,
O007316,C02137,2024-09-03 15:24:49,shipped,2024-09-11 15:24:49,
O007317,C01680,2024-10-29 17:18:29,cancelled,2024-11-01 17:18:29,
O007318,C00868,2024-09-22 01:26:43,delivered,2024-09-24 01:26:43,2024-09-26 01:26:43
O007319,C01408,2025-07-11 18:06:17,delivered,2025-07-22 18:06:17,2025-07-12 18:06:17
O007320,C00717,2026-01-16 07:48:14,delivered,2026-01-22 07:48:14,2026-01-27 07:48:14
O007321,C01712,2026-04-01 01:06:50,delivered,2026-04-06 01:06:50,2026-04-07 01:06:50
O007322,C00046,2025-11-15 16:34:58,delivered,2025-11-17 16:34:58,2025-11-20 16:34:58
O007323,C00849,2025-11-03 09:13:38,cancelled,2025-11-10 09:13:38,
O007324,C00132,2024-08-21 22:11:36,delivered,2024-08-24 22:11:36,2024-08-26 22:11:36
O007325,C00414,2024-08-20 13:13:32,delivered,2024-08-28 13:13:32,2024-09-01 13:13:32
O007326,C00042,2024-12-21 05:58:34,delivered,2025-01-02 05:58:34,2024-12-25 05:58:34
O007327,C01739,2025-12-31 16:03:39,delivered,2026-01-06 16:03:39,2026-01-02 16:03:39
O007328,C00311,2024-07-04 12:27:09,delivered,2024-07-07 12:27:09,2024-07-11 12:27:09
O007329,C01179,2025-08-03 01:35:02,delivered,2025-08-07 01:35:02,2025-08-05 01:35:02
O007330,C02116,2026-06-04 16:07:11,delivered,2026-06-13 16:07:11,2026-06-14 16:07:11
O007331,C00128,2024-01-28 12:28:49,delivered,2024-02-09 12:28:49,2024-02-08 12:28:49
O007332,C00292,2024-06-30 21:03:13,delivered,2024-07-12 21:03:13,2024-07-12 21:03:13
O007333,C00871,2025-06-07 17:46:56,delivered,2025-06-13 17:46:56,2025-06-11 17:46:56
O007334,C00679,2024-08-25 12:29:54,delivered,2024-08-28 12:29:54,2024-08-31 12:29:54
O007335,C02335,2025-07-16 17:32:46,shipped,2025-07-20 17:32:46,
O007336,C01633,2025-07-11 23:52:14,delivered,2025-07-17 23:52:14,2025-07-17 23:52:14
O007337,C01848,2025-10-01 12:11:38,delivered,2025-10-10 12:11:38,2025-10-05 12:11:38
O007338,C02158,2025-10-22 00:11:00,delivered,2025-10-25 00:11:00,2025-10-23 00:11:00
O007339,C01329,2026-03-30 03:40:33,delivered,2026-04-03 03:40:33,2026-03-31 03:40:33
O007340,C02438,2024-12-05 02:48:33,delivered,2024-12-16 02:48:33,2024-12-12 02:48:33
O007341,C00997,2024-07-12 08:10:16,delivered,2024-07-16 08:10:16,2024-07-17 08:10:16
O007342,C01588,2025-01-10 10:52:47,delivered,2025-01-19 10:52:47,2025-01-21 10:52:47
O007343,C02116,2024-06-06 10:13:49,delivered,,2024-06-10 10:13:49
O007344,C02320,2025-04-15 14:26:50,delivered,2025-04-26 14:26:50,2025-04-24 14:26:50
O007345,C01252,2026-03-29 19:00:50,delivered,2026-04-10 19:00:50,2026-04-07 19:00:50
O007346,C01457,2024-01-15 03:50:24,delivered,2024-01-22 03:50:24,2024-01-23 03:50:24
O007347,C01818,2026-04-20 18:01:31,delivered,2026-04-28 18:01:31,2026-04-30 18:01:31
O007348,C00691,2024-05-04 10:14:21,delivered,2024-05-16 10:14:21,2024-05-06 10:14:21
O007349,C01759,2025-08-03 16:23:44,delivered,2025-08-10 16:23:44,2025-08-04 16:23:44
O007350,C01653,2025-03-24 05:05:10,delivered,2025-04-04 05:05:10,2025-03-29 05:05:10
O007351,C01520,2026-02-10 23:58:58,delivered,2026-02-22 23:58:58,2026-02-14 23:58:58
O007352,C00539,2024-02-18 02:07:38,delivered,2024-02-22 02:07:38,2024-02-26 02:07:38
O007353,C00353,2025-12-27 01:53:02,delivered,2025-12-29 01:53:02,2025-12-28 01:53:02
O007354,C01220,2024-11-14 05:54:40,cancelled,2024-11-26 05:54:40,
O007355,C01953,2024-04-13 00:04:00,delivered,2024-04-25 00:04:00,2024-04-16 00:04:00
O007356,C02368,2026-03-03 08:28:50,delivered,2026-03-13 08:28:50,2026-03-11 08:28:50
O007357,C00646,2025-12-10 01:24:46,shipped,2025-12-21 01:24:46,
O007358,C02227,2024-01-23 03:52:05,delivered,2024-01-30 03:52:05,2024-01-26 03:52:05
O007359,C01542,2025-05-27 16:59:33,delivered,2025-06-04 16:59:33,2025-06-02 16:59:33
O007360,C01600,2025-07-30 18:35:28,delivered,2025-08-08 18:35:28,2025-08-06 18:35:28
O007361,C02325,2025-12-17 12:38:58,delivered,2025-12-19 12:38:58,2025-12-18 12:38:58
O007362,C01515,2025-11-20 02:55:14,delivered,2025-11-22 02:55:14,2025-12-02 02:55:14
O007363,C00073,2024-03-01 04:56:43,delivered,2024-03-11 04:56:43,2024-03-02 04:56:43
O007364,C01535,2025-07-09 06:05:19,processing,2025-07-17 06:05:19,
O007365,C01160,2024-08-29 09:35:16,delivered,2024-09-02 09:35:16,2024-09-02 09:35:16
O007366,C02077,2024-02-05 20:15:55,delivered,2024-02-08 20:15:55,2024-02-16 20:15:55
O007367,C00246,2025-02-07 23:54:01,delivered,2025-02-11 23:54:01,2025-02-15 23:54:01
O007368,C02348,2025-09-14 18:02:06,delivered,2025-09-20 18:02:06,2025-09-23 18:02:06
O007369,C01830,2024-12-04 01:26:29,delivered,2024-12-07 01:26:29,2024-12-11 01:26:29
O007370,C00184,2025-02-27 11:58:28,delivered,2025-03-03 11:58:28,2025-03-04 11:58:28
O007371,C00568,2025-03-23 03:45:47,delivered,2025-03-29 03:45:47,2025-04-02 03:45:47
O007372,C00655,2025-01-28 01:34:02,delivered,2025-02-06 01:34:02,2025-01-30 01:34:02
O007373,C00937,2024-10-01 21:01:20,delivered,2024-10-07 21:01:20,2024-10-05 21:01:20
O007374,C00802,2025-01-21 02:04:05,delivered,2025-01-30 02:04:05,2025-01-30 02:04:05
O007375,C00400,2026-03-21 18:30:11,delivered,2026-03-24 18:30:11,2026-03-24 18:30:11
O007376,C02362,2024-09-17 05:13:28,delivered,2024-09-21 05:13:28,2024-09-24 05:13:28
O007377,C01422,2024-10-10 08:28:05,delivered,2024-10-21 08:28:05,2024-10-15 08:28:05
O007378,C02271,2025-03-04 05:28:47,delivered,2025-03-13 05:28:47,2025-03-11 05:28:47
O007379,C00527,2025-06-06 01:55:54,processing,2025-06-08 01:55:54,
O007380,C01792,2024-01-29 10:07:01,delivered,2024-02-02 10:07:01,2024-02-03 10:07:01
O007381,C00213,2025-11-01 00:51:11,delivered,2025-11-07 00:51:11,2025-11-12 00:51:11
O007382,C00777,2024-11-29 02:17:08,shipped,2024-12-07 02:17:08,
O007383,C02404,2025-12-02 19:22:16,delivered,2025-12-13 19:22:16,2025-12-08 19:22:16
O007384,C00702,2025-06-22 05:22:14,delivered,2025-06-26 05:22:14,2025-07-04 05:22:14
O007385,C02479,2025-08-29 14:43:52,delivered,2025-09-05 14:43:52,2025-09-04 14:43:52
O007386,C00244,2024-03-22 06:46:28,delivered,2024-04-01 06:46:28,2024-03-30 06:46:28
O007387,C00517,2026-05-21 06:33:48,delivered,2026-05-25 06:33:48,2026-06-05 06:33:48
O007388,C00435,2024-11-02 16:50:07,delivered,2024-11-04 16:50:07,2024-11-09 16:50:07
O007389,C00918,2026-05-06 20:34:50,delivered,2026-05-12 20:34:50,2026-05-11 20:34:50
O007390,C01495,2026-06-10 17:59:36,delivered,2026-06-17 17:59:36,2026-06-14 17:59:36
O007391,C01642,2024-03-21 07:04:53,delivered,2024-03-24 07:04:53,2024-03-22 07:04:53
O007392,C00195,2026-02-03 15:37:03,delivered,2026-02-09 15:37:03,2026-02-13 15:37:03
O007393,C00975,2024-11-23 15:20:25,delivered,2024-11-30 15:20:25,2024-11-29 15:20:25
O007394,C01169,2024-02-17 15:21:54,returned,2024-02-28 15:21:54,2024-02-24 15:21:54
O007395,C02307,2024-04-20 20:43:45,delivered,2024-04-23 20:43:45,2024-04-26 20:43:45
O007396,C00291,2024-06-16 18:32:59,delivered,2024-06-24 18:32:59,2024-06-26 18:32:59
O007397,C00796,2024-09-17 03:15:20,delivered,,2024-09-19 03:15:20
O007398,C00983,2024-10-21 18:25:47,delivered,2024-10-25 18:25:47,2024-10-27 18:25:47
O007399,C02351,2026-04-09 13:39:04,delivered,2026-04-16 13:39:04,2026-04-14 13:39:04
O007400,C01317,2025-01-03 09:17:19,delivered,2025-01-08 09:17:19,2025-01-10 09:17:19
O007401,C01729,2024-11-08 16:39:59,delivered,2024-11-16 16:39:59,2024-11-13 16:39:59
O007402,C01749,2024-02-24 07:09:18,delivered,2024-03-03 07:09:18,2024-02-27 07:09:18
O007403,C01445,2024-05-12 06:42:14,delivered,2024-05-24 06:42:14,2024-05-13 06:42:14
O007404,C01525,2024-04-15 21:45:22,returned,2024-04-17 21:45:22,2024-04-27 21:45:22
O007405,C02245,2025-10-18 14:16:49,returned,2025-10-24 14:16:49,2025-10-29 14:16:49
O007406,C01506,2024-03-24 07:29:51,shipped,2024-03-26 07:29:51,
O007407,C00963,2024-08-07 15:21:18,delivered,2024-08-10 15:21:18,2024-08-12 15:21:18
O007408,C00277,2024-11-03 02:00:34,delivered,2024-11-08 02:00:34,2024-11-04 02:00:34
O007409,C02097,2024-05-26 10:08:11,delivered,2024-05-29 10:08:11,2024-06-07 10:08:11
O007410,C00742,2024-04-04 06:03:02,delivered,2024-04-15 06:03:02,2024-04-07 06:03:02
O007411,C00739,2026-04-13 21:29:10,delivered,2026-04-22 21:29:10,2026-04-18 21:29:10
O007412,C02470,2026-06-02 07:20:59,delivered,2026-06-04 07:20:59,2026-06-07 07:20:59
O007413,C01090,2025-04-27 05:22:42,delivered,2025-05-08 05:22:42,2025-05-01 05:22:42
O007414,C00029,2025-06-17 21:34:08,delivered,2025-06-27 21:34:08,2025-06-18 21:34:08
O007415,C00680,2024-04-08 12:06:41,shipped,2024-04-11 12:06:41,
O007416,C01948,2025-05-13 21:14:45,returned,2025-05-16 21:14:45,2025-05-15 21:14:45
O007417,C00568,2025-12-17 23:11:16,delivered,2025-12-27 23:11:16,2025-12-20 23:11:16
O007418,C02166,2025-05-31 13:15:24,delivered,2025-06-09 13:15:24,2025-06-08 13:15:24
O007419,C01358,2024-08-06 07:43:34,delivered,2024-08-11 07:43:34,2024-08-11 07:43:34
O007420,C01308,2025-09-24 17:11:09,delivered,2025-10-06 17:11:09,2025-09-27 17:11:09
O007421,C02444,2025-08-11 05:16:54,delivered,2025-08-13 05:16:54,2025-08-13 05:16:54
O007422,C01578,2024-01-13 18:18:26,delivered,2024-01-21 18:18:26,2024-01-14 18:18:26
O007423,C01155,2024-09-20 16:05:38,delivered,2024-09-25 16:05:38,2024-09-21 16:05:38
O007424,C00030,2026-05-23 09:05:03,cancelled,2026-05-31 09:05:03,
O007425,C01787,2024-07-16 08:02:49,delivered,2024-07-20 08:02:49,2024-07-22 08:02:49
O007426,C01722,2026-04-03 03:41:54,returned,2026-04-09 03:41:54,2026-04-05 03:41:54
O007427,C02229,2024-08-13 02:35:14,delivered,2024-08-15 02:35:14,2024-08-14 02:35:14
O007428,C00334,2024-11-22 12:18:16,delivered,2024-11-27 12:18:16,2024-11-23 12:18:16
O007429,C01176,2025-05-02 22:48:30,cancelled,2025-05-04 22:48:30,
O007430,C01788,2025-02-09 22:56:52,processing,2025-02-18 22:56:52,
O007431,C01041,2025-04-03 14:32:29,delivered,2025-04-10 14:32:29,2025-04-08 14:32:29
O007432,C01063,2026-05-18 05:31:40,delivered,2026-05-22 05:31:40,2026-05-22 05:31:40
O007433,C01030,2025-04-13 11:54:28,delivered,2025-04-24 11:54:28,2025-04-19 11:54:28
O007434,C00957,2025-08-03 16:09:35,returned,2025-08-09 16:09:35,2025-08-11 16:09:35
O007435,C01106,2026-01-22 20:42:01,delivered,2026-02-03 20:42:01,2026-01-26 20:42:01
O007436,C01266,2024-07-14 00:15:49,delivered,2024-07-25 00:15:49,2024-07-18 00:15:49
O007437,C00687,2025-11-17 09:05:50,returned,2025-11-21 09:05:50,2025-11-22 09:05:50
O007438,C02287,2024-10-22 19:01:53,delivered,2024-11-01 19:01:53,2024-10-31 19:01:53
O007439,C01434,2024-02-08 13:59:40,delivered,2024-02-19 13:59:40,2024-02-10 13:59:40
O007440,C00764,2024-09-23 05:06:10,delivered,2024-09-27 05:06:10,2024-09-29 05:06:10
O007441,C01819,2024-12-23 01:43:55,delivered,2024-12-29 01:43:55,2024-12-25 01:43:55
O007442,C01212,2026-02-26 08:46:04,delivered,2026-03-10 08:46:04,2026-02-27 08:46:04
O007443,C00167,2024-03-11 19:09:46,returned,2024-03-21 19:09:46,2024-03-20 19:09:46
O007444,C00534,2025-10-28 02:26:53,delivered,2025-10-31 02:26:53,2025-11-05 02:26:53
O007445,C00870,2025-06-05 19:11:53,delivered,2025-06-16 19:11:53,2025-06-13 19:11:53
O007446,C02224,2025-10-26 03:27:32,delivered,2025-11-02 03:27:32,2025-11-06 03:27:32
O007447,C01495,2026-04-30 14:53:30,delivered,2026-05-11 14:53:30,2026-05-06 14:53:30
O007448,C00942,2026-02-17 22:03:18,delivered,2026-02-24 22:03:18,2026-02-22 22:03:18
O007449,C00412,2025-09-29 16:06:25,delivered,2025-10-02 16:06:25,2025-10-06 16:06:25
O007450,C02214,2025-10-24 21:07:15,returned,2025-11-05 21:07:15,2025-11-02 21:07:15
O007451,C01997,2024-04-17 07:41:41,delivered,2024-04-29 07:41:41,2024-04-28 07:41:41
O007452,C02184,2024-04-25 09:55:54,delivered,2024-04-29 09:55:54,2024-04-30 09:55:54
O007453,C00351,2025-05-29 12:09:43,delivered,2025-06-07 12:09:43,2025-06-03 12:09:43
O007454,C00707,2024-11-05 23:34:57,delivered,2024-11-10 23:34:57,2024-11-13 23:34:57
O007455,C01056,2025-12-04 06:59:13,processing,2025-12-13 06:59:13,
O007456,C01094,2026-06-25 05:04:36,shipped,2026-07-05 05:04:36,
O007457,C00946,2024-11-10 00:15:35,delivered,2024-11-13 00:15:35,2024-11-13 00:15:35
O007458,C02140,2025-01-13 09:54:20,returned,2025-01-16 09:54:20,2025-01-21 09:54:20
O007459,C00898,2026-05-28 19:23:30,delivered,2026-06-06 19:23:30,2026-06-02 19:23:30
O007460,C01580,2024-10-26 05:08:53,delivered,2024-10-29 05:08:53,2024-11-05 05:08:53
O007461,C02404,2025-11-06 04:40:29,delivered,2025-11-13 04:40:29,2025-11-13 04:40:29
O007462,C01386,2025-04-10 22:34:38,delivered,2025-04-20 22:34:38,2025-04-13 22:34:38
O007463,C01437,2026-02-02 03:19:52,delivered,2026-02-04 03:19:52,2026-02-11 03:19:52
O007464,C01158,2025-11-19 11:30:52,delivered,2025-11-27 11:30:52,2025-11-26 11:30:52
O007465,C01261,2026-05-29 19:53:31,delivered,2026-06-10 19:53:31,2026-05-31 19:53:31
O007466,C00023,2025-12-03 11:53:45,delivered,2025-12-10 11:53:45,2025-12-09 11:53:45
O007467,C01312,2025-04-24 01:05:40,delivered,2025-05-04 01:05:40,2025-05-06 01:05:40
O007468,C01853,2024-10-24 03:39:44,cancelled,2024-10-28 03:39:44,
O007469,C00681,2024-09-24 14:55:24,returned,2024-10-04 14:55:24,2024-10-01 14:55:24
O007470,C02105,2024-02-03 20:19:44,delivered,2024-02-13 20:19:44,2024-02-09 20:19:44
O007471,C01055,2026-03-04 15:57:25,delivered,2026-03-07 15:57:25,2026-03-09 15:57:25
O007472,C02493,2024-03-04 04:22:56,delivered,2024-03-12 04:22:56,2024-03-12 04:22:56
O007473,C00244,2025-03-29 10:59:51,delivered,2025-04-05 10:59:51,2025-04-05 10:59:51
O007474,C00652,2026-05-04 13:35:36,delivered,2026-05-12 13:35:36,2026-05-13 13:35:36
O007475,C01575,2025-08-01 17:41:30,delivered,2025-08-09 17:41:30,2025-08-05 17:41:30
O007476,C01716,2025-07-21 05:59:53,delivered,2025-07-27 05:59:53,2025-07-24 05:59:53
O007477,C01744,2024-01-22 17:02:39,delivered,2024-02-03 17:02:39,2024-01-28 17:02:39
O007478,C00247,2025-12-20 18:27:10,delivered,2025-12-27 18:27:10,2025-12-29 18:27:10
O007479,C01013,2025-01-29 19:55:42,delivered,2025-02-02 19:55:42,2025-01-31 19:55:42
O007480,C00054,2026-03-18 07:25:46,delivered,2026-03-24 07:25:46,2026-03-21 07:25:46
O007481,C01737,2024-01-29 14:35:01,delivered,2024-02-10 14:35:01,2024-02-01 14:35:01
O007482,C02409,2024-08-07 02:14:55,delivered,2024-08-11 02:14:55,2024-08-15 02:14:55
O007483,C01276,2025-08-31 05:41:49,delivered,2025-09-12 05:41:49,2025-09-04 05:41:49
O007484,C01457,2025-12-06 17:08:21,delivered,2025-12-18 17:08:21,2025-12-07 17:08:21
O007485,C02477,2024-03-29 02:25:51,delivered,2024-04-03 02:25:51,2024-04-01 02:25:51
O007486,C00094,2025-04-03 07:29:13,delivered,2025-04-10 07:29:13,2025-04-09 07:29:13
O007487,C02091,2024-07-19 06:56:08,delivered,2024-07-29 06:56:08,2024-07-23 06:56:08
O007488,C01933,2025-06-01 15:03:00,shipped,2025-06-09 15:03:00,
O007489,C00904,2024-12-15 23:57:06,delivered,2024-12-25 23:57:06,2024-12-23 23:57:06
O007490,C01852,2024-08-19 07:57:45,delivered,2024-08-26 07:57:45,2024-08-25 07:57:45
O007491,C01904,2024-09-12 07:00:51,delivered,2024-09-20 07:00:51,2024-09-16 07:00:51
O007492,C01755,2024-12-06 21:56:57,returned,2024-12-11 21:56:57,2024-12-17 21:56:57
O007493,C00774,2024-03-17 23:07:46,delivered,2024-03-24 23:07:46,2024-03-24 23:07:46
O007494,C00727,2024-11-29 06:21:30,delivered,2024-12-11 06:21:30,2024-12-10 06:21:30
O007495,C01713,2025-07-20 21:16:51,shipped,2025-07-28 21:16:51,
O007496,C02431,2025-05-10 13:03:24,delivered,2025-05-22 13:03:24,2025-05-15 13:03:24
O007497,C02111,2025-05-08 22:43:10,cancelled,2025-05-16 22:43:10,
O007498,C02245,2025-10-27 04:08:58,delivered,2025-11-02 04:08:58,2025-11-08 04:08:58
O007499,C00113,2025-08-16 11:35:35,delivered,2025-08-20 11:35:35,2025-08-25 11:35:35
O007500,C00125,2025-04-04 01:14:53,delivered,2025-04-15 01:14:53,2025-04-10 01:14:53
O007501,C00646,2024-05-28 18:20:42,delivered,2024-06-03 18:20:42,2024-06-03 18:20:42
O007502,C02453,2024-03-05 02:26:36,delivered,2024-03-08 02:26:36,2024-03-09 02:26:36
O007503,C00584,2025-05-30 04:47:53,shipped,2025-06-05 04:47:53,
O007504,C01465,2025-03-15 12:23:07,delivered,2025-03-25 12:23:07,2025-03-20 12:23:07
O007505,C02500,2026-06-09 05:34:27,delivered,2026-06-18 05:34:27,2026-06-15 05:34:27
O007506,C00175,2024-01-25 22:04:09,shipped,2024-01-28 22:04:09,
O007507,C02484,2025-04-05 01:26:50,delivered,2025-04-10 01:26:50,2025-04-08 01:26:50
O007508,C00100,2024-03-22 02:35:20,delivered,2024-03-29 02:35:20,2024-03-29 02:35:20
O007509,C02269,2025-03-12 18:05:55,delivered,2025-03-15 18:05:55,2025-03-20 18:05:55
O007510,C00417,2026-05-26 20:53:39,delivered,2026-05-30 20:53:39,2026-06-01 20:53:39
O007511,C00922,2024-02-07 07:15:42,delivered,2024-02-09 07:15:42,2024-02-09 07:15:42
O007512,C00690,2025-10-06 07:54:47,delivered,2025-10-12 07:54:47,2025-10-16 07:54:47
O007513,C00862,2024-04-05 10:58:36,delivered,2024-04-07 10:58:36,2024-04-12 10:58:36
O007514,C01960,2024-11-20 06:09:09,delivered,2024-11-29 06:09:09,2024-11-24 06:09:09
O007515,C00748,2026-05-27 22:20:09,delivered,2026-06-03 22:20:09,2026-06-01 22:20:09
O007516,C01860,2026-01-12 16:55:31,cancelled,2026-01-20 16:55:31,
O007517,C01125,2024-03-20 17:04:01,delivered,2024-03-29 17:04:01,2024-03-24 17:04:01
O007518,C00916,2025-12-09 10:09:53,delivered,2025-12-11 10:09:53,2025-12-18 10:09:53
O007519,C00311,2026-02-07 15:46:16,delivered,2026-02-15 15:46:16,2026-02-09 15:46:16
O007520,C00909,2025-10-08 23:54:37,delivered,2025-10-19 23:54:37,2025-10-15 23:54:37
O007521,C02433,2024-12-08 11:32:41,delivered,2024-12-12 11:32:41,2024-12-11 11:32:41
O007522,C01543,2025-11-03 08:33:04,delivered,2025-11-12 08:33:04,2025-11-11 08:33:04
O007523,C02193,2024-04-08 18:18:04,delivered,2024-04-13 18:18:04,2024-04-11 18:18:04
O007524,C02095,2024-04-08 02:07:22,delivered,2024-04-12 02:07:22,2024-04-10 02:07:22
O007525,C00745,2025-04-10 23:27:17,returned,2025-04-12 23:27:17,2025-04-17 23:27:17
O007526,C00547,2024-04-13 11:45:14,delivered,2024-04-21 11:45:14,2024-04-18 11:45:14
O007527,C01845,2024-08-10 15:14:50,delivered,2024-08-16 15:14:50,2024-08-15 15:14:50
O007528,C01800,2025-09-16 19:28:33,delivered,2025-09-27 19:28:33,2025-09-17 19:28:33
O007529,C00200,2026-04-25 01:38:43,delivered,2026-05-05 01:38:43,2026-04-26 01:38:43
O007530,C01339,2025-01-12 17:50:39,delivered,2025-01-22 17:50:39,2025-01-19 17:50:39
O007531,C00315,2024-04-04 08:46:43,shipped,2024-04-08 08:46:43,
O007532,C02343,2024-11-24 06:30:37,delivered,2024-12-02 06:30:37,2024-12-04 06:30:37
O007533,C02256,2025-04-08 02:37:31,delivered,2025-04-15 02:37:31,2025-04-13 02:37:31
O007534,C01990,2024-05-16 22:51:43,delivered,2024-05-22 22:51:43,2024-05-21 22:51:43
O007535,C00860,2024-10-26 01:54:45,returned,2024-11-05 01:54:45,2024-11-06 01:54:45
O007536,C02239,2024-11-02 16:12:19,delivered,2024-11-08 16:12:19,2024-11-09 16:12:19
O007537,C01312,2024-03-02 23:27:06,delivered,2024-03-14 23:27:06,2024-03-07 23:27:06
O007538,C01212,2024-08-01 15:45:11,delivered,2024-08-09 15:45:11,2024-08-11 15:45:11
O007539,C01297,2025-08-10 04:57:28,delivered,2025-08-21 04:57:28,2025-08-16 04:57:28
O007540,C01040,2026-01-08 11:43:40,delivered,2026-01-12 11:43:40,2026-01-11 11:43:40
O007541,C00500,2026-04-14 23:53:07,delivered,2026-04-25 23:53:07,2026-04-24 23:53:07
O007542,C01287,2024-03-16 22:49:16,returned,2024-03-25 22:49:16,2024-03-27 22:49:16
O007543,C02058,2026-05-20 04:42:45,delivered,2026-05-27 04:42:45,2026-05-29 04:42:45
O007544,C02394,2024-04-27 05:26:01,delivered,2024-05-09 05:26:01,2024-05-01 05:26:01
O007545,C01179,2025-03-04 07:00:19,delivered,2025-03-10 07:00:19,2025-03-06 07:00:19
O007546,C01529,2025-12-25 00:58:40,returned,2026-01-03 00:58:40,2025-12-31 00:58:40
O007547,C01279,2024-12-21 19:57:50,delivered,2024-12-27 19:57:50,2024-12-25 19:57:50
O007548,C01980,2024-11-20 03:56:54,returned,2024-11-23 03:56:54,2024-11-23 03:56:54
O007549,C00223,2026-04-05 08:43:05,delivered,2026-04-09 08:43:05,2026-04-11 08:43:05
O007550,C00396,2026-02-17 08:10:23,delivered,2026-02-21 08:10:23,2026-02-25 08:10:23
O007551,C00133,2024-08-22 16:38:48,delivered,2024-08-25 16:38:48,2024-08-27 16:38:48
O007552,C00478,2024-11-08 15:36:19,delivered,2024-11-20 15:36:19,2024-11-15 15:36:19
O007553,C01360,2025-02-13 14:08:52,cancelled,2025-02-20 14:08:52,
O007554,C01877,2024-12-30 19:05:16,delivered,2025-01-07 19:05:16,2025-01-10 19:05:16
O007555,C01775,2024-03-04 02:45:49,delivered,2024-03-13 02:45:49,2024-03-13 02:45:49
O007556,C00608,2026-04-09 00:38:14,delivered,2026-04-16 00:38:14,2026-04-11 00:38:14
O007557,C00671,2024-12-15 22:48:15,shipped,2024-12-23 22:48:15,
O007558,C01472,2026-02-15 10:56:42,delivered,2026-02-19 10:56:42,2026-02-22 10:56:42
O007559,C01507,2024-09-06 04:25:41,delivered,2024-09-09 04:25:41,2024-09-13 04:25:41
O007560,C02063,2024-01-29 11:06:46,delivered,2024-02-07 11:06:46,2024-01-31 11:06:46
O007561,C02141,2025-02-27 00:52:51,delivered,2025-03-02 00:52:51,2025-03-03 00:52:51
O007562,C00114,2024-02-08 13:22:32,delivered,2024-02-19 13:22:32,2024-02-12 13:22:32
O007563,C02120,2024-09-30 04:10:31,processing,2024-10-03 04:10:31,
O007564,C02006,2025-08-14 15:52:05,delivered,2025-08-19 15:52:05,2025-08-21 15:52:05
O007565,C00767,2024-09-18 21:18:15,delivered,2024-09-21 21:18:15,2024-10-01 21:18:15
O007566,C00967,2024-09-28 05:17:49,delivered,2024-10-01 05:17:49,2024-10-06 05:17:49
O007567,C01130,2025-02-26 07:26:49,delivered,2025-03-07 07:26:49,2025-02-27 07:26:49
O007568,C00621,2025-01-12 07:14:21,delivered,2025-01-23 07:14:21,2025-01-18 07:14:21
O007569,C00653,2025-04-23 08:01:37,delivered,2025-04-30 08:01:37,2025-05-05 08:01:37
O007570,C00153,2025-07-01 17:46:57,delivered,2025-07-05 17:46:57,2025-07-05 17:46:57
O007571,C00335,2024-07-15 05:05:53,delivered,2024-07-24 05:05:53,2024-07-23 05:05:53
O007572,C00131,2026-03-21 06:04:11,delivered,2026-04-01 06:04:11,2026-03-22 06:04:11
O007573,C01791,2024-10-07 23:34:07,delivered,2024-10-19 23:34:07,2024-10-12 23:34:07
O007574,C01884,2024-07-11 15:38:41,delivered,2024-07-16 15:38:41,2024-07-12 15:38:41
O007575,C01049,2024-08-23 01:48:46,delivered,2024-08-27 01:48:46,2024-08-30 01:48:46
O007576,C00882,2024-09-15 06:58:51,delivered,2024-09-25 06:58:51,2024-09-18 06:58:51
O007577,C01145,2024-03-24 04:14:44,delivered,2024-03-30 04:14:44,2024-03-29 04:14:44
O007578,C01631,2024-07-07 17:21:10,delivered,2024-07-14 17:21:10,2024-07-17 17:21:10
O007579,C00065,2024-11-14 10:18:17,delivered,2024-11-24 10:18:17,2024-11-19 10:18:17
O007580,C01100,2025-01-02 16:00:53,delivered,2025-01-05 16:00:53,2025-01-10 16:00:53
O007581,C00404,2025-02-03 16:29:50,shipped,2025-02-11 16:29:50,
O007582,C01681,2026-01-27 14:20:32,delivered,2026-01-31 14:20:32,2026-02-02 14:20:32
O007583,C00984,2024-08-31 05:04:31,cancelled,2024-09-05 05:04:31,
O007584,C01588,2026-01-10 20:02:51,delivered,2026-01-19 20:02:51,2026-01-16 20:02:51
O007585,C01984,2024-06-12 04:54:11,shipped,2024-06-16 04:54:11,
O007586,C01820,2024-01-14 06:19:17,delivered,2024-01-18 06:19:17,2024-01-15 06:19:17
O007587,C01522,2026-06-20 22:03:00,delivered,2026-06-23 22:03:00,2026-07-01 22:03:00
O007588,C01273,2026-05-01 22:57:39,returned,2026-05-10 22:57:39,2026-05-09 22:57:39
O007589,C00692,2025-10-20 01:02:22,delivered,2025-10-29 01:02:22,2025-10-28 01:02:22
O007590,C00993,2024-02-11 11:26:54,delivered,2024-02-20 11:26:54,2024-02-17 11:26:54
O007591,C00252,2024-03-04 11:47:59,delivered,2024-03-15 11:47:59,2024-03-12 11:47:59
O007592,C01743,2026-04-18 13:55:37,processing,2026-04-21 13:55:37,
O007593,C01915,2024-07-12 17:59:05,delivered,2024-07-22 17:59:05,2024-07-20 17:59:05
O007594,C00215,2024-09-28 02:20:33,shipped,2024-09-30 02:20:33,
O007595,C00154,2024-10-02 16:26:34,delivered,2024-10-04 16:26:34,2024-10-08 16:26:34
O007596,C00423,2025-05-23 09:10:47,delivered,2025-05-27 09:10:47,2025-06-03 09:10:47
O007597,C00973,2025-06-14 12:34:38,delivered,2025-06-19 12:34:38,2025-06-19 12:34:38
O007598,C02201,2024-04-21 15:52:02,delivered,2024-05-03 15:52:02,2024-04-26 15:52:02
O007599,C01745,2024-07-03 23:41:28,delivered,2024-07-09 23:41:28,2024-07-16 23:41:28
O007600,C01895,2026-03-26 03:22:47,delivered,2026-03-29 03:22:47,2026-04-07 03:22:47
O007601,C00086,2024-03-04 15:38:27,delivered,2024-03-09 15:38:27,2024-03-10 15:38:27
O007602,C02097,2025-05-09 17:54:25,delivered,2025-05-21 17:54:25,2025-05-12 17:54:25
O007603,C01460,2025-11-11 17:40:27,delivered,2025-11-22 17:40:27,2025-11-20 17:40:27
O007604,C00724,2025-10-12 21:30:27,shipped,2025-10-19 21:30:27,
O007605,C01651,2024-05-22 03:04:45,delivered,2024-05-26 03:04:45,2024-05-28 03:04:45
O007606,C01155,2025-03-30 08:28:36,delivered,2025-04-01 08:28:36,2025-04-05 08:28:36
O007607,C00372,2025-04-05 17:29:48,processing,2025-04-12 17:29:48,
O007608,C02015,2024-01-28 15:39:12,delivered,2024-02-07 15:39:12,2024-01-31 15:39:12
O007609,C00440,2024-05-17 21:45:06,cancelled,2024-05-25 21:45:06,
O007610,C00195,2024-08-05 15:06:45,delivered,2024-08-11 15:06:45,2024-08-07 15:06:45
O007611,C00255,2024-02-28 09:15:47,delivered,2024-03-11 09:15:47,2024-03-04 09:15:47
O007612,C01397,2025-09-10 18:00:06,delivered,2025-09-16 18:00:06,2025-09-20 18:00:06
O007613,C02056,2025-02-19 03:54:15,delivered,2025-02-25 03:54:15,2025-02-22 03:54:15
O007614,C01426,2026-02-02 01:40:32,delivered,2026-02-06 01:40:32,2026-02-06 01:40:32
O007615,C02327,2024-06-30 02:18:49,delivered,2024-07-10 02:18:49,2024-07-04 02:18:49
O007616,C00201,2024-04-30 11:45:28,delivered,2024-05-09 11:45:28,2024-05-08 11:45:28
O007617,C01705,2024-08-18 16:39:02,returned,2024-08-25 16:39:02,2024-08-25 16:39:02
O007618,C00441,2024-02-16 09:12:57,delivered,2024-02-20 09:12:57,2024-02-23 09:12:57
O007619,C00476,2025-01-07 08:26:50,delivered,2025-01-18 08:26:50,2025-01-11 08:26:50
O007620,C01234,2024-08-13 05:56:33,delivered,2024-08-17 05:56:33,2024-08-14 05:56:33
O007621,C00543,2025-03-13 09:03:43,delivered,2025-03-22 09:03:43,2025-03-17 09:03:43
O007622,C02342,2025-02-21 10:08:10,delivered,2025-03-01 10:08:10,2025-02-25 10:08:10
O007623,C00395,2026-01-18 10:12:14,delivered,2026-01-30 10:12:14,2026-01-31 10:12:14
O007624,C01264,2025-03-06 09:31:15,delivered,2025-03-16 09:31:15,2025-03-07 09:31:15
O007625,C00531,2026-03-14 00:32:51,delivered,2026-03-18 00:32:51,2026-03-19 00:32:51
O007626,C00435,2025-12-08 04:36:00,returned,2025-12-13 04:36:00,2025-12-19 04:36:00
O007627,C00072,2026-05-31 00:11:26,delivered,2026-06-10 00:11:26,2026-06-07 00:11:26
O007628,C02310,2025-12-14 12:58:36,delivered,2025-12-26 12:58:36,2025-12-21 12:58:36
O007629,C01866,2025-12-25 01:24:37,delivered,2026-01-01 01:24:37,2025-12-26 01:24:37
O007630,C01511,2024-05-03 05:09:43,delivered,2024-05-05 05:09:43,2024-05-14 05:09:43
O007631,C02384,2024-04-26 03:24:57,delivered,2024-05-07 03:24:57,2024-04-27 03:24:57
O007632,C02042,2026-05-03 22:00:07,delivered,2026-05-09 22:00:07,2026-05-14 22:00:07
O007633,C01747,2025-12-20 12:03:42,delivered,2025-12-26 12:03:42,2025-12-28 12:03:42
O007634,C02484,2025-03-13 20:10:08,delivered,2025-03-23 20:10:08,2025-03-17 20:10:08
O007635,C02082,2026-03-18 20:06:59,delivered,2026-03-23 20:06:59,2026-03-23 20:06:59
O007636,C01791,2024-11-10 14:17:56,delivered,2024-11-13 14:17:56,2024-11-19 14:17:56
O007637,C00086,2024-12-25 17:13:41,delivered,2024-12-30 17:13:41,2024-12-30 17:13:41
O007638,C01524,2026-04-05 00:00:21,delivered,2026-04-16 00:00:21,2026-04-07 00:00:21
O007639,C00099,2026-04-24 22:26:24,processing,2026-05-04 22:26:24,
O007640,C02261,2025-11-18 22:22:49,cancelled,2025-11-29 22:22:49,
O007641,C01895,2025-02-11 14:15:40,delivered,2025-02-18 14:15:40,2025-02-18 14:15:40
O007642,C00894,2025-06-03 04:40:58,delivered,2025-06-09 04:40:58,2025-06-12 04:40:58
O007643,C02447,2024-11-06 09:35:37,delivered,2024-11-16 09:35:37,2024-11-10 09:35:37
O007644,C00262,2025-12-26 08:20:25,delivered,2026-01-05 08:20:25,2026-01-01 08:20:25
O007645,C00830,2026-05-27 12:34:58,processing,2026-06-04 12:34:58,
O007646,C01530,2024-03-23 16:56:08,delivered,2024-04-04 16:56:08,2024-03-26 16:56:08
O007647,C01073,2025-11-03 06:42:49,returned,2025-11-13 06:42:49,2025-11-06 06:42:49
O007648,C02014,2025-05-17 10:40:05,delivered,2025-05-25 10:40:05,2025-05-20 10:40:05
O007649,C00021,2025-04-08 14:28:20,processing,2025-04-13 14:28:20,
O007650,C00850,2025-10-29 13:57:10,delivered,2025-11-05 13:57:10,2025-11-04 13:57:10
O007651,C01674,2024-06-23 18:25:41,shipped,2024-06-26 18:25:41,
O007652,C02000,2024-05-28 12:16:23,delivered,2024-06-06 12:16:23,2024-05-30 12:16:23
O007653,C02313,2025-02-27 13:10:06,delivered,2025-03-06 13:10:06,2025-03-03 13:10:06
O007654,C00295,2025-01-02 09:07:19,delivered,2025-01-11 09:07:19,2025-01-07 09:07:19
O007655,C01550,2025-05-30 06:51:26,delivered,2025-06-08 06:51:26,2025-06-05 06:51:26
O007656,C00255,2024-05-12 21:44:28,delivered,2024-05-14 21:44:28,2024-05-14 21:44:28
O007657,C00268,2025-02-14 05:03:18,delivered,2025-02-26 05:03:18,2025-02-22 05:03:18
O007658,C02138,2026-01-14 12:09:13,returned,2026-01-17 12:09:13,2026-01-26 12:09:13
O007659,C00215,2024-07-24 04:33:27,returned,2024-08-02 04:33:27,2024-08-01 04:33:27
O007660,C00031,2024-05-22 01:53:10,delivered,2024-06-03 01:53:10,2024-05-29 01:53:10
O007661,C01698,2024-09-25 17:53:00,delivered,2024-09-30 17:53:00,2024-10-02 17:53:00
O007662,C01608,2025-10-08 02:10:25,delivered,2025-10-20 02:10:25,2025-10-12 02:10:25
O007663,C00136,2025-03-06 12:42:04,processing,2025-03-18 12:42:04,
O007664,C01835,2026-06-12 21:37:28,delivered,2026-06-24 21:37:28,2026-06-23 21:37:28
O007665,C00908,2026-06-17 13:26:37,processing,2026-06-19 13:26:37,
O007666,C00522,2025-01-22 09:58:52,delivered,2025-01-29 09:58:52,2025-01-29 09:58:52
O007667,C01985,2025-07-21 22:40:20,delivered,2025-07-26 22:40:20,2025-07-27 22:40:20
O007668,C01591,2026-05-14 16:03:28,delivered,2026-05-21 16:03:28,2026-05-15 16:03:28
O007669,C01542,2024-01-27 10:05:40,delivered,2024-02-06 10:05:40,2024-01-28 10:05:40
O007670,C02422,2025-07-28 23:16:03,delivered,2025-08-03 23:16:03,2025-08-02 23:16:03
O007671,C02293,2024-05-23 18:06:31,delivered,2024-06-03 18:06:31,2024-05-24 18:06:31
O007672,C01450,2025-02-09 13:00:04,delivered,2025-02-12 13:00:04,2025-02-11 13:00:04
O007673,C00633,2026-05-26 21:24:26,cancelled,2026-06-03 21:24:26,
O007674,C01597,2025-03-08 08:49:33,delivered,2025-03-13 08:49:33,2025-03-12 08:49:33
O007675,C02371,2024-10-23 09:40:47,delivered,2024-10-26 09:40:47,2024-11-01 09:40:47
O007676,C01654,2025-11-05 23:56:33,delivered,2025-11-11 23:56:33,2025-11-09 23:56:33
O007677,C00033,2024-04-10 12:56:16,delivered,2024-04-16 12:56:16,2024-04-19 12:56:16
O007678,C01261,2025-03-26 00:55:28,delivered,2025-04-02 00:55:28,2025-04-01 00:55:28
O007679,C02198,2025-12-15 08:58:54,returned,2025-12-26 08:58:54,2025-12-25 08:58:54
O007680,C00412,2025-05-27 06:40:03,delivered,2025-05-30 06:40:03,2025-06-04 06:40:03
O007681,C00360,2025-03-03 01:13:51,delivered,2025-03-06 01:13:51,2025-03-06 01:13:51
O007682,C01324,2026-06-06 10:49:31,returned,2026-06-08 10:49:31,2026-06-14 10:49:31
O007683,C00222,2024-11-06 19:17:06,returned,2024-11-08 19:17:06,2024-11-16 19:17:06
O007684,C02265,2024-05-16 23:57:13,delivered,2024-05-25 23:57:13,2024-05-20 23:57:13
O007685,C00528,2026-03-19 20:01:17,processing,2026-03-24 20:01:17,
O007686,C01675,2025-02-18 06:54:46,delivered,2025-02-25 06:54:46,2025-02-26 06:54:46
O007687,C00930,2025-09-15 01:38:40,delivered,2025-09-26 01:38:40,2025-09-23 01:38:40
O007688,C00698,2025-03-29 12:37:05,returned,2025-04-02 12:37:05,2025-04-12 12:37:05
O007689,C02351,2024-09-23 19:05:33,delivered,2024-09-26 19:05:33,2024-10-02 19:05:33
O007690,C02491,2024-09-23 22:26:42,delivered,2024-09-29 22:26:42,2024-10-03 22:26:42
O007691,C01872,2025-02-21 05:33:38,delivered,2025-03-04 05:33:38,2025-03-02 05:33:38
O007692,C01379,2025-03-30 06:37:11,delivered,2025-04-10 06:37:11,2025-04-03 06:37:11
O007693,C01637,2024-12-27 08:48:49,returned,2025-01-02 08:48:49,2025-01-04 08:48:49
O007694,C01935,2024-09-16 04:07:58,delivered,2024-09-26 04:07:58,2024-09-18 04:07:58
O007695,C02028,2026-02-23 19:07:22,delivered,2026-03-03 19:07:22,2026-02-25 19:07:22
O007696,C00407,2024-07-26 21:21:38,delivered,2024-08-02 21:21:38,2024-07-27 21:21:38
O007697,C00015,2025-08-23 22:36:01,delivered,2025-08-29 22:36:01,2025-08-30 22:36:01
O007698,C00665,2025-06-01 09:18:49,delivered,2025-06-11 09:18:49,2025-06-12 09:18:49
O007699,C00573,2026-01-03 02:41:20,delivered,2026-01-05 02:41:20,2026-01-09 02:41:20
O007700,C01155,2024-01-26 22:48:13,delivered,2024-01-30 22:48:13,2024-01-30 22:48:13
O007701,C01023,2025-05-23 15:49:38,delivered,2025-06-01 15:49:38,2025-06-01 15:49:38
O007702,C02342,2024-10-07 13:15:38,delivered,2024-10-11 13:15:38,2024-10-13 13:15:38
O007703,C00892,2024-07-10 06:23:53,cancelled,2024-07-21 06:23:53,
O007704,C00610,2025-11-06 14:20:47,delivered,2025-11-10 14:20:47,2025-11-13 14:20:47
O007705,C02244,2024-12-28 20:44:01,returned,2025-01-01 20:44:01,2025-01-07 20:44:01
O007706,C00051,2024-03-22 05:34:44,delivered,2024-03-30 05:34:44,2024-03-31 05:34:44
O007707,C01872,2026-02-26 11:36:24,returned,2026-03-01 11:36:24,2026-03-10 11:36:24
O007708,C01809,2026-06-27 20:31:05,delivered,2026-06-29 20:31:05,2026-07-06 20:31:05
O007709,C02149,2025-08-15 08:20:58,delivered,2025-08-25 08:20:58,2025-08-16 08:20:58
O007710,C02261,2026-03-19 02:49:13,delivered,2026-03-21 02:49:13,2026-03-20 02:49:13
O007711,C01045,2024-04-16 16:32:34,delivered,2024-04-26 16:32:34,2024-04-17 16:32:34
O007712,C00107,2025-01-20 11:53:44,processing,2025-02-01 11:53:44,
O007713,C00804,2024-07-10 04:10:56,delivered,2024-07-18 04:10:56,2024-07-19 04:10:56
O007714,C00700,2025-04-19 02:11:16,delivered,2025-04-30 02:11:16,2025-04-22 02:11:16
O007715,C01863,2025-03-31 22:16:11,delivered,2025-04-08 22:16:11,2025-04-11 22:16:11
O007716,C02311,2025-04-01 22:07:33,delivered,2025-04-09 22:07:33,2025-04-03 22:07:33
O007717,C00563,2024-05-24 16:49:17,delivered,2024-06-02 16:49:17,2024-06-07 16:49:17
O007718,C00883,2024-06-06 09:27:50,delivered,2024-06-18 09:27:50,2024-06-12 09:27:50
O007719,C01845,2024-12-24 06:17:49,cancelled,2024-12-31 06:17:49,
O007720,C01881,2024-08-12 23:11:14,delivered,2024-08-15 23:11:14,2024-08-15 23:11:14
O007721,C00204,2026-04-27 16:44:03,delivered,2026-05-07 16:44:03,2026-05-02 16:44:03
O007722,C00926,2024-11-14 22:09:06,delivered,2024-11-25 22:09:06,2024-11-18 22:09:06
O007723,C01623,2024-02-11 21:13:10,delivered,2024-02-15 21:13:10,2024-02-21 21:13:10
O007724,C02477,2024-01-23 16:45:51,delivered,2024-01-27 16:45:51,2024-01-24 16:45:51
O007725,C00011,2024-05-30 14:34:21,delivered,2024-06-04 14:34:21,2024-06-05 14:34:21
O007726,C00643,2024-07-09 06:10:10,delivered,2024-07-18 06:10:10,2024-07-16 06:10:10
O007727,C01429,2024-10-13 18:17:12,delivered,2024-10-20 18:17:12,2024-10-23 18:17:12
O007728,C01699,2025-03-25 13:33:42,returned,2025-03-28 13:33:42,2025-04-04 13:33:42
O007729,C00981,2024-11-20 05:55:00,cancelled,2024-11-25 05:55:00,
O007730,C00702,2024-03-19 12:36:16,delivered,2024-03-22 12:36:16,2024-03-22 12:36:16
O007731,C01790,2025-07-16 22:24:41,returned,2025-07-24 22:24:41,2025-07-18 22:24:41
O007732,C01781,2024-01-22 23:44:46,delivered,2024-01-31 23:44:46,2024-01-25 23:44:46
O007733,C01179,2024-12-09 17:38:54,delivered,2024-12-12 17:38:54,2024-12-17 17:38:54
O007734,C01838,2025-01-18 05:56:02,delivered,2025-01-30 05:56:02,2025-01-26 05:56:02
O007735,C00417,2024-03-30 04:52:53,delivered,2024-04-05 04:52:53,2024-04-05 04:52:53
O007736,C01566,2024-05-10 02:28:33,returned,2024-05-21 02:28:33,2024-05-14 02:28:33
O007737,C01092,2025-06-19 23:32:00,returned,2025-06-30 23:32:00,2025-06-23 23:32:00
O007738,C02412,2024-08-24 17:26:56,delivered,2024-09-01 17:26:56,2024-08-31 17:26:56
O007739,C01877,2024-05-10 16:10:44,cancelled,2024-05-22 16:10:44,
O007740,C00357,2024-03-02 03:19:46,delivered,2024-03-08 03:19:46,2024-03-11 03:19:46
O007741,C00177,2026-03-24 19:04:09,delivered,2026-03-30 19:04:09,2026-03-27 19:04:09
O007742,C00554,2024-09-28 22:29:00,delivered,2024-10-06 22:29:00,2024-10-02 22:29:00
O007743,C01624,2025-05-02 02:55:49,shipped,2025-05-07 02:55:49,
O007744,C00966,2026-02-27 19:53:13,cancelled,2026-03-09 19:53:13,
O007745,C00070,2025-03-10 03:24:15,delivered,2025-03-21 03:24:15,2025-03-16 03:24:15
O007746,C01322,2025-11-11 09:11:56,delivered,2025-11-16 09:11:56,2025-11-16 09:11:56
O007747,C00428,2025-07-25 03:41:37,delivered,2025-07-29 03:41:37,2025-07-30 03:41:37
O007748,C01074,2026-05-11 14:35:31,delivered,2026-05-21 14:35:31,2026-05-12 14:35:31
O007749,C02158,2024-11-12 20:12:19,delivered,2024-11-22 20:12:19,2024-11-21 20:12:19
O007750,C00512,2024-10-02 02:29:26,delivered,2024-10-14 02:29:26,2024-10-08 02:29:26
O007751,C00830,2024-10-16 02:45:03,delivered,2024-10-23 02:45:03,2024-10-24 02:45:03
O007752,C01994,2026-05-07 00:26:48,delivered,2026-05-16 00:26:48,2026-05-08 00:26:48
O007753,C00613,2025-03-09 03:06:56,delivered,2025-03-13 03:06:56,2025-03-14 03:06:56
O007754,C00799,2025-11-15 05:20:20,delivered,2025-11-27 05:20:20,2025-11-18 05:20:20
O007755,C01152,2026-05-29 16:44:50,delivered,2026-06-03 16:44:50,2026-06-01 16:44:50
O007756,C01693,2024-11-05 23:26:10,cancelled,2024-11-16 23:26:10,
O007757,C01465,2024-08-29 15:42:18,delivered,2024-09-01 15:42:18,2024-09-03 15:42:18
O007758,C01599,2026-04-09 15:43:35,delivered,2026-04-15 15:43:35,2026-04-18 15:43:35
O007759,C00629,2025-01-03 12:28:08,delivered,2025-01-14 12:28:08,2025-01-10 12:28:08
O007760,C01051,2024-01-21 13:32:03,delivered,2024-02-01 13:32:03,2024-01-24 13:32:03
O007761,C00302,2025-03-09 13:30:17,delivered,2025-03-14 13:30:17,2025-03-10 13:30:17
O007762,C01661,2026-05-20 16:53:16,delivered,2026-05-31 16:53:16,2026-05-23 16:53:16
O007763,C00457,2025-10-16 07:46:15,delivered,2025-10-25 07:46:15,2025-10-23 07:46:15
O007764,C01700,2024-07-06 15:53:02,delivered,2024-07-16 15:53:02,2024-07-09 15:53:02
O007765,C01175,2025-08-28 19:27:49,delivered,2025-09-08 19:27:49,2025-08-30 19:27:49
O007766,C02456,2025-05-02 06:07:08,delivered,,2025-05-12 06:07:08
O007767,C00986,2026-01-07 13:18:54,delivered,2026-01-14 13:18:54,2026-01-13 13:18:54
O007768,C00215,2024-08-17 17:38:29,delivered,2024-08-21 17:38:29,2024-08-22 17:38:29
O007769,C00067,2026-02-27 01:01:06,cancelled,2026-03-04 01:01:06,
O007770,C01649,2024-09-05 17:13:56,delivered,2024-09-12 17:13:56,2024-09-10 17:13:56
O007771,C00384,2025-03-08 20:12:22,delivered,2025-03-10 20:12:22,2025-03-16 20:12:22
O007772,C00591,2026-05-26 07:39:15,shipped,2026-06-01 07:39:15,
O007773,C01786,2024-04-22 12:15:44,delivered,2024-04-30 12:15:44,2024-04-29 12:15:44
O007774,C00092,2025-10-19 17:46:53,processing,2025-10-26 17:46:53,
O007775,C01000,2025-08-11 04:05:53,delivered,2025-08-19 04:05:53,2025-08-18 04:05:53
O007776,C02111,2025-01-31 15:54:15,delivered,2025-02-03 15:54:15,2025-02-07 15:54:15
O007777,C01819,2025-08-17 13:44:43,delivered,2025-08-28 13:44:43,2025-08-21 13:44:43
O007778,C02292,2025-11-24 12:42:35,delivered,2025-12-02 12:42:35,2025-11-30 12:42:35
O007779,C00309,2025-08-15 14:51:16,returned,2025-08-22 14:51:16,2025-08-19 14:51:16
O007780,C00103,2024-08-13 19:53:19,shipped,2024-08-24 19:53:19,
O007781,C01940,2025-07-24 04:08:16,delivered,2025-08-02 04:08:16,2025-07-30 04:08:16
O007782,C02126,2025-10-01 15:23:32,delivered,2025-10-12 15:23:32,2025-10-05 15:23:32
O007783,C00524,2025-10-25 10:16:59,delivered,2025-11-02 10:16:59,2025-10-27 10:16:59
O007784,C00156,2025-07-16 10:22:43,delivered,2025-07-26 10:22:43,2025-07-22 10:22:43
O007785,C02028,2024-11-23 06:19:51,delivered,2024-12-01 06:19:51,2024-11-27 06:19:51
O007786,C02116,2026-01-07 11:00:23,delivered,2026-01-14 11:00:23,2026-01-10 11:00:23
O007787,C00322,2024-05-05 02:36:37,delivered,2024-05-16 02:36:37,2024-05-14 02:36:37
O007788,C01262,2025-09-21 21:13:26,delivered,2025-09-26 21:13:26,2025-09-24 21:13:26
O007789,C00589,2025-11-29 09:46:10,delivered,2025-12-10 09:46:10,2025-12-04 09:46:10
O007790,C02445,2026-01-04 17:03:52,delivered,2026-01-09 17:03:52,2026-01-07 17:03:52
O007791,C01136,2025-09-09 17:56:56,shipped,2025-09-15 17:56:56,
O007792,C02086,2025-07-09 13:47:11,cancelled,2025-07-18 13:47:11,
O007793,C01924,2024-09-03 03:27:22,delivered,2024-09-11 03:27:22,2024-09-10 03:27:22
O007794,C01466,2024-08-21 03:59:55,delivered,2024-08-30 03:59:55,2024-08-28 03:59:55
O007795,C01139,2025-04-23 06:21:25,delivered,2025-05-05 06:21:25,2025-04-28 06:21:25
O007796,C00755,2024-12-18 07:48:10,delivered,2024-12-23 07:48:10,2024-12-25 07:48:10
O007797,C01990,2026-04-06 18:24:26,processing,2026-04-12 18:24:26,
O007798,C00749,2025-04-19 05:32:22,shipped,2025-04-27 05:32:22,
O007799,C00644,2024-11-22 04:39:57,shipped,2024-12-04 04:39:57,
O007800,C01152,2024-05-20 05:43:02,delivered,2024-05-24 05:43:02,2024-05-23 05:43:02
O007801,C02002,2024-12-08 14:41:36,cancelled,2024-12-15 14:41:36,
O007802,C00214,2024-09-27 17:56:59,returned,2024-10-02 17:56:59,2024-10-04 17:56:59
O007803,C01365,2024-11-24 15:38:29,delivered,2024-11-27 15:38:29,2024-11-30 15:38:29
O007804,C01408,2026-01-22 10:21:50,delivered,2026-01-29 10:21:50,2026-01-25 10:21:50
O007805,C01315,2024-04-12 12:41:42,shipped,2024-04-15 12:41:42,
O007806,C00540,2024-04-28 15:01:23,delivered,2024-04-30 15:01:23,2024-05-03 15:01:23
O007807,C00631,2024-01-25 03:54:24,delivered,2024-02-03 03:54:24,2024-02-01 03:54:24
O007808,C02385,2024-07-29 03:26:31,delivered,2024-08-10 03:26:31,2024-07-30 03:26:31
O007809,C02470,2024-05-20 03:27:27,returned,2024-05-25 03:27:27,2024-05-29 03:27:27
O007810,C00747,2026-06-26 03:09:29,delivered,2026-07-03 03:09:29,2026-06-30 03:09:29
O007811,C00162,2024-03-10 20:09:36,delivered,2024-03-17 20:09:36,2024-03-18 20:09:36
O007812,C02411,2024-05-21 09:43:16,cancelled,2024-05-30 09:43:16,
O007813,C00327,2026-01-17 16:41:04,delivered,2026-01-19 16:41:04,2026-01-22 16:41:04
O007814,C01493,2025-12-19 13:03:42,delivered,2025-12-30 13:03:42,2025-12-23 13:03:42
O007815,C02254,2024-01-20 00:05:06,delivered,2024-01-27 00:05:06,2024-01-23 00:05:06
O007816,C02386,2024-11-10 13:27:40,delivered,2024-11-17 13:27:40,2024-11-12 13:27:40
O007817,C01902,2024-06-19 13:27:27,delivered,2024-06-23 13:27:27,2024-06-26 13:27:27
O007818,C02384,2024-06-20 07:36:46,delivered,2024-06-24 07:36:46,2024-06-28 07:36:46
O007819,C01598,2026-01-30 05:28:50,cancelled,2026-02-01 05:28:50,
O007820,C02116,2026-03-14 05:53:17,delivered,2026-03-22 05:53:17,2026-03-21 05:53:17
O007821,C00272,2026-05-03 09:58:29,cancelled,2026-05-10 09:58:29,
O007822,C01284,2026-04-13 07:23:07,delivered,2026-04-20 07:23:07,2026-04-16 07:23:07
O007823,C00548,2024-07-08 18:55:31,delivered,2024-07-20 18:55:31,2024-07-13 18:55:31
O007824,C00444,2025-04-21 22:25:28,delivered,2025-04-25 22:25:28,2025-04-25 22:25:28
O007825,C02339,2026-01-29 21:56:30,delivered,2026-02-10 21:56:30,2026-02-06 21:56:30
O007826,C02447,2025-05-30 23:26:53,delivered,2025-06-09 23:26:53,2025-06-04 23:26:53
O007827,C01893,2024-10-20 23:34:19,delivered,2024-10-23 23:34:19,2024-10-27 23:34:19
O007828,C00592,2024-08-09 02:55:01,delivered,2024-08-20 02:55:01,2024-08-15 02:55:01
O007829,C00589,2024-02-17 11:53:58,delivered,2024-02-25 11:53:58,2024-02-26 11:53:58
O007830,C00298,2026-02-19 20:46:59,delivered,2026-02-22 20:46:59,2026-02-21 20:46:59
O007831,C01459,2025-02-20 11:29:59,delivered,2025-03-02 11:29:59,2025-02-28 11:29:59
O007832,C02293,2025-07-02 02:57:59,delivered,2025-07-12 02:57:59,2025-07-08 02:57:59
O007833,C02317,2025-03-03 22:19:09,delivered,2025-03-12 22:19:09,2025-03-12 22:19:09
O007834,C01619,2024-02-04 10:16:19,delivered,2024-02-12 10:16:19,2024-02-12 10:16:19
O007835,C00987,2025-09-27 04:57:51,delivered,2025-10-02 04:57:51,2025-10-03 04:57:51
O007836,C00847,2025-01-04 11:22:44,delivered,2025-01-11 11:22:44,2025-01-07 11:22:44
O007837,C01709,2024-06-26 09:01:16,delivered,2024-06-28 09:01:16,2024-07-08 09:01:16
O007838,C01355,2025-08-21 02:26:02,delivered,2025-09-01 02:26:02,2025-08-27 02:26:02
O007839,C02014,2025-12-19 23:37:15,returned,2025-12-28 23:37:15,2025-12-26 23:37:15
O007840,C01662,2025-08-02 20:45:09,delivered,2025-08-14 20:45:09,2025-08-05 20:45:09
O007841,C00191,2024-10-18 23:54:48,delivered,2024-10-27 23:54:48,2024-10-22 23:54:48
O007842,C00367,2026-02-05 05:01:36,shipped,2026-02-15 05:01:36,
O007843,C00412,2024-03-15 13:37:13,delivered,2024-03-22 13:37:13,2024-03-21 13:37:13
O007844,C01690,2024-01-21 07:35:24,delivered,2024-01-29 07:35:24,2024-01-29 07:35:24
O007845,C01283,2024-03-20 10:56:25,delivered,2024-03-30 10:56:25,2024-03-25 10:56:25
O007846,C02145,2024-09-18 15:12:00,delivered,2024-09-23 15:12:00,2024-09-22 15:12:00
O007847,C01318,2025-09-12 17:56:25,delivered,2025-09-22 17:56:25,2025-09-13 17:56:25
O007848,C00546,2024-12-22 10:13:32,delivered,2024-12-26 10:13:32,2024-12-30 10:13:32
O007849,C02018,2024-04-06 16:12:40,delivered,2024-04-10 16:12:40,2024-04-13 16:12:40
O007850,C00364,2025-04-15 19:11:49,delivered,2025-04-23 19:11:49,2025-04-19 19:11:49
O007851,C00505,2026-01-11 22:08:00,delivered,2026-01-23 22:08:00,2026-01-22 22:08:00
O007852,C00360,2026-02-19 13:10:20,delivered,2026-02-23 13:10:20,2026-02-28 13:10:20
O007853,C00893,2024-12-26 03:28:27,cancelled,2025-01-07 03:28:27,
O007854,C00649,2024-02-02 17:27:24,delivered,2024-02-11 17:27:24,2024-02-07 17:27:24
O007855,C02013,2025-10-12 22:24:11,delivered,2025-10-23 22:24:11,2025-10-22 22:24:11
O007856,C00302,2026-03-14 05:09:40,delivered,2026-03-21 05:09:40,2026-03-22 05:09:40
O007857,C01997,2024-09-11 14:43:35,delivered,2024-09-23 14:43:35,2024-09-15 14:43:35
O007858,C00995,2025-08-10 19:16:45,delivered,,2025-08-13 19:16:45
O007859,C01643,2024-10-06 18:21:16,delivered,2024-10-11 18:21:16,2024-10-15 18:21:16
O007860,C00216,2024-04-16 14:13:36,delivered,2024-04-27 14:13:36,2024-04-22 14:13:36
O007861,C00438,2025-07-30 18:34:13,delivered,2025-08-09 18:34:13,2025-07-31 18:34:13
O007862,C01099,2024-02-09 17:00:11,delivered,2024-02-20 17:00:11,2024-02-14 17:00:11
O007863,C02348,2025-01-27 17:56:10,delivered,2025-01-31 17:56:10,2025-01-30 17:56:10
O007864,C01749,2026-04-16 23:13:23,delivered,2026-04-25 23:13:23,2026-04-26 23:13:23
O007865,C01262,2024-05-15 04:38:56,delivered,2024-05-24 04:38:56,2024-05-22 04:38:56
O007866,C02129,2024-04-18 12:59:13,delivered,2024-04-30 12:59:13,2024-04-22 12:59:13
O007867,C01311,2025-12-21 18:03:32,delivered,2025-12-31 18:03:32,2025-12-30 18:03:32
O007868,C01211,2026-02-03 15:50:25,delivered,2026-02-11 15:50:25,2026-02-08 15:50:25
O007869,C00057,2026-05-06 08:25:23,delivered,2026-05-11 08:25:23,2026-05-13 08:25:23
O007870,C01448,2025-06-30 10:09:29,delivered,2025-07-05 10:09:29,2025-07-02 10:09:29
O007871,C02359,2026-04-25 19:48:46,returned,2026-05-01 19:48:46,2026-05-02 19:48:46
O007872,C00067,2025-04-23 04:42:54,delivered,2025-04-25 04:42:54,2025-04-30 04:42:54
O007873,C01783,2025-10-22 09:36:32,delivered,2025-10-24 09:36:32,2025-10-27 09:36:32
O007874,C00873,2026-06-07 18:22:59,delivered,2026-06-18 18:22:59,2026-06-13 18:22:59
O007875,C00141,2025-02-11 00:14:11,delivered,2025-02-16 00:14:11,2025-02-19 00:14:11
O007876,C01221,2025-10-21 18:49:21,delivered,2025-10-26 18:49:21,2025-10-27 18:49:21
O007877,C02461,2024-04-08 05:47:19,delivered,2024-04-11 05:47:19,2024-04-15 05:47:19
O007878,C00814,2024-04-30 22:50:21,delivered,2024-05-12 22:50:21,2024-05-04 22:50:21
O007879,C00205,2025-11-16 04:39:08,processing,2025-11-19 04:39:08,
O007880,C00522,2025-12-01 12:40:12,delivered,2025-12-11 12:40:12,2025-12-04 12:40:12
O007881,C02076,2024-08-05 00:21:10,delivered,2024-08-07 00:21:10,2024-08-12 00:21:10
O007882,C00945,2025-02-02 12:42:09,delivered,2025-02-13 12:42:09,2025-02-06 12:42:09
O007883,C02426,2025-07-09 15:39:08,delivered,2025-07-16 15:39:08,2025-07-16 15:39:08
O007884,C00366,2025-10-03 04:37:17,delivered,2025-10-08 04:37:17,2025-10-11 04:37:17
O007885,C01960,2025-04-16 21:43:23,delivered,2025-04-24 21:43:23,2025-04-23 21:43:23
O007886,C01665,2024-01-13 02:36:50,shipped,2024-01-23 02:36:50,
O007887,C01677,2025-01-25 09:43:19,delivered,2025-01-31 09:43:19,2025-01-31 09:43:19
O007888,C02265,2026-03-21 06:13:09,delivered,2026-03-26 06:13:09,2026-03-31 06:13:09
O007889,C01370,2025-02-03 08:46:29,delivered,2025-02-05 08:46:29,2025-02-07 08:46:29
O007890,C01831,2024-09-17 15:27:27,delivered,2024-09-19 15:27:27,2024-09-25 15:27:27
O007891,C01684,2024-10-25 10:32:32,delivered,2024-11-02 10:32:32,2024-10-27 10:32:32
O007892,C01089,2025-12-25 18:35:28,cancelled,2025-12-28 18:35:28,
O007893,C01589,2026-06-12 02:08:49,delivered,2026-06-21 02:08:49,2026-06-14 02:08:49
O007894,C01507,2026-04-23 18:06:18,delivered,2026-05-01 18:06:18,2026-05-05 18:06:18
O007895,C01513,2026-04-23 11:16:08,processing,2026-05-02 11:16:08,
O007896,C01286,2026-01-31 23:33:57,delivered,2026-02-11 23:33:57,2026-02-08 23:33:57
O007897,C01786,2024-10-15 22:45:00,delivered,2024-10-25 22:45:00,2024-10-20 22:45:00
O007898,C00567,2024-03-20 17:00:32,delivered,2024-03-22 17:00:32,2024-03-24 17:00:32
O007899,C02404,2024-12-05 20:56:12,cancelled,2024-12-07 20:56:12,
O007900,C02234,2025-10-05 21:55:05,cancelled,2025-10-12 21:55:05,
O007901,C02453,2025-02-11 21:01:41,delivered,2025-02-13 21:01:41,2025-02-18 21:01:41
O007902,C02372,2025-12-29 03:16:52,delivered,2026-01-06 03:16:52,2026-01-03 03:16:52
O007903,C01241,2024-06-23 11:02:31,delivered,2024-06-27 11:02:31,2024-06-29 11:02:31
O007904,C01448,2025-01-15 06:33:01,delivered,2025-01-20 06:33:01,2025-01-22 06:33:01
O007905,C01262,2026-04-09 17:46:42,delivered,2026-04-17 17:46:42,2026-04-14 17:46:42
O007906,C00500,2025-08-11 23:17:48,delivered,2025-08-20 23:17:48,2025-08-21 23:17:48
O007907,C00373,2025-11-15 12:22:17,delivered,2025-11-23 12:22:17,2025-11-25 12:22:17
O007908,C02353,2025-07-17 02:48:09,cancelled,2025-07-21 02:48:09,
O007909,C02312,2024-03-04 15:39:26,delivered,2024-03-06 15:39:26,2024-03-06 15:39:26
O007910,C01573,2024-05-12 12:09:04,shipped,2024-05-23 12:09:04,
O007911,C00790,2024-06-07 22:18:35,delivered,2024-06-14 22:18:35,2024-06-10 22:18:35
O007912,C00401,2026-04-23 04:05:03,delivered,2026-04-30 04:05:03,2026-05-02 04:05:03
O007913,C01366,2024-07-01 12:42:58,returned,2024-07-10 12:42:58,2024-07-10 12:42:58
O007914,C01872,2024-06-09 23:01:32,cancelled,2024-06-14 23:01:32,
O007915,C02026,2025-02-08 14:30:07,delivered,2025-02-18 14:30:07,2025-02-10 14:30:07
O007916,C01958,2024-10-04 08:12:11,delivered,2024-10-14 08:12:11,2024-10-06 08:12:11
O007917,C00106,2026-03-04 22:45:33,shipped,2026-03-11 22:45:33,
O007918,C01300,2024-12-23 20:36:26,delivered,2025-01-01 20:36:26,2025-01-01 20:36:26
O007919,C00520,2025-01-15 16:22:31,delivered,2025-01-22 16:22:31,2025-01-28 16:22:31
O007920,C02087,2025-02-22 02:17:10,delivered,2025-03-06 02:17:10,2025-03-02 02:17:10
O007921,C02236,2024-08-27 17:54:17,delivered,2024-09-05 17:54:17,2024-09-05 17:54:17
O007922,C01721,2024-02-16 18:22:42,delivered,2024-02-27 18:22:42,2024-02-17 18:22:42
O007923,C01332,2024-07-28 06:58:53,delivered,2024-07-31 06:58:53,2024-08-01 06:58:53
O007924,C01841,2026-02-26 03:58:24,delivered,2026-03-09 03:58:24,2026-03-01 03:58:24
O007925,C01753,2024-01-09 23:19:25,delivered,2024-01-16 23:19:25,2024-01-18 23:19:25
O007926,C01812,2024-05-04 23:09:06,shipped,2024-05-16 23:09:06,
O007927,C00908,2024-12-27 00:21:43,delivered,2025-01-04 00:21:43,2024-12-30 00:21:43
O007928,C01197,2024-05-23 00:52:03,delivered,2024-05-29 00:52:03,2024-05-25 00:52:03
O007929,C01384,2026-01-04 04:47:35,delivered,2026-01-12 04:47:35,2026-01-16 04:47:35
O007930,C00483,2025-04-02 03:53:06,delivered,2025-04-11 03:53:06,2025-04-07 03:53:06
O007931,C00257,2025-07-15 19:06:35,delivered,2025-07-19 19:06:35,2025-07-20 19:06:35
O007932,C01703,2026-02-17 08:55:54,shipped,2026-02-23 08:55:54,
O007933,C02259,2026-03-23 16:01:35,delivered,2026-03-26 16:01:35,2026-03-26 16:01:35
O007934,C02296,2026-01-24 07:58:44,delivered,2026-01-30 07:58:44,2026-02-03 07:58:44
O007935,C00792,2024-01-24 21:39:42,delivered,2024-01-30 21:39:42,2024-02-02 21:39:42
O007936,C00135,2024-03-08 02:21:08,delivered,2024-03-20 02:21:08,2024-03-15 02:21:08
O007937,C00473,2026-02-21 14:08:55,delivered,2026-03-01 14:08:55,2026-02-22 14:08:55
O007938,C00288,2025-07-13 05:14:39,delivered,2025-07-21 05:14:39,2025-07-17 05:14:39
O007939,C01735,2024-05-09 13:46:51,processing,2024-05-18 13:46:51,
O007940,C00167,2025-07-26 22:59:18,delivered,2025-07-28 22:59:18,2025-08-05 22:59:18
O007941,C01463,2025-10-30 21:35:26,delivered,2025-11-03 21:35:26,2025-11-10 21:35:26
O007942,C00952,2025-06-04 04:15:21,returned,2025-06-11 04:15:21,2025-06-12 04:15:21
O007943,C02358,2025-10-19 13:08:45,delivered,2025-10-31 13:08:45,2025-10-24 13:08:45
O007944,C01902,2024-02-20 10:37:36,returned,2024-02-23 10:37:36,2024-02-27 10:37:36
O007945,C02337,2025-08-14 12:45:27,shipped,2025-08-17 12:45:27,
O007946,C01106,2025-02-14 16:21:38,delivered,2025-02-24 16:21:38,2025-02-20 16:21:38
O007947,C00741,2025-10-02 15:55:17,delivered,2025-10-14 15:55:17,2025-10-08 15:55:17
O007948,C01088,2025-12-15 03:57:47,delivered,2025-12-27 03:57:47,2025-12-17 03:57:47
O007949,C01913,2024-07-16 03:39:13,delivered,2024-07-21 03:39:13,2024-07-21 03:39:13
O007950,C00240,2025-02-23 00:34:18,shipped,2025-02-25 00:34:18,
O007951,C00306,2025-01-28 04:09:55,delivered,2025-02-01 04:09:55,2025-01-31 04:09:55
O007952,C00295,2024-07-14 23:31:02,delivered,2024-07-20 23:31:02,2024-07-17 23:31:02
O007953,C01480,2025-04-05 07:26:04,delivered,2025-04-10 07:26:04,2025-04-10 07:26:04
O007954,C01608,2024-05-15 23:44:11,delivered,2024-05-23 23:44:11,2024-05-18 23:44:11
O007955,C00539,2024-04-17 14:48:03,delivered,2024-04-20 14:48:03,2024-04-27 14:48:03
O007956,C02135,2024-05-30 15:33:19,delivered,2024-06-09 15:33:19,2024-06-12 15:33:19
O007957,C00776,2026-05-30 09:44:30,delivered,2026-06-02 09:44:30,2026-06-02 09:44:30
O007958,C01849,2025-03-19 17:45:38,shipped,2025-03-31 17:45:38,
O007959,C01437,2024-06-27 11:21:07,delivered,2024-06-29 11:21:07,2024-07-01 11:21:07
O007960,C00200,2024-01-15 22:21:38,delivered,2024-01-23 22:21:38,2024-01-25 22:21:38
O007961,C00897,2024-06-04 12:05:39,delivered,2024-06-07 12:05:39,2024-06-12 12:05:39
O007962,C00599,2025-10-16 00:06:19,returned,2025-10-24 00:06:19,2025-10-18 00:06:19
O007963,C01795,2024-02-09 09:27:59,delivered,2024-02-11 09:27:59,2024-02-10 09:27:59
O007964,C01394,2025-11-10 23:52:12,delivered,2025-11-22 23:52:12,2025-11-15 23:52:12
O007965,C02415,2026-06-27 04:54:10,delivered,2026-07-09 04:54:10,2026-07-03 04:54:10
O007966,C01929,2024-09-14 01:28:24,delivered,2024-09-17 01:28:24,2024-09-15 01:28:24
O007967,C01957,2026-01-02 09:01:23,delivered,2026-01-04 09:01:23,2026-01-08 09:01:23
O007968,C01538,2025-11-09 03:10:15,cancelled,2025-11-16 03:10:15,
O007969,C01627,2026-01-08 20:41:57,delivered,2026-01-14 20:41:57,2026-01-15 20:41:57
O007970,C01807,2024-04-11 05:22:53,delivered,2024-04-13 05:22:53,2024-04-13 05:22:53
O007971,C01848,2025-12-25 15:47:20,delivered,2025-12-29 15:47:20,2026-01-02 15:47:20
O007972,C00450,2025-06-04 03:57:24,returned,2025-06-07 03:57:24,2025-06-12 03:57:24
O007973,C01528,2025-12-19 10:57:29,delivered,2025-12-27 10:57:29,2025-12-23 10:57:29
O007974,C00134,2024-04-29 20:16:26,delivered,2024-05-04 20:16:26,2024-05-03 20:16:26
O007975,C00089,2025-10-31 23:33:07,cancelled,2025-11-11 23:33:07,
O007976,C01042,2024-04-22 10:00:41,delivered,2024-04-26 10:00:41,2024-04-28 10:00:41
O007977,C02432,2025-07-05 20:53:54,delivered,2025-07-10 20:53:54,2025-07-07 20:53:54
O007978,C01628,2024-09-06 03:04:55,delivered,2024-09-15 03:04:55,2024-09-11 03:04:55
O007979,C02234,2024-02-21 17:50:29,delivered,2024-02-24 17:50:29,2024-02-25 17:50:29
O007980,C02334,2024-11-16 16:05:39,delivered,2024-11-22 16:05:39,2024-11-22 16:05:39
O007981,C00659,2024-08-19 03:03:12,processing,2024-08-30 03:03:12,
O007982,C01927,2025-10-24 08:50:43,delivered,2025-11-01 08:50:43,2025-10-31 08:50:43
O007983,C02093,2024-08-21 15:10:28,delivered,2024-09-01 15:10:28,2024-08-25 15:10:28
O007984,C00721,2026-05-21 21:22:48,delivered,2026-06-02 21:22:48,2026-05-25 21:22:48
O007985,C02099,2025-08-07 11:53:02,delivered,2025-08-13 11:53:02,2025-08-12 11:53:02
O007986,C00174,2026-02-11 12:15:12,delivered,2026-02-13 12:15:12,2026-02-19 12:15:12
O007987,C00842,2026-01-07 19:43:00,delivered,2026-01-18 19:43:00,2026-01-08 19:43:00
O007988,C02158,2025-04-13 01:13:50,delivered,2025-04-23 01:13:50,2025-04-20 01:13:50
O007989,C01362,2026-01-15 21:04:42,returned,2026-01-17 21:04:42,2026-01-17 21:04:42
O007990,C00115,2024-02-02 13:30:12,delivered,2024-02-06 13:30:12,2024-02-10 13:30:12
O007991,C01536,2024-06-12 18:48:54,shipped,2024-06-20 18:48:54,
O007992,C01469,2025-11-18 06:44:42,delivered,2025-11-25 06:44:42,2025-11-22 06:44:42
O007993,C02397,2026-03-30 11:50:09,delivered,2026-04-02 11:50:09,2026-04-01 11:50:09
O007994,C02075,2025-11-15 00:43:09,delivered,2025-11-26 00:43:09,2025-11-16 00:43:09
O007995,C02351,2024-08-19 14:10:31,delivered,2024-08-28 14:10:31,2024-08-25 14:10:31
O007996,C00359,2024-01-08 01:47:27,delivered,2024-01-17 01:47:27,2024-01-14 01:47:27
O007997,C00143,2024-09-11 17:28:42,delivered,2024-09-18 17:28:42,2024-09-17 17:28:42
O007998,C01518,2024-04-06 15:59:26,delivered,2024-04-10 15:59:26,2024-04-15 15:59:26
O007999,C02036,2026-06-20 19:05:33,shipped,2026-06-25 19:05:33,
O008000,C01348,2025-07-07 01:37:41,delivered,2025-07-11 01:37:41,2025-07-12 01:37:41
