payment_id,order_id,payment_type,installments,payment_value
PAY000001,O000001,credit_card,12,604.48
PAY000002,O000002,digital_wallet,1,637.24
PAY000003,O000003,debit_card,1,2776.51
PAY000004,O000004,digital_wallet,1,18.06
PAY000005,O000005,credit_card,3,1217.15
PAY000006,O000006,credit_card,1,386.3
PAY000007,O000007,credit_card,1,377.88
PAY000008,O000008,debit_card,1,739.85
PAY000009,O000009,digital_wallet,1,3945.48
PAY000010,O000010,credit_card,1,549.82
PAY000011,O000011,credit_card,2,1542.16
PAY000012,O000012,credit_card,1,240.82
PAY000013,O000013,credit_card,2,1057.73
PAY000014,O000014,credit_card,12,2976.26
PAY000015,O000015,credit_card,3,763.53
PAY000016,O000016,credit_card,3,1609.8
PAY000017,O000017,debit_card,1,590.31
PAY000018,O000018,debit_card,1,781.97
PAY000019,O000019,credit_card,2,1644.59
PAY000020,O000020,debit_card,1,365.29
PAY000021,O000021,credit_card,2,1014.25
PAY000022,O000022,credit_card,2,781.62
PAY000023,O000023,credit_card,6,774.5
PAY000024,O000024,credit_card,3,420.44
PAY000025,O000025,credit_card,1,2163.04
PAY000026,O000026,credit_card,6,546.34
PAY000027,O000027,credit_card,6,17521.86
PAY000028,O000028,credit_card,2,1245.27
PAY000029,O000029,debit_card,1,1611.93
PAY000030,O000030,CREDIT_CARD,1,2157.21
PAY000031,O000031,credit_card,2,100.92
PAY000032,O000032,debit_card,1,2290.07
PAY000033,O000033,credit_card,1,114.32
PAY000034,O000034,credit_card,3,1343.05
PAY000035,O000035,credit_card,3,675.85
PAY000036,O000036,credit_card,1,3805.43
PAY000037,O000037,credit_card,1,543.53
PAY000038,O000038,credit_card,3,1311.91
PAY000039,O000039,debit_card,1,249.11
PAY000040,O000040,debit_card,1,634.17
PAY000041,O000041,debit_card,1,712.49
PAY000042,O000042,credit_card,1,809.03
PAY000043,O000043,credit_card,1,2046.59
PAY000044,O000044,credit_card,2,413.69
PAY000045,O000045,digital_wallet,1,1941.4
PAY000046,O000046,credit_card,1,79.47
PAY000047,O000047,credit_card,12,204.34
PAY000048,O000048,credit_card,3,847.19
PAY000049,O000049,credit_card,1,1096.96
PAY000050,O000050,debit_card,1,183.56
PAY000051,O000051,credit_card,6,177.86
PAY000052,O000052,credit_card,3,1925.19
PAY000053,O000053,credit_card,1,4015.53
PAY000054,O000054,digital_wallet,1,730.69
PAY000055,O000055,digital_wallet,1,962.42
PAY000056,O000056,credit_card,1,31.42
PAY000057,O000057,credit_card,2,983.17
PAY000058,O000058,bank_transfer,1,6624.53
PAY000059,O000059,credit_card,3,211.65
PAY000060,O000060,bank_transfer,1,1277.56
PAY000061,O000061,debit_card,1,814.68
PAY000062,O000062,credit_card,1,2242.72
PAY000063,O000063,credit_card,2,1434.39
PAY000064,O000064,debit_card,1,2242.74
PAY000065,O000065,digital_wallet,1,43.14
PAY000066,O000066,digital_wallet,1,252.5
PAY000067,O000067,debit_card,1,2044.48
PAY000068,O000068,credit_card,12,1334.51
PAY000069,O000069,digital_wallet,1,1030.18
PAY000070,O000070,bank_transfer,1,1314.68
PAY000071,O000071,credit_card,6,1212.62
PAY000072,O000072,digital_wallet,1,1176.11
PAY000073,O000073,credit_card,1,663.62
PAY000074,O000074,credit_card,1,334.4
PAY000075,O000075,credit_card,6,429.39
PAY000076,O000076,debit_card,1,2893.03
PAY000077,O000077,credit_card,2,3659.98
PAY000078,O000078,credit_card,1,1129.64
PAY000079,O000079,credit_card,2,933.57
PAY000080,O000080,credit_card,6,488.57
PAY000081,O000081,debit_card,1,1684.55
PAY000082,O000082,credit_card,2,324.33
PAY000083,O000083,bank_transfer,1,576.67
PAY000084,O000084,digital_wallet,1,176.73
PAY000085,O000085,credit_card,1,58.94
PAY000086,O000086,credit_card,1,958.17
PAY000087,O000087,credit_card,2,1397.33
PAY000088,O000088,credit_card,12,221.4
PAY000089,O000089,digital_wallet,1,1382.11
PAY000090,O000090,credit_card,6,2539.26
PAY000091,O000091,credit_card,2,364.97
PAY000092,O000092,digital_wallet,1,709.12
PAY000093,O000093,debit_card,1,1651.26
PAY000094,O000094,credit_card,1,980.13
PAY000095,O000095,credit_card,1,436.12
PAY000096,O000096,debit_card,1,380.54
PAY000097,O000097,debit_card,1,6187.95
PAY000098,O000098,credit_card,2,334.79
PAY000099,O000099,credit_card,1,1457.22
PAY000100,O000100,digital_wallet,1,36.83
PAY000101,O000101,debit_card,1,500.99
PAY000102,O000102,credit_card,6,491.14
PAY000103,O000103,credit_card,3,628.32
PAY000104,O000104,credit_card,2,261.02
PAY000105,O000105,credit_card,2,404.77
PAY000106,O000106,debit_card,1,809.43
PAY000107,O000107,digital_wallet,1,26.32
PAY000108,O000108,credit_card,1,169.73
PAY000109,O000109,credit_card,12,615.52
PAY000110,O000110,credit_card,2,732.53
PAY000111,O000111,digital_wallet,1,183.62
PAY000112,O000112,bank_transfer,1,541.74
PAY000113,O000113,debit_card,1,940.24
PAY000114,O000114,credit_card,1,471.66
PAY000115,O000115,digital_wallet,1,5832.83
PAY000116,O000116,debit_card,1,1265.23
PAY000117,O000117,credit_card,3,196.55
PAY000118,O000118,credit_card,3,876.7
PAY000119,O000119,credit_card,2,1084.15
PAY000120,O000120,credit_card,6,851.71
PAY000121,O000121,digital_wallet,24,224.72
PAY000122,O000122,credit_card,6,779.78
PAY000123,O000123,credit_card,1,524.17
PAY000124,O000124,debit_card,1,1402.25
PAY000125,O000125,bank_transfer,1,1060.44
PAY000126,O000126,credit_card,3,4076.28
PAY000127,O000127,credit_card,2,140.03
PAY000128,O000128,bank_transfer,1,1969.66
PAY000129,O000129,credit_card,3,6689.03
PAY000130,O000130,bank_transfer,1,1243.94
PAY000131,O000131,debit_card,1,2622.48
PAY000132,O000132,credit_card,3,495.39
PAY000133,O000133,credit_card,2,4410.64
PAY000134,O000134,bank_transfer,1,3852.74
PAY000135,O000135, credit_card ,2,749.04
PAY000136,O000136,credit_card,12,1455.89
PAY000137,O000137,bank_transfer,1,1020.78
PAY000138,O000138,debit_card,1,52.67
PAY000139,O000139,debit_card,1,771.71
PAY000140,O000140,debit_card,1,1618.76
PAY000141,O000141,credit_card,1,506.4
PAY000142,O000142,credit_card,6,102.96
PAY000143,O000143,credit_card,2,1840.17
PAY000144,O000144,digital_wallet,1,160.51
PAY000145,O000145,bank_transfer,1,466.81
PAY000146,O000146,credit_card,2,1033.79
PAY000147,O000147,credit_card,1,705.4
PAY000148,O000148,credit_card,6,2028.44
PAY000149,O000149,debit_card,1,5307.8
PAY000150,O000150,credit_card,12,1410.91
PAY000151,O000151,debit_card,1,100.36
PAY000152,O000152,bank_transfer,1,798.7
PAY000153,O000153,debit_card,1,2561.01
PAY000154,O000154,credit_card,3,287.26
PAY000155,O000155,bank_transfer,1,1775.33
PAY000156,O000156,debit_card,1,1614.44
PAY000157,O000157,debit_card,1,763.89
PAY000158,O000158,debit_card,1,1041.05
PAY000159,O000159,debit_card,1,1352.25
PAY000160,O000160,credit_card,2,681.45
PAY000161,O000161,credit_card,1,687.21
PAY000162,O000162,bank_transfer,1,600.11
PAY000163,O000163,credit_card,12,313.62
PAY000164,O000164,bank_transfer,1,170.77
PAY000165,O000165,digital_wallet,1,29.7
PAY000166,O000166,debit_card,1,2245.28
PAY000167,O000167,debit_card,1,975.8
PAY000168,O000168,credit_card,3,331.95
PAY000169,O000169,credit_card,1,59.68
PAY000170,O000170,debit_card,1,90.16
PAY000171,O000171,credit_card,1,390.32
PAY000172,O000172,credit_card,2,378.76
PAY000173,O000173,digital_wallet,1,132.74
PAY000174,O000174,debit_card,1,1449.08
PAY000175,O000175,credit_card,3,854.76
PAY000176,O000176,credit_card,1,1277.67
PAY000177,O000177,bank_transfer,1,1272.87
PAY000178,O000178,credit_card,1,687.84
PAY000179,O000179,bank_transfer,1,1300.3
PAY000180,O000180,debit_card,1,2636.61
PAY000181,O000181,digital_wallet,1,1790.91
PAY000182,O000182,credit_card,3,712.19
PAY000183,O000183,debit_card,1,2220.92
PAY000184,O000184,credit_card,1,834.4
PAY000185,O000185,debit_card,1,690.77
PAY000186,O000186,credit_card,3,311.97
PAY000187,O000187,credit_card,1,130.72
PAY000188,O000188,credit_card,3,1094.64
PAY000189,O000189,credit_card,2,523.33
PAY000190,O000190,credit_card,6,399.7
PAY000191,O000191,credit_card,1,394.75
PAY000192,O000192,credit_card,6,448.55
PAY000193,O000193,credit_card,1,813.48
PAY000194,O000194,credit_card,12,1354.62
PAY000195,O000195,credit_card,2,3793.11
PAY000196,O000196,debit_card,1,1381.68
PAY000197,O000197,credit_card,3,1149.21
PAY000198,O000198,credit_card,1,628.18
PAY000199,O000199,credit_card,6,543.61
PAY000200,O000200,digital_wallet,1,88.45
PAY000201,O000201,debit_card,1,2322.54
PAY000202,O000202,debit_card,1,232.98
PAY000203,O000203,credit_card,3,2196.38
PAY000204,O000204,bank_transfer,1,1401.88
PAY000205,O000205,bank_transfer,1,2697.76
PAY000206,O000206,credit_card,6,562.59
PAY000207,O000207,credit_card,2,29.71
PAY000208,O000208,bank_transfer,1,446.73
PAY000209,O000209,credit_card,2,2492.41
PAY000210,O000210,credit_card,1,207.22
PAY000211,O000211,credit_card,1,1979.3
PAY000212,O000212,debit_card,1,61.84
PAY000213,O000213,bank_transfer,1,875.15
PAY000214,O000214,credit_card,6,496.94
PAY000215,O000215,credit_card,1,2388.13
PAY000216,O000216,credit_card,1,239.22
PAY000217,O000217,credit_card,1,850.69
PAY000218,O000218,digital_wallet,1,1099.29
PAY000219,O000219,credit_card,1,1660.63
PAY000220,O000220,debit_card,1,316.01
PAY000221,O000221,credit_card,6,100.86
PAY000222,O000222,credit_card,3,389.13
PAY000223,O000223,credit_card,1,994.27
PAY000224,O000224,credit_card,1,1256.21
PAY000225,O000225,credit_card,12,102.39
PAY000226,O000226,bank_transfer,1,1451.89
PAY000227,O000227,credit_card,6,74.07
PAY000228,O000228, credit_card ,2,356.71
PAY000229,O000229,debit_card,1,848.42
PAY000230,O000230, debit_card ,1,2119.94
PAY000231,O000231,credit_card,1,760.65
PAY000232,O000232,credit_card,1,1394.39
PAY000233,O000233,digital_wallet,1,2124.13
PAY000234,O000234,credit_card,3,2253.98
PAY000235,O000235,digital_wallet,1,265.15
PAY000236,O000236,bank_transfer,1,974.01
PAY000237,O000237,debit_card,1,840.14
PAY000238,O000238,debit_card,1,657.14
PAY000239,O000239,credit_card,2,747.27
PAY000240,O000240,credit_card,3,9958.79
PAY000241,O000241,debit_card,1,748.68
PAY000242,O000242,debit_card,1,504.93
PAY000243,O000243,debit_card,1,109.9
PAY000244,O000244,credit_card,2,388.79
PAY000245,O000245,credit_card,3,987.23
PAY000246,O000246,digital_wallet,1,406.88
PAY000247,O000247,credit_card,3,2777.8
PAY000248,O000248,bank_transfer,1,462.01
PAY000249,O000249,credit_card,1,237.18
PAY000250,O000250,DEBIT_CARD,1,1592.78
PAY000251,O000251,credit_card,2,1388.47
PAY000252,O000252,credit_card,2,1003.44
PAY000253,O000253,debit_card,1,520.78
PAY000254,O000254,bank_transfer,1,313.52
PAY000255,O000255,credit_card,1,2143.42
PAY000256,O000256,debit_card,1,901.22
PAY000257,O000257,debit_card,1,1453.12
PAY000258,O000258,bank_transfer,1,2466.69
PAY000259,O000259,credit_card,1,245.32
PAY000260,O000260,credit_card,3,140.76
PAY000261,O000261,bank_transfer,1,1496.68
PAY000262,O000262,credit_card,3,796.22
PAY000263,O000263,digital_wallet,1,978.84
PAY000264,O000264,credit_card,1,704.62
PAY000265,O000265,debit_card,1,182.98
PAY000266,O000266,credit_card,6,3215.28
PAY000267,O000267,debit_card,1,847.29
PAY000268,O000268,credit_card,3,414.76
PAY000269,O000269,debit_card,1,314.04
PAY000270,O000270,bank_transfer,1,1012.45
PAY000271,O000271,digital_wallet,1,767.33
PAY000272,O000272,credit_card,1,84.64
PAY000273,O000273,bank_transfer,1,531.42
PAY000274,O000274,debit_card,1,583.1
PAY000275,O000275,digital_wallet,1,1406.22
PAY000276,O000276,digital_wallet,1,1529.06
PAY000277,O000277,bank_transfer,1,1283.59
PAY000278,O000278,credit_card,2,382.25
PAY000279,O000279,debit_card,1,119.91
PAY000280,O000280,debit_card,1,4534.21
PAY000281,O000281,bank_transfer,1,124.19
PAY000282,O000282,credit_card,3,1809.33
PAY000283,O000283,bank_transfer,1,950.8
PAY000284,O000284,digital_wallet,1,1631.25
PAY000285,O000285,bank_transfer,1,184.47
PAY000286,O000286,credit_card,3,2764.08
PAY000287,O000287,debit_card,1,574.89
PAY000288,O000288,debit_card,1,1794.24
PAY000289,O000289,credit_card,3,785.7
PAY000290,O000290,credit_card,1,1550.91
PAY000291,O000291,credit_card,3,437.21
PAY000292,O000292,debit_card,1,466.37
PAY000293,O000293,bank_transfer,1,288.64
PAY000294,O000294,debit_card,1,667.77
PAY000295,O000295,bank_transfer,1,295.93
PAY000296,O000296,bank_transfer,1,211.03
PAY000297,O000297,credit_card,2,774.13
PAY000298,O000298,bank_transfer,1,2710.37
PAY000299,O000299,credit_card,1,447.37
PAY000300,O000300,credit_card,1,141.94
PAY000301,O000301,credit_card,2,1111.98
PAY000302,O000302,credit_card,2,2266.04
PAY000303,O000303,credit_card,6,782.61
PAY000304,O000304,digital_wallet,1,2083.68
PAY000305,O000305,digital_wallet,1,1866.01
PAY000306,O000306,debit_card,1,828.68
PAY000307,O000307,debit_card,1,1092.36
PAY000308,O000308,credit_card,3,261.87
PAY000309,O000309,bank_transfer,1,1407.2
PAY000310,O000310,bank_transfer,1,160.87
PAY000311,O000311,digital_wallet,1,412.11
PAY000312,O000312,credit_card,1,892.56
PAY000313,O000313,debit_card,1,1631.1
PAY000314,O000314,debit_card,1,1002.93
PAY000315,O000315,credit_card,2,62.32
PAY000316,O000316,bank_transfer,1,1467.61
PAY000317,O000317,debit_card,1,1246.07
PAY000318,O000318,debit_card,1,936.17
PAY000319,O000319,digital_wallet,1,650.35
PAY000320,O000320,credit_card,3,1492.41
PAY000321,O000321,debit_card,1,1889.03
PAY000322,O000322,digital_wallet,1,35.86
PAY000323,O000323,digital_wallet,1,614.93
PAY000324,O000324,debit_card,1,503.08
PAY000325,O000325,credit_card,12,2388.12
PAY000326,O000326,debit_card,1,662.6
PAY000327,O000327,credit_card,1,135.14
PAY000328,O000328,digital_wallet,1,1389.33
PAY000329,O000329,bank_transfer,1,2398.46
PAY000330,O000330,debit_card,1,167.28
PAY000331,O000331,debit_card,1,26.87
PAY000332,O000332,credit_card,12,1114.24
PAY000333,O000333,credit_card,1,690.67
PAY000334,O000334,bank_transfer,1,1948.74
PAY000335,O000335,credit_card,1,1566.68
PAY000336,O000336,credit_card,1,1197.34
PAY000337,O000337,debit_card,1,707.99
PAY000338,O000338,credit_card,6,3581.97
PAY000339,O000339,credit_card,6,358.83
PAY000340,O000340,credit_card,1,326.14
PAY000341,O000341,credit_card,1,15.57
PAY000342,O000342,debit_card,1,1156.87
PAY000343,O000343,credit_card,3,1659.28
PAY000344,O000344,credit_card,2,843.2
PAY000345,O000345,credit_card,12,754.79
PAY000346,O000346,digital_wallet,1,1138.37
PAY000347,O000347,credit_card,3,558.12
PAY000348,O000348,credit_card,1,583.46
PAY000349,O000349,bank_transfer,1,70.22
PAY000350,O000350,bank_transfer,1,1748.08
PAY000351,O000351,digital_wallet,1,1492.0
PAY000352,O000352,credit_card,3,87.31
PAY000353,O000353,credit_card,2,371.78
PAY000354,O000354,digital_wallet,1,91.67
PAY000355,O000355,credit_card,1,1615.84
PAY000356,O000356,bank_transfer,1,1760.08
PAY000357,O000357,credit_card,1,1657.98
PAY000358,O000358,credit_card,1,1319.01
PAY000359,O000359,credit_card,12,874.07
PAY000360,O000360,credit_card,2,715.64
PAY000361,O000361,credit_card,1,767.28
PAY000362,O000362,credit_card,1,464.18
PAY000363,O000363,digital_wallet,1,285.99
PAY000364,O000364,debit_card,1,1613.27
PAY000365,O000365,credit_card,1,566.92
PAY000366,O000366,credit_card,1,793.68
PAY000367,O000367,digital_wallet,1,78.66
PAY000368,O000368,debit_card,1,2654.2
PAY000369,O000369,credit_card,2,667.58
PAY000370,O000370,credit_card,1,2219.68
PAY000371,O000371,debit_card,1,3895.8
PAY000372,O000372,debit_card,1,332.82
PAY000373,O000373,credit_card,2,344.17
PAY000374,O000374,debit_card,1,319.69
PAY000375,O000375,credit_card,1,357.42
PAY000376,O000376,digital_wallet,1,147.35
PAY000377,O000377,credit_card,1,529.66
PAY000378,O000378,credit_card,1,1959.85
PAY000379,O000379,credit_card,1,5347.49
PAY000380,O000380,credit_card,6,359.08
PAY000381,O000381,digital_wallet,1,954.52
PAY000382,O000382,credit_card,2,797.64
PAY000383,O000383,credit_card,6,327.22
PAY000384,O000384,digital_wallet,1,170.95
PAY000385,O000385,bank_transfer,1,686.06
PAY000386,O000386,credit_card,1,718.76
PAY000387,O000387,credit_card,3,1303.23
PAY000388,O000388,debit_card,1,679.85
PAY000389,O000389,credit_card,3,877.14
PAY000390,O000390,credit_card,6,202.78
PAY000391,O000391,credit_card,6,509.68
PAY000392,O000392,credit_card,1,839.75
PAY000393,O000393,digital_wallet,1,630.56
PAY000394,O000394,debit_card,1,66.42
PAY000395,O000395,credit_card,1,1144.18
PAY000396,O000396,credit_card,12,799.18
PAY000397,O000397,digital_wallet,1,247.32
PAY000398,O000398,credit_card,1,4738.74
PAY000399,O000399,credit_card,2,252.27
PAY000400,O000400,debit_card,1,1895.0
PAY000401,O000401,bank_transfer,1,1121.64
PAY000402,O000402,credit_card,12,136.32
PAY000403,O000403,debit_card,1,640.55
PAY000404,O000404,debit_card,1,25467.04
PAY000405,O000405,digital_wallet,1,2635.11
PAY000406,O000406,credit_card,2,930.22
PAY000407,O000407,credit_card,3,4736.12
PAY000408,O000408,credit_card,2,576.98
PAY000409,O000409,credit_card,3,1093.65
PAY000410,O000410,digital_wallet,1,1563.21
PAY000411,O000411,digital_wallet,1,220.81
PAY000412,O000412,digital_wallet,1,263.78
PAY000413,O000413,credit_card,3,1350.74
PAY000414,O000414,digital_wallet,1,1103.89
PAY000415,O000415,debit_card,1,2650.07
PAY000416,O000416,digital_wallet,1,753.25
PAY000417,O000417,debit_card,1,759.11
PAY000418,O000418,digital_wallet,1,447.2
PAY000419,O000419,debit_card,1,949.01
PAY000420,O000420,credit_card,3,3954.51
PAY000421,O000421,debit_card,1,1049.97
PAY000422,O000422,credit_card,12,31.9
PAY000423,O000423,credit_card,3,560.02
PAY000424,O000424,digital_wallet,1,1318.17
PAY000425,O000425,bank_transfer,1,969.66
PAY000426,O000426,debit_card,1,2140.22
PAY000427,O000427,digital_wallet,1,1213.32
PAY000428,O000428,credit_card,3,25.14
PAY000429,O000429,credit_card,2,863.62
PAY000430,O000430,debit_card,1,1639.28
PAY000431,O000431,credit_card,1,1613.13
PAY000432,O000432,credit_card,3,780.31
PAY000433,O000433,credit_card,1,1887.69
PAY000434,O000434,credit_card,6,1310.6
PAY000435,O000435,credit_card,1,292.14
PAY000436,O000436,credit_card,1,389.29
PAY000437,O000437,credit_card,2,3225.3
PAY000438,O000438, digital_wallet ,1,328.47
PAY000439,O000439,credit_card,3,1238.45
PAY000440,O000440,debit_card,1,581.39
PAY000441,O000441,bank_transfer,1,252.61
PAY000442,O000442,credit_card,1,1638.73
PAY000443,O000443,debit_card,1,1299.87
PAY000444,O000444,debit_card,1,444.22
PAY000445,O000445,credit_card,6,942.7
PAY000446,O000446,digital_wallet,1,51.02
PAY000447,O000447,debit_card,1,633.06
PAY000448,O000448,bank_transfer,1,559.53
PAY000449,O000449,bank_transfer,1,2192.82
PAY000450,O000450,debit_card,1,641.87
PAY000451,O000451,debit_card,1,713.94
PAY000452,O000452,credit_card,1,1789.76
PAY000453,O000453,credit_card,2,563.81
PAY000454,O000454,credit_card,6,930.05
PAY000455,O000455,credit_card,3,1146.73
PAY000456,O000456,debit_card,1,884.08
PAY000457,O000457,debit_card,1,1157.69
PAY000458,O000458,credit_card,3,87.15
PAY000459,O000459,credit_card,2,662.33
PAY000460,O000460,credit_card,2,14.07
PAY000461,O000461,credit_card,1,3584.42
PAY000462,O000462,debit_card,1,1285.56
PAY000463,O000463,credit_card,6,1843.75
PAY000464,O000464,credit_card,6,855.23
PAY000465,O000465,credit_card,2,482.94
PAY000466,O000466,debit_card,1,809.11
PAY000467,O000467,debit_card,1,40.06
PAY000468,O000468,credit_card,12,8911.49
PAY000469,O000469,debit_card,1,657.97
PAY000470,O000470,credit_card,3,961.83
PAY000471,O000471,bank_transfer,1,10431.26
PAY000472,O000472,debit_card,1,315.31
PAY000473,O000473,credit_card,2,1115.3
PAY000474,O000474,credit_card,1,729.5
PAY000475,O000475,credit_card,2,138.08
PAY000476,O000476,credit_card,1,551.01
PAY000477,O000477,digital_wallet,1,681.07
PAY000478,O000478,bank_transfer,1,1710.0
PAY000479,O000479,debit_card,1,1022.03
PAY000480,O000480,digital_wallet,1,2058.39
PAY000481,O000481,digital_wallet,1,218.18
PAY000482,O000482,credit_card,3,624.61
PAY000483,O000483,debit_card,1,1246.36
PAY000484,O000484,digital_wallet,1,1730.88
PAY000485,O000485,debit_card,1,1736.46
PAY000486,O000486,debit_card,1,1281.86
PAY000487,O000487,digital_wallet,1,316.28
PAY000488,O000488,credit_card,2,472.89
PAY000489,O000489,credit_card,3,426.69
PAY000490,O000490,debit_card,1,267.34
PAY000491,O000491,digital_wallet,1,252.95
PAY000492,O000492,debit_card,1,1069.28
PAY000493,O000493,credit_card,12,1254.76
PAY000494,O000494,credit_card,6,106.34
PAY000495,O000495,debit_card,1,4048.76
PAY000496,O000496,credit_card,1,521.42
PAY000497,O000497,debit_card,1,171.91
PAY000498,O000498,debit_card,1,212.98
PAY000499,O000499,digital_wallet,1,1078.46
PAY000500,O000500,credit_card,2,2189.26
PAY000501,O000501,debit_card,1,640.17
PAY000502,O000502,credit_card,6,165.87
PAY000503,O000503,bank_transfer,1,389.51
PAY000504,O000504,bank_transfer,1,1713.91
PAY000505,O000505,credit_card,12,778.56
PAY000506,O000506,bank_transfer,1,2048.12
PAY000507,O000507,digital_wallet,1,530.19
PAY000508,O000508,credit_card,1,268.44
PAY000509,O000509,debit_card,1,2585.23
PAY000510,O000510,debit_card,1,955.93
PAY000511,O000511,credit_card,6,107.55
PAY000512,O000512,credit_card,6,2011.24
PAY000513,O000513,credit_card,2,1868.69
PAY000514,O000514,debit_card,1,349.02
PAY000515,O000515,credit_card,6,580.31
PAY000516,O000516,credit_card,12,1268.38
PAY000517,O000517,credit_card,6,3065.79
PAY000518,O000518,credit_card,6,87.52
PAY000519,O000519,debit_card,1,422.68
PAY000520,O000520,debit_card,1,1688.27
PAY000521,O000521,credit_card,6,274.91
PAY000522,O000522,credit_card,3,519.39
PAY000523,O000523,debit_card,1,367.98
PAY000524,O000524,bank_transfer,1,2292.85
PAY000525,O000525,debit_card,1,3519.71
PAY000526,O000526,digital_wallet,1,384.21
PAY000527,O000527,credit_card,1,791.14
PAY000528,O000528,debit_card,1,202.52
PAY000529,O000529,digital_wallet,1,2051.92
PAY000530,O000530,credit_card,2,131.23
PAY000531,O000531,credit_card,2,899.34
PAY000532,O000532,credit_card,2,834.3
PAY000533,O000533,credit_card,1,1882.47
PAY000534,O000534,bank_transfer,1,777.01
PAY000535,O000535,credit_card,12,246.33
PAY000536,O000536,bank_transfer,1,268.39
PAY000537,O000537,credit_card,1,2336.01
PAY000538,O000538,credit_card,3,1829.93
PAY000539,O000539,digital_wallet,1,821.6
PAY000540,O000540,credit_card,1,2273.37
PAY000541,O000541,credit_card,6,1592.76
PAY000542,O000542,debit_card,1,2079.43
PAY000543,O000543,credit_card,3,20752.9
PAY000544,O000544,credit_card,1,889.33
PAY000545,O000545,credit_card,1,551.85
PAY000546,O000546,credit_card,2,889.15
PAY000547,O000547,credit_card,12,624.24
PAY000548,O000548,bank_transfer,1,416.99
PAY000549,O000549,bank_transfer,1,2709.21
PAY000550,O000550,credit_card,1,34.03
PAY000551,O000551,credit_card,2,436.83
PAY000552,O000552,credit_card,1,1046.62
PAY000553,O000553,credit_card,6,1087.31
PAY000554,O000554,debit_card,1,664.93
PAY000555,O000555,credit_card,3,2853.54
PAY000556,O000556,credit_card,6,404.76
PAY000557,O000557,digital_wallet,1,1323.83
PAY000558,O000558,debit_card,1,810.08
PAY000559,O000559,bank_transfer,1,736.93
PAY000560,O000560,debit_card,1,289.76
PAY000561,O000561,debit_card,1,629.42
PAY000562,O000562,digital_wallet,1,14.87
PAY000563,O000563,credit_card,1,1946.49
PAY000564,O000564,debit_card,1,21.55
PAY000565,O000565,credit_card,2,1780.29
PAY000566,O000566,credit_card,1,740.75
PAY000567,O000567,credit_card,1,823.61
PAY000568,O000568,credit_card,1,326.24
PAY000569,O000569,credit_card,2,551.62
PAY000570,O000570,bank_transfer,1,2503.42
PAY000571,O000571,debit_card,1,1405.84
PAY000572,O000572,CREDIT_CARD,6,621.96
PAY000573,O000573,credit_card,3,673.88
PAY000574,O000574,credit_card,3,1262.23
PAY000575,O000575,debit_card,1,356.71
PAY000576,O000576,credit_card,6,1168.13
PAY000577,O000577,debit_card,1,2264.3
PAY000578,O000578,debit_card,1,350.01
PAY000579,O000579,credit_card,2,1725.78
PAY000580,O000580,debit_card,1,405.65
PAY000581,O000581,credit_card,6,524.24
PAY000582,O000582,credit_card,1,1501.91
PAY000583,O000583,digital_wallet,1,2232.6
PAY000584,O000584,credit_card,3,969.38
PAY000585,O000585,digital_wallet,1,622.7
PAY000586,O000586,credit_card,6,29.21
PAY000587,O000587,debit_card,1,306.01
PAY000588,O000588,bank_transfer,1,830.47
PAY000589,O000589,debit_card,1,278.96
PAY000590,O000590,digital_wallet,1,479.05
PAY000591,O000591,debit_card,1,324.83
PAY000592,O000592,digital_wallet,1,875.42
PAY000593,O000593,credit_card,1,590.42
PAY000594,O000594,credit_card,6,1330.72
PAY000595,O000595,debit_card,1,253.23
PAY000596,O000596,debit_card,1,458.56
PAY000597,O000597,credit_card,12,1731.01
PAY000598,O000598,credit_card,1,4240.02
PAY000599,O000599, credit_card ,2,1111.7
PAY000600,O000600,bank_transfer,1,1799.27
PAY000601,O000601,bank_transfer,1,948.83
PAY000602,O000602,bank_transfer,1,2008.72
PAY000603,O000603,debit_card,1,1528.46
PAY000604,O000604,credit_card,3,1931.3
PAY000605,O000605,credit_card,1,729.4
PAY000606,O000606,credit_card,12,95.56
PAY000607,O000607,credit_card,12,597.22
PAY000608,O000608,debit_card,1,265.33
PAY000609,O000609,debit_card,1,1152.72
PAY000610,O000610,credit_card,3,984.34
PAY000611,O000611,credit_card,6,721.89
PAY000612,O000612,credit_card,3,2460.69
PAY000613,O000613,bank_transfer,1,593.07
PAY000614,O000614,debit_card,1,794.8
PAY000615,O000615,debit_card,1,307.11
PAY000616,O000616,credit_card,6,1574.27
PAY000617,O000617,credit_card,1,699.91
PAY000618,O000618,debit_card,1,759.44
PAY000619,O000619,debit_card,1,395.4
PAY000620,O000620,debit_card,1,647.78
PAY000621,O000621,debit_card,1,59.24
PAY000622,O000622,credit_card,6,1879.36
PAY000623,O000623,credit_card,1,187.87
PAY000624,O000624,bank_transfer,1,645.28
PAY000625,O000625,credit_card,6,298.76
PAY000626,O000626,debit_card,1,3106.13
PAY000627,O000627,bank_transfer,1,153.87
PAY000628,O000628,debit_card,1,2326.95
PAY000629,O000629,credit_card,6,5695.23
PAY000630,O000630,CREDIT_CARD,3,860.12
PAY000631,O000631,debit_card,1,3227.07
PAY000632,O000632,credit_card,1,1602.21
PAY000633,O000633,bank_transfer,1,430.56
PAY000634,O000634,digital_wallet,1,823.61
PAY000635,O000635,credit_card,2,411.7
PAY000636,O000636,credit_card,1,293.46
PAY000637,O000637,digital_wallet,1,3020.19
PAY000638,O000638,credit_card,2,1221.88
PAY000639,O000639,digital_wallet,1,345.81
PAY000640,O000640,bank_transfer,1,233.12
PAY000641,O000641,debit_card,1,7.81
PAY000642,O000642,debit_card,1,1826.35
PAY000643,O000643,credit_card,6,1039.13
PAY000644,O000644,credit_card,1,1482.01
PAY000645,O000645,credit_card,1,422.62
PAY000646,O000646,credit_card,3,599.06
PAY000647,O000647,credit_card,12,980.27
PAY000648,O000648,credit_card,3,1278.91
PAY000649,O000649,credit_card,2,127.44
PAY000650,O000650,credit_card,6,123.38
PAY000651,O000651,bank_transfer,1,552.97
PAY000652,O000652,credit_card,12,190.16
PAY000653,O000653,debit_card,1,306.75
PAY000654,O000654,debit_card,1,1002.58
PAY000655,O000655,credit_card,3,269.33
PAY000656,O000656,credit_card,6,173.63
PAY000657,O000657,credit_card,12,619.79
PAY000658,O000658,digital_wallet,1,880.33
PAY000659,O000659,debit_card,1,1574.57
PAY000660,O000660,credit_card,1,313.73
PAY000661,O000661,debit_card,1,564.45
PAY000662,O000662,credit_card,3,898.69
PAY000663,O000663,bank_transfer,1,2454.02
PAY000664,O000664,bank_transfer,1,133.73
PAY000665,O000665,credit_card,12,1138.89
PAY000666,O000666,debit_card,1,818.71
PAY000667,O000667,credit_card,1,748.97
PAY000668,O000668,credit_card,12,780.77
PAY000669,O000669,credit_card,1,93.93
PAY000670,O000670,credit_card,2,240.25
PAY000671,O000671,credit_card,3,1086.68
PAY000672,O000672,bank_transfer,1,1059.14
PAY000673,O000673,credit_card,2,87.23
PAY000674,O000674,debit_card,1,11734.99
PAY000675,O000675,bank_transfer,1,93.71
PAY000676,O000676,credit_card,3,26.8
PAY000677,O000677,credit_card,12,273.18
PAY000678,O000678,credit_card,1,1576.26
PAY000679,O000679,debit_card,1,1030.25
PAY000680,O000680,credit_card,1,1423.96
PAY000681,O000681,credit_card,1,98.75
PAY000682,O000682,debit_card,1,1571.06
PAY000683,O000683,credit_card,3,1992.09
PAY000684,O000684,digital_wallet,1,599.52
PAY000685,O000685,credit_card,1,700.25
PAY000686,O000686,bank_transfer,1,2372.83
PAY000687,O000687,debit_card,1,481.27
PAY000688,O000688,bank_transfer,1,3502.69
PAY000689,O000689,credit_card,1,1276.11
PAY000690,O000690,credit_card,1,1111.12
PAY000691,O000691,debit_card,1,1568.41
PAY000692,O000692,credit_card,1,496.35
PAY000693,O000693,credit_card,2,558.83
PAY000694,O000694,credit_card,3,859.39
PAY000695,O000695,credit_card,3,1178.66
PAY000696,O000696,bank_transfer,1,354.02
PAY000697,O000697,digital_wallet,1,669.72
PAY000698,O000698,digital_wallet,1,2274.88
PAY000699,O000699,digital_wallet,1,684.1
PAY000700,O000700,credit_card,2,708.66
PAY000701,O000701,debit_card,1,780.87
PAY000702,O000702,credit_card,1,772.94
PAY000703,O000703,debit_card,1,542.84
PAY000704,O000704,digital_wallet,1,403.21
PAY000705,O000705,credit_card,2,2172.96
PAY000706,O000706,credit_card,2,2443.01
PAY000707,O000707,credit_card,12,1531.17
PAY000708,O000708,credit_card,3,964.91
PAY000709,O000709,digital_wallet,1,11.0
PAY000710,O000710,credit_card,6,1390.9
PAY000711,O000711,credit_card,1,604.32
PAY000712,O000712,bank_transfer,1,328.95
PAY000713,O000713,CREDIT_CARD,1,89.12
PAY000714,O000714,credit_card,3,283.73
PAY000715,O000715,debit_card,1,445.7
PAY000716,O000716,credit_card,1,780.2
PAY000717,O000717,credit_card,3,180.46
PAY000718,O000718,credit_card,2,275.02
PAY000719,O000719,credit_card,12,468.76
PAY000720,O000720,debit_card,1,1400.9
PAY000721,O000721,credit_card,3,532.41
PAY000722,O000722,credit_card,12,64.76
PAY000723,O000723,credit_card,3,2594.83
PAY000724,O000724,digital_wallet,1,768.78
PAY000725,O000725,credit_card,12,979.09
PAY000726,O000726,credit_card,2,316.46
PAY000727,O000727,debit_card,1,91.7
PAY000728,O000728,debit_card,1,1020.43
PAY000729,O000729,debit_card,1,3026.92
PAY000730,O000730,debit_card,1,788.77
PAY000731,O000731,debit_card,1,1343.36
PAY000732,O000732,credit_card,2,585.9
PAY000733,O000733,credit_card,2,2040.93
PAY000734,O000734,credit_card,2,179.04
PAY000735,O000735,digital_wallet,1,758.14
PAY000736,O000736,digital_wallet,1,486.99
PAY000737,O000737,debit_card,1,1541.24
PAY000738,O000738,digital_wallet,1,1432.1
PAY000739,O000739,credit_card,12,1158.57
PAY000740,O000740,bank_transfer,1,708.83
PAY000741,O000741,credit_card,3,965.94
PAY000742,O000742,debit_card,1,503.64
PAY000743,O000743,debit_card,1,1340.09
PAY000744,O000744,credit_card,1,1130.55
PAY000745,O000745,credit_card,3,382.18
PAY000746,O000746,debit_card,1,3211.77
PAY000747,O000747,debit_card,1,114.12
PAY000748,O000748, debit_card ,1,229.0
PAY000749,O000749,credit_card,2,1414.08
PAY000750,O000750,debit_card,1,998.5
PAY000751,O000751,credit_card,1,1085.66
PAY000752,O000752,debit_card,1,443.87
PAY000753,O000753,CREDIT_CARD,1,1533.29
PAY000754,O000754,credit_card,12,118.22
PAY000755,O000755,debit_card,1,1992.87
PAY000756,O000756,credit_card,1,3251.28
PAY000757,O000757,credit_card,3,1219.99
PAY000758,O000758,debit_card,1,766.03
PAY000759,O000759,bank_transfer,1,177.95
PAY000760,O000760,credit_card,2,1089.2
PAY000761,O000761,credit_card,12,754.56
PAY000762,O000762,debit_card,1,165.12
PAY000763,O000763,credit_card,3,451.11
PAY000764,O000764,credit_card,12,1203.2
PAY000765,O000765,credit_card,2,293.51
PAY000766,O000766,debit_card,1,2515.97
PAY000767,O000767,credit_card,3,1205.18
PAY000768,O000768, digital_wallet ,1,887.79
PAY000769,O000769,credit_card,12,741.29
PAY000770,O000770,DIGITAL_WALLET,1,697.22
PAY000771,O000771,debit_card,1,674.76
PAY000772,O000772,credit_card,3,1086.78
PAY000773,O000773,credit_card,12,317.09
PAY000774,O000774,debit_card,1,544.13
PAY000775,O000775,credit_card,3,2908.49
PAY000776,O000776,credit_card,12,1334.25
PAY000777,O000777,debit_card,1,903.44
PAY000778,O000778,credit_card,2,2162.49
PAY000779,O000779,credit_card,1,983.49
PAY000780,O000780,digital_wallet,1,1204.14
PAY000781,O000781,credit_card,1,3517.83
PAY000782,O000782,bank_transfer,1,578.26
PAY000783,O000783,credit_card,3,1261.78
PAY000784,O000784,debit_card,1,33.43
PAY000785,O000785,credit_card,6,661.38
PAY000786,O000786,credit_card,3,623.07
PAY000787,O000787,credit_card,1,493.4
PAY000788,O000788,credit_card,1,2521.7
PAY000789,O000789,credit_card,3,68.69
PAY000790,O000790,debit_card,1,1419.38
PAY000791,O000791,credit_card,1,1253.7
PAY000792,O000792,credit_card,2,365.25
PAY000793,O000793,digital_wallet,1,1721.3
PAY000794,O000794,credit_card,1,578.84
PAY000795,O000795,bank_transfer,1,2323.22
PAY000796,O000796,bank_transfer,1,1908.34
PAY000797,O000797,credit_card,3,2076.48
PAY000798,O000798,credit_card,2,2351.6
PAY000799,O000799,bank_transfer,1,1925.21
PAY000800,O000800,credit_card,3,322.77
PAY000801,O000801,credit_card,2,653.85
PAY000802,O000802,debit_card,1,519.79
PAY000803,O000803,credit_card,2,6210.13
PAY000804,O000804,credit_card,3,794.81
PAY000805,O000805,debit_card,1,598.91
PAY000806,O000806,digital_wallet,1,363.73
PAY000807,O000807,debit_card,1,406.26
PAY000808,O000808,digital_wallet,1,888.91
PAY000809,O000809,credit_card,3,2120.44
PAY000810,O000810,credit_card,3,422.85
PAY000811,O000811,digital_wallet,1,834.14
PAY000812,O000812,credit_card,1,36.36
PAY000813,O000813,bank_transfer,1,625.36
PAY000814,O000814,credit_card,12,1811.57
PAY000815,O000815,debit_card,1,1265.58
PAY000816,O000816,credit_card,2,419.41
PAY000817,O000817,credit_card,3,1205.71
PAY000818,O000818,debit_card,1,770.86
PAY000819,O000819,credit_card,12,826.99
PAY000820,O000820,digital_wallet,1,2712.63
PAY000821,O000821,digital_wallet,1,1895.32
PAY000822,O000822,digital_wallet,1,455.66
PAY000823,O000823,credit_card,2,248.44
PAY000824,O000824,bank_transfer,1,478.67
PAY000825,O000825,credit_card,12,2134.25
PAY000826,O000826,credit_card,1,1939.49
PAY000827,O000827,credit_card,3,147.78
PAY000828,O000828,digital_wallet,1,296.39
PAY000829,O000829,debit_card,1,316.17
PAY000830,O000830,debit_card,1,411.45
PAY000831,O000831,debit_card,1,3753.35
PAY000832,O000832,bank_transfer,1,822.9
PAY000833,O000833,credit_card,2,399.29
PAY000834,O000834,bank_transfer,1,5038.95
PAY000835,O000835,credit_card,2,3018.1
PAY000836,O000836,credit_card,6,704.95
PAY000837,O000837,credit_card,1,1598.74
PAY000838,O000838,credit_card,2,1057.94
PAY000839,O000839,debit_card,1,530.06
PAY000840,O000840,digital_wallet,1,121.18
PAY000841,O000841,debit_card,1,1075.15
PAY000842,O000842,digital_wallet,1,463.34
PAY000843,O000843,credit_card,2,2321.39
PAY000844,O000844,credit_card,1,4090.42
PAY000845,O000845,credit_card,2,3236.07
PAY000846,O000846,credit_card,12,244.18
PAY000847,O000847,digital_wallet,1,848.38
PAY000848,O000848,digital_wallet,1,42.79
PAY000849,O000849,debit_card,1,466.75
PAY000850,O000850,credit_card,6,533.18
PAY000851,O000851,credit_card,3,834.14
PAY000852,O000852,debit_card,1,1345.0
PAY000853,O000853,debit_card,1,27.87
PAY000854,O000854,credit_card,1,930.97
PAY000855,O000855,bank_transfer,1,454.93
PAY000856,O000856,credit_card,3,1986.55
PAY000857,O000857,credit_card,3,341.6
PAY000858,O000858,credit_card,3,2247.96
PAY000859,O000859,credit_card,3,3840.77
PAY000860,O000860,debit_card,1,109.06
PAY000861,O000861,credit_card,3,603.94
PAY000862,O000862,credit_card,1,1135.9
PAY000863,O000863,credit_card,3,822.91
PAY000864,O000864,digital_wallet,1,82.14
PAY000865,O000865,digital_wallet,1,1066.52
PAY000866,O000866,debit_card,1,651.22
PAY000867,O000867,debit_card,1,54.63
PAY000868,O000868,debit_card,1,1320.72
PAY000869,O000869,debit_card,1,225.92
PAY000870,O000870,credit_card,6,58.86
PAY000871,O000871,credit_card,2,450.24
PAY000872,O000872,credit_card,6,3578.45
PAY000873,O000873,bank_transfer,1,2922.0
PAY000874,O000874, digital_wallet ,1,158.05
PAY000875,O000875,credit_card,2,1587.93
PAY000876,O000876,credit_card,2,2117.59
PAY000877,O000877,bank_transfer,1,1918.74
PAY000878,O000878,credit_card,3,503.66
PAY000879,O000879,CREDIT_CARD,1,2752.31
PAY000880,O000880,debit_card,1,530.66
PAY000881,O000881,debit_card,1,378.31
PAY000882,O000882,debit_card,1,88.85
PAY000883,O000883,debit_card,1,504.35
PAY000884,O000884,debit_card,1,986.52
PAY000885,O000885,credit_card,1,2173.0
PAY000886,O000886,credit_card,6,2238.58
PAY000887,O000887,credit_card,6,717.8
PAY000888,O000888,credit_card,1,2735.08
PAY000889,O000889,digital_wallet,1,749.84
PAY000890,O000890,debit_card,1,574.93
PAY000891,O000891,credit_card,6,3487.54
PAY000892,O000892,bank_transfer,1,693.26
PAY000893,O000893,credit_card,2,647.87
PAY000894,O000894,credit_card,6,102.77
PAY000895,O000895,CREDIT_CARD,12,775.81
PAY000896,O000896,bank_transfer,1,420.47
PAY000897,O000897,digital_wallet,1,585.68
PAY000898,O000898,debit_card,1,676.51
PAY000899,O000899,bank_transfer,1,724.45
PAY000900,O000900,credit_card,2,1976.96
PAY000901,O000901,digital_wallet,1,953.59
PAY000902,O000902,credit_card,2,2098.11
PAY000903,O000903,credit_card,3,446.98
PAY000904,O000904,credit_card,1,2953.81
PAY000905,O000905,credit_card,1,525.49
PAY000906,O000906,credit_card,12,1235.6
PAY000907,O000907,debit_card,1,498.91
PAY000908,O000908,debit_card,1,324.24
PAY000909,O000909,credit_card,3,65.39
PAY000910,O000910,credit_card,3,238.67
PAY000911,O000911,credit_card,2,151.96
PAY000912,O000912,bank_transfer,1,2117.43
PAY000913,O000913,digital_wallet,1,547.74
PAY000914,O000914,credit_card,6,1163.0
PAY000915,O000915,digital_wallet,1,786.55
PAY000916,O000916,credit_card,3,612.59
PAY000917,O000917,credit_card,3,469.24
PAY000918,O000918,credit_card,2,915.8
PAY000919,O000919,debit_card,1,1886.17
PAY000920,O000920,debit_card,1,144.9
PAY000921,O000921,debit_card,1,951.11
PAY000922,O000922,debit_card,1,636.73
PAY000923,O000923,credit_card,1,422.15
PAY000924,O000924,credit_card,12,487.49
PAY000925,O000925,credit_card,12,2478.82
PAY000926,O000926,credit_card,3,167.88
PAY000927,O000927,credit_card,3,2438.6
PAY000928,O000928,debit_card,1,549.7
PAY000929,O000929,bank_transfer,1,1804.06
PAY000930,O000930,debit_card,1,369.51
PAY000931,O000931,credit_card,12,712.12
PAY000932,O000932,credit_card,1,322.05
PAY000933,O000933,debit_card,1,1703.62
PAY000934,O000934,debit_card,1,2119.94
PAY000935,O000935,credit_card,2,96.15
PAY000936,O000936,bank_transfer,1,120.48
PAY000937,O000937,digital_wallet,1,1657.27
PAY000938,O000938,bank_transfer,1,582.37
PAY000939,O000939,DEBIT_CARD,1,2741.77
PAY000940,O000940,digital_wallet,1,431.2
PAY000941,O000941,debit_card,1,18642.05
PAY000942,O000942,debit_card,1,106.55
PAY000943,O000943,digital_wallet,1,495.73
PAY000944,O000944,credit_card,3,147.18
PAY000945,O000945,bank_transfer,1,869.92
PAY000946,O000946,credit_card,6,480.34
PAY000947,O000947,credit_card,1,508.16
PAY000948,O000948,credit_card,6,388.72
PAY000949,O000949,credit_card,1,604.16
PAY000950,O000950,credit_card,12,4362.05
PAY000951,O000951,credit_card,6,447.0
PAY000952,O000952,debit_card,1,2228.43
PAY000953,O000953,digital_wallet,1,1214.58
PAY000954,O000954,credit_card,1,831.7
PAY000955,O000955,digital_wallet,1,51.43
PAY000956,O000956,debit_card,1,2738.04
PAY000957,O000957,bank_transfer,1,2174.85
PAY000958,O000958,digital_wallet,1,2161.66
PAY000959,O000959,debit_card,1,1114.31
PAY000960,O000960,debit_card,1,3690.17
PAY000961,O000961,credit_card,1,1167.24
PAY000962,O000962,credit_card,2,751.62
PAY000963,O000963,credit_card,1,152.1
PAY000964,O000964,credit_card,2,2533.39
PAY000965,O000965,credit_card,1,196.18
PAY000966,O000966,credit_card,1,51.39
PAY000967,O000967,credit_card,1,1121.66
PAY000968,O000968,credit_card,1,325.15
PAY000969,O000969,credit_card,1,962.02
PAY000970,O000970,credit_card,3,375.7
PAY000971,O000971,credit_card,2,1317.66
PAY000972,O000972,credit_card,1,819.9
PAY000973,O000973,credit_card,6,851.16
PAY000974,O000974,credit_card,12,799.36
PAY000975,O000975,debit_card,1,450.53
PAY000976,O000976,debit_card,1,2136.11
PAY000977,O000977,credit_card,1,936.71
PAY000978,O000978,digital_wallet,1,159.34
PAY000979,O000979,bank_transfer,1,951.85
PAY000980,O000980,credit_card,2,3983.81
PAY000981,O000981,credit_card,6,1185.95
PAY000982,O000982,debit_card,1,864.0
PAY000983,O000983,credit_card,3,1824.18
PAY000984,O000984,credit_card,2,706.88
PAY000985,O000985,DIGITAL_WALLET,1,454.69
PAY000986,O000986,credit_card,1,946.27
PAY000987,O000987,credit_card,1,514.32
PAY000988,O000988,credit_card,6,447.44
PAY000989,O000989,credit_card,12,384.23
PAY000990,O000990,debit_card,1,524.03
PAY000991,O000991,debit_card,1,754.12
PAY000992,O000992,bank_transfer,1,1044.47
PAY000993,O000993,credit_card,2,1940.21
PAY000994,O000994,credit_card,1,1173.75
PAY000995,O000995,bank_transfer,1,1689.06
PAY000996,O000996,bank_transfer,1,2706.92
PAY000997,O000997,credit_card,6,707.2
PAY000998,O000998,credit_card,1,1521.67
PAY000999,O000999,credit_card,3,111.62
PAY001000,O001000,debit_card,1,237.25
PAY001001,O001001,bank_transfer,1,1825.86
PAY001002,O001002,digital_wallet,1,1090.6
PAY001003,O001003,credit_card,6,1096.81
PAY001004,O001004,debit_card,1,1723.7
PAY001005,O001005,credit_card,2,496.92
PAY001006,O001006,credit_card,2,188.66
PAY001007,O001007,bank_transfer,1,560.03
PAY001008,O001008,credit_card,2,317.54
PAY001009,O001009,digital_wallet,1,1714.92
PAY001010,O001010,credit_card,6,1040.14
PAY001011,O001011,bank_transfer,1,922.6
PAY001012,O001012,digital_wallet,1,2918.01
PAY001013,O001013,bank_transfer,1,2517.98
PAY001014,O001014,debit_card,1,1585.82
PAY001015,O001015,bank_transfer,1,543.86
PAY001016,O001016,bank_transfer,1,3696.33
PAY001017,O001017,credit_card,6,1272.51
PAY001018,O001018,credit_card,2,993.11
PAY001019,O001019,credit_card,1,2898.87
PAY001020,O001020,credit_card,2,1417.64
PAY001021,O001021,credit_card,2,1412.18
PAY001022,O001022,credit_card,6,1560.18
PAY001023,O001023,credit_card,1,157.73
PAY001024,O001024,debit_card,1,507.68
PAY001025,O001025,debit_card,1,451.88
PAY001026,O001026,credit_card,3,1047.86
PAY001027,O001027,credit_card,6,572.54
PAY001028,O001028,digital_wallet,1,789.39
PAY001029,O001029,credit_card,1,912.16
PAY001030,O001030,digital_wallet,1,878.3
PAY001031,O001031,digital_wallet,1,1167.48
PAY001032,O001032,credit_card,2,2244.21
PAY001033,O001033,credit_card,1,184.05
PAY001034,O001034,credit_card,1,380.21
PAY001035,O001035,credit_card,1,1139.49
PAY001036,O001036,credit_card,3,2648.74
PAY001037,O001037,credit_card,1,708.04
PAY001038,O001038,bank_transfer,1,1096.36
PAY001039,O001039,digital_wallet,1,1181.85
PAY001040,O001040,debit_card,1,431.86
PAY001041,O001041,digital_wallet,1,680.8
PAY001042,O001042,credit_card,2,607.55
PAY001043,O001043,credit_card,3,926.83
PAY001044,O001044,debit_card,1,1384.72
PAY001045,O001045,credit_card,1,717.71
PAY001046,O001046,debit_card,1,30.45
PAY001047,O001047,credit_card,12,648.04
PAY001048,O001048,digital_wallet,1,1147.52
PAY001049,O001049,credit_card,3,1252.62
PAY001050,O001050,credit_card,2,358.65
PAY001051,O001051,debit_card,1,754.19
PAY001052,O001052,digital_wallet,1,1046.26
PAY001053,O001053,credit_card,1,275.88
PAY001054,O001054,debit_card,1,688.58
PAY001055,O001055,credit_card,1,300.46
PAY001056,O001056,credit_card,3,19.87
PAY001057,O001057,credit_card,6,649.91
PAY001058,O001058,debit_card,1,415.55
PAY001059,O001059,debit_card,1,840.12
PAY001060,O001060,credit_card,6,318.49
PAY001061,O001061,credit_card,12,3119.82
PAY001062,O001062,credit_card,3,432.44
PAY001063,O001063,debit_card,1,496.43
PAY001064,O001064,credit_card,3,1016.84
PAY001065,O001065,credit_card,2,586.69
PAY001066,O001066,debit_card,1,283.28
PAY001067,O001067,debit_card,1,79.23
PAY001068,O001068,credit_card,1,348.57
PAY001069,O001069,credit_card,1,521.61
PAY001070,O001070,digital_wallet,1,298.61
PAY001071,O001071,debit_card,1,212.04
PAY001072,O001072,digital_wallet,1,558.56
PAY001073,O001073,debit_card,1,161.98
PAY001074,O001074,digital_wallet,1,542.39
PAY001075,O001075,debit_card,1,108.11
PAY001076,O001076,debit_card,1,839.46
PAY001077,O001077,debit_card,1,1423.91
PAY001078,O001078,digital_wallet,1,1004.37
PAY001079,O001079,digital_wallet,1,668.67
PAY001080,O001080,debit_card,1,850.81
PAY001081,O001081,debit_card,1,1101.15
PAY001082,O001082,credit_card,2,1632.11
PAY001083,O001083,digital_wallet,1,190.96
PAY001084,O001084,digital_wallet,1,26.17
PAY001085,O001085,credit_card,1,322.1
PAY001086,O001086,debit_card,1,944.31
PAY001087,O001087,debit_card,1,891.32
PAY001088,O001088,credit_card,3,1558.44
PAY001089,O001089,debit_card,1,5435.89
PAY001090,O001090,digital_wallet,1,199.14
PAY001091,O001091,debit_card,1,582.31
PAY001092,O001092,credit_card,2,144.44
PAY001093,O001093,digital_wallet,1,656.59
PAY001094,O001094,credit_card,6,92.15
PAY001095,O001095,debit_card,1,2584.5
PAY001096,O001096,credit_card,6,441.34
PAY001097,O001097,bank_transfer,1,448.03
PAY001098,O001098,debit_card,1,472.45
PAY001099,O001099,debit_card,1,560.0
PAY001100,O001100,credit_card,12,93.13
PAY001101,O001101,credit_card,3,424.52
PAY001102,O001102,credit_card,12,764.63
PAY001103,O001103,digital_wallet,1,1179.61
PAY001104,O001104,credit_card,3,1907.99
PAY001105,O001105,credit_card,1,464.91
PAY001106,O001106,debit_card,1,804.83
PAY001107,O001107,credit_card,12,1758.25
PAY001108,O001108,digital_wallet,1,782.22
PAY001109,O001109,bank_transfer,1,731.03
PAY001110,O001110,bank_transfer,1,1060.59
PAY001111,O001111,debit_card,1,1087.69
PAY001112,O001112,digital_wallet,1,871.56
PAY001113,O001113,credit_card,2,1832.33
PAY001114,O001114,credit_card,1,3025.73
PAY001115,O001115,credit_card,1,850.54
PAY001116,O001116,debit_card,1,172.53
PAY001117,O001117,digital_wallet,1,1453.26
PAY001118,O001118,bank_transfer,1,4642.59
PAY001119,O001119,debit_card,1,501.57
PAY001120,O001120,credit_card,6,835.66
PAY001121,O001121,credit_card,6,2128.48
PAY001122,O001122,digital_wallet,1,2459.58
PAY001123,O001123,credit_card,3,1303.82
PAY001124,O001124,credit_card,1,327.15
PAY001125,O001125,digital_wallet,1,182.0
PAY001126,O001126,debit_card,1,574.72
PAY001127,O001127,debit_card,1,498.59
PAY001128,O001128,credit_card,6,20.53
PAY001129,O001129,credit_card,2,667.89
PAY001130,O001130,credit_card,1,517.97
PAY001131,O001131,credit_card,12,781.11
PAY001132,O001132,credit_card,12,1158.53
PAY001133,O001133,credit_card,1,643.05
PAY001134,O001134,debit_card,1,220.48
PAY001135,O001135,credit_card,1,508.88
PAY001136,O001136,digital_wallet,1,3317.05
PAY001137,O001137,credit_card,12,1044.9
PAY001138,O001138,credit_card,1,8254.36
PAY001139,O001139,digital_wallet,1,771.64
PAY001140,O001140,credit_card,3,329.32
PAY001141,O001141,bank_transfer,1,823.49
PAY001142,O001142,credit_card,12,55.29
PAY001143,O001143,credit_card,2,428.17
PAY001144,O001144,credit_card,1,516.5
PAY001145,O001145,credit_card,1,1177.43
PAY001146,O001146,bank_transfer,1,1907.11
PAY001147,O001147,credit_card,2,831.77
PAY001148,O001148,credit_card,1,123.68
PAY001149,O001149,credit_card,1,401.04
PAY001150,O001150,bank_transfer,1,2357.67
PAY001151,O001151,BANK_TRANSFER,1,1938.37
PAY001152,O001152,credit_card,12,340.61
PAY001153,O001153,credit_card,2,266.08
PAY001154,O001154,bank_transfer,1,294.91
PAY001155,O001155,debit_card,1,217.91
PAY001156,O001156,bank_transfer,1,3916.63
PAY001157,O001157,credit_card,1,1015.69
PAY001158,O001158,credit_card,2,1528.83
PAY001159,O001159,credit_card,12,42.01
PAY001160,O001160,credit_card,3,476.81
PAY001161,O001161,debit_card,1,418.78
PAY001162,O001162,credit_card,1,2313.11
PAY001163,O001163,credit_card,3,1568.57
PAY001164,O001164,credit_card,1,796.24
PAY001165,O001165,debit_card,1,294.66
PAY001166,O001166,digital_wallet,1,918.46
PAY001167,O001167,credit_card,1,368.59
PAY001168,O001168,debit_card,1,463.97
PAY001169,O001169,credit_card,1,35.29
PAY001170,O001170,credit_card,1,264.01
PAY001171,O001171,digital_wallet,1,1703.41
PAY001172,O001172,credit_card,6,1174.94
PAY001173,O001173,credit_card,1,819.64
PAY001174,O001174,credit_card,1,437.13
PAY001175,O001175,CREDIT_CARD,3,257.74
PAY001176,O001176,debit_card,1,1380.5
PAY001177,O001177,credit_card,2,1658.0
PAY001178,O001178,bank_transfer,1,1935.73
PAY001179,O001179,debit_card,1,2963.32
PAY001180,O001180,debit_card,1,1751.14
PAY001181,O001181,digital_wallet,1,492.74
PAY001182,O001182,bank_transfer,1,794.69
PAY001183,O001183,digital_wallet,1,239.51
PAY001184,O001184,credit_card,12,929.83
PAY001185,O001185,bank_transfer,1,346.35
PAY001186,O001186,credit_card,12,1695.52
PAY001187,O001187,credit_card,1,792.22
PAY001188,O001188,debit_card,1,84.12
PAY001189,O001189,debit_card,1,2067.1
PAY001190,O001190,credit_card,2,1422.28
PAY001191,O001191,credit_card,1,1433.16
PAY001192,O001192,debit_card,1,5063.53
PAY001193,O001193,credit_card,3,965.93
PAY001194,O001194,credit_card,3,38.07
PAY001195,O001195,debit_card,1,2026.23
PAY001196,O001196,bank_transfer,1,821.59
PAY001197,O001197,debit_card,1,97.53
PAY001198,O001198,debit_card,1,3979.13
PAY001199,O001199,debit_card,1,2131.19
PAY001200,O001200,credit_card,12,878.28
PAY001201,O001201,bank_transfer,1,765.61
PAY001202,O001202,credit_card,6,798.98
PAY001203,O001203,credit_card,2,226.37
PAY001204,O001204,credit_card,1,320.51
PAY001205,O001205,digital_wallet,1,179.44
PAY001206,O001206,credit_card,1,193.7
PAY001207,O001207,bank_transfer,1,731.85
PAY001208,O001208,digital_wallet,1,389.05
PAY001209,O001209,credit_card,1,591.01
PAY001210,O001210,credit_card,1,507.83
PAY001211,O001211,credit_card,12,1112.78
PAY001212,O001212,credit_card,1,590.49
PAY001213,O001213,debit_card,1,377.14
PAY001214,O001214,digital_wallet,1,383.42
PAY001215,O001215,credit_card,1,771.49
PAY001216,O001216,bank_transfer,1,409.1
PAY001217,O001217,credit_card,1,806.91
PAY001218,O001218,credit_card,12,582.36
PAY001219,O001219,credit_card,12,363.98
PAY001220,O001220,credit_card,12,2158.41
PAY001221,O001221,debit_card,1,834.14
PAY001222,O001222,debit_card,1,4071.41
PAY001223,O001223,credit_card,2,2543.74
PAY001224,O001224,debit_card,1,766.87
PAY001225,O001225,bank_transfer,1,321.63
PAY001226,O001226,credit_card,3,1917.33
PAY001227,O001227,credit_card,12,112.22
PAY001228,O001228,credit_card,1,1535.96
PAY001229,O001229,credit_card,3,1248.56
PAY001230,O001230,credit_card,1,1470.93
PAY001231,O001231,credit_card,1,701.57
PAY001232,O001232,bank_transfer,1,476.3
PAY001233,O001233,debit_card,1,1003.96
PAY001234,O001234,debit_card,1,786.17
PAY001235,O001235,bank_transfer,1,834.77
PAY001236,O001236,bank_transfer,1,3577.32
PAY001237,O001237, debit_card ,1,876.16
PAY001238,O001238,credit_card,3,346.64
PAY001239,O001239,credit_card,1,1544.36
PAY001240,O001240,credit_card,1,1841.73
PAY001241,O001241,debit_card,1,194.44
PAY001242,O001242,bank_transfer,1,1052.65
PAY001243,O001243,credit_card,3,1308.97
PAY001244,O001244,credit_card,2,935.05
PAY001245,O001245,credit_card,1,619.89
PAY001246,O001246,debit_card,1,84.6
PAY001247,O001247,credit_card,3,1368.57
PAY001248,O001248,credit_card,3,1842.01
PAY001249,O001249,credit_card,1,1070.42
PAY001250,O001250,credit_card,3,2676.63
PAY001251,O001251,credit_card,6,3057.97
PAY001252,O001252,DEBIT_CARD,1,873.29
PAY001253,O001253,debit_card,1,591.03
PAY001254,O001254,debit_card,1,1108.07
PAY001255,O001255,digital_wallet,1,358.54
PAY001256,O001256,debit_card,1,367.83
PAY001257,O001257,credit_card,3,615.66
PAY001258,O001258,digital_wallet,1,1585.51
PAY001259,O001259,debit_card,1,771.46
PAY001260,O001260,bank_transfer,1,2419.77
PAY001261,O001261,credit_card,6,1562.19
PAY001262,O001262,credit_card,3,2873.1
PAY001263,O001263,credit_card,1,3324.49
PAY001264,O001264,debit_card,1,1484.68
PAY001265,O001265,credit_card,3,491.7
PAY001266,O001266,credit_card,12,1353.53
PAY001267,O001267,credit_card,1,1748.16
PAY001268,O001268,debit_card,1,377.37
PAY001269,O001269,digital_wallet,1,370.31
PAY001270,O001270,credit_card,6,2039.97
PAY001271,O001271,DIGITAL_WALLET,1,422.78
PAY001272,O001272,bank_transfer,1,443.78
PAY001273,O001273,bank_transfer,1,627.32
PAY001274,O001274,credit_card,1,407.05
PAY001275,O001275,credit_card,6,1024.94
PAY001276,O001276,credit_card,1,1104.45
PAY001277,O001277,debit_card,1,445.35
PAY001278,O001278,debit_card,1,951.66
PAY001279,O001279,credit_card,1,235.09
PAY001280,O001280,debit_card,1,188.21
PAY001281,O001281,credit_card,3,244.17
PAY001282,O001282,credit_card,3,717.81
PAY001283,O001283,credit_card,1,294.91
PAY001284,O001284,DEBIT_CARD,1,19.97
PAY001285,O001285,credit_card,3,1310.5
PAY001286,O001286,credit_card,2,729.89
PAY001287,O001287,credit_card,1,177.97
PAY001288,O001288,credit_card,3,1724.77
PAY001289,O001289,credit_card,2,905.52
PAY001290,O001290,bank_transfer,1,495.89
PAY001291,O001291,digital_wallet,1,621.66
PAY001292,O001292,debit_card,1,910.36
PAY001293,O001293,credit_card,1,206.12
PAY001294,O001294,credit_card,1,6481.23
PAY001295,O001295,digital_wallet,1,1123.4
PAY001296,O001296,credit_card,1,935.89
PAY001297,O001297,credit_card,12,1243.75
PAY001298,O001298,credit_card,1,1555.24
PAY001299,O001299,digital_wallet,1,1359.87
PAY001300,O001300,credit_card,3,1010.67
PAY001301,O001301,credit_card,1,315.55
PAY001302,O001302,debit_card,1,333.79
PAY001303,O001303,credit_card,2,3999.18
PAY001304,O001304,credit_card,3,81.38
PAY001305,O001305,credit_card,1,562.23
PAY001306,O001306,credit_card,6,1506.76
PAY001307,O001307,digital_wallet,1,479.43
PAY001308,O001308,credit_card,6,827.29
PAY001309,O001309,CREDIT_CARD,1,1337.01
PAY001310,O001310,debit_card,1,103.5
PAY001311,O001311,credit_card,2,1547.14
PAY001312,O001312,digital_wallet,1,1446.7
PAY001313,O001313,digital_wallet,1,576.22
PAY001314,O001314,credit_card,2,31.84
PAY001315,O001315,credit_card,3,1829.86
PAY001316,O001316,debit_card,1,221.66
PAY001317,O001317,digital_wallet,1,1207.63
PAY001318,O001318,credit_card,1,1020.64
PAY001319,O001319,debit_card,1,523.62
PAY001320,O001320,credit_card,3,2798.52
PAY001321,O001321,debit_card,1,1242.01
PAY001322,O001322,debit_card,1,331.58
PAY001323,O001323,credit_card,3,209.34
PAY001324,O001324,credit_card,6,2092.98
PAY001325,O001325,credit_card,1,88.06
PAY001326,O001326,bank_transfer,1,480.6
PAY001327,O001327,digital_wallet,1,159.91
PAY001328,O001328,credit_card,6,1520.15
PAY001329,O001329,credit_card,1,211.99
PAY001330,O001330,debit_card,1,890.76
PAY001331,O001331,credit_card,12,991.3
PAY001332,O001332,credit_card,2,144.02
PAY001333,O001333,credit_card,3,294.09
PAY001334,O001334,credit_card,2,1237.78
PAY001335,O001335,debit_card,1,111.99
PAY001336,O001336,credit_card,1,578.58
PAY001337,O001337,bank_transfer,1,572.06
PAY001338,O001338,bank_transfer,1,292.02
PAY001339,O001339,credit_card,2,2698.06
PAY001340,O001340,credit_card,12,3942.77
PAY001341,O001341,bank_transfer,1,1726.71
PAY001342,O001342,digital_wallet,1,1042.11
PAY001343,O001343,bank_transfer,1,2211.06
PAY001344,O001344,credit_card,12,520.47
PAY001345,O001345,credit_card,1,782.48
PAY001346,O001346,credit_card,3,699.84
PAY001347,O001347,debit_card,1,732.25
PAY001348,O001348,credit_card,1,1998.05
PAY001349,O001349,debit_card,1,233.48
PAY001350,O001350,debit_card,1,744.57
PAY001351,O001351,bank_transfer,1,697.17
PAY001352,O001352,credit_card,1,885.91
PAY001353,O001353,debit_card,1,687.43
PAY001354,O001354,debit_card,1,946.89
PAY001355,O001355,credit_card,1,547.25
PAY001356,O001356,credit_card,6,786.55
PAY001357,O001357,credit_card,1,609.77
PAY001358,O001358,debit_card,1,647.62
PAY001359,O001359,debit_card,1,965.57
PAY001360,O001360,credit_card,1,1087.81
PAY001361,O001361,debit_card,1,232.45
PAY001362,O001362,credit_card,6,352.05
PAY001363,O001363,credit_card,12,124.17
PAY001364,O001364,credit_card,2,244.44
PAY001365,O001365,credit_card,2,248.77
PAY001366,O001366,bank_transfer,1,2861.36
PAY001367,O001367,debit_card,1,129.4
PAY001368,O001368,digital_wallet,1,1119.83
PAY001369,O001369,debit_card,1,819.89
PAY001370,O001370,debit_card,1,5073.58
PAY001371,O001371,debit_card,1,947.09
PAY001372,O001372,credit_card,6,919.61
PAY001373,O001373,credit_card,3,633.23
PAY001374,O001374, credit_card ,12,144.89
PAY001375,O001375,digital_wallet,1,287.01
PAY001376,O001376,credit_card,12,626.77
PAY001377,O001377,debit_card,1,427.98
PAY001378,O001378,credit_card,6,255.57
PAY001379,O001379,debit_card,1,540.59
PAY001380,O001380,credit_card,6,584.8
PAY001381,O001381,credit_card,6,143.08
PAY001382,O001382,debit_card,1,2274.98
PAY001383,O001383,credit_card,1,923.16
PAY001384,O001384,credit_card,1,217.43
PAY001385,O001385, credit_card ,1,802.08
PAY001386,O001386,digital_wallet,1,1876.22
PAY001387,O001387,credit_card,1,725.84
PAY001388,O001388,digital_wallet,1,1059.57
PAY001389,O001389,debit_card,1,1157.6
PAY001390,O001390,credit_card,2,354.9
PAY001391,O001391,digital_wallet,1,120.8
PAY001392,O001392,credit_card,3,5148.65
PAY001393,O001393,credit_card,1,1444.68
PAY001394,O001394,digital_wallet,1,321.94
PAY001395,O001395,digital_wallet,1,317.3
PAY001396,O001396,debit_card,1,789.27
PAY001397,O001397,digital_wallet,1,241.86
PAY001398,O001398,credit_card,3,3390.14
PAY001399,O001399,bank_transfer,1,417.49
PAY001400,O001400,credit_card,2,292.6
PAY001401,O001401,credit_card,6,1593.6
PAY001402,O001402,debit_card,1,987.71
PAY001403,O001403,digital_wallet,1,174.59
PAY001404,O001404,credit_card,1,223.19
PAY001405,O001405,debit_card,1,556.3
PAY001406,O001406,bank_transfer,1,975.43
PAY001407,O001407,credit_card,1,1199.06
PAY001408,O001408,credit_card,1,103.46
PAY001409,O001409,credit_card,1,135.41
PAY001410,O001410,bank_transfer,1,824.23
PAY001411,O001411,digital_wallet,1,767.52
PAY001412,O001412,debit_card,1,1037.81
PAY001413,O001413,credit_card,2,3626.31
PAY001414,O001414,credit_card,1,2159.44
PAY001415,O001415,credit_card,2,993.82
PAY001416,O001416,credit_card,2,219.54
PAY001417,O001417,credit_card,2,505.71
PAY001418,O001418,credit_card,1,473.37
PAY001419,O001419,debit_card,1,596.17
PAY001420,O001420,debit_card,1,472.69
PAY001421,O001421,credit_card,1,362.56
PAY001422,O001422,digital_wallet,1,566.27
PAY001423,O001423,credit_card,2,562.7
PAY001424,O001424,debit_card,1,546.12
PAY001425,O001425,debit_card,1,952.62
PAY001426,O001426,debit_card,1,1080.0
PAY001427,O001427,debit_card,1,1607.24
PAY001428,O001428,credit_card,1,1125.64
PAY001429,O001429,debit_card,1,511.6
PAY001430,O001430,debit_card,1,897.6
PAY001431,O001431,credit_card,2,852.13
PAY001432,O001432,bank_transfer,1,44.23
PAY001433,O001433,debit_card,1,27.85
PAY001434,O001434,credit_card,2,3851.32
PAY001435,O001435,credit_card,12,263.62
PAY001436,O001436,bank_transfer,1,176.65
PAY001437,O001437,debit_card,1,2106.96
PAY001438,O001438,digital_wallet,1,2179.53
PAY001439,O001439,credit_card,1,3213.2
PAY001440,O001440,credit_card,1,1584.58
PAY001441,O001441,credit_card,2,3444.25
PAY001442,O001442,credit_card,1,644.73
PAY001443,O001443,credit_card,3,1291.93
PAY001444,O001444,credit_card,1,2406.84
PAY001445,O001445,credit_card,1,1637.35
PAY001446,O001446,credit_card,3,2689.46
PAY001447,O001447,bank_transfer,1,510.56
PAY001448,O001448,digital_wallet,1,1692.94
PAY001449,O001449,credit_card,3,202.46
PAY001450,O001450,bank_transfer,1,688.27
PAY001451,O001451,credit_card,2,681.88
PAY001452,O001452,bank_transfer,1,856.93
PAY001453,O001453,bank_transfer,1,758.46
PAY001454,O001454,credit_card,2,753.39
PAY001455,O001455,digital_wallet,1,1789.73
PAY001456,O001456,credit_card,1,503.33
PAY001457,O001457,credit_card,1,67.62
PAY001458,O001458,digital_wallet,1,563.32
PAY001459,O001459,credit_card,1,452.7
PAY001460,O001460,bank_transfer,1,571.1
PAY001461,O001461,credit_card,3,354.25
PAY001462,O001462,credit_card,6,4404.78
PAY001463,O001463,credit_card,1,1625.28
PAY001464,O001464,credit_card,6,155.97
PAY001465,O001465,debit_card,1,934.01
PAY001466,O001466,debit_card,1,609.77
PAY001467,O001467,bank_transfer,1,336.8
PAY001468,O001468,debit_card,1,667.28
PAY001469,O001469,credit_card,3,692.82
PAY001470,O001470,credit_card,2,473.32
PAY001471,O001471,credit_card,6,188.02
PAY001472,O001472,credit_card,3,4504.16
PAY001473,O001473,debit_card,1,537.6
PAY001474,O001474, credit_card ,1,10013.23
PAY001475,O001475,credit_card,1,1820.15
PAY001476,O001476,credit_card,2,1991.37
PAY001477,O001477,debit_card,1,2412.14
PAY001478,O001478, debit_card ,1,905.06
PAY001479,O001479,credit_card,6,651.82
PAY001480,O001480,credit_card,3,357.54
PAY001481,O001481,debit_card,1,344.68
PAY001482,O001482,debit_card,1,804.11
PAY001483,O001483,credit_card,3,590.82
PAY001484,O001484,credit_card,12,991.69
PAY001485,O001485,digital_wallet,1,2222.29
PAY001486,O001486,credit_card,1,430.68
PAY001487,O001487,digital_wallet,1,4288.39
PAY001488,O001488,credit_card,6,1984.73
PAY001489,O001489,digital_wallet,1,1523.18
PAY001490,O001490,credit_card,2,595.7
PAY001491,O001491,credit_card,1,493.2
PAY001492,O001492,debit_card,1,467.18
PAY001493,O001493,credit_card,1,173.31
PAY001494,O001494,debit_card,1,430.38
PAY001495,O001495,credit_card,12,1034.01
PAY001496,O001496,credit_card,3,910.93
PAY001497,O001497,credit_card,3,563.03
PAY001498,O001498,debit_card,1,494.29
PAY001499,O001499,digital_wallet,1,1344.63
PAY001500,O001500,credit_card,2,410.96
PAY001501,O001501,credit_card,2,772.13
PAY001502,O001502,credit_card,1,747.79
PAY001503,O001503,credit_card,2,1112.01
PAY001504,O001504,bank_transfer,1,595.66
PAY001505,O001505,credit_card,3,250.53
PAY001506,O001506,credit_card,12,740.14
PAY001507,O001507,credit_card,6,130.89
PAY001508,O001508,credit_card,2,736.45
PAY001509,O001509,credit_card,1,1296.18
PAY001510,O001510,digital_wallet,1,728.43
PAY001511,O001511,debit_card,1,362.29
PAY001512,O001512,credit_card,6,515.02
PAY001513,O001513,bank_transfer,1,134.85
PAY001514,O001514,credit_card,1,221.51
PAY001515,O001515,credit_card,3,1776.3
PAY001516,O001516,credit_card,6,776.74
PAY001517,O001517,credit_card,12,2288.18
PAY001518,O001518,digital_wallet,1,2141.56
PAY001519,O001519,credit_card,3,133.55
PAY001520,O001520,credit_card,1,3827.91
PAY001521,O001521,bank_transfer,1,965.02
PAY001522,O001522,credit_card,1,1485.51
PAY001523,O001523,credit_card,6,10602.02
PAY001524,O001524,credit_card,6,1876.49
PAY001525,O001525,credit_card,1,277.93
PAY001526,O001526,debit_card,1,1805.33
PAY001527,O001527,credit_card,6,18014.84
PAY001528,O001528,credit_card,12,314.42
PAY001529,O001529,credit_card,6,445.16
PAY001530,O001530,digital_wallet,1,949.69
PAY001531,O001531,debit_card,1,1489.3
PAY001532,O001532,credit_card,3,964.15
PAY001533,O001533,credit_card,1,1417.17
PAY001534,O001534,credit_card,2,168.39
PAY001535,O001535,debit_card,1,186.08
PAY001536,O001536,credit_card,1,1737.84
PAY001537,O001537,digital_wallet,1,1101.6
PAY001538,O001538,credit_card,2,455.98
PAY001539,O001539,digital_wallet,1,876.17
PAY001540,O001540,credit_card,3,360.59
PAY001541,O001541,digital_wallet,1,33.08
PAY001542,O001542,bank_transfer,1,941.42
PAY001543,O001543,credit_card,6,100.38
PAY001544,O001544,debit_card,1,609.51
PAY001545,O001545,bank_transfer,1,195.31
PAY001546,O001546,credit_card,1,259.21
PAY001547,O001547,credit_card,3,278.26
PAY001548,O001548,credit_card,3,90.8
PAY001549,O001549,credit_card,1,2146.73
PAY001550,O001550,digital_wallet,1,757.55
PAY001551,O001551,credit_card,1,749.1
PAY001552,O001552,credit_card,12,1040.94
PAY001553,O001553,credit_card,1,1993.83
PAY001554,O001554,credit_card,1,655.63
PAY001555,O001555,credit_card,12,3327.17
PAY001556,O001556,bank_transfer,1,884.81
PAY001557,O001557,debit_card,1,672.59
PAY001558,O001558,credit_card,1,2416.09
PAY001559,O001559,credit_card,3,551.59
PAY001560,O001560,credit_card,1,1044.2
PAY001561,O001561,debit_card,1,386.1
PAY001562,O001562,credit_card,1,19.42
PAY001563,O001563,credit_card,1,1193.76
PAY001564,O001564,bank_transfer,1,255.03
PAY001565,O001565,credit_card,3,1651.81
PAY001566,O001566,digital_wallet,1,724.36
PAY001567,O001567,digital_wallet,1,160.87
PAY001568,O001568,bank_transfer,1,2298.74
PAY001569,O001569,bank_transfer,1,820.15
PAY001570,O001570,bank_transfer,1,511.79
PAY001571,O001571,credit_card,1,2466.93
PAY001572,O001572,credit_card,12,272.8
PAY001573,O001573,credit_card,1,490.3
PAY001574,O001574,debit_card,1,1187.06
PAY001575,O001575,debit_card,1,548.61
PAY001576,O001576,credit_card,1,2032.38
PAY001577,O001577,credit_card,1,454.54
PAY001578,O001578,credit_card,2,222.71
PAY001579,O001579,credit_card,1,684.46
PAY001580,O001580,debit_card,1,573.86
PAY001581,O001581,bank_transfer,1,1768.59
PAY001582,O001582,digital_wallet,1,490.94
PAY001583,O001583,credit_card,6,2037.24
PAY001584,O001584,debit_card,1,1634.53
PAY001585,O001585,digital_wallet,1,222.14
PAY001586,O001586,debit_card,1,216.87
PAY001587,O001587,credit_card,1,551.9
PAY001588,O001588,credit_card,2,268.27
PAY001589,O001589,debit_card,1,209.58
PAY001590,O001590,debit_card,1,825.45
PAY001591,O001591,digital_wallet,1,728.69
PAY001592,O001592,credit_card,3,2156.28
PAY001593,O001593,debit_card,1,812.1
PAY001594,O001594,digital_wallet,1,225.1
PAY001595,O001595,credit_card,1,2279.77
PAY001596,O001596,DIGITAL_WALLET,1,912.91
PAY001597,O001597,digital_wallet,1,18005.87
PAY001598,O001598,credit_card,1,371.29
PAY001599,O001599,credit_card,12,1414.85
PAY001600,O001600,credit_card,1,2864.14
PAY001601,O001601,credit_card,3,429.41
PAY001602,O001602,credit_card,2,30.71
PAY001603,O001603,bank_transfer,1,3112.25
PAY001604,O001604,debit_card,1,8504.91
PAY001605,O001605,debit_card,1,2964.07
PAY001606,O001606,credit_card,1,362.27
PAY001607,O001607,credit_card,1,1392.91
PAY001608,O001608,debit_card,1,365.76
PAY001609,O001609,debit_card,1,19971.95
PAY001610,O001610,credit_card,3,2566.69
PAY001611,O001611,credit_card,12,1061.85
PAY001612,O001612,digital_wallet,1,896.9
PAY001613,O001613,credit_card,1,927.42
PAY001614,O001614,bank_transfer,1,533.95
PAY001615,O001615,credit_card,3,959.3
PAY001616,O001616,credit_card,6,3130.59
PAY001617,O001617,credit_card,12,567.17
PAY001618,O001618,credit_card,12,435.85
PAY001619,O001619,debit_card,1,448.83
PAY001620,O001620,credit_card,12,1821.25
PAY001621,O001621,credit_card,6,500.87
PAY001622,O001622,credit_card,1,1864.75
PAY001623,O001623,digital_wallet,1,1569.4
PAY001624,O001624,digital_wallet,1,104.56
PAY001625,O001625,credit_card,1,1201.82
PAY001626,O001626,credit_card,1,195.02
PAY001627,O001627,credit_card,1,356.92
PAY001628,O001628,bank_transfer,1,101.51
PAY001629,O001629,credit_card,1,810.18
PAY001630,O001630,credit_card,2,903.51
PAY001631,O001631,credit_card,1,1466.68
PAY001632,O001632,credit_card,3,422.38
PAY001633,O001633,credit_card,2,1589.51
PAY001634,O001634,credit_card,12,641.14
PAY001635,O001635,credit_card,3,859.77
PAY001636,O001636,debit_card,1,114.64
PAY001637,O001637,debit_card,1,75.22
PAY001638,O001638,credit_card,12,136.72
PAY001639,O001639,credit_card,1,1361.28
PAY001640,O001640,credit_card,1,826.21
PAY001641,O001641,bank_transfer,1,1171.13
PAY001642,O001642,credit_card,2,103.51
PAY001643,O001643,credit_card,6,1232.27
PAY001644,O001644,digital_wallet,1,318.95
PAY001645,O001645,digital_wallet,1,1463.07
PAY001646,O001646,bank_transfer,1,716.8
PAY001647,O001647,bank_transfer,1,415.28
PAY001648,O001648,credit_card,6,10930.27
PAY001649,O001649,credit_card,6,90.69
PAY001650,O001650,credit_card,3,721.21
PAY001651,O001651,digital_wallet,1,336.53
PAY001652,O001652,credit_card,1,1215.71
PAY001653,O001653,debit_card,1,2517.66
PAY001654,O001654,credit_card,2,1460.78
PAY001655,O001655,credit_card,1,342.83
PAY001656,O001656,credit_card,1,1101.24
PAY001657,O001657,credit_card,1,685.74
PAY001658,O001658,digital_wallet,1,897.78
PAY001659,O001659,credit_card,1,1107.81
PAY001660,O001660,credit_card,2,134.93
PAY001661,O001661,debit_card,1,1454.53
PAY001662,O001662,debit_card,1,523.97
PAY001663,O001663,credit_card,1,640.9
PAY001664,O001664,digital_wallet,1,848.91
PAY001665,O001665,credit_card,2,2543.39
PAY001666,O001666,bank_transfer,1,783.19
PAY001667,O001667,credit_card,3,327.4
PAY001668,O001668,credit_card,2,590.9
PAY001669,O001669,credit_card,12,248.53
PAY001670,O001670,credit_card,3,730.17
PAY001671,O001671,digital_wallet,1,1497.88
PAY001672,O001672,debit_card,1,148.95
PAY001673,O001673,credit_card,1,276.13
PAY001674,O001674,credit_card,3,242.29
PAY001675,O001675,debit_card,1,1743.5
PAY001676,O001676,bank_transfer,1,862.88
PAY001677,O001677,digital_wallet,1,464.22
PAY001678,O001678,digital_wallet,1,1212.43
PAY001679,O001679,credit_card,1,1738.55
PAY001680,O001680,debit_card,1,847.98
PAY001681,O001681,credit_card,3,190.95
PAY001682,O001682,credit_card,2,334.06
PAY001683,O001683,credit_card,2,210.68
PAY001684,O001684,credit_card,2,414.92
PAY001685,O001685,credit_card,6,1350.27
PAY001686,O001686,credit_card,2,484.66
PAY001687,O001687,digital_wallet,1,4238.59
PAY001688,O001688,credit_card,2,1767.51
PAY001689,O001689,bank_transfer,1,3202.57
PAY001690,O001690,digital_wallet,1,1049.51
PAY001691,O001691,credit_card,3,325.85
PAY001692,O001692,credit_card,12,1365.53
PAY001693,O001693,credit_card,1,2606.43
PAY001694,O001694,digital_wallet,1,766.92
PAY001695,O001695, credit_card ,12,2078.87
PAY001696,O001696,bank_transfer,1,5664.34
PAY001697,O001697,credit_card,2,1649.7
PAY001698,O001698,credit_card,12,672.32
PAY001699,O001699,bank_transfer,1,39.2
PAY001700,O001700,credit_card,3,413.12
PAY001701,O001701,digital_wallet,1,180.54
PAY001702,O001702,digital_wallet,1,353.66
PAY001703,O001703,digital_wallet,1,1881.38
PAY001704,O001704,debit_card,1,2738.51
PAY001705,O001705,credit_card,12,725.84
PAY001706,O001706,credit_card,1,1125.97
PAY001707,O001707,debit_card,1,3248.69
PAY001708,O001708,credit_card,12,39.55
PAY001709,O001709,credit_card,1,2055.3
PAY001710,O001710,credit_card,1,845.34
PAY001711,O001711,credit_card,2,4248.97
PAY001712,O001712,digital_wallet,1,266.17
PAY001713,O001713,credit_card,12,230.35
PAY001714,O001714,credit_card,3,637.98
PAY001715,O001715,credit_card,12,1412.56
PAY001716,O001716,debit_card,1,115.12
PAY001717,O001717,credit_card,12,962.72
PAY001718,O001718,digital_wallet,1,1099.55
PAY001719,O001719,credit_card,6,986.1
PAY001720,O001720,debit_card,1,367.1
PAY001721,O001721,credit_card,1,769.88
PAY001722,O001722,credit_card,6,2573.11
PAY001723,O001723,credit_card,1,2802.24
PAY001724,O001724,credit_card,1,101.61
PAY001725,O001725,credit_card,3,214.14
PAY001726,O001726,bank_transfer,1,437.7
PAY001727,O001727,credit_card,1,227.04
PAY001728,O001728,bank_transfer,1,2562.54
PAY001729,O001729,debit_card,1,4195.44
PAY001730,O001730,bank_transfer,1,474.55
PAY001731,O001731,credit_card,1,185.04
PAY001732,O001732,credit_card,12,508.19
PAY001733,O001733,credit_card,1,191.27
PAY001734,O001734,debit_card,1,2051.04
PAY001735,O001735,credit_card,1,1055.36
PAY001736,O001736,debit_card,1,2074.17
PAY001737,O001737,bank_transfer,1,1144.96
PAY001738,O001738,credit_card,3,310.92
PAY001739,O001739,debit_card,1,276.11
PAY001740,O001740, credit_card ,6,843.01
PAY001741,O001741,credit_card,2,2276.65
PAY001742,O001742,credit_card,12,455.99
PAY001743,O001743,credit_card,2,1384.83
PAY001744,O001744,digital_wallet,1,457.19
PAY001745,O001745,credit_card,3,330.05
PAY001746,O001746,credit_card,2,1243.92
PAY001747,O001747,credit_card,6,725.02
PAY001748,O001748,credit_card,12,882.63
PAY001749,O001749,credit_card,12,266.91
PAY001750,O001750,credit_card,2,1847.24
PAY001751,O001751,bank_transfer,1,3715.92
PAY001752,O001752,debit_card,1,970.09
PAY001753,O001753,bank_transfer,1,2184.85
PAY001754,O001754,credit_card,3,140.49
PAY001755,O001755,digital_wallet,1,1740.39
PAY001756,O001756,digital_wallet,1,2986.65
PAY001757,O001757,digital_wallet,1,1042.91
PAY001758,O001758,debit_card,1,659.94
PAY001759,O001759,debit_card,1,2275.49
PAY001760,O001760,credit_card,2,726.53
PAY001761,O001761,debit_card,1,707.99
PAY001762,O001762,debit_card,1,472.72
PAY001763,O001763,credit_card,1,186.4
PAY001764,O001764,credit_card,3,1747.95
PAY001765,O001765,digital_wallet,1,261.5
PAY001766,O001766,debit_card,1,404.2
PAY001767,O001767,bank_transfer,1,301.81
PAY001768,O001768,credit_card,1,704.08
PAY001769,O001769,digital_wallet,1,427.76
PAY001770,O001770,debit_card,1,23.72
PAY001771,O001771,bank_transfer,1,842.94
PAY001772,O001772,credit_card,1,1588.91
PAY001773,O001773,debit_card,1,2542.94
PAY001774,O001774,credit_card,2,839.61
PAY001775,O001775,bank_transfer,1,1034.66
PAY001776,O001776,credit_card,2,603.12
PAY001777,O001777,credit_card,1,249.65
PAY001778,O001778,credit_card,1,335.82
PAY001779,O001779,debit_card,1,581.8
PAY001780,O001780,debit_card,1,24279.15
PAY001781,O001781,credit_card,3,320.15
PAY001782,O001782,credit_card,3,1570.57
PAY001783,O001783,debit_card,1,2557.69
PAY001784,O001784,credit_card,3,524.85
PAY001785,O001785,credit_card,1,1201.17
PAY001786,O001786,credit_card,6,595.9
PAY001787,O001787,credit_card,12,271.99
PAY001788,O001788,bank_transfer,1,112.23
PAY001789,O001789,bank_transfer,1,1604.04
PAY001790,O001790,bank_transfer,1,660.55
PAY001791,O001791,credit_card,1,895.84
PAY001792,O001792,debit_card,1,1454.47
PAY001793,O001793,credit_card,2,2450.58
PAY001794,O001794,credit_card,2,405.03
PAY001795,O001795,credit_card,3,2565.59
PAY001796,O001796,credit_card,1,817.01
PAY001797,O001797,credit_card,6,71.39
PAY001798,O001798,credit_card,12,321.9
PAY001799,O001799,debit_card,1,1805.78
PAY001800,O001800,credit_card,2,2911.59
PAY001801,O001801,debit_card,1,1085.2
PAY001802,O001802,credit_card,3,425.46
PAY001803,O001803,debit_card,1,374.54
PAY001804,O001804,credit_card,1,130.63
PAY001805,O001805,debit_card,1,845.65
PAY001806,O001806,debit_card,1,828.58
PAY001807,O001807,credit_card,3,1210.9
PAY001808,O001808,credit_card,2,658.33
PAY001809,O001809,credit_card,12,1728.58
PAY001810,O001810,debit_card,1,1915.28
PAY001811,O001811,debit_card,1,695.03
PAY001812,O001812,credit_card,6,196.53
PAY001813,O001813,credit_card,6,198.67
PAY001814,O001814,credit_card,1,1034.08
PAY001815,O001815,credit_card,1,2330.67
PAY001816,O001816,debit_card,1,228.14
PAY001817,O001817,credit_card,1,998.44
PAY001818,O001818,credit_card,3,301.28
PAY001819,O001819,debit_card,1,322.46
PAY001820,O001820,debit_card,1,982.91
PAY001821,O001821,credit_card,1,1294.6
PAY001822,O001822,digital_wallet,1,761.47
PAY001823,O001823,credit_card,1,2515.5
PAY001824,O001824,credit_card,12,1667.01
PAY001825,O001825,bank_transfer,1,1283.39
PAY001826,O001826,credit_card,12,142.44
PAY001827,O001827,credit_card,6,1990.56
PAY001828,O001828,credit_card,1,1259.92
PAY001829,O001829,credit_card,3,359.4
PAY001830,O001830,bank_transfer,1,1239.46
PAY001831,O001831,credit_card,2,57.83
PAY001832,O001832,bank_transfer,1,537.35
PAY001833,O001833,digital_wallet,1,863.16
PAY001834,O001834,debit_card,1,1327.66
PAY001835,O001835,credit_card,2,1439.18
PAY001836,O001836,debit_card,1,423.88
PAY001837,O001837,credit_card,1,4925.23
PAY001838,O001838,debit_card,1,220.91
PAY001839,O001839,credit_card,1,2846.72
PAY001840,O001840,credit_card,1,397.12
PAY001841,O001841,credit_card,1,700.12
PAY001842,O001842,bank_transfer,1,70.49
PAY001843,O001843,debit_card,1,1028.6
PAY001844,O001844,credit_card,3,75.25
PAY001845,O001845,credit_card,3,198.29
PAY001846,O001846,credit_card,1,684.16
PAY001847,O001847,credit_card,3,784.38
PAY001848,O001848,digital_wallet,1,315.01
PAY001849,O001849,credit_card,6,41.69
PAY001850,O001850,credit_card,3,41.2
PAY001851,O001851,debit_card,1,366.28
PAY001852,O001852,debit_card,1,1102.82
PAY001853,O001853,credit_card,2,805.71
PAY001854,O001854,debit_card,1,573.61
PAY001855,O001855,bank_transfer,1,489.99
PAY001856,O001856,credit_card,6,1146.31
PAY001857,O001857,credit_card,1,1028.87
PAY001858,O001858,credit_card,3,1944.87
PAY001859,O001859,credit_card,1,3659.45
PAY001860,O001860,debit_card,1,2272.52
PAY001861,O001861,credit_card,1,772.26
PAY001862,O001862,credit_card,12,2007.33
PAY001863,O001863,credit_card,1,11483.09
PAY001864,O001864,digital_wallet,1,316.6
PAY001865,O001865,credit_card,12,1175.23
PAY001866,O001866,credit_card,12,331.82
PAY001867,O001867,bank_transfer,1,295.92
PAY001868,O001868,digital_wallet,1,2240.22
PAY001869,O001869,debit_card,1,102.01
PAY001870,O001870,CREDIT_CARD,2,489.23
PAY001871,O001871,credit_card,2,381.7
PAY001872,O001872,credit_card,3,287.0
PAY001873,O001873,debit_card,1,275.92
PAY001874,O001874,credit_card,2,629.3
PAY001875,O001875,debit_card,1,296.7
PAY001876,O001876,debit_card,1,4470.5
PAY001877,O001877,credit_card,2,361.67
PAY001878,O001878,credit_card,2,117.81
PAY001879,O001879,credit_card,12,308.63
PAY001880,O001880,credit_card,6,1817.46
PAY001881,O001881,bank_transfer,1,2039.34
PAY001882,O001882,debit_card,1,1883.73
PAY001883,O001883,credit_card,2,4853.5
PAY001884,O001884,DEBIT_CARD,1,244.02
PAY001885,O001885,bank_transfer,1,195.06
PAY001886,O001886,credit_card,3,1287.84
PAY001887,O001887,credit_card,1,2188.99
PAY001888,O001888,bank_transfer,1,1821.98
PAY001889,O001889,credit_card,2,759.68
PAY001890,O001890,bank_transfer,1,309.6
PAY001891,O001891,digital_wallet,1,28.54
PAY001892,O001892,credit_card,12,149.72
PAY001893,O001893,credit_card,2,587.1
PAY001894,O001894,credit_card,6,944.12
PAY001895,O001895,credit_card,1,950.79
PAY001896,O001896,credit_card,3,793.62
PAY001897,O001897,digital_wallet,1,327.97
PAY001898,O001898,bank_transfer,1,189.06
PAY001899,O001899,credit_card,1,103.24
PAY001900,O001900,debit_card,1,62.44
PAY001901,O001901,debit_card,1,144.82
PAY001902,O001902,debit_card,1,485.82
PAY001903,O001903,credit_card,2,403.36
PAY001904,O001904,debit_card,1,673.07
PAY001905,O001905,debit_card,1,1273.98
PAY001906,O001906,credit_card,1,29.86
PAY001907,O001907,bank_transfer,1,913.9
PAY001908,O001908,credit_card,1,541.71
PAY001909,O001909,credit_card,2,1362.12
PAY001910,O001910,digital_wallet,1,156.56
PAY001911,O001911,digital_wallet,1,585.82
PAY001912,O001912,digital_wallet,1,359.02
PAY001913,O001913,credit_card,2,1095.44
PAY001914,O001914,credit_card,6,658.03
PAY001915,O001915,credit_card,12,376.48
PAY001916,O001916,bank_transfer,1,1301.33
PAY001917,O001917,credit_card,2,2102.96
PAY001918,O001918,credit_card,2,610.4
PAY001919,O001919,digital_wallet,1,2072.25
PAY001920,O001920,digital_wallet,1,888.19
PAY001921,O001921,credit_card,3,8865.97
PAY001922,O001922,credit_card,1,4426.67
PAY001923,O001923,bank_transfer,1,436.55
PAY001924,O001924,debit_card,1,2992.21
PAY001925,O001925,debit_card,1,852.56
PAY001926,O001926,debit_card,1,1101.99
PAY001927,O001927,credit_card,1,428.8
PAY001928,O001928,digital_wallet,1,478.75
PAY001929,O001929,credit_card,3,279.13
PAY001930,O001930,bank_transfer,1,1503.66
PAY001931,O001931,credit_card,12,755.12
PAY001932,O001932,credit_card,2,957.84
PAY001933,O001933,credit_card,2,1538.01
PAY001934,O001934,credit_card,1,2107.9
PAY001935,O001935,debit_card,1,322.12
PAY001936,O001936,credit_card,12,867.29
PAY001937,O001937,digital_wallet,1,437.79
PAY001938,O001938,credit_card,1,1163.14
PAY001939,O001939,credit_card,1,24.4
PAY001940,O001940,debit_card,1,1666.06
PAY001941,O001941,credit_card,2,1487.73
PAY001942,O001942,credit_card,3,1510.81
PAY001943,O001943,debit_card,1,736.7
PAY001944,O001944,debit_card,1,1297.26
PAY001945,O001945,debit_card,1,477.93
PAY001946,O001946,credit_card,6,692.04
PAY001947,O001947,credit_card,3,653.12
PAY001948,O001948,credit_card,2,478.19
PAY001949,O001949,credit_card,3,209.5
PAY001950,O001950,CREDIT_CARD,6,612.37
PAY001951,O001951,debit_card,1,1248.07
PAY001952,O001952,credit_card,3,684.43
PAY001953,O001953,credit_card,2,618.47
PAY001954,O001954,digital_wallet,1,97.53
PAY001955,O001955,debit_card,1,2618.34
PAY001956,O001956,digital_wallet,1,1594.71
PAY001957,O001957,credit_card,6,251.05
PAY001958,O001958,credit_card,1,964.8
PAY001959,O001959,credit_card,6,507.68
PAY001960,O001960,debit_card,1,11067.07
PAY001961,O001961,bank_transfer,1,314.19
PAY001962,O001962,credit_card,3,867.27
PAY001963,O001963,credit_card,2,806.09
PAY001964,O001964,credit_card,3,3295.24
PAY001965,O001965,credit_card,1,483.96
PAY001966,O001966,credit_card,3,406.57
PAY001967,O001967,credit_card,1,366.28
PAY001968,O001968,credit_card,1,553.64
PAY001969,O001969,digital_wallet,1,227.52
PAY001970,O001970,credit_card,1,714.62
PAY001971,O001971,credit_card,2,1880.87
PAY001972,O001972,CREDIT_CARD,6,3753.91
PAY001973,O001973,credit_card,3,1921.2
PAY001974,O001974,credit_card,1,635.5
PAY001975,O001975,credit_card,3,550.88
PAY001976,O001976,debit_card,1,2598.77
PAY001977,O001977,credit_card,2,318.72
PAY001978,O001978,credit_card,6,335.83
PAY001979,O001979,credit_card,2,548.55
PAY001980,O001980,credit_card,2,181.88
PAY001981,O001981,credit_card,3,1079.71
PAY001982,O001982,credit_card,1,656.25
PAY001983,O001983,debit_card,1,148.91
PAY001984,O001984,credit_card,6,542.76
PAY001985,O001985,debit_card,1,223.04
PAY001986,O001986,credit_card,12,657.56
PAY001987,O001987,credit_card,1,960.99
PAY001988,O001988,credit_card,6,862.35
PAY001989,O001989,credit_card,2,891.08
PAY001990,O001990,credit_card,1,257.82
PAY001991,O001991,credit_card,1,1389.12
PAY001992,O001992,credit_card,2,2321.53
PAY001993,O001993,digital_wallet,1,890.79
PAY001994,O001994,credit_card,1,921.88
PAY001995,O001995,credit_card,3,263.1
PAY001996,O001996,bank_transfer,1,1812.77
PAY001997,O001997,credit_card,6,624.77
PAY001998,O001998,credit_card,1,660.85
PAY001999,O001999,credit_card,3,747.23
PAY002000,O002000, digital_wallet ,1,810.49
PAY002001,O002001,credit_card,2,424.87
PAY002002,O002002,credit_card,2,544.85
PAY002003,O002003,debit_card,1,794.87
PAY002004,O002004,credit_card,1,559.47
PAY002005,O002005,credit_card,3,1377.19
PAY002006,O002006,digital_wallet,1,119.64
PAY002007,O002007,debit_card,1,5051.28
PAY002008,O002008,credit_card,6,1648.7
PAY002009,O002009,credit_card,3,1307.96
PAY002010,O002010,digital_wallet,1,1584.95
PAY002011,O002011,credit_card,2,156.9
PAY002012,O002012,credit_card,3,550.91
PAY002013,O002013,debit_card,1,728.81
PAY002014,O002014,credit_card,2,1219.28
PAY002015,O002015,bank_transfer,1,1308.52
PAY002016,O002016,debit_card,1,488.0
PAY002017,O002017,credit_card,6,990.23
PAY002018,O002018,digital_wallet,1,712.13
PAY002019,O002019,credit_card,1,537.91
PAY002020,O002020,credit_card,2,84.22
PAY002021,O002021,debit_card,1,906.2
PAY002022,O002022,debit_card,1,30001.97
PAY002023,O002023,credit_card,1,531.16
PAY002024,O002024,debit_card,1,259.81
PAY002025,O002025,credit_card,6,910.47
PAY002026,O002026,credit_card,1,354.16
PAY002027,O002027,credit_card,6,920.79
PAY002028,O002028,credit_card,2,558.06
PAY002029,O002029,digital_wallet,1,2189.71
PAY002030,O002030,credit_card,1,443.56
PAY002031,O002031,credit_card,2,72.91
PAY002032,O002032,credit_card,6,2471.06
PAY002033,O002033,debit_card,1,1463.15
PAY002034,O002034,debit_card,1,556.16
PAY002035,O002035,debit_card,1,589.12
PAY002036,O002036,credit_card,1,1030.42
PAY002037,O002037,credit_card,2,758.59
PAY002038,O002038,credit_card,2,231.62
PAY002039,O002039,credit_card,6,497.8
PAY002040,O002040,debit_card,1,1876.04
PAY002041,O002041,digital_wallet,1,1274.18
PAY002042,O002042,debit_card,1,1658.67
PAY002043,O002043,debit_card,1,1574.27
PAY002044,O002044,digital_wallet,1,427.5
PAY002045,O002045,credit_card,2,884.55
PAY002046,O002046,debit_card,1,407.13
PAY002047,O002047,bank_transfer,1,1068.29
PAY002048,O002048,debit_card,1,1784.29
PAY002049,O002049,credit_card,2,1062.67
PAY002050,O002050,bank_transfer,1,768.21
PAY002051,O002051,debit_card,1,722.3
PAY002052,O002052,bank_transfer,1,2412.47
PAY002053,O002053,bank_transfer,1,106.77
PAY002054,O002054,credit_card,3,795.64
PAY002055,O002055,credit_card,1,649.43
PAY002056,O002056,debit_card,1,435.05
PAY002057,O002057,debit_card,1,323.72
PAY002058,O002058,debit_card,1,190.16
PAY002059,O002059,debit_card,1,465.16
PAY002060,O002060,credit_card,2,130.85
PAY002061,O002061,credit_card,1,1002.1
PAY002062,O002062,credit_card,2,1665.82
PAY002063,O002063,debit_card,1,1079.59
PAY002064,O002064,debit_card,1,865.65
PAY002065,O002065,debit_card,1,546.44
PAY002066,O002066,debit_card,1,1021.07
PAY002067,O002067,debit_card,1,3427.51
PAY002068,O002068,digital_wallet,1,995.95
PAY002069,O002069,digital_wallet,1,1331.86
PAY002070,O002070,bank_transfer,1,792.14
PAY002071,O002071,credit_card,6,1725.89
PAY002072,O002072,credit_card,3,3083.74
PAY002073,O002073,credit_card,2,1746.11
PAY002074,O002074,credit_card,3,2638.11
PAY002075,O002075,digital_wallet,1,1053.55
PAY002076,O002076,debit_card,1,33.32
PAY002077,O002077,credit_card,1,434.06
PAY002078,O002078,credit_card,1,42.55
PAY002079,O002079,credit_card,3,719.25
PAY002080,O002080,credit_card,1,1100.36
PAY002081,O002081,credit_card,2,883.94
PAY002082,O002082,digital_wallet,1,628.96
PAY002083,O002083,debit_card,1,759.17
PAY002084,O002084,debit_card,1,1296.65
PAY002085,O002085,debit_card,1,393.78
PAY002086,O002086,CREDIT_CARD,1,135.33
PAY002087,O002087,credit_card,3,466.58
PAY002088,O002088,credit_card,1,365.34
PAY002089,O002089,bank_transfer,1,317.51
PAY002090,O002090,credit_card,3,442.14
PAY002091,O002091,debit_card,1,270.49
PAY002092,O002092,credit_card,12,1396.27
PAY002093,O002093,digital_wallet,1,393.86
PAY002094,O002094,credit_card,6,392.33
PAY002095,O002095,credit_card,3,481.92
PAY002096,O002096,debit_card,1,1580.86
PAY002097,O002097,credit_card,1,1391.5
PAY002098,O002098,credit_card,12,502.47
PAY002099,O002099,bank_transfer,1,302.86
PAY002100,O002100,debit_card,1,358.97
PAY002101,O002101,bank_transfer,1,150.01
PAY002102,O002102,credit_card,2,728.6
PAY002103,O002103,credit_card,6,340.09
PAY002104,O002104,credit_card,1,696.9
PAY002105,O002105,credit_card,2,51.28
PAY002106,O002106,bank_transfer,1,1309.76
PAY002107,O002107,credit_card,6,1374.43
PAY002108,O002108,credit_card,1,72.74
PAY002109,O002109,credit_card,3,103.43
PAY002110,O002110,credit_card,12,380.96
PAY002111,O002111,credit_card,12,1836.56
PAY002112,O002112,digital_wallet,1,1644.24
PAY002113,O002113,digital_wallet,1,1672.93
PAY002114,O002114,credit_card,1,45.7
PAY002115,O002115,bank_transfer,1,3061.21
PAY002116,O002116,credit_card,1,781.98
PAY002117,O002117,debit_card,1,231.86
PAY002118,O002118,credit_card,6,523.12
PAY002119,O002119,credit_card,3,548.75
PAY002120,O002120,credit_card,12,33.45
PAY002121,O002121,credit_card,1,885.84
PAY002122,O002122,debit_card,1,577.02
PAY002123,O002123,credit_card,1,342.47
PAY002124,O002124,credit_card,1,55.38
PAY002125,O002125,credit_card,2,336.52
PAY002126,O002126,debit_card,1,375.24
PAY002127,O002127,debit_card,1,2551.14
PAY002128,O002128,bank_transfer,1,722.84
PAY002129,O002129,credit_card,1,379.0
PAY002130,O002130,debit_card,1,9094.49
PAY002131,O002131,debit_card,1,297.67
PAY002132,O002132,digital_wallet,1,1262.21
PAY002133,O002133,debit_card,1,1108.01
PAY002134,O002134,debit_card,1,229.95
PAY002135,O002135,credit_card,2,45.21
PAY002136,O002136,bank_transfer,1,371.27
PAY002137,O002137,debit_card,1,4161.07
PAY002138,O002138,credit_card,6,659.1
PAY002139,O002139,debit_card,1,694.04
PAY002140,O002140,credit_card,6,691.08
PAY002141,O002141,credit_card,3,123.44
PAY002142,O002142,digital_wallet,1,395.48
PAY002143,O002143,credit_card,1,1295.32
PAY002144,O002144,digital_wallet,1,1153.52
PAY002145,O002145,credit_card,2,947.73
PAY002146,O002146,credit_card,1,185.78
PAY002147,O002147,digital_wallet,1,361.91
PAY002148,O002148,debit_card,1,778.48
PAY002149,O002149,credit_card,2,973.48
PAY002150,O002150,credit_card,1,665.73
PAY002151,O002151,credit_card,12,1345.98
PAY002152,O002152,credit_card,3,2695.79
PAY002153,O002153,debit_card,1,408.86
PAY002154,O002154,debit_card,1,242.37
PAY002155,O002155,CREDIT_CARD,6,1380.92
PAY002156,O002156,credit_card,2,1419.83
PAY002157,O002157,debit_card,1,38.07
PAY002158,O002158,digital_wallet,1,708.1
PAY002159,O002159,digital_wallet,1,2396.68
PAY002160,O002160,credit_card,12,970.88
PAY002161,O002161,debit_card,1,613.08
PAY002162,O002162,bank_transfer,1,2971.68
PAY002163,O002163,debit_card,1,920.08
PAY002164,O002164,bank_transfer,1,850.35
PAY002165,O002165,credit_card,3,846.26
PAY002166,O002166,credit_card,2,537.81
PAY002167,O002167,credit_card,12,16195.07
PAY002168,O002168,credit_card,1,238.55
PAY002169,O002169,credit_card,3,3400.15
PAY002170,O002170,debit_card,1,235.32
PAY002171,O002171,credit_card,3,1248.35
PAY002172,O002172,credit_card,12,1293.97
PAY002173,O002173,digital_wallet,1,1526.39
PAY002174,O002174,credit_card,1,2697.11
PAY002175,O002175,bank_transfer,1,2312.61
PAY002176,O002176,credit_card,2,845.21
PAY002177,O002177,credit_card,3,135.23
PAY002178,O002178,debit_card,1,850.86
PAY002179,O002179,debit_card,1,1070.29
PAY002180,O002180, credit_card ,2,880.23
PAY002181,O002181,credit_card,6,25.32
PAY002182,O002182,credit_card,1,3097.71
PAY002183,O002183,credit_card,3,388.17
PAY002184,O002184,credit_card,6,350.34
PAY002185,O002185,credit_card,1,946.84
PAY002186,O002186,debit_card,1,5025.44
PAY002187,O002187,credit_card,6,832.68
PAY002188,O002188,bank_transfer,1,785.56
PAY002189,O002189, digital_wallet ,1,125.66
PAY002190,O002190,credit_card,12,366.07
PAY002191,O002191,credit_card,2,364.93
PAY002192,O002192,credit_card,12,871.41
PAY002193,O002193,credit_card,6,830.36
PAY002194,O002194,DEBIT_CARD,1,763.92
PAY002195,O002195,digital_wallet,1,1246.97
PAY002196,O002196,credit_card,6,2756.29
PAY002197,O002197,digital_wallet,1,1674.57
PAY002198,O002198,credit_card,2,336.04
PAY002199,O002199,credit_card,1,2331.98
PAY002200,O002200,credit_card,2,311.44
PAY002201,O002201,digital_wallet,1,292.43
PAY002202,O002202,debit_card,1,1829.7
PAY002203,O002203,credit_card,1,962.28
PAY002204,O002204,debit_card,1,606.46
PAY002205,O002205,credit_card,2,749.73
PAY002206,O002206,credit_card,6,1525.94
PAY002207,O002207,credit_card,1,25.17
PAY002208,O002208, credit_card ,1,289.78
PAY002209,O002209,credit_card,3,864.5
PAY002210,O002210,bank_transfer,1,716.2
PAY002211,O002211,credit_card,1,199.38
PAY002212,O002212,credit_card,6,1526.48
PAY002213,O002213,credit_card,6,84.93
PAY002214,O002214,digital_wallet,1,148.31
PAY002215,O002215,debit_card,1,1019.4
PAY002216,O002216,debit_card,1,4315.76
PAY002217,O002217,bank_transfer,1,251.22
PAY002218,O002218,credit_card,1,225.42
PAY002219,O002219,bank_transfer,1,647.98
PAY002220,O002220,credit_card,12,1722.98
PAY002221,O002221,debit_card,1,2393.4
PAY002222,O002222,debit_card,1,495.16
PAY002223,O002223,credit_card,1,779.83
PAY002224,O002224,credit_card,1,42.91
PAY002225,O002225,credit_card,6,4171.99
PAY002226,O002226,digital_wallet,1,50.61
PAY002227,O002227,bank_transfer,1,819.04
PAY002228,O002228,credit_card,6,962.97
PAY002229,O002229,credit_card,2,1558.48
PAY002230,O002230,bank_transfer,1,263.18
PAY002231,O002231,bank_transfer,1,1602.63
PAY002232,O002232,debit_card,1,541.09
PAY002233,O002233,credit_card,2,1038.81
PAY002234,O002234,debit_card,1,965.56
PAY002235,O002235,bank_transfer,1,55.4
PAY002236,O002236,credit_card,12,160.28
PAY002237,O002237,bank_transfer,1,1007.52
PAY002238,O002238,credit_card,1,827.57
PAY002239,O002239,credit_card,1,1020.8
PAY002240,O002240,credit_card,2,118.06
PAY002241,O002241,credit_card,3,583.35
PAY002242,O002242,debit_card,1,450.75
PAY002243,O002243,credit_card,12,866.11
PAY002244,O002244,debit_card,1,780.32
PAY002245,O002245,bank_transfer,1,180.59
PAY002246,O002246,credit_card,1,1131.99
PAY002247,O002247,credit_card,1,485.88
PAY002248,O002248,credit_card,2,325.61
PAY002249,O002249,credit_card,1,2534.44
PAY002250,O002250,credit_card,6,233.48
PAY002251,O002251,credit_card,12,427.45
PAY002252,O002252,credit_card,1,2010.88
PAY002253,O002253,bank_transfer,1,812.24
PAY002254,O002254,credit_card,3,826.58
PAY002255,O002255,credit_card,1,1905.88
PAY002256,O002256,debit_card,1,61.87
PAY002257,O002257,bank_transfer,1,482.63
PAY002258,O002258,bank_transfer,1,117.57
PAY002259,O002259,CREDIT_CARD,3,796.45
PAY002260,O002260,bank_transfer,1,749.38
PAY002261,O002261,digital_wallet,1,77.24
PAY002262,O002262,credit_card,6,132.37
PAY002263,O002263,credit_card,2,2227.04
PAY002264,O002264,debit_card,1,109.04
PAY002265,O002265,debit_card,1,625.03
PAY002266,O002266,credit_card,6,125.79
PAY002267,O002267,debit_card,1,1241.06
PAY002268,O002268,debit_card,1,1356.14
PAY002269,O002269,credit_card,2,723.67
PAY002270,O002270,credit_card,3,639.62
PAY002271,O002271,credit_card,2,281.48
PAY002272,O002272,CREDIT_CARD,3,322.76
PAY002273,O002273,bank_transfer,1,657.84
PAY002274,O002274,credit_card,2,1169.31
PAY002275,O002275,credit_card,3,1653.08
PAY002276,O002276,debit_card,1,1654.01
PAY002277,O002277,credit_card,3,534.47
PAY002278,O002278,credit_card,12,1584.59
PAY002279,O002279,credit_card,1,820.22
PAY002280,O002280,debit_card,1,2384.39
PAY002281,O002281,credit_card,6,226.41
PAY002282,O002282,digital_wallet,1,447.93
PAY002283,O002283,digital_wallet,1,586.79
PAY002284,O002284,debit_card,1,485.72
PAY002285,O002285,debit_card,1,1175.37
PAY002286,O002286,bank_transfer,1,280.44
PAY002287,O002287,credit_card,1,2209.73
PAY002288,O002288,digital_wallet,1,2690.46
PAY002289,O002289,credit_card,1,768.09
PAY002290,O002290, credit_card ,1,88.05
PAY002291,O002291,digital_wallet,1,406.89
PAY002292,O002292,bank_transfer,1,2348.35
PAY002293,O002293,debit_card,1,1617.41
PAY002294,O002294,bank_transfer,1,158.37
PAY002295,O002295,debit_card,1,554.61
PAY002296,O002296,credit_card,6,255.33
PAY002297,O002297,debit_card,1,1032.31
PAY002298,O002298,credit_card,2,1787.3
PAY002299,O002299,digital_wallet,1,592.11
PAY002300,O002300,digital_wallet,1,1682.87
PAY002301,O002301,credit_card,6,723.49
PAY002302,O002302,debit_card,1,408.2
PAY002303,O002303,credit_card,1,1672.22
PAY002304,O002304,credit_card,1,951.92
PAY002305,O002305,debit_card,1,29.21
PAY002306,O002306,debit_card,1,207.1
PAY002307,O002307,credit_card,6,501.89
PAY002308,O002308,credit_card,6,834.68
PAY002309,O002309,debit_card,1,371.94
PAY002310,O002310,credit_card,6,2954.75
PAY002311,O002311,credit_card,1,274.47
PAY002312,O002312,debit_card,1,180.45
PAY002313,O002313,debit_card,1,239.15
PAY002314,O002314,digital_wallet,1,1715.43
PAY002315,O002315,digital_wallet,1,2392.17
PAY002316,O002316,credit_card,2,253.71
PAY002317,O002317,digital_wallet,1,460.72
PAY002318,O002318,bank_transfer,1,798.02
PAY002319,O002319,debit_card,1,1949.76
PAY002320,O002320,debit_card,1,947.61
PAY002321,O002321,credit_card,1,838.8
PAY002322,O002322,debit_card,1,3919.6
PAY002323,O002323,debit_card,1,650.7
PAY002324,O002324,debit_card,1,270.3
PAY002325,O002325,debit_card,1,631.65
PAY002326,O002326,bank_transfer,1,17733.62
PAY002327,O002327,credit_card,2,34.93
PAY002328,O002328,credit_card,1,2178.96
PAY002329,O002329,credit_card,1,192.31
PAY002330,O002330,credit_card,1,168.15
PAY002331,O002331,credit_card,1,20871.3
PAY002332,O002332,debit_card,1,114.17
PAY002333,O002333,credit_card,2,425.89
PAY002334,O002334,digital_wallet,1,1325.75
PAY002335,O002335,credit_card,1,857.95
PAY002336,O002336,credit_card,12,1909.79
PAY002337,O002337,digital_wallet,1,734.63
PAY002338,O002338,debit_card,1,2698.16
PAY002339,O002339,digital_wallet,1,1194.0
PAY002340,O002340,bank_transfer,1,2641.84
PAY002341,O002341,credit_card,3,1962.93
PAY002342,O002342,credit_card,1,150.31
PAY002343,O002343,credit_card,1,223.32
PAY002344,O002344,digital_wallet,1,698.87
PAY002345,O002345,credit_card,2,1177.29
PAY002346,O002346,debit_card,1,461.12
PAY002347,O002347,digital_wallet,1,997.87
PAY002348,O002348,credit_card,1,156.26
PAY002349,O002349,debit_card,1,361.65
PAY002350,O002350,credit_card,1,1648.09
PAY002351,O002351,digital_wallet,1,656.68
PAY002352,O002352,credit_card,1,193.38
PAY002353,O002353,bank_transfer,1,504.68
PAY002354,O002354,debit_card,1,392.96
PAY002355,O002355,debit_card,1,1735.68
PAY002356,O002356,debit_card,1,777.62
PAY002357,O002357,bank_transfer,1,1123.97
PAY002358,O002358,credit_card,1,2107.04
PAY002359,O002359,digital_wallet,1,442.14
PAY002360,O002360,credit_card,2,883.32
PAY002361,O002361,credit_card,6,442.43
PAY002362,O002362,credit_card,3,145.85
PAY002363,O002363,bank_transfer,1,366.57
PAY002364,O002364,bank_transfer,1,949.09
PAY002365,O002365,debit_card,1,674.66
PAY002366,O002366,credit_card,3,8602.56
PAY002367,O002367,credit_card,2,1599.63
PAY002368,O002368,debit_card,1,388.28
PAY002369,O002369,digital_wallet,1,776.04
PAY002370,O002370,credit_card,1,2405.22
PAY002371,O002371,bank_transfer,1,170.12
PAY002372,O002372,bank_transfer,1,1943.6
PAY002373,O002373,credit_card,3,1191.27
PAY002374,O002374,digital_wallet,1,762.75
PAY002375,O002375,credit_card,1,1581.47
PAY002376,O002376,credit_card,6,131.33
PAY002377,O002377,credit_card,3,1680.95
PAY002378,O002378,debit_card,1,548.03
PAY002379,O002379,credit_card,1,188.53
PAY002380,O002380,credit_card,3,319.99
PAY002381,O002381,debit_card,1,86.63
PAY002382,O002382,digital_wallet,1,1059.81
PAY002383,O002383,credit_card,12,234.79
PAY002384,O002384,debit_card,1,255.15
PAY002385,O002385,debit_card,1,2768.79
PAY002386,O002386,debit_card,1,412.67
PAY002387,O002387,credit_card,2,255.9
PAY002388,O002388,credit_card,12,704.02
PAY002389,O002389,credit_card,12,442.56
PAY002390,O002390,bank_transfer,1,194.54
PAY002391,O002391,debit_card,1,256.72
PAY002392,O002392,credit_card,3,794.71
PAY002393,O002393,credit_card,12,5863.21
PAY002394,O002394,digital_wallet,1,638.53
PAY002395,O002395,debit_card,1,819.49
PAY002396,O002396,digital_wallet,1,1950.8
PAY002397,O002397,bank_transfer,1,358.25
PAY002398,O002398,credit_card,1,2117.06
PAY002399,O002399,debit_card,1,3423.21
PAY002400,O002400,credit_card,2,895.13
PAY002401,O002401,credit_card,1,1425.3
PAY002402,O002402,credit_card,1,339.04
PAY002403,O002403,credit_card,2,711.39
PAY002404,O002404,digital_wallet,1,1361.48
PAY002405,O002405,debit_card,1,1971.7
PAY002406,O002406,digital_wallet,1,2274.54
PAY002407,O002407,digital_wallet,1,953.23
PAY002408,O002408,credit_card,1,421.75
PAY002409,O002409,credit_card,1,6690.47
PAY002410,O002410,credit_card,2,19.8
PAY002411,O002411,debit_card,1,1011.08
PAY002412,O002412,bank_transfer,1,1953.04
PAY002413,O002413,credit_card,3,665.96
PAY002414,O002414,credit_card,6,1178.43
PAY002415,O002415,credit_card,2,2283.96
PAY002416,O002416,credit_card,3,561.07
PAY002417,O002417,digital_wallet,1,259.27
PAY002418,O002418,debit_card,1,796.95
PAY002419,O002419,debit_card,1,754.12
PAY002420,O002420,credit_card,1,4584.9
PAY002421,O002421,bank_transfer,1,167.65
PAY002422,O002422,debit_card,1,690.68
PAY002423,O002423,digital_wallet,1,2232.1
PAY002424,O002424,credit_card,2,282.84
PAY002425,O002425,credit_card,3,1030.94
PAY002426,O002426,credit_card,1,22.64
PAY002427,O002427,digital_wallet,1,321.62
PAY002428,O002428,credit_card,6,743.2
PAY002429,O002429,debit_card,1,986.94
PAY002430,O002430,credit_card,3,733.43
PAY002431,O002431,digital_wallet,1,966.28
PAY002432,O002432,credit_card,2,578.54
PAY002433,O002433,credit_card,1,1137.41
PAY002434,O002434,credit_card,3,114.63
PAY002435,O002435,credit_card,6,19.21
PAY002436,O002436,credit_card,1,169.88
PAY002437,O002437,credit_card,2,463.92
PAY002438,O002438,credit_card,1,989.01
PAY002439,O002439,debit_card,1,450.82
PAY002440,O002440,credit_card,6,2128.67
PAY002441,O002441,debit_card,1,72.14
PAY002442,O002442,credit_card,6,2585.59
PAY002443,O002443,credit_card,6,358.98
PAY002444,O002444,bank_transfer,1,1060.59
PAY002445,O002445,credit_card,1,20982.87
PAY002446,O002446,debit_card,1,447.33
PAY002447,O002447,debit_card,1,101.93
PAY002448,O002448,credit_card,2,832.1
PAY002449,O002449,bank_transfer,1,384.3
PAY002450,O002450,credit_card,3,979.28
PAY002451,O002451,credit_card,3,390.28
PAY002452,O002452,debit_card,1,1539.8
PAY002453,O002453,credit_card,2,1208.91
PAY002454,O002454,credit_card,12,137.74
PAY002455,O002455,digital_wallet,1,728.59
PAY002456,O002456,debit_card,1,618.98
PAY002457,O002457,credit_card,2,166.71
PAY002458,O002458,debit_card,1,943.97
PAY002459,O002459,digital_wallet,1,2996.11
PAY002460,O002460,credit_card,2,712.82
PAY002461,O002461,debit_card,1,405.52
PAY002462,O002462,bank_transfer,1,781.75
PAY002463,O002463,digital_wallet,1,241.2
PAY002464,O002464,debit_card,1,1595.06
PAY002465,O002465,debit_card,1,2077.82
PAY002466,O002466,debit_card,1,840.52
PAY002467,O002467,credit_card,1,1658.2
PAY002468,O002468,credit_card,6,718.53
PAY002469,O002469,credit_card,1,88.22
PAY002470,O002470,credit_card,6,864.89
PAY002471,O002471,credit_card,12,421.48
PAY002472,O002472,debit_card,1,546.34
PAY002473,O002473,debit_card,1,2262.61
PAY002474,O002474,credit_card,1,558.88
PAY002475,O002475,credit_card,3,829.79
PAY002476,O002476,credit_card,12,1977.14
PAY002477,O002477,credit_card,3,1475.6
PAY002478,O002478,digital_wallet,1,4164.33
PAY002479,O002479,debit_card,1,1745.78
PAY002480,O002480,debit_card,1,1715.25
PAY002481,O002481,credit_card,6,392.71
PAY002482,O002482,credit_card,1,585.2
PAY002483,O002483,debit_card,1,758.2
PAY002484,O002484,credit_card,2,577.03
PAY002485,O002485,debit_card,1,253.84
PAY002486,O002486,debit_card,1,465.15
PAY002487,O002487,debit_card,1,2151.62
PAY002488,O002488,digital_wallet,1,510.34
PAY002489,O002489,credit_card,6,525.63
PAY002490,O002490,credit_card,1,4148.75
PAY002491,O002491,digital_wallet,1,2436.15
PAY002492,O002492,digital_wallet,1,526.77
PAY002493,O002493,credit_card,3,2019.13
PAY002494,O002494,debit_card,1,703.77
PAY002495,O002495,digital_wallet,1,1381.81
PAY002496,O002496,credit_card,1,116.68
PAY002497,O002497,bank_transfer,1,2386.06
PAY002498,O002498,credit_card,2,722.9
PAY002499,O002499,credit_card,3,2320.44
PAY002500,O002500,credit_card,1,427.93
PAY002501,O002501,bank_transfer,1,949.53
PAY002502,O002502,credit_card,3,718.99
PAY002503,O002503,credit_card,12,3918.64
PAY002504,O002504,debit_card,1,684.94
PAY002505,O002505,bank_transfer,1,1091.9
PAY002506,O002506,credit_card,12,24.23
PAY002507,O002507,credit_card,1,84.51
PAY002508,O002508,credit_card,1,970.7
PAY002509,O002509,digital_wallet,1,305.98
PAY002510,O002510,debit_card,1,3147.06
PAY002511,O002511,debit_card,1,859.66
PAY002512,O002512,credit_card,1,920.18
PAY002513,O002513,digital_wallet,1,819.93
PAY002514,O002514,credit_card,1,2475.13
PAY002515,O002515,credit_card,3,498.81
PAY002516,O002516,credit_card,1,1426.37
PAY002517,O002517,credit_card,3,18.41
PAY002518,O002518,credit_card,2,537.38
PAY002519,O002519,credit_card,1,2423.33
PAY002520,O002520,bank_transfer,1,134.23
PAY002521,O002521,credit_card,1,1760.15
PAY002522,O002522,debit_card,1,2958.62
PAY002523,O002523,digital_wallet,1,746.82
PAY002524,O002524,credit_card,2,432.17
PAY002525,O002525,credit_card,1,596.17
PAY002526,O002526,digital_wallet,1,640.36
PAY002527,O002527,credit_card,1,1006.66
PAY002528,O002528,digital_wallet,1,469.54
PAY002529,O002529,debit_card,1,1335.37
PAY002530,O002530,credit_card,1,1003.59
PAY002531,O002531,bank_transfer,1,2001.74
PAY002532,O002532,credit_card,2,1063.34
PAY002533,O002533,credit_card,6,3355.37
PAY002534,O002534,credit_card,6,170.73
PAY002535,O002535,bank_transfer,1,625.08
PAY002536,O002536,credit_card,1,353.63
PAY002537,O002537,bank_transfer,1,404.88
PAY002538,O002538,credit_card,2,1041.5
PAY002539,O002539,credit_card,2,3708.95
PAY002540,O002540,bank_transfer,1,308.08
PAY002541,O002541,digital_wallet,1,257.12
PAY002542,O002542,credit_card,1,668.55
PAY002543,O002543,digital_wallet,1,440.71
PAY002544,O002544,credit_card,1,601.1
PAY002545,O002545,digital_wallet,1,535.51
PAY002546,O002546,credit_card,1,538.06
PAY002547,O002547,bank_transfer,1,797.44
PAY002548,O002548,credit_card,1,6015.1
PAY002549,O002549,credit_card,1,611.05
PAY002550,O002550,debit_card,1,1125.34
PAY002551,O002551,bank_transfer,1,1711.82
PAY002552,O002552,digital_wallet,1,2139.79
PAY002553,O002553,credit_card,2,4464.65
PAY002554,O002554,debit_card,1,247.79
PAY002555,O002555,credit_card,1,1543.05
PAY002556,O002556,credit_card,3,844.05
PAY002557,O002557,digital_wallet,1,790.59
PAY002558,O002558,credit_card,3,951.92
PAY002559,O002559,digital_wallet,1,166.34
PAY002560,O002560,digital_wallet,1,2412.27
PAY002561,O002561,credit_card,3,1184.56
PAY002562,O002562,credit_card,12,191.25
PAY002563,O002563,credit_card,1,1607.38
PAY002564,O002564,credit_card,1,5247.8
PAY002565,O002565,credit_card,1,579.59
PAY002566,O002566,digital_wallet,1,1048.01
PAY002567,O002567,credit_card,6,113.86
PAY002568,O002568,bank_transfer,1,2295.88
PAY002569,O002569,credit_card,12,15.61
PAY002570,O002570,credit_card,12,836.81
PAY002571,O002571,credit_card,1,1190.72
PAY002572,O002572,debit_card,1,3659.36
PAY002573,O002573,credit_card,12,285.39
PAY002574,O002574,digital_wallet,1,141.62
PAY002575,O002575,credit_card,1,98.26
PAY002576,O002576,credit_card,2,2006.37
PAY002577,O002577,credit_card,2,507.27
PAY002578,O002578,credit_card,12,159.19
PAY002579,O002579,bank_transfer,1,388.83
PAY002580,O002580,credit_card,6,27.03
PAY002581,O002581,debit_card,1,209.43
PAY002582,O002582,debit_card,1,1269.01
PAY002583,O002583,bank_transfer,1,1769.44
PAY002584,O002584,credit_card,12,1473.86
PAY002585,O002585,bank_transfer,1,582.24
PAY002586,O002586,digital_wallet,1,308.96
PAY002587,O002587,credit_card,1,398.41
PAY002588,O002588,credit_card,12,920.14
PAY002589,O002589,credit_card,6,2344.53
PAY002590,O002590,digital_wallet,1,1614.54
PAY002591,O002591,digital_wallet,1,491.98
PAY002592,O002592,bank_transfer,1,225.1
PAY002593,O002593,credit_card,12,866.18
PAY002594,O002594,credit_card,1,357.54
PAY002595,O002595,digital_wallet,1,3092.06
PAY002596,O002596,debit_card,1,1068.91
PAY002597,O002597,debit_card,1,463.56
PAY002598,O002598,digital_wallet,1,966.22
PAY002599,O002599,bank_transfer,1,1091.98
PAY002600,O002600,credit_card,1,865.55
PAY002601,O002601,debit_card,1,125.37
PAY002602,O002602,credit_card,1,467.51
PAY002603,O002603,debit_card,1,939.39
PAY002604,O002604,credit_card,3,96.96
PAY002605,O002605,credit_card,1,866.27
PAY002606,O002606,credit_card,1,1229.94
PAY002607,O002607,credit_card,12,724.13
PAY002608,O002608,credit_card,1,562.61
PAY002609,O002609,debit_card,1,340.23
PAY002610,O002610,debit_card,1,676.91
PAY002611,O002611,credit_card,1,45.63
PAY002612,O002612,credit_card,6,4443.23
PAY002613,O002613,bank_transfer,1,202.33
PAY002614,O002614,credit_card,6,4736.68
PAY002615,O002615,credit_card,2,724.27
PAY002616,O002616,credit_card,6,2637.42
PAY002617,O002617,credit_card,1,49.7
PAY002618,O002618,credit_card,1,816.92
PAY002619,O002619,digital_wallet,1,953.94
PAY002620,O002620,credit_card,12,651.27
PAY002621,O002621,credit_card,6,3021.84
PAY002622,O002622,bank_transfer,1,441.95
PAY002623,O002623,credit_card,12,231.05
PAY002624,O002624,credit_card,2,1269.97
PAY002625,O002625,credit_card,12,202.67
PAY002626,O002626,credit_card,1,114.55
PAY002627,O002627,credit_card,6,471.0
PAY002628,O002628,digital_wallet,1,94.09
PAY002629,O002629,debit_card,1,321.89
PAY002630,O002630,credit_card,6,414.87
PAY002631,O002631,debit_card,1,114.99
PAY002632,O002632,credit_card,1,764.28
PAY002633,O002633,credit_card,2,1502.73
PAY002634,O002634,credit_card,2,271.58
PAY002635,O002635,digital_wallet,1,739.57
PAY002636,O002636,credit_card,1,403.36
PAY002637,O002637,credit_card,2,849.1
PAY002638,O002638,debit_card,1,618.34
PAY002639,O002639,bank_transfer,1,153.89
PAY002640,O002640,credit_card,1,1399.96
PAY002641,O002641,bank_transfer,1,1167.88
PAY002642,O002642,debit_card,1,559.64
PAY002643,O002643,bank_transfer,1,1563.03
PAY002644,O002644,digital_wallet,1,464.36
PAY002645,O002645,credit_card,1,536.27
PAY002646,O002646,debit_card,1,3012.05
PAY002647,O002647,digital_wallet,1,275.01
PAY002648,O002648,digital_wallet,1,846.19
PAY002649,O002649,credit_card,1,755.84
PAY002650,O002650,credit_card,3,93.19
PAY002651,O002651,credit_card,3,864.81
PAY002652,O002652,debit_card,1,1175.65
PAY002653,O002653,debit_card,1,223.05
PAY002654,O002654,credit_card,1,263.37
PAY002655,O002655,digital_wallet,1,1168.46
PAY002656,O002656,bank_transfer,1,1336.07
PAY002657,O002657,credit_card,1,1878.25
PAY002658,O002658,credit_card,1,128.78
PAY002659,O002659,credit_card,1,979.42
PAY002660,O002660,credit_card,2,404.73
PAY002661,O002661,digital_wallet,1,2893.44
PAY002662,O002662,digital_wallet,1,512.41
PAY002663,O002663,debit_card,1,919.48
PAY002664,O002664,credit_card,3,163.95
PAY002665,O002665,bank_transfer,1,1781.9
PAY002666,O002666,credit_card,2,497.23
PAY002667,O002667,credit_card,6,1478.5
PAY002668,O002668,credit_card,6,1403.87
PAY002669,O002669,bank_transfer,1,705.65
PAY002670,O002670,credit_card,1,1546.84
PAY002671,O002671,digital_wallet,1,206.23
PAY002672,O002672,credit_card,3,1537.86
PAY002673,O002673,debit_card,1,1224.6
PAY002674,O002674,debit_card,1,1621.7
PAY002675,O002675,debit_card,1,321.87
PAY002676,O002676,credit_card,1,1500.64
PAY002677,O002677,credit_card,3,2186.72
PAY002678,O002678,debit_card,1,91.12
PAY002679,O002679,credit_card,3,329.22
PAY002680,O002680,credit_card,2,1380.07
PAY002681,O002681,credit_card,3,151.49
PAY002682,O002682,debit_card,1,1807.93
PAY002683,O002683,credit_card,2,319.28
PAY002684,O002684,credit_card,2,654.62
PAY002685,O002685,credit_card,1,978.72
PAY002686,O002686,credit_card,6,24.09
PAY002687,O002687,credit_card,3,88.58
PAY002688,O002688,debit_card,1,565.53
PAY002689,O002689,debit_card,1,1244.47
PAY002690,O002690,credit_card,12,10008.1
PAY002691,O002691,digital_wallet,1,825.36
PAY002692,O002692,digital_wallet,1,1576.89
PAY002693,O002693,credit_card,12,522.78
PAY002694,O002694,debit_card,1,1276.87
PAY002695,O002695,credit_card,1,1554.03
PAY002696,O002696,bank_transfer,1,907.66
PAY002697,O002697,debit_card,1,28.98
PAY002698,O002698,digital_wallet,1,1187.33
PAY002699,O002699,digital_wallet,1,821.53
PAY002700,O002700, debit_card ,1,129.96
PAY002701,O002701,debit_card,1,2174.78
PAY002702,O002702,credit_card,6,777.27
PAY002703,O002703,debit_card,1,4941.54
PAY002704,O002704,debit_card,1,348.39
PAY002705,O002705,debit_card,1,665.6
PAY002706,O002706,debit_card,1,1113.49
PAY002707,O002707,bank_transfer,1,100.87
PAY002708,O002708,credit_card,6,902.3
PAY002709,O002709,credit_card,1,772.9
PAY002710,O002710,credit_card,2,929.33
PAY002711,O002711,credit_card,3,2438.9
PAY002712,O002712,credit_card,1,982.79
PAY002713,O002713,debit_card,1,582.38
PAY002714,O002714,debit_card,1,2113.47
PAY002715,O002715,debit_card,1,114.29
PAY002716,O002716,debit_card,1,2015.3
PAY002717,O002717,credit_card,1,1866.89
PAY002718,O002718,credit_card,1,276.5
PAY002719,O002719,credit_card,3,2510.17
PAY002720,O002720, digital_wallet ,1,3030.55
PAY002721,O002721,credit_card,12,273.73
PAY002722,O002722,digital_wallet,1,1386.68
PAY002723,O002723,digital_wallet,1,388.24
PAY002724,O002724,credit_card,1,321.45
PAY002725,O002725,credit_card,3,107.32
PAY002726,O002726,digital_wallet,1,487.06
PAY002727,O002727,credit_card,1,126.17
PAY002728,O002728,credit_card,1,244.42
PAY002729,O002729,digital_wallet,1,438.49
PAY002730,O002730,debit_card,1,2129.69
PAY002731,O002731,credit_card,2,156.51
PAY002732,O002732,debit_card,1,332.39
PAY002733,O002733,credit_card,6,125.29
PAY002734,O002734,debit_card,1,595.83
PAY002735,O002735,debit_card,1,810.0
PAY002736,O002736,bank_transfer,1,1279.95
PAY002737,O002737,debit_card,1,100.3
PAY002738,O002738,credit_card,2,1228.99
PAY002739,O002739,debit_card,1,1828.3
PAY002740,O002740,credit_card,3,237.68
PAY002741,O002741,credit_card,6,320.63
PAY002742,O002742,credit_card,3,1658.43
PAY002743,O002743,debit_card,1,331.65
PAY002744,O002744,bank_transfer,1,57.47
PAY002745,O002745,credit_card,2,445.55
PAY002746,O002746,credit_card,2,83.0
PAY002747,O002747,credit_card,2,605.37
PAY002748,O002748,credit_card,1,1101.96
PAY002749,O002749,debit_card,1,144.28
PAY002750,O002750,credit_card,6,337.74
PAY002751,O002751,debit_card,1,796.31
PAY002752,O002752,credit_card,3,1382.3
PAY002753,O002753,debit_card,1,981.01
PAY002754,O002754,debit_card,1,395.69
PAY002755,O002755,debit_card,1,412.7
PAY002756,O002756,debit_card,1,246.47
PAY002757,O002757,credit_card,2,46.84
PAY002758,O002758,credit_card,3,317.35
PAY002759,O002759,credit_card,1,2300.05
PAY002760,O002760,credit_card,1,130.81
PAY002761,O002761,credit_card,2,1890.12
PAY002762,O002762,bank_transfer,1,2418.66
PAY002763,O002763,bank_transfer,1,173.82
PAY002764,O002764,digital_wallet,1,501.28
PAY002765,O002765,debit_card,1,1632.12
PAY002766,O002766,credit_card,3,774.44
PAY002767,O002767,credit_card,1,129.18
PAY002768,O002768,debit_card,1,787.4
PAY002769,O002769,credit_card,6,1285.08
PAY002770,O002770,credit_card,6,824.73
PAY002771,O002771,credit_card,3,383.71
PAY002772,O002772,digital_wallet,1,2589.67
PAY002773,O002773,credit_card,3,34.09
PAY002774,O002774,credit_card,1,3141.25
PAY002775,O002775,credit_card,3,524.4
PAY002776,O002776,credit_card,1,3014.05
PAY002777,O002777,credit_card,2,300.1
PAY002778,O002778,credit_card,1,1168.68
PAY002779,O002779,credit_card,2,211.69
PAY002780,O002780,credit_card,1,4525.13
PAY002781,O002781,credit_card,1,3629.46
PAY002782,O002782,debit_card,1,2102.1
PAY002783,O002783,debit_card,1,550.45
PAY002784,O002784,digital_wallet,1,1045.33
PAY002785,O002785,credit_card,1,1786.22
PAY002786,O002786,debit_card,1,1525.58
PAY002787,O002787,debit_card,1,358.36
PAY002788,O002788,debit_card,1,377.87
PAY002789,O002789,debit_card,1,381.67
PAY002790,O002790,debit_card,1,388.92
PAY002791,O002791,debit_card,1,1412.72
PAY002792,O002792,credit_card,3,1109.78
PAY002793,O002793,credit_card,2,173.34
PAY002794,O002794,credit_card,6,1283.84
PAY002795,O002795,credit_card,1,1407.46
PAY002796,O002796,bank_transfer,1,865.22
PAY002797,O002797,digital_wallet,1,316.17
PAY002798,O002798,credit_card,1,493.41
PAY002799,O002799,credit_card,3,921.38
PAY002800,O002800,bank_transfer,1,829.1
PAY002801,O002801,credit_card,6,1340.24
PAY002802,O002802,credit_card,2,886.69
PAY002803,O002803,credit_card,1,2112.21
PAY002804,O002804,digital_wallet,1,722.39
PAY002805,O002805,DEBIT_CARD,1,1379.27
PAY002806,O002806,debit_card,1,227.18
PAY002807,O002807,digital_wallet,1,172.74
PAY002808,O002808,debit_card,1,90.74
PAY002809,O002809,credit_card,2,777.24
PAY002810,O002810,digital_wallet,1,676.92
PAY002811,O002811,debit_card,1,1915.42
PAY002812,O002812,credit_card,2,578.04
PAY002813,O002813,credit_card,3,838.67
PAY002814,O002814,debit_card,1,790.09
PAY002815,O002815,digital_wallet,1,691.82
PAY002816,O002816,credit_card,12,1002.17
PAY002817,O002817,credit_card,3,1460.91
PAY002818,O002818,digital_wallet,1,464.46
PAY002819,O002819,debit_card,1,876.17
PAY002820,O002820,credit_card,1,1037.93
PAY002821,O002821,bank_transfer,1,2435.38
PAY002822,O002822,credit_card,1,1989.49
PAY002823,O002823,digital_wallet,1,551.29
PAY002824,O002824,credit_card,1,831.27
PAY002825,O002825,credit_card,2,1996.61
PAY002826,O002826,CREDIT_CARD,3,1280.24
PAY002827,O002827,credit_card,2,96.03
PAY002828,O002828,credit_card,1,344.26
PAY002829,O002829,credit_card,6,1395.33
PAY002830,O002830,debit_card,1,1323.86
PAY002831,O002831,bank_transfer,1,978.38
PAY002832,O002832,debit_card,1,4581.5
PAY002833,O002833,credit_card,3,671.7
PAY002834,O002834,credit_card,6,759.94
PAY002835,O002835,credit_card,6,1047.53
PAY002836,O002836,credit_card,1,1471.04
PAY002837,O002837,credit_card,1,3926.15
PAY002838,O002838,debit_card,1,699.41
PAY002839,O002839,credit_card,6,816.45
PAY002840,O002840,debit_card,1,2411.9
PAY002841,O002841,credit_card,1,24010.58
PAY002842,O002842,debit_card,1,818.03
PAY002843,O002843,digital_wallet,1,1586.87
PAY002844,O002844,credit_card,1,165.72
PAY002845,O002845,credit_card,1,554.23
PAY002846,O002846,credit_card,3,125.33
PAY002847,O002847,credit_card,1,1765.57
PAY002848,O002848,credit_card,1,197.3
PAY002849,O002849,digital_wallet,1,597.25
PAY002850,O002850,debit_card,1,644.4
PAY002851,O002851,credit_card,6,989.08
PAY002852,O002852,credit_card,2,496.14
PAY002853,O002853,digital_wallet,1,1537.95
PAY002854,O002854,credit_card,1,238.54
PAY002855,O002855,credit_card,1,632.91
PAY002856,O002856,credit_card,6,255.06
PAY002857,O002857,credit_card,2,1054.95
PAY002858,O002858,debit_card,1,678.13
PAY002859,O002859,digital_wallet,1,361.59
PAY002860,O002860,credit_card,3,328.13
PAY002861,O002861,digital_wallet,1,625.28
PAY002862,O002862,credit_card,6,1934.6
PAY002863,O002863,CREDIT_CARD,2,4537.85
PAY002864,O002864,credit_card,12,225.5
PAY002865,O002865,credit_card,3,3703.26
PAY002866,O002866,credit_card,3,882.99
PAY002867,O002867,debit_card,1,472.93
PAY002868,O002868,credit_card,1,727.15
PAY002869,O002869,credit_card,2,3322.56
PAY002870,O002870,credit_card,1,1450.25
PAY002871,O002871,credit_card,2,957.59
PAY002872,O002872,credit_card,1,1199.22
PAY002873,O002873,credit_card,2,1117.15
PAY002874,O002874,credit_card,2,5817.19
PAY002875,O002875,credit_card,2,759.11
PAY002876,O002876,credit_card,6,2823.11
PAY002877,O002877,credit_card,12,278.53
PAY002878,O002878,credit_card,1,408.86
PAY002879,O002879,bank_transfer,1,368.43
PAY002880,O002880,credit_card,1,127.68
PAY002881,O002881,digital_wallet,1,1082.03
PAY002882,O002882,bank_transfer,1,1048.99
PAY002883,O002883,digital_wallet,1,98.96
PAY002884,O002884,digital_wallet,1,414.95
PAY002885,O002885,credit_card,6,973.49
PAY002886,O002886,bank_transfer,1,151.88
PAY002887,O002887,credit_card,1,801.44
PAY002888,O002888,debit_card,1,290.24
PAY002889,O002889,credit_card,6,1233.73
PAY002890,O002890,credit_card,6,990.01
PAY002891,O002891,credit_card,1,2310.12
PAY002892,O002892,credit_card,2,122.69
PAY002893,O002893,digital_wallet,1,289.18
PAY002894,O002894,credit_card,2,1361.26
PAY002895,O002895,credit_card,2,1266.78
PAY002896,O002896,digital_wallet,1,1147.57
PAY002897,O002897,credit_card,3,517.62
PAY002898,O002898,credit_card,1,968.83
PAY002899,O002899,debit_card,1,36.11
PAY002900,O002900,credit_card,2,2501.23
PAY002901,O002901,debit_card,1,1631.6
PAY002902,O002902,credit_card,1,324.9
PAY002903,O002903,credit_card,1,1859.7
PAY002904,O002904,debit_card,1,1902.48
PAY002905,O002905,CREDIT_CARD,12,204.05
PAY002906,O002906,credit_card,3,197.65
PAY002907,O002907,credit_card,1,1231.93
PAY002908,O002908,debit_card,1,740.42
PAY002909,O002909,debit_card,1,1022.55
PAY002910,O002910,digital_wallet,1,402.54
PAY002911,O002911,debit_card,1,2247.23
PAY002912,O002912,debit_card,1,537.43
PAY002913,O002913,credit_card,1,979.38
PAY002914,O002914,credit_card,12,1249.72
PAY002915,O002915,bank_transfer,1,178.28
PAY002916,O002916,credit_card,2,836.12
PAY002917,O002917,credit_card,1,1492.85
PAY002918,O002918,debit_card,1,534.83
PAY002919,O002919,credit_card,1,425.08
PAY002920,O002920,credit_card,1,378.93
PAY002921,O002921,credit_card,2,1153.6
PAY002922,O002922,debit_card,1,5389.67
PAY002923,O002923,debit_card,1,1909.63
PAY002924,O002924,debit_card,1,11660.34
PAY002925,O002925,credit_card,6,774.18
PAY002926,O002926,debit_card,1,1041.3
PAY002927,O002927,debit_card,1,886.34
PAY002928,O002928,credit_card,1,495.01
PAY002929,O002929,bank_transfer,1,787.92
PAY002930,O002930,digital_wallet,1,1343.8
PAY002931,O002931,credit_card,1,5714.17
PAY002932,O002932,digital_wallet,1,464.96
PAY002933,O002933,debit_card,1,126.5
PAY002934,O002934,credit_card,6,844.19
PAY002935,O002935,debit_card,1,553.02
PAY002936,O002936,credit_card,1,872.7
PAY002937,O002937,credit_card,1,818.85
PAY002938,O002938,credit_card,12,77.13
PAY002939,O002939,credit_card,1,2292.33
PAY002940,O002940,bank_transfer,1,1645.65
PAY002941,O002941,credit_card,3,911.59
PAY002942,O002942,credit_card,12,1968.22
PAY002943,O002943,credit_card,6,405.72
PAY002944,O002944,digital_wallet,1,636.96
PAY002945,O002945,credit_card,1,645.69
PAY002946,O002946,digital_wallet,1,855.97
PAY002947,O002947,credit_card,2,2289.2
PAY002948,O002948,debit_card,1,2465.65
PAY002949,O002949,credit_card,1,435.04
PAY002950,O002950,credit_card,1,230.23
PAY002951,O002951,credit_card,6,1048.43
PAY002952,O002952,digital_wallet,1,78.66
PAY002953,O002953,credit_card,2,10387.45
PAY002954,O002954,credit_card,1,404.98
PAY002955,O002955,debit_card,1,570.36
PAY002956,O002956,debit_card,1,141.21
PAY002957,O002957,credit_card,2,540.29
PAY002958,O002958,credit_card,12,523.65
PAY002959,O002959,debit_card,1,646.86
PAY002960,O002960,digital_wallet,1,410.51
PAY002961,O002961,debit_card,1,988.39
PAY002962,O002962,credit_card,12,229.86
PAY002963,O002963,credit_card,1,97.93
PAY002964,O002964,debit_card,1,28.71
PAY002965,O002965,bank_transfer,1,1005.73
PAY002966,O002966,digital_wallet,1,571.64
PAY002967,O002967,debit_card,1,834.47
PAY002968,O002968,credit_card,12,2006.38
PAY002969,O002969,debit_card,1,2354.27
PAY002970,O002970,debit_card,1,1251.56
PAY002971,O002971,credit_card,3,3434.43
PAY002972,O002972,bank_transfer,1,2877.85
PAY002973,O002973,debit_card,1,1546.61
PAY002974,O002974,debit_card,1,388.76
PAY002975,O002975,debit_card,1,386.47
PAY002976,O002976,credit_card,6,330.25
PAY002977,O002977,debit_card,1,752.94
PAY002978,O002978,debit_card,1,57.89
PAY002979,O002979,credit_card,2,1466.71
PAY002980,O002980,debit_card,1,1663.72
PAY002981,O002981,credit_card,2,585.3
PAY002982,O002982,bank_transfer,1,541.89
PAY002983,O002983,debit_card,1,195.82
PAY002984,O002984,credit_card,3,1079.38
PAY002985,O002985,credit_card,1,276.75
PAY002986,O002986,credit_card,3,1257.23
PAY002987,O002987,digital_wallet,1,669.59
PAY002988,O002988,credit_card,1,429.39
PAY002989,O002989,credit_card,2,1314.72
PAY002990,O002990,credit_card,2,2060.44
PAY002991,O002991,credit_card,6,1290.65
PAY002992,O002992,credit_card,2,1038.92
PAY002993,O002993,digital_wallet,1,2367.4
PAY002994,O002994,debit_card,1,964.48
PAY002995,O002995,credit_card,3,529.39
PAY002996,O002996,credit_card,12,577.43
PAY002997,O002997,credit_card,2,583.3
PAY002998,O002998,digital_wallet,1,774.84
PAY002999,O002999,credit_card,1,788.86
PAY003000,O003000,credit_card,3,71.55
PAY003001,O003001,credit_card,6,437.74
PAY003002,O003002,credit_card,6,910.21
PAY003003,O003003,debit_card,1,1576.92
PAY003004,O003004,credit_card,1,821.83
PAY003005,O003005,credit_card,3,176.77
PAY003006,O003006,debit_card,1,467.83
PAY003007,O003007,debit_card,1,1005.35
PAY003008,O003008,digital_wallet,1,76.83
PAY003009,O003009,credit_card,1,292.73
PAY003010,O003010,credit_card,6,1241.43
PAY003011,O003011,bank_transfer,1,1493.06
PAY003012,O003012,debit_card,1,537.43
PAY003013,O003013,debit_card,1,497.99
PAY003014,O003014,credit_card,1,263.52
PAY003015,O003015,debit_card,1,1817.19
PAY003016,O003016,digital_wallet,1,327.57
PAY003017,O003017,credit_card,3,678.77
PAY003018,O003018,credit_card,12,1129.35
PAY003019,O003019,digital_wallet,1,1265.73
PAY003020,O003020,credit_card,3,498.84
PAY003021,O003021,credit_card,3,30545.39
PAY003022,O003022,credit_card,3,502.16
PAY003023,O003023,credit_card,1,389.39
PAY003024,O003024,digital_wallet,1,1522.48
PAY003025,O003025,credit_card,6,1623.97
PAY003026,O003026,bank_transfer,1,184.56
PAY003027,O003027,credit_card,2,296.67
PAY003028,O003028,credit_card,1,549.26
PAY003029,O003029,credit_card,1,977.44
PAY003030,O003030,credit_card,1,931.68
PAY003031,O003031,credit_card,6,1775.54
PAY003032,O003032,credit_card,2,1361.81
PAY003033,O003033,credit_card,1,985.18
PAY003034,O003034,digital_wallet,1,870.03
PAY003035,O003035,credit_card,3,128.31
PAY003036,O003036,debit_card,1,2769.15
PAY003037,O003037,credit_card,3,806.41
PAY003038,O003038,debit_card,1,501.9
PAY003039,O003039,debit_card,1,276.14
PAY003040,O003040,digital_wallet,1,225.38
PAY003041,O003041,credit_card,3,1115.31
PAY003042,O003042,credit_card,6,984.18
PAY003043,O003043,credit_card,2,260.5
PAY003044,O003044,credit_card,1,2344.44
PAY003045,O003045,credit_card,2,524.66
PAY003046,O003046,debit_card,1,465.57
PAY003047,O003047,bank_transfer,1,441.13
PAY003048,O003048,credit_card,1,916.42
PAY003049,O003049,credit_card,3,61.01
PAY003050,O003050,credit_card,3,527.93
PAY003051,O003051,debit_card,1,992.21
PAY003052,O003052,DEBIT_CARD,1,929.84
PAY003053,O003053,credit_card,2,1453.96
PAY003054,O003054,credit_card,3,1128.99
PAY003055,O003055,credit_card,3,1285.26
PAY003056,O003056,credit_card,3,1445.2
PAY003057,O003057,credit_card,3,161.36
PAY003058,O003058,credit_card,1,120.52
PAY003059,O003059,credit_card,2,898.44
PAY003060,O003060,credit_card,1,1777.86
PAY003061,O003061,credit_card,12,11353.52
PAY003062,O003062,digital_wallet,1,651.91
PAY003063,O003063,credit_card,2,20286.31
PAY003064,O003064,bank_transfer,1,1178.91
PAY003065,O003065,credit_card,3,542.44
PAY003066,O003066,digital_wallet,1,487.57
PAY003067,O003067,credit_card,1,446.23
PAY003068,O003068,credit_card,2,41432.15
PAY003069,O003069,debit_card,1,723.7
PAY003070,O003070,credit_card,1,428.15
PAY003071,O003071,credit_card,3,1274.78
PAY003072,O003072,credit_card,1,553.27
PAY003073,O003073,credit_card,2,3099.7
PAY003074,O003074,bank_transfer,1,1483.64
PAY003075,O003075,debit_card,1,28.53
PAY003076,O003076,bank_transfer,1,1193.21
PAY003077,O003077,debit_card,1,1169.17
PAY003078,O003078,credit_card,1,399.4
PAY003079,O003079,digital_wallet,1,6892.76
PAY003080,O003080,digital_wallet,1,246.9
PAY003081,O003081,credit_card,2,607.28
PAY003082,O003082,debit_card,1,188.06
PAY003083,O003083,credit_card,3,2445.95
PAY003084,O003084,credit_card,6,514.11
PAY003085,O003085, bank_transfer ,1,449.73
PAY003086,O003086,debit_card,1,5626.28
PAY003087,O003087,DEBIT_CARD,1,85.56
PAY003088,O003088,credit_card,1,1261.91
PAY003089,O003089,debit_card,1,1630.6
PAY003090,O003090,debit_card,1,995.62
PAY003091,O003091,credit_card,6,725.13
PAY003092,O003092,debit_card,1,1160.78
PAY003093,O003093,credit_card,6,339.84
PAY003094,O003094,credit_card,1,258.87
PAY003095,O003095,credit_card,2,746.31
PAY003096,O003096,bank_transfer,1,1256.62
PAY003097,O003097,credit_card,12,856.38
PAY003098,O003098,credit_card,1,492.12
PAY003099,O003099,credit_card,1,760.59
PAY003100,O003100,bank_transfer,1,821.67
PAY003101,O003101,debit_card,1,957.82
PAY003102,O003102,credit_card,2,104.81
PAY003103,O003103,digital_wallet,1,2888.56
PAY003104,O003104,debit_card,1,812.65
PAY003105,O003105,digital_wallet,1,1330.75
PAY003106,O003106,credit_card,2,733.41
PAY003107,O003107, bank_transfer ,1,2286.32
PAY003108,O003108,debit_card,1,2652.72
PAY003109,O003109,debit_card,1,3355.42
PAY003110,O003110,credit_card,3,131.11
PAY003111,O003111,digital_wallet,1,448.1
PAY003112,O003112,credit_card,2,3238.04
PAY003113,O003113,digital_wallet,1,566.49
PAY003114,O003114,credit_card,3,1669.41
PAY003115,O003115,credit_card,1,1420.55
PAY003116,O003116,debit_card,1,1952.86
PAY003117,O003117,credit_card,3,508.01
PAY003118,O003118,debit_card,1,822.12
PAY003119,O003119,credit_card,1,749.7
PAY003120,O003120,bank_transfer,1,97.73
PAY003121,O003121,digital_wallet,1,1111.61
PAY003122,O003122,digital_wallet,1,1191.8
PAY003123,O003123,debit_card,1,426.32
PAY003124,O003124,credit_card,2,895.2
PAY003125,O003125,debit_card,1,160.2
PAY003126,O003126,digital_wallet,1,768.77
PAY003127,O003127,bank_transfer,1,491.42
PAY003128,O003128,credit_card,2,246.54
PAY003129,O003129,credit_card,6,2032.63
PAY003130,O003130,credit_card,3,455.77
PAY003131,O003131,digital_wallet,1,2293.57
PAY003132,O003132,debit_card,1,96.6
PAY003133,O003133,credit_card,1,1394.88
PAY003134,O003134,credit_card,12,3569.65
PAY003135,O003135,credit_card,1,625.29
PAY003136,O003136,credit_card,3,1538.43
PAY003137,O003137,debit_card,1,207.51
PAY003138,O003138,credit_card,6,770.64
PAY003139,O003139,digital_wallet,1,1073.04
PAY003140,O003140,credit_card,2,86.09
PAY003141,O003141,CREDIT_CARD,6,447.87
PAY003142,O003142,bank_transfer,1,103.46
PAY003143,O003143,bank_transfer,1,453.94
PAY003144,O003144,credit_card,1,1382.54
PAY003145,O003145,digital_wallet,1,4084.33
PAY003146,O003146,credit_card,3,283.71
PAY003147,O003147,credit_card,2,2034.98
PAY003148,O003148,credit_card,6,724.93
PAY003149,O003149, debit_card ,1,485.69
PAY003150,O003150,credit_card,1,142.75
PAY003151,O003151,credit_card,1,337.19
PAY003152,O003152,bank_transfer,1,713.35
PAY003153,O003153,debit_card,1,732.24
PAY003154,O003154,credit_card,6,428.58
PAY003155,O003155,digital_wallet,1,366.54
PAY003156,O003156,credit_card,2,1420.48
PAY003157,O003157,bank_transfer,1,994.46
PAY003158,O003158,credit_card,2,622.88
PAY003159,O003159,debit_card,1,1556.53
PAY003160,O003160,credit_card,6,581.54
PAY003161,O003161,credit_card,1,2298.64
PAY003162,O003162,credit_card,1,359.42
PAY003163,O003163,debit_card,1,403.06
PAY003164,O003164,credit_card,1,222.71
PAY003165,O003165,credit_card,1,887.52
PAY003166,O003166,credit_card,2,688.6
PAY003167,O003167,credit_card,6,2147.3
PAY003168,O003168,debit_card,1,912.08
PAY003169,O003169,debit_card,1,508.39
PAY003170,O003170,debit_card,1,187.52
PAY003171,O003171,bank_transfer,1,191.78
PAY003172,O003172,digital_wallet,1,1012.13
PAY003173,O003173,credit_card,1,722.58
PAY003174,O003174,debit_card,1,683.02
PAY003175,O003175,digital_wallet,1,493.43
PAY003176,O003176,credit_card,1,251.53
PAY003177,O003177,debit_card,1,551.19
PAY003178,O003178,bank_transfer,1,765.85
PAY003179,O003179,digital_wallet,1,929.45
PAY003180,O003180,credit_card,2,508.63
PAY003181,O003181,digital_wallet,1,865.38
PAY003182,O003182,credit_card,1,712.93
PAY003183,O003183,credit_card,12,716.07
PAY003184,O003184,digital_wallet,1,425.46
PAY003185,O003185,digital_wallet,1,29.28
PAY003186,O003186,credit_card,3,1856.58
PAY003187,O003187,debit_card,1,2641.08
PAY003188,O003188,credit_card,3,821.33
PAY003189,O003189,bank_transfer,1,2250.99
PAY003190,O003190,credit_card,6,4148.74
PAY003191,O003191,credit_card,1,3859.33
PAY003192,O003192,bank_transfer,1,975.9
PAY003193,O003193,credit_card,1,360.94
PAY003194,O003194,credit_card,2,1232.28
PAY003195,O003195,credit_card,1,670.01
PAY003196,O003196,credit_card,12,848.4
PAY003197,O003197,credit_card,1,1361.26
PAY003198,O003198,debit_card,1,3096.1
PAY003199,O003199,debit_card,1,3181.26
PAY003200,O003200,credit_card,2,760.26
PAY003201,O003201,digital_wallet,1,391.85
PAY003202,O003202,debit_card,1,622.13
PAY003203,O003203,credit_card,3,1424.82
PAY003204,O003204,credit_card,1,201.19
PAY003205,O003205,credit_card,1,1257.28
PAY003206,O003206,credit_card,2,215.26
PAY003207,O003207,credit_card,3,1368.06
PAY003208,O003208,credit_card,3,616.53
PAY003209,O003209,digital_wallet,1,419.07
PAY003210,O003210,CREDIT_CARD,2,40.01
PAY003211,O003211,credit_card,12,1431.88
PAY003212,O003212,credit_card,12,634.35
PAY003213,O003213,debit_card,1,4737.11
PAY003214,O003214,credit_card,6,2344.65
PAY003215,O003215,credit_card,2,259.61
PAY003216,O003216,credit_card,6,1519.35
PAY003217,O003217,debit_card,1,860.25
PAY003218,O003218,credit_card,2,2666.65
PAY003219,O003219,credit_card,12,588.24
PAY003220,O003220,credit_card,12,1039.5
PAY003221,O003221,credit_card,6,3465.84
PAY003222,O003222,credit_card,1,40.42
PAY003223,O003223,credit_card,12,937.55
PAY003224,O003224,credit_card,3,1390.21
PAY003225,O003225,credit_card,12,3140.24
PAY003226,O003226,bank_transfer,1,333.78
PAY003227,O003227,credit_card,12,1116.61
PAY003228,O003228,digital_wallet,1,936.85
PAY003229,O003229,credit_card,3,1717.83
PAY003230,O003230,debit_card,1,537.43
PAY003231,O003231,digital_wallet,1,410.13
PAY003232,O003232,credit_card,1,1433.51
PAY003233,O003233,debit_card,1,1874.96
PAY003234,O003234,credit_card,3,522.84
PAY003235,O003235,credit_card,6,699.68
PAY003236,O003236,debit_card,1,1052.82
PAY003237,O003237,debit_card,1,3074.87
PAY003238,O003238,credit_card,1,851.27
PAY003239,O003239,credit_card,1,1449.63
PAY003240,O003240,bank_transfer,1,3843.86
PAY003241,O003241,credit_card,1,238.65
PAY003242,O003242,credit_card,1,164.87
PAY003243,O003243,bank_transfer,1,470.35
PAY003244,O003244,debit_card,1,502.87
PAY003245,O003245,bank_transfer,1,199.74
PAY003246,O003246,debit_card,1,984.26
PAY003247,O003247,credit_card,3,625.91
PAY003248,O003248,credit_card,2,716.3
PAY003249,O003249,credit_card,3,1908.99
PAY003250,O003250,debit_card,1,483.6
PAY003251,O003251,credit_card,2,165.3
PAY003252,O003252,debit_card,1,201.74
PAY003253,O003253, digital_wallet ,1,142.07
PAY003254,O003254,credit_card,2,719.3
PAY003255,O003255,credit_card,12,480.74
PAY003256,O003256,debit_card,1,527.4
PAY003257,O003257,debit_card,1,1268.67
PAY003258,O003258,bank_transfer,1,318.15
PAY003259,O003259,debit_card,1,674.96
PAY003260,O003260,credit_card,3,548.85
PAY003261,O003261,debit_card,1,2791.96
PAY003262,O003262,credit_card,2,1261.86
PAY003263,O003263,debit_card,1,255.79
PAY003264,O003264,credit_card,3,1268.6
PAY003265,O003265,credit_card,1,2434.77
PAY003266,O003266,credit_card,1,712.7
PAY003267,O003267,CREDIT_CARD,6,751.87
PAY003268,O003268,digital_wallet,1,2334.39
PAY003269,O003269,credit_card,3,403.06
PAY003270,O003270,credit_card,2,657.58
PAY003271,O003271,debit_card,1,891.57
PAY003272,O003272,credit_card,1,785.12
PAY003273,O003273,debit_card,1,1739.89
PAY003274,O003274,bank_transfer,1,41.28
PAY003275,O003275,credit_card,1,1735.4
PAY003276,O003276,credit_card,2,1133.75
PAY003277,O003277,credit_card,12,2117.11
PAY003278,O003278,digital_wallet,1,130.41
PAY003279,O003279,credit_card,3,1442.84
PAY003280,O003280,credit_card,3,301.27
PAY003281,O003281,debit_card,1,834.3
PAY003282,O003282,credit_card,3,377.29
PAY003283,O003283,credit_card,1,1158.64
PAY003284,O003284,credit_card,6,595.68
PAY003285,O003285,debit_card,1,3220.87
PAY003286,O003286,debit_card,1,564.27
PAY003287,O003287,credit_card,12,2005.59
PAY003288,O003288,credit_card,6,1798.8
PAY003289,O003289,digital_wallet,1,683.26
PAY003290,O003290,credit_card,1,1940.68
PAY003291,O003291,debit_card,1,184.91
PAY003292,O003292,credit_card,6,1185.4
PAY003293,O003293,debit_card,1,33.3
PAY003294,O003294,credit_card,1,649.12
PAY003295,O003295,bank_transfer,1,483.81
PAY003296,O003296,digital_wallet,1,1654.74
PAY003297,O003297,credit_card,1,1577.66
PAY003298,O003298,credit_card,12,539.35
PAY003299,O003299,debit_card,1,1977.06
PAY003300,O003300,digital_wallet,1,168.52
PAY003301,O003301,credit_card,1,565.48
PAY003302,O003302,bank_transfer,1,625.98
PAY003303,O003303,credit_card,1,1483.32
PAY003304,O003304,credit_card,2,1641.83
PAY003305,O003305,digital_wallet,1,185.31
PAY003306,O003306,credit_card,1,1326.99
PAY003307,O003307,debit_card,1,388.42
PAY003308,O003308,credit_card,6,748.47
PAY003309,O003309,credit_card,2,1404.21
PAY003310,O003310,credit_card,3,365.73
PAY003311,O003311,bank_transfer,1,779.36
PAY003312,O003312,credit_card,3,995.08
PAY003313,O003313,credit_card,1,171.82
PAY003314,O003314,credit_card,1,363.63
PAY003315,O003315,debit_card,1,1106.43
PAY003316,O003316,debit_card,1,964.63
PAY003317,O003317,bank_transfer,1,945.23
PAY003318,O003318,credit_card,1,150.02
PAY003319,O003319,credit_card,3,1667.11
PAY003320,O003320,digital_wallet,1,93.13
PAY003321,O003321,credit_card,1,531.58
PAY003322,O003322,credit_card,3,119.55
PAY003323,O003323,credit_card,3,1182.73
PAY003324,O003324,digital_wallet,1,411.09
PAY003325,O003325,bank_transfer,1,893.52
PAY003326,O003326,debit_card,1,424.46
PAY003327,O003327,debit_card,1,305.3
PAY003328,O003328,bank_transfer,1,454.77
PAY003329,O003329,debit_card,1,356.79
PAY003330,O003330,bank_transfer,1,1029.61
PAY003331,O003331,credit_card,2,1099.16
PAY003332,O003332,credit_card,1,1441.19
PAY003333,O003333,credit_card,2,832.46
PAY003334,O003334,credit_card,2,829.7
PAY003335,O003335,credit_card,12,97.52
PAY003336,O003336,credit_card,3,4337.28
PAY003337,O003337,credit_card,1,507.62
PAY003338,O003338,credit_card,3,776.45
PAY003339,O003339,debit_card,1,501.07
PAY003340,O003340,digital_wallet,1,2343.6
PAY003341,O003341,credit_card,1,697.64
PAY003342,O003342,credit_card,3,2003.0
PAY003343,O003343,bank_transfer,1,1240.25
PAY003344,O003344,credit_card,3,74.44
PAY003345,O003345,bank_transfer,1,2344.71
PAY003346,O003346,credit_card,1,138.21
PAY003347,O003347,credit_card,2,300.76
PAY003348,O003348,credit_card,1,1348.63
PAY003349,O003349,bank_transfer,1,468.07
PAY003350,O003350,digital_wallet,1,778.05
PAY003351,O003351,debit_card,1,4924.57
PAY003352,O003352,debit_card,1,140.72
PAY003353,O003353,bank_transfer,1,976.87
PAY003354,O003354,bank_transfer,1,353.28
PAY003355,O003355,debit_card,1,200.13
PAY003356,O003356,credit_card,2,227.29
PAY003357,O003357,credit_card,1,1804.97
PAY003358,O003358, credit_card ,2,887.15
PAY003359,O003359,debit_card,1,421.97
PAY003360,O003360,credit_card,3,120.46
PAY003361,O003361,bank_transfer,1,183.72
PAY003362,O003362,debit_card,1,190.43
PAY003363,O003363,debit_card,1,441.13
PAY003364,O003364,credit_card,1,837.43
PAY003365,O003365,digital_wallet,1,950.2
PAY003366,O003366,credit_card,2,318.44
PAY003367,O003367,bank_transfer,1,993.41
PAY003368,O003368,credit_card,1,1774.58
PAY003369,O003369,digital_wallet,1,584.86
PAY003370,O003370,debit_card,1,907.49
PAY003371,O003371,credit_card,1,1193.81
PAY003372,O003372,credit_card,6,1475.17
PAY003373,O003373,bank_transfer,1,733.24
PAY003374,O003374,debit_card,1,141.02
PAY003375,O003375,credit_card,2,762.08
PAY003376,O003376,digital_wallet,1,1852.53
PAY003377,O003377,debit_card,1,2569.14
PAY003378,O003378,digital_wallet,1,12970.3
PAY003379,O003379,digital_wallet,1,2109.24
PAY003380,O003380,credit_card,2,67.64
PAY003381,O003381,credit_card,1,2971.39
PAY003382,O003382,bank_transfer,1,17.83
PAY003383,O003383,debit_card,1,763.0
PAY003384,O003384,credit_card,2,967.47
PAY003385,O003385,credit_card,6,1016.68
PAY003386,O003386,digital_wallet,1,849.93
PAY003387,O003387, credit_card ,6,113.8
PAY003388,O003388,credit_card,3,140.5
PAY003389,O003389,credit_card,1,2501.67
PAY003390,O003390,credit_card,6,1559.97
PAY003391,O003391,bank_transfer,1,49.35
PAY003392,O003392,credit_card,6,79.08
PAY003393,O003393,credit_card,6,470.09
PAY003394,O003394,bank_transfer,1,1439.24
PAY003395,O003395,credit_card,1,1644.21
PAY003396,O003396,credit_card,1,2434.01
PAY003397,O003397,credit_card,3,843.33
PAY003398,O003398,debit_card,1,207.02
PAY003399,O003399,DEBIT_CARD,1,167.04
PAY003400,O003400,credit_card,1,328.22
PAY003401,O003401,credit_card,2,735.76
PAY003402,O003402,debit_card,1,822.59
PAY003403,O003403,credit_card,12,2703.22
PAY003404,O003404,credit_card,1,299.78
PAY003405,O003405,credit_card,3,422.71
PAY003406,O003406,credit_card,1,1650.67
PAY003407,O003407,credit_card,1,256.34
PAY003408,O003408,credit_card,1,653.71
PAY003409,O003409,bank_transfer,1,175.99
PAY003410,O003410,credit_card,12,689.3
PAY003411,O003411,debit_card,1,946.11
PAY003412,O003412,credit_card,1,246.51
PAY003413,O003413,credit_card,3,9690.17
PAY003414,O003414,credit_card,3,3631.83
PAY003415,O003415,credit_card,2,1956.07
PAY003416,O003416,debit_card,1,567.51
PAY003417,O003417,credit_card,2,1451.32
PAY003418,O003418,credit_card,6,699.1
PAY003419,O003419,credit_card,1,2302.36
PAY003420,O003420,debit_card,1,790.1
PAY003421,O003421,credit_card,2,571.49
PAY003422,O003422,digital_wallet,1,2178.08
PAY003423,O003423,bank_transfer,1,581.96
PAY003424,O003424,credit_card,1,428.24
PAY003425,O003425,credit_card,2,1324.95
PAY003426,O003426,debit_card,1,755.96
PAY003427,O003427,digital_wallet,1,816.71
PAY003428,O003428,debit_card,1,525.4
PAY003429,O003429,debit_card,1,154.23
PAY003430,O003430,credit_card,3,197.32
PAY003431,O003431,digital_wallet,1,861.13
PAY003432,O003432,credit_card,1,885.55
PAY003433,O003433,credit_card,12,1551.65
PAY003434,O003434,credit_card,1,1010.33
PAY003435,O003435,debit_card,1,689.65
PAY003436,O003436,digital_wallet,1,3540.17
PAY003437,O003437,credit_card,2,604.67
PAY003438,O003438,debit_card,1,201.51
PAY003439,O003439,digital_wallet,1,952.09
PAY003440,O003440,credit_card,1,48.82
PAY003441,O003441,credit_card,1,626.59
PAY003442,O003442,credit_card,6,1062.16
PAY003443,O003443,debit_card,1,240.45
PAY003444,O003444,credit_card,1,101.03
PAY003445,O003445,debit_card,1,618.94
PAY003446,O003446,credit_card,1,1416.27
PAY003447,O003447,credit_card,2,172.43
PAY003448,O003448,credit_card,3,205.37
PAY003449,O003449,debit_card,1,2356.11
PAY003450,O003450,credit_card,3,578.96
PAY003451,O003451,credit_card,1,81.21
PAY003452,O003452,credit_card,3,801.77
PAY003453,O003453,debit_card,1,869.57
PAY003454,O003454,credit_card,2,1108.66
PAY003455,O003455,credit_card,3,2302.08
PAY003456,O003456,credit_card,2,968.25
PAY003457,O003457,credit_card,1,803.54
PAY003458,O003458, credit_card ,1,560.95
PAY003459,O003459,credit_card,3,171.69
PAY003460,O003460,debit_card,1,1903.36
PAY003461,O003461,debit_card,1,3508.34
PAY003462,O003462,credit_card,1,1161.73
PAY003463,O003463,debit_card,1,1813.41
PAY003464,O003464,credit_card,6,566.5
PAY003465,O003465,credit_card,2,919.12
PAY003466,O003466,credit_card,1,1455.77
PAY003467,O003467,credit_card,12,404.07
PAY003468,O003468,credit_card,1,193.4
PAY003469,O003469,debit_card,1,2308.02
PAY003470,O003470,digital_wallet,1,1547.19
PAY003471,O003471,digital_wallet,1,596.79
PAY003472,O003472,debit_card,1,254.34
PAY003473,O003473,bank_transfer,1,3322.5
PAY003474,O003474,debit_card,1,412.81
PAY003475,O003475,credit_card,1,440.06
PAY003476,O003476,digital_wallet,1,3325.51
PAY003477,O003477,credit_card,6,521.72
PAY003478,O003478,credit_card,6,750.06
PAY003479,O003479,digital_wallet,1,1278.14
PAY003480,O003480,credit_card,6,3799.91
PAY003481,O003481,debit_card,1,2013.56
PAY003482,O003482,bank_transfer,1,364.9
PAY003483,O003483,credit_card,1,936.09
PAY003484,O003484,bank_transfer,1,840.68
PAY003485,O003485,credit_card,6,314.83
PAY003486,O003486,credit_card,1,172.2
PAY003487,O003487,bank_transfer,1,135.42
PAY003488,O003488,digital_wallet,1,1765.09
PAY003489,O003489,credit_card,2,1007.97
PAY003490,O003490,credit_card,1,1919.62
PAY003491,O003491,debit_card,1,744.91
PAY003492,O003492,credit_card,1,205.85
PAY003493,O003493,credit_card,1,723.58
PAY003494,O003494,debit_card,1,285.4
PAY003495,O003495,debit_card,1,307.58
PAY003496,O003496,debit_card,1,597.43
PAY003497,O003497,digital_wallet,1,1131.55
PAY003498,O003498,debit_card,1,465.11
PAY003499,O003499,debit_card,1,1209.93
PAY003500,O003500,credit_card,1,175.42
PAY003501,O003501,credit_card,2,1798.38
PAY003502,O003502,debit_card,1,1601.34
PAY003503,O003503,credit_card,1,1285.92
PAY003504,O003504,credit_card,1,667.14
PAY003505,O003505,credit_card,6,1482.68
PAY003506,O003506,digital_wallet,1,909.34
PAY003507,O003507,debit_card,1,176.84
PAY003508,O003508,credit_card,1,1290.75
PAY003509,O003509,credit_card,1,2354.36
PAY003510,O003510,digital_wallet,1,184.26
PAY003511,O003511,debit_card,1,913.27
PAY003512,O003512,debit_card,1,783.41
PAY003513,O003513,credit_card,3,549.52
PAY003514,O003514,debit_card,1,142.86
PAY003515,O003515,credit_card,3,491.5
PAY003516,O003516,credit_card,2,415.16
PAY003517,O003517,credit_card,1,709.11
PAY003518,O003518,bank_transfer,1,94.19
PAY003519,O003519,bank_transfer,1,66.22
PAY003520,O003520,credit_card,1,320.72
PAY003521,O003521,credit_card,1,94.08
PAY003522,O003522,credit_card,6,2648.26
PAY003523,O003523,credit_card,1,455.3
PAY003524,O003524,bank_transfer,1,201.46
PAY003525,O003525,credit_card,3,359.86
PAY003526,O003526,credit_card,1,829.44
PAY003527,O003527,debit_card,1,226.72
PAY003528,O003528,debit_card,1,755.55
PAY003529,O003529,bank_transfer,1,347.57
PAY003530,O003530,digital_wallet,1,1297.53
PAY003531,O003531,credit_card,6,1046.66
PAY003532,O003532,credit_card,3,319.81
PAY003533,O003533,credit_card,1,1575.03
PAY003534,O003534,credit_card,6,1087.19
PAY003535,O003535,credit_card,1,809.06
PAY003536,O003536,digital_wallet,1,742.91
PAY003537,O003537,credit_card,3,252.47
PAY003538,O003538,credit_card,6,163.2
PAY003539,O003539,digital_wallet,1,19.09
PAY003540,O003540,DEBIT_CARD,1,1285.38
PAY003541,O003541,bank_transfer,1,461.18
PAY003542,O003542,credit_card,12,459.3
PAY003543,O003543,debit_card,1,1795.97
PAY003544,O003544,credit_card,6,258.67
PAY003545,O003545,credit_card,12,1288.79
PAY003546,O003546,digital_wallet,1,137.09
PAY003547,O003547,credit_card,3,1266.46
PAY003548,O003548,debit_card,1,4477.75
PAY003549,O003549,bank_transfer,1,1243.26
PAY003550,O003550,debit_card,1,2181.68
PAY003551,O003551,credit_card,1,1310.67
PAY003552,O003552,credit_card,2,1641.05
PAY003553,O003553,digital_wallet,1,30001.97
PAY003554,O003554,debit_card,1,1357.12
PAY003555,O003555,bank_transfer,1,224.11
PAY003556,O003556,bank_transfer,1,1128.81
PAY003557,O003557,credit_card,1,1069.47
PAY003558,O003558,credit_card,12,39.1
PAY003559,O003559,credit_card,12,856.89
PAY003560,O003560,bank_transfer,1,152.43
PAY003561,O003561,credit_card,3,194.01
PAY003562,O003562,debit_card,1,404.97
PAY003563,O003563,credit_card,6,725.88
PAY003564,O003564,digital_wallet,1,95.12
PAY003565,O003565,debit_card,1,1250.63
PAY003566,O003566,credit_card,12,772.36
PAY003567,O003567,bank_transfer,1,1567.66
PAY003568,O003568,credit_card,1,273.74
PAY003569,O003569,credit_card,6,1128.09
PAY003570,O003570,credit_card,3,518.76
PAY003571,O003571,digital_wallet,1,315.76
PAY003572,O003572,debit_card,1,1609.91
PAY003573,O003573,credit_card,1,444.59
PAY003574,O003574,credit_card,12,636.09
PAY003575,O003575,credit_card,12,405.85
PAY003576,O003576,credit_card,2,2072.67
PAY003577,O003577,credit_card,3,2138.76
PAY003578,O003578,debit_card,1,637.33
PAY003579,O003579,credit_card,12,838.06
PAY003580,O003580,credit_card,6,90.73
PAY003581,O003581,debit_card,1,578.57
PAY003582,O003582,debit_card,1,340.07
PAY003583,O003583,credit_card,1,878.89
PAY003584,O003584,digital_wallet,1,650.72
PAY003585,O003585,bank_transfer,1,2018.98
PAY003586,O003586,bank_transfer,1,1338.63
PAY003587,O003587,credit_card,1,1309.85
PAY003588,O003588,credit_card,1,868.74
PAY003589,O003589,bank_transfer,1,915.26
PAY003590,O003590,credit_card,3,698.13
PAY003591,O003591,debit_card,1,629.9
PAY003592,O003592,debit_card,1,1367.09
PAY003593,O003593,credit_card,6,70.57
PAY003594,O003594,digital_wallet,1,101.08
PAY003595,O003595,credit_card,3,719.68
PAY003596,O003596,debit_card,1,752.98
PAY003597,O003597,credit_card,6,473.29
PAY003598,O003598,credit_card,6,285.98
PAY003599,O003599,credit_card,6,388.29
PAY003600,O003600,digital_wallet,1,2741.95
PAY003601,O003601,digital_wallet,1,349.64
PAY003602,O003602,credit_card,1,367.78
PAY003603,O003603,debit_card,1,504.0
PAY003604,O003604,debit_card,1,1251.85
PAY003605,O003605,credit_card,2,161.64
PAY003606,O003606,credit_card,3,29.0
PAY003607,O003607,credit_card,6,220.14
PAY003608,O003608,credit_card,3,447.52
PAY003609,O003609,debit_card,1,18326.42
PAY003610,O003610,credit_card,6,999.46
PAY003611,O003611,credit_card,6,20239.51
PAY003612,O003612,credit_card,2,3334.17
PAY003613,O003613,debit_card,1,280.43
PAY003614,O003614,debit_card,1,103.01
PAY003615,O003615,digital_wallet,1,588.69
PAY003616,O003616,credit_card,3,268.92
PAY003617,O003617,credit_card,3,453.94
PAY003618,O003618,digital_wallet,1,362.73
PAY003619,O003619,credit_card,1,1109.67
PAY003620,O003620,credit_card,3,1165.37
PAY003621,O003621,credit_card,1,983.95
PAY003622,O003622,credit_card,1,397.06
PAY003623,O003623,credit_card,2,2212.59
PAY003624,O003624,credit_card,6,702.77
PAY003625,O003625,credit_card,1,298.53
PAY003626,O003626,credit_card,3,329.42
PAY003627,O003627,credit_card,3,996.66
PAY003628,O003628,debit_card,1,762.45
PAY003629,O003629,bank_transfer,1,384.03
PAY003630,O003630,debit_card,1,1687.91
PAY003631,O003631,credit_card,3,770.62
PAY003632,O003632,credit_card,3,1324.51
PAY003633,O003633,credit_card,2,441.29
PAY003634,O003634,digital_wallet,1,2543.72
PAY003635,O003635,digital_wallet,1,581.41
PAY003636,O003636,credit_card,1,369.02
PAY003637,O003637,credit_card,2,1016.34
PAY003638,O003638,digital_wallet,1,251.0
PAY003639,O003639,bank_transfer,1,2519.65
PAY003640,O003640,credit_card,1,720.38
PAY003641,O003641,credit_card,2,906.97
PAY003642,O003642,debit_card,1,1938.58
PAY003643,O003643,credit_card,1,137.54
PAY003644,O003644,credit_card,1,462.33
PAY003645,O003645,bank_transfer,1,70.48
PAY003646,O003646,bank_transfer,1,766.76
PAY003647,O003647,credit_card,1,366.3
PAY003648,O003648,credit_card,6,90.23
PAY003649,O003649,CREDIT_CARD,3,302.04
PAY003650,O003650,digital_wallet,1,1148.66
PAY003651,O003651,bank_transfer,1,827.64
PAY003652,O003652,credit_card,3,25.64
PAY003653,O003653,debit_card,1,607.05
PAY003654,O003654,debit_card,1,242.21
PAY003655,O003655,credit_card,3,1600.64
PAY003656,O003656,credit_card,2,207.96
PAY003657,O003657,debit_card,1,145.42
PAY003658,O003658,debit_card,1,5488.21
PAY003659,O003659,digital_wallet,1,1442.03
PAY003660,O003660,digital_wallet,1,3107.51
PAY003661,O003661,digital_wallet,1,300.5
PAY003662,O003662,debit_card,1,815.99
PAY003663,O003663,credit_card,3,2178.18
PAY003664,O003664,credit_card,1,726.17
PAY003665,O003665,credit_card,1,313.7
PAY003666,O003666,credit_card,6,938.93
PAY003667,O003667,digital_wallet,1,286.62
PAY003668,O003668,debit_card,1,895.33
PAY003669,O003669,debit_card,1,421.17
PAY003670,O003670,bank_transfer,1,2143.08
PAY003671,O003671,credit_card,3,4181.46
PAY003672,O003672,credit_card,3,1024.77
PAY003673,O003673, bank_transfer ,1,1455.4
PAY003674,O003674,bank_transfer,1,2089.16
PAY003675,O003675,credit_card,1,897.32
PAY003676,O003676,credit_card,3,857.6
PAY003677,O003677,debit_card,1,2227.27
PAY003678,O003678,credit_card,3,5301.64
PAY003679,O003679,debit_card,1,644.51
PAY003680,O003680,credit_card,2,93.17
PAY003681,O003681,credit_card,2,1394.98
PAY003682,O003682,credit_card,2,1924.21
PAY003683,O003683,credit_card,1,1060.97
PAY003684,O003684,CREDIT_CARD,6,2519.21
PAY003685,O003685,credit_card,3,480.75
PAY003686,O003686,credit_card,6,800.01
PAY003687,O003687,credit_card,1,2532.74
PAY003688,O003688,debit_card,1,1303.36
PAY003689,O003689,credit_card,1,649.8
PAY003690,O003690,digital_wallet,1,725.39
PAY003691,O003691,credit_card,6,103.81
PAY003692,O003692,debit_card,1,223.71
PAY003693,O003693,credit_card,1,478.76
PAY003694,O003694,credit_card,3,228.79
PAY003695,O003695,bank_transfer,1,958.89
PAY003696,O003696,debit_card,1,210.23
PAY003697,O003697,credit_card,1,826.01
PAY003698,O003698,credit_card,1,1543.2
PAY003699,O003699,debit_card,1,487.16
PAY003700,O003700,credit_card,1,248.57
PAY003701,O003701,credit_card,3,858.83
PAY003702,O003702,credit_card,6,363.77
PAY003703,O003703,credit_card,3,1135.25
PAY003704,O003704,debit_card,1,225.24
PAY003705,O003705,credit_card,1,1932.42
PAY003706,O003706,credit_card,2,809.46
PAY003707,O003707,credit_card,12,2125.04
PAY003708,O003708,credit_card,1,2570.6
PAY003709,O003709,bank_transfer,1,232.37
PAY003710,O003710,debit_card,1,587.16
PAY003711,O003711,debit_card,1,132.71
PAY003712,O003712,credit_card,3,788.35
PAY003713,O003713,credit_card,6,2438.12
PAY003714,O003714,credit_card,3,3009.1
PAY003715,O003715,credit_card,3,423.74
PAY003716,O003716,digital_wallet,1,297.05
PAY003717,O003717,credit_card,2,3297.39
PAY003718,O003718, credit_card ,3,3555.16
PAY003719,O003719,credit_card,2,566.16
PAY003720,O003720,debit_card,1,601.59
PAY003721,O003721,credit_card,3,808.13
PAY003722,O003722,credit_card,1,4463.64
PAY003723,O003723,credit_card,6,514.23
PAY003724,O003724,credit_card,1,745.99
PAY003725,O003725,digital_wallet,1,1361.33
PAY003726,O003726,credit_card,2,146.2
PAY003727,O003727,digital_wallet,1,1699.25
PAY003728,O003728,credit_card,1,3349.54
PAY003729,O003729,credit_card,3,185.0
PAY003730,O003730,debit_card,1,1102.44
PAY003731,O003731,debit_card,1,228.55
PAY003732,O003732,credit_card,2,2961.87
PAY003733,O003733,debit_card,1,1082.63
PAY003734,O003734,credit_card,6,661.46
PAY003735,O003735,digital_wallet,1,862.56
PAY003736,O003736,credit_card,2,633.95
PAY003737,O003737,credit_card,3,808.09
PAY003738,O003738,bank_transfer,1,51.35
PAY003739,O003739,credit_card,2,856.93
PAY003740,O003740,digital_wallet,1,3357.27
PAY003741,O003741,credit_card,2,764.32
PAY003742,O003742,credit_card,12,206.55
PAY003743,O003743,credit_card,2,870.05
PAY003744,O003744,bank_transfer,1,1809.31
PAY003745,O003745,credit_card,12,2406.72
PAY003746,O003746,debit_card,1,130.56
PAY003747,O003747,debit_card,1,1962.18
PAY003748,O003748,digital_wallet,1,2764.21
PAY003749,O003749,credit_card,2,222.41
PAY003750,O003750,credit_card,3,127.26
PAY003751,O003751,credit_card,6,741.29
PAY003752,O003752,bank_transfer,1,938.38
PAY003753,O003753,debit_card,1,1316.72
PAY003754,O003754,digital_wallet,1,490.91
PAY003755,O003755,credit_card,3,77.89
PAY003756,O003756,credit_card,1,646.69
PAY003757,O003757,debit_card,1,914.33
PAY003758,O003758,credit_card,1,1206.41
PAY003759,O003759, credit_card ,1,2197.26
PAY003760,O003760,credit_card,1,418.08
PAY003761,O003761,debit_card,1,1201.24
PAY003762,O003762,digital_wallet,1,2393.76
PAY003763,O003763,credit_card,1,658.93
PAY003764,O003764,debit_card,1,2108.97
PAY003765,O003765,credit_card,3,2493.72
PAY003766,O003766,credit_card,1,1733.87
PAY003767,O003767,credit_card,2,4206.79
PAY003768,O003768,credit_card,2,308.42
PAY003769,O003769,credit_card,2,368.96
PAY003770,O003770,debit_card,1,151.13
PAY003771,O003771,debit_card,1,136.71
PAY003772,O003772,bank_transfer,1,18969.37
PAY003773,O003773,credit_card,3,391.43
PAY003774,O003774,digital_wallet,1,2095.89
PAY003775,O003775,digital_wallet,1,2642.91
PAY003776,O003776,digital_wallet,1,2011.27
PAY003777,O003777,credit_card,1,199.14
PAY003778,O003778,bank_transfer,1,957.96
PAY003779,O003779,credit_card,1,2063.59
PAY003780,O003780,credit_card,1,906.89
PAY003781,O003781,credit_card,6,96.18
PAY003782,O003782,debit_card,1,944.83
PAY003783,O003783,credit_card,2,1948.37
PAY003784,O003784,debit_card,1,666.45
PAY003785,O003785,credit_card,3,611.21
PAY003786,O003786,credit_card,1,432.23
PAY003787,O003787,credit_card,1,3143.55
PAY003788,O003788,credit_card,6,10008.95
PAY003789,O003789,bank_transfer,1,19.47
PAY003790,O003790,digital_wallet,1,2217.23
PAY003791,O003791,credit_card,2,1013.59
PAY003792,O003792,credit_card,12,1060.13
PAY003793,O003793,digital_wallet,1,328.02
PAY003794,O003794,credit_card,2,1183.61
PAY003795,O003795,credit_card,2,3035.44
PAY003796,O003796,credit_card,2,1526.78
PAY003797,O003797,credit_card,1,908.57
PAY003798,O003798,CREDIT_CARD,6,1301.72
PAY003799,O003799,debit_card,1,1514.88
PAY003800,O003800,credit_card,3,1729.86
PAY003801,O003801,digital_wallet,1,767.09
PAY003802,O003802,credit_card,3,2962.14
PAY003803,O003803,credit_card,3,2253.28
PAY003804,O003804,CREDIT_CARD,1,710.02
PAY003805,O003805,credit_card,6,986.94
PAY003806,O003806,credit_card,1,71.26
PAY003807,O003807,credit_card,1,2003.53
PAY003808,O003808,digital_wallet,1,1095.44
PAY003809,O003809,bank_transfer,1,5383.58
PAY003810,O003810,debit_card,1,3646.3
PAY003811,O003811,digital_wallet,1,1459.61
PAY003812,O003812,digital_wallet,1,2310.49
PAY003813,O003813,credit_card,12,450.31
PAY003814,O003814,credit_card,3,2616.35
PAY003815,O003815,debit_card,1,448.21
PAY003816,O003816,credit_card,2,470.83
PAY003817,O003817,credit_card,3,439.15
PAY003818,O003818,credit_card,6,582.18
PAY003819,O003819,digital_wallet,1,266.5
PAY003820,O003820,bank_transfer,1,2835.21
PAY003821,O003821,bank_transfer,1,332.21
PAY003822,O003822,debit_card,1,1485.1
PAY003823,O003823,credit_card,2,919.97
PAY003824,O003824,digital_wallet,1,1745.85
PAY003825,O003825,credit_card,2,93.27
PAY003826,O003826,digital_wallet,1,625.83
PAY003827,O003827,bank_transfer,1,311.83
PAY003828,O003828,digital_wallet,1,465.23
PAY003829,O003829,credit_card,1,233.62
PAY003830,O003830,credit_card,3,1012.66
PAY003831,O003831,debit_card,1,366.72
PAY003832,O003832,bank_transfer,1,41.99
PAY003833,O003833,credit_card,1,1701.76
PAY003834,O003834,credit_card,2,710.02
PAY003835,O003835,debit_card,1,255.69
PAY003836,O003836,debit_card,1,1455.69
PAY003837,O003837, debit_card ,1,122.07
PAY003838,O003838,credit_card,3,2721.87
PAY003839,O003839,digital_wallet,1,104.5
PAY003840,O003840,debit_card,1,1186.95
PAY003841,O003841,credit_card,1,196.36
PAY003842,O003842,debit_card,1,3305.25
PAY003843,O003843,debit_card,1,2129.78
PAY003844,O003844,credit_card,1,376.51
PAY003845,O003845,bank_transfer,1,374.93
PAY003846,O003846,credit_card,12,2317.43
PAY003847,O003847,credit_card,1,1641.52
PAY003848,O003848,debit_card,1,1067.76
PAY003849,O003849,digital_wallet,1,1635.78
PAY003850,O003850,debit_card,1,832.3
PAY003851,O003851,bank_transfer,1,594.67
PAY003852,O003852,digital_wallet,1,593.84
PAY003853,O003853,debit_card,1,3172.17
PAY003854,O003854,credit_card,1,882.19
PAY003855,O003855,credit_card,3,196.94
PAY003856,O003856,bank_transfer,1,755.97
PAY003857,O003857,digital_wallet,1,1880.62
PAY003858,O003858,debit_card,1,959.97
PAY003859,O003859,credit_card,1,339.64
PAY003860,O003860,credit_card,2,571.66
PAY003861,O003861,credit_card,6,597.63
PAY003862,O003862,DEBIT_CARD,1,2702.03
PAY003863,O003863,credit_card,2,26.86
PAY003864,O003864,digital_wallet,1,970.37
PAY003865,O003865,debit_card,1,722.88
PAY003866,O003866,credit_card,3,625.02
PAY003867,O003867,credit_card,1,1351.48
PAY003868,O003868,credit_card,3,834.39
PAY003869,O003869,credit_card,6,528.85
PAY003870,O003870,credit_card,2,2823.2
PAY003871,O003871,debit_card,1,525.62
PAY003872,O003872,digital_wallet,1,430.02
PAY003873,O003873,credit_card,3,1820.12
PAY003874,O003874,debit_card,1,941.63
PAY003875,O003875,debit_card,1,721.29
PAY003876,O003876,credit_card,1,844.82
PAY003877,O003877,debit_card,1,2274.0
PAY003878,O003878,credit_card,1,2464.18
PAY003879,O003879,credit_card,6,1010.61
PAY003880,O003880,debit_card,1,137.4
PAY003881,O003881,digital_wallet,1,2293.79
PAY003882,O003882,bank_transfer,1,307.2
PAY003883,O003883,debit_card,1,693.06
PAY003884,O003884,debit_card,1,486.98
PAY003885,O003885,credit_card,12,2423.96
PAY003886,O003886,debit_card,1,473.11
PAY003887,O003887,credit_card,3,252.08
PAY003888,O003888,credit_card,6,1337.07
PAY003889,O003889,digital_wallet,1,1294.06
PAY003890,O003890,credit_card,1,546.24
PAY003891,O003891,digital_wallet,1,1727.93
PAY003892,O003892,credit_card,2,1250.65
PAY003893,O003893,debit_card,1,838.02
PAY003894,O003894,digital_wallet,1,952.5
PAY003895,O003895,debit_card,1,444.2
PAY003896,O003896,debit_card,1,674.57
PAY003897,O003897,debit_card,1,173.94
PAY003898,O003898,digital_wallet,1,115.88
PAY003899,O003899,credit_card,3,994.59
PAY003900,O003900,credit_card,3,5078.41
PAY003901,O003901,credit_card,3,1398.7
PAY003902,O003902,bank_transfer,1,387.55
PAY003903,O003903,digital_wallet,1,1195.76
PAY003904,O003904,debit_card,1,1290.97
PAY003905,O003905,credit_card,1,22.68
PAY003906,O003906,bank_transfer,1,3017.27
PAY003907,O003907,digital_wallet,1,515.78
PAY003908,O003908,credit_card,12,971.33
PAY003909,O003909,debit_card,1,93.0
PAY003910,O003910,credit_card,2,344.86
PAY003911,O003911,credit_card,3,531.58
PAY003912,O003912,credit_card,1,343.2
PAY003913,O003913,bank_transfer,1,394.0
PAY003914,O003914,bank_transfer,1,1183.58
PAY003915,O003915,debit_card,1,954.53
PAY003916,O003916,credit_card,3,34.19
PAY003917,O003917,credit_card,2,560.43
PAY003918,O003918,credit_card,3,324.0
PAY003919,O003919,credit_card,1,587.93
PAY003920,O003920,credit_card,6,249.37
PAY003921,O003921,debit_card,1,1137.11
PAY003922,O003922,bank_transfer,1,401.19
PAY003923,O003923,debit_card,1,1543.08
PAY003924,O003924,debit_card,1,1666.89
PAY003925,O003925,credit_card,2,771.5
PAY003926,O003926,debit_card,1,1929.55
PAY003927,O003927,credit_card,12,482.78
PAY003928,O003928, debit_card ,1,761.48
PAY003929,O003929,credit_card,12,1191.78
PAY003930,O003930,bank_transfer,1,532.74
PAY003931,O003931,debit_card,1,219.3
PAY003932,O003932,debit_card,1,3817.49
PAY003933,O003933,credit_card,3,1697.41
PAY003934,O003934,credit_card,3,858.77
PAY003935,O003935,debit_card,1,405.44
PAY003936,O003936,digital_wallet,1,1294.53
PAY003937,O003937,debit_card,1,997.05
PAY003938,O003938,credit_card,1,1513.75
PAY003939,O003939,debit_card,1,2602.49
PAY003940,O003940,credit_card,1,1095.5
PAY003941,O003941,digital_wallet,1,1470.96
PAY003942,O003942,digital_wallet,1,520.82
PAY003943,O003943,credit_card,1,458.85
PAY003944,O003944,credit_card,1,1238.17
PAY003945,O003945,digital_wallet,1,531.58
PAY003946,O003946,debit_card,1,10.5
PAY003947,O003947,credit_card,1,2440.64
PAY003948,O003948,credit_card,2,1567.86
PAY003949,O003949,credit_card,1,4133.87
PAY003950,O003950,CREDIT_CARD,1,481.85
PAY003951,O003951,debit_card,1,321.26
PAY003952,O003952,credit_card,1,762.45
PAY003953,O003953,debit_card,1,3715.32
PAY003954,O003954,credit_card,3,1826.25
PAY003955,O003955,credit_card,1,468.38
PAY003956,O003956,debit_card,1,342.16
PAY003957,O003957,credit_card,3,69.34
PAY003958,O003958,debit_card,1,1916.32
PAY003959,O003959,digital_wallet,1,4117.51
PAY003960,O003960,digital_wallet,1,600.59
PAY003961,O003961,bank_transfer,1,810.61
PAY003962,O003962,debit_card,1,1857.88
PAY003963,O003963,credit_card,3,583.38
PAY003964,O003964,digital_wallet,1,2252.23
PAY003965,O003965,credit_card,6,930.95
PAY003966,O003966,digital_wallet,1,1155.51
PAY003967,O003967,credit_card,1,10504.17
PAY003968,O003968,credit_card,12,193.42
PAY003969,O003969,bank_transfer,1,2025.06
PAY003970,O003970,debit_card,1,364.93
PAY003971,O003971,credit_card,1,86.06
PAY003972,O003972,credit_card,1,18064.79
PAY003973,O003973,credit_card,1,1476.99
PAY003974,O003974,credit_card,1,871.48
PAY003975,O003975,credit_card,1,913.41
PAY003976,O003976,credit_card,3,27.03
PAY003977,O003977,debit_card,1,552.43
PAY003978,O003978,bank_transfer,1,2476.7
PAY003979,O003979,debit_card,1,435.54
PAY003980,O003980,debit_card,1,1831.35
PAY003981,O003981,credit_card,3,578.62
PAY003982,O003982,credit_card,2,895.59
PAY003983,O003983,credit_card,1,399.36
PAY003984,O003984,digital_wallet,1,758.59
PAY003985,O003985,credit_card,2,137.9
PAY003986,O003986,credit_card,2,746.33
PAY003987,O003987,credit_card,2,245.08
PAY003988,O003988,credit_card,2,374.41
PAY003989,O003989,credit_card,1,398.11
PAY003990,O003990,debit_card,1,523.26
PAY003991,O003991,digital_wallet,1,960.18
PAY003992,O003992,debit_card,1,1115.08
PAY003993,O003993,digital_wallet,1,2030.72
PAY003994,O003994,credit_card,3,1003.95
PAY003995,O003995,credit_card,12,496.51
PAY003996,O003996,credit_card,1,139.92
PAY003997,O003997,credit_card,12,279.22
PAY003998,O003998,debit_card,1,547.58
PAY003999,O003999,credit_card,1,1292.83
PAY004000,O004000,credit_card,3,998.32
PAY004001,O004001,credit_card,1,1266.5
PAY004002,O004002,credit_card,1,1522.23
PAY004003,O004003,digital_wallet,1,1473.7
PAY004004,O004004,credit_card,1,794.99
PAY004005,O004005,debit_card,1,574.53
PAY004006,O004006,credit_card,3,1532.44
PAY004007,O004007,credit_card,1,868.21
PAY004008,O004008,credit_card,1,308.15
PAY004009,O004009,credit_card,1,874.23
PAY004010,O004010,credit_card,3,210.62
PAY004011,O004011,credit_card,3,802.82
PAY004012,O004012,credit_card,1,1427.87
PAY004013,O004013,digital_wallet,1,670.92
PAY004014,O004014,credit_card,3,524.75
PAY004015,O004015,digital_wallet,1,765.81
PAY004016,O004016,credit_card,1,516.0
PAY004017,O004017,debit_card,1,1481.03
PAY004018,O004018,credit_card,1,531.31
PAY004019,O004019,credit_card,1,494.16
PAY004020,O004020,credit_card,1,601.98
PAY004021,O004021,credit_card,12,759.48
PAY004022,O004022,credit_card,6,1661.51
PAY004023,O004023,credit_card,6,555.77
PAY004024,O004024,credit_card,3,976.77
PAY004025,O004025, debit_card ,1,1141.27
PAY004026,O004026,credit_card,12,153.13
PAY004027,O004027,credit_card,2,2065.39
PAY004028,O004028,digital_wallet,1,2670.07
PAY004029,O004029,debit_card,1,3541.52
PAY004030,O004030,digital_wallet,1,1026.77
PAY004031,O004031,debit_card,1,798.02
PAY004032,O004032,digital_wallet,1,334.87
PAY004033,O004033,credit_card,3,852.59
PAY004034,O004034,digital_wallet,1,293.08
PAY004035,O004035,debit_card,1,978.41
PAY004036,O004036,credit_card,6,698.38
PAY004037,O004037,credit_card,1,987.46
PAY004038,O004038,digital_wallet,1,314.05
PAY004039,O004039, debit_card ,1,599.61
PAY004040,O004040,debit_card,1,1469.01
PAY004041,O004041,credit_card,1,39.0
PAY004042,O004042,digital_wallet,1,1049.47
PAY004043,O004043,debit_card,1,780.37
PAY004044,O004044,credit_card,1,303.85
PAY004045,O004045,digital_wallet,1,3742.99
PAY004046,O004046,credit_card,6,4467.38
PAY004047,O004047,credit_card,3,2480.04
PAY004048,O004048,credit_card,12,940.29
PAY004049,O004049,digital_wallet,1,402.21
PAY004050,O004050,credit_card,12,270.22
PAY004051,O004051,digital_wallet,1,311.54
PAY004052,O004052,credit_card,2,583.49
PAY004053,O004053,digital_wallet,1,710.43
PAY004054,O004054,debit_card,1,3103.85
PAY004055,O004055,credit_card,12,1264.35
PAY004056,O004056,debit_card,1,883.28
PAY004057,O004057,digital_wallet,1,968.41
PAY004058,O004058,credit_card,3,254.94
PAY004059,O004059,credit_card,3,1283.33
PAY004060,O004060,credit_card,2,431.85
PAY004061,O004061,credit_card,1,575.57
PAY004062,O004062,debit_card,1,1065.73
PAY004063,O004063,credit_card,1,577.3
PAY004064,O004064,credit_card,1,507.45
PAY004065,O004065,credit_card,6,1058.71
PAY004066,O004066,debit_card,1,1097.4
PAY004067,O004067,credit_card,12,190.67
PAY004068,O004068,credit_card,2,577.04
PAY004069,O004069,credit_card,3,678.11
PAY004070,O004070,bank_transfer,1,476.3
PAY004071,O004071,credit_card,1,8522.56
PAY004072,O004072,credit_card,12,985.21
PAY004073,O004073, bank_transfer ,1,355.99
PAY004074,O004074,credit_card,12,2178.44
PAY004075,O004075,credit_card,1,721.59
PAY004076,O004076,bank_transfer,1,2015.07
PAY004077,O004077,debit_card,1,247.4
PAY004078,O004078, credit_card ,1,777.4
PAY004079,O004079,debit_card,1,338.91
PAY004080,O004080,bank_transfer,1,1470.97
PAY004081,O004081,bank_transfer,1,77.65
PAY004082,O004082,credit_card,1,858.48
PAY004083,O004083,credit_card,2,1243.8
PAY004084,O004084,credit_card,1,42.2
PAY004085,O004085,digital_wallet,1,103.98
PAY004086,O004086,credit_card,1,57.19
PAY004087,O004087,credit_card,1,679.58
PAY004088,O004088,credit_card,2,203.42
PAY004089,O004089,digital_wallet,1,1763.11
PAY004090,O004090,credit_card,3,161.65
PAY004091,O004091,credit_card,1,215.92
PAY004092,O004092,debit_card,1,118.75
PAY004093,O004093,credit_card,3,686.96
PAY004094,O004094,credit_card,12,874.67
PAY004095,O004095,credit_card,1,1367.6
PAY004096,O004096,credit_card,2,188.36
PAY004097,O004097,credit_card,6,2296.83
PAY004098,O004098,credit_card,1,468.31
PAY004099,O004099,credit_card,6,230.12
PAY004100,O004100,debit_card,1,410.5
PAY004101,O004101,digital_wallet,1,950.5
PAY004102,O004102,debit_card,1,549.61
PAY004103,O004103,digital_wallet,1,1271.93
PAY004104,O004104,debit_card,1,376.89
PAY004105,O004105,bank_transfer,1,2725.82
PAY004106,O004106,digital_wallet,1,1074.26
PAY004107,O004107,debit_card,1,317.71
PAY004108,O004108,credit_card,2,583.86
PAY004109,O004109, credit_card ,2,655.2
PAY004110,O004110,debit_card,1,501.31
PAY004111,O004111,credit_card,2,1170.1
PAY004112,O004112,credit_card,6,199.44
PAY004113,O004113,bank_transfer,1,582.06
PAY004114,O004114,debit_card,1,2028.77
PAY004115,O004115,credit_card,1,1010.54
PAY004116,O004116,credit_card,2,1549.21
PAY004117,O004117,DIGITAL_WALLET,1,505.67
PAY004118,O004118,credit_card,1,1524.87
PAY004119,O004119,credit_card,12,9.65
PAY004120,O004120,digital_wallet,1,3053.58
PAY004121,O004121,credit_card,6,957.44
PAY004122,O004122,debit_card,1,660.49
PAY004123,O004123,credit_card,2,11073.2
PAY004124,O004124,debit_card,1,373.75
PAY004125,O004125,credit_card,6,551.44
PAY004126,O004126,credit_card,1,28.53
PAY004127,O004127,debit_card,1,327.66
PAY004128,O004128,digital_wallet,1,2095.35
PAY004129,O004129,debit_card,1,3175.27
PAY004130,O004130,debit_card,1,10728.59
PAY004131,O004131,credit_card,2,743.14
PAY004132,O004132,credit_card,2,2255.32
PAY004133,O004133,debit_card,1,955.36
PAY004134,O004134,digital_wallet,1,3375.62
PAY004135,O004135,digital_wallet,1,279.99
PAY004136,O004136,debit_card,1,55.44
PAY004137,O004137,credit_card,6,177.01
PAY004138,O004138,bank_transfer,1,1808.03
PAY004139,O004139,credit_card,3,897.86
PAY004140,O004140,debit_card,1,1994.34
PAY004141,O004141,credit_card,6,521.31
PAY004142,O004142,digital_wallet,1,346.06
PAY004143,O004143,digital_wallet,1,880.72
PAY004144,O004144,debit_card,1,917.73
PAY004145,O004145,credit_card,2,783.69
PAY004146,O004146,debit_card,1,1743.31
PAY004147,O004147,credit_card,12,58.98
PAY004148,O004148,digital_wallet,1,762.53
PAY004149,O004149,debit_card,1,2106.66
PAY004150,O004150,digital_wallet,1,779.0
PAY004151,O004151,digital_wallet,1,704.73
PAY004152,O004152,credit_card,12,1768.26
PAY004153,O004153,credit_card,2,46.76
PAY004154,O004154,credit_card,1,3795.61
PAY004155,O004155,credit_card,2,92.3
PAY004156,O004156,debit_card,1,10500.84
PAY004157,O004157,credit_card,12,401.95
PAY004158,O004158,credit_card,6,303.05
PAY004159,O004159,credit_card,6,10.1
PAY004160,O004160,credit_card,6,324.75
PAY004161,O004161,bank_transfer,1,110.9
PAY004162,O004162,debit_card,1,495.89
PAY004163,O004163,digital_wallet,1,2480.47
PAY004164,O004164,credit_card,1,907.41
PAY004165,O004165,digital_wallet,1,2121.01
PAY004166,O004166,bank_transfer,1,34.47
PAY004167,O004167,credit_card,1,141.41
PAY004168,O004168,credit_card,2,371.11
PAY004169,O004169,credit_card,1,1097.12
PAY004170,O004170,bank_transfer,1,886.57
PAY004171,O004171,debit_card,1,372.47
PAY004172,O004172,digital_wallet,1,1441.87
PAY004173,O004173,credit_card,1,535.85
PAY004174,O004174,credit_card,1,886.54
PAY004175,O004175,credit_card,1,1696.14
PAY004176,O004176,digital_wallet,1,497.38
PAY004177,O004177,digital_wallet,1,302.65
PAY004178,O004178,digital_wallet,1,225.34
PAY004179,O004179,credit_card,1,310.75
PAY004180,O004180,credit_card,6,89.49
PAY004181,O004181,credit_card,6,1716.12
PAY004182,O004182,digital_wallet,1,384.15
PAY004183,O004183,debit_card,1,266.27
PAY004184,O004184,debit_card,1,970.75
PAY004185,O004185,credit_card,1,83.29
PAY004186,O004186,bank_transfer,1,271.26
PAY004187,O004187,credit_card,1,688.31
PAY004188,O004188,credit_card,2,374.49
PAY004189,O004189,debit_card,1,1731.41
PAY004190,O004190,digital_wallet,1,12289.15
PAY004191,O004191,credit_card,1,244.87
PAY004192,O004192,debit_card,1,738.22
PAY004193,O004193,credit_card,2,10013.57
PAY004194,O004194,credit_card,6,431.13
PAY004195,O004195,digital_wallet,1,485.01
PAY004196,O004196,bank_transfer,1,1049.55
PAY004197,O004197,credit_card,1,215.89
PAY004198,O004198,bank_transfer,1,1110.12
PAY004199,O004199,credit_card,3,1520.63
PAY004200,O004200,credit_card,2,564.9
PAY004201,O004201,credit_card,3,1838.58
PAY004202,O004202,credit_card,6,1882.82
PAY004203,O004203,credit_card,6,2246.7
PAY004204,O004204,debit_card,1,664.04
PAY004205,O004205,credit_card,1,928.73
PAY004206,O004206,credit_card,3,1534.65
PAY004207,O004207,credit_card,3,488.63
PAY004208,O004208,bank_transfer,1,709.32
PAY004209,O004209,credit_card,1,616.22
PAY004210,O004210,bank_transfer,1,2760.93
PAY004211,O004211,credit_card,1,1734.3
PAY004212,O004212,credit_card,3,311.08
PAY004213,O004213,credit_card,2,3505.04
PAY004214,O004214,credit_card,1,351.49
PAY004215,O004215,bank_transfer,1,297.95
PAY004216,O004216,credit_card,1,1127.55
PAY004217,O004217,bank_transfer,1,279.76
PAY004218,O004218,credit_card,3,1109.99
PAY004219,O004219,credit_card,3,237.23
PAY004220,O004220,digital_wallet,1,2583.15
PAY004221,O004221,debit_card,1,113.45
PAY004222,O004222,debit_card,1,841.48
PAY004223,O004223,debit_card,1,1508.8
PAY004224,O004224,credit_card,3,643.83
PAY004225,O004225,credit_card,3,470.37
PAY004226,O004226,credit_card,6,1806.64
PAY004227,O004227,credit_card,2,1581.81
PAY004228,O004228,credit_card,1,131.32
PAY004229,O004229,credit_card,1,1322.52
PAY004230,O004230,credit_card,12,274.24
PAY004231,O004231,credit_card,1,3599.73
PAY004232,O004232,debit_card,1,720.08
PAY004233,O004233,credit_card,6,2977.06
PAY004234,O004234,debit_card,1,710.77
PAY004235,O004235,debit_card,1,514.5
PAY004236,O004236,debit_card,1,3102.97
PAY004237,O004237,credit_card,1,40605.12
PAY004238,O004238,debit_card,1,723.91
PAY004239,O004239,credit_card,12,726.92
PAY004240,O004240,credit_card,2,1457.36
PAY004241,O004241,credit_card,6,75.27
PAY004242,O004242,credit_card,1,304.95
PAY004243,O004243,credit_card,1,1238.38
PAY004244,O004244,credit_card,6,2058.24
PAY004245,O004245,digital_wallet,1,209.77
PAY004246,O004246,credit_card,1,226.02
PAY004247,O004247,debit_card,1,561.65
PAY004248,O004248,credit_card,3,693.36
PAY004249,O004249,debit_card,1,322.04
PAY004250,O004250,bank_transfer,1,1422.08
PAY004251,O004251,credit_card,6,1981.0
PAY004252,O004252,debit_card,1,517.41
PAY004253,O004253,bank_transfer,1,710.16
PAY004254,O004254,credit_card,2,617.98
PAY004255,O004255,credit_card,1,47.46
PAY004256,O004256,debit_card,1,729.68
PAY004257,O004257,digital_wallet,1,170.25
PAY004258,O004258,credit_card,6,951.37
PAY004259,O004259,bank_transfer,1,796.9
PAY004260,O004260,credit_card,1,2823.5
PAY004261,O004261,credit_card,1,1884.74
PAY004262,O004262,credit_card,1,783.39
PAY004263,O004263,credit_card,3,74.08
PAY004264,O004264,credit_card,2,1080.78
PAY004265,O004265,credit_card,2,884.89
PAY004266,O004266,credit_card,2,1812.75
PAY004267,O004267,digital_wallet,1,520.74
PAY004268,O004268,credit_card,1,40.8
PAY004269,O004269,credit_card,1,2136.16
PAY004270,O004270,debit_card,1,1315.15
PAY004271,O004271,debit_card,1,876.63
PAY004272,O004272,credit_card,1,434.98
PAY004273,O004273,credit_card,3,52.51
PAY004274,O004274,credit_card,2,1579.05
PAY004275,O004275,bank_transfer,1,2405.12
PAY004276,O004276,credit_card,2,29.23
PAY004277,O004277,debit_card,1,686.66
PAY004278,O004278,credit_card,2,379.65
PAY004279,O004279,credit_card,3,648.47
PAY004280,O004280,debit_card,1,1118.18
PAY004281,O004281,credit_card,6,86.37
PAY004282,O004282,credit_card,6,787.65
PAY004283,O004283,debit_card,1,1465.06
PAY004284,O004284,debit_card,1,1629.39
PAY004285,O004285,credit_card,12,232.26
PAY004286,O004286,credit_card,6,2284.67
PAY004287,O004287,bank_transfer,1,314.01
PAY004288,O004288,credit_card,3,357.88
PAY004289,O004289,digital_wallet,1,1841.55
PAY004290,O004290,debit_card,1,152.93
PAY004291,O004291,credit_card,12,2490.35
PAY004292,O004292,credit_card,6,2616.67
PAY004293,O004293,credit_card,12,886.71
PAY004294,O004294,debit_card,1,43.18
PAY004295,O004295,debit_card,1,548.82
PAY004296,O004296,debit_card,1,145.84
PAY004297,O004297,CREDIT_CARD,2,530.31
PAY004298,O004298,debit_card,1,2731.91
PAY004299,O004299,debit_card,1,1042.79
PAY004300,O004300,credit_card,1,1321.7
PAY004301,O004301,credit_card,2,1110.84
PAY004302,O004302,bank_transfer,1,2534.11
PAY004303,O004303,BANK_TRANSFER,1,639.14
PAY004304,O004304,bank_transfer,1,774.36
PAY004305,O004305,digital_wallet,1,1447.94
PAY004306,O004306,CREDIT_CARD,3,546.55
PAY004307,O004307,credit_card,1,1683.62
PAY004308,O004308,digital_wallet,1,649.08
PAY004309,O004309,bank_transfer,1,697.53
PAY004310,O004310,digital_wallet,1,1053.02
PAY004311,O004311,debit_card,1,1076.09
PAY004312,O004312,credit_card,1,835.31
PAY004313,O004313,credit_card,3,1054.61
PAY004314,O004314,digital_wallet,1,1650.67
PAY004315,O004315,credit_card,6,522.94
PAY004316,O004316,credit_card,1,283.93
PAY004317,O004317,credit_card,1,672.74
PAY004318,O004318,credit_card,2,130.96
PAY004319,O004319,debit_card,1,844.67
PAY004320,O004320,credit_card,12,1755.14
PAY004321,O004321,debit_card,1,758.91
PAY004322,O004322,digital_wallet,1,1310.14
PAY004323,O004323,debit_card,1,804.03
PAY004324,O004324,digital_wallet,1,464.56
PAY004325,O004325,credit_card,2,524.66
PAY004326,O004326,credit_card,6,877.35
PAY004327,O004327,credit_card,3,420.0
PAY004328,O004328,credit_card,6,572.8
PAY004329,O004329,credit_card,1,49.82
PAY004330,O004330,bank_transfer,1,410.79
PAY004331,O004331,debit_card,1,249.33
PAY004332,O004332,bank_transfer,1,209.63
PAY004333,O004333,digital_wallet,1,2497.02
PAY004334,O004334,debit_card,1,858.54
PAY004335,O004335,debit_card,1,1163.01
PAY004336,O004336,credit_card,6,1319.73
PAY004337,O004337,bank_transfer,1,1832.32
PAY004338,O004338,bank_transfer,1,1135.52
PAY004339,O004339,debit_card,1,294.52
PAY004340,O004340,digital_wallet,1,2157.77
PAY004341,O004341,debit_card,1,626.6
PAY004342,O004342,debit_card,1,1465.31
PAY004343,O004343,digital_wallet,1,1182.26
PAY004344,O004344,debit_card,1,81.67
PAY004345,O004345,digital_wallet,1,501.81
PAY004346,O004346,digital_wallet,1,1917.86
PAY004347,O004347,debit_card,1,711.06
PAY004348,O004348,digital_wallet,1,576.09
PAY004349,O004349,debit_card,1,426.58
PAY004350,O004350,credit_card,6,620.27
PAY004351,O004351,digital_wallet,1,1342.73
PAY004352,O004352,credit_card,2,660.22
PAY004353,O004353,bank_transfer,1,981.79
PAY004354,O004354,credit_card,12,3719.07
PAY004355,O004355,debit_card,1,1943.62
PAY004356,O004356,credit_card,1,568.9
PAY004357,O004357,debit_card,1,210.27
PAY004358,O004358,debit_card,1,613.71
PAY004359,O004359,debit_card,1,31.22
PAY004360,O004360,debit_card,1,1055.95
PAY004361,O004361,credit_card,1,227.83
PAY004362,O004362,credit_card,3,341.5
PAY004363,O004363,digital_wallet,1,2003.03
PAY004364,O004364,credit_card,1,498.38
PAY004365,O004365,bank_transfer,1,2318.92
PAY004366,O004366,digital_wallet,1,201.36
PAY004367,O004367,bank_transfer,1,247.28
PAY004368,O004368,debit_card,1,714.23
PAY004369,O004369,debit_card,1,1471.65
PAY004370,O004370,debit_card,1,190.16
PAY004371,O004371,credit_card,1,928.93
PAY004372,O004372,bank_transfer,1,24.91
PAY004373,O004373,credit_card,2,855.2
PAY004374,O004374,credit_card,3,428.58
PAY004375,O004375,credit_card,1,665.07
PAY004376,O004376,credit_card,3,24.15
PAY004377,O004377,credit_card,1,576.62
PAY004378,O004378,credit_card,2,168.85
PAY004379,O004379,digital_wallet,1,2357.66
PAY004380,O004380,credit_card,3,2271.37
PAY004381,O004381,credit_card,1,193.53
PAY004382,O004382,debit_card,1,2073.29
PAY004383,O004383,credit_card,3,276.68
PAY004384,O004384,debit_card,1,255.17
PAY004385,O004385,debit_card,1,757.48
PAY004386,O004386,credit_card,3,711.04
PAY004387,O004387,credit_card,3,2372.97
PAY004388,O004388,digital_wallet,1,1234.73
PAY004389,O004389,credit_card,1,335.49
PAY004390,O004390,digital_wallet,1,1086.43
PAY004391,O004391,debit_card,1,154.14
PAY004392,O004392,debit_card,1,255.96
PAY004393,O004393,credit_card,12,2212.77
PAY004394,O004394,credit_card,12,2275.99
PAY004395,O004395,credit_card,3,699.0
PAY004396,O004396,credit_card,2,834.59
PAY004397,O004397,credit_card,1,404.75
PAY004398,O004398,credit_card,1,1009.48
PAY004399,O004399,digital_wallet,1,3927.16
PAY004400,O004400,credit_card,12,2213.89
PAY004401,O004401,digital_wallet,1,1056.76
PAY004402,O004402,credit_card,1,923.46
PAY004403,O004403,debit_card,1,315.63
PAY004404,O004404,credit_card,1,596.66
PAY004405,O004405,debit_card,1,884.25
PAY004406,O004406,credit_card,1,339.5
PAY004407,O004407,debit_card,1,3296.91
PAY004408,O004408,credit_card,12,1504.14
PAY004409,O004409,credit_card,2,107.26
PAY004410,O004410,digital_wallet,1,1669.81
PAY004411,O004411,credit_card,2,486.29
PAY004412,O004412,credit_card,2,148.75
PAY004413,O004413,digital_wallet,1,1021.39
PAY004414,O004414,digital_wallet,1,507.74
PAY004415,O004415,credit_card,2,476.19
PAY004416,O004416,credit_card,3,410.98
PAY004417,O004417,credit_card,1,5078.39
PAY004418,O004418,credit_card,3,259.2
PAY004419,O004419,credit_card,6,31.39
PAY004420,O004420,debit_card,1,164.45
PAY004421,O004421,credit_card,2,1791.11
PAY004422,O004422,digital_wallet,1,1340.84
PAY004423,O004423,debit_card,1,435.0
PAY004424,O004424,credit_card,2,226.37
PAY004425,O004425,digital_wallet,1,3071.4
PAY004426,O004426,credit_card,6,2052.04
PAY004427,O004427,debit_card,1,502.07
PAY004428,O004428,credit_card,1,132.16
PAY004429,O004429,digital_wallet,1,278.57
PAY004430,O004430,credit_card,1,79.87
PAY004431,O004431,debit_card,1,597.74
PAY004432,O004432,credit_card,12,959.27
PAY004433,O004433,credit_card,2,795.82
PAY004434,O004434,bank_transfer,1,159.1
PAY004435,O004435,credit_card,1,1305.0
PAY004436,O004436,credit_card,1,183.06
PAY004437,O004437,credit_card,6,1078.28
PAY004438,O004438,credit_card,1,586.47
PAY004439,O004439,credit_card,1,324.88
PAY004440,O004440,credit_card,2,1037.42
PAY004441,O004441,bank_transfer,1,828.63
PAY004442,O004442,digital_wallet,1,181.91
PAY004443,O004443,credit_card,1,4492.51
PAY004444,O004444,credit_card,3,416.97
PAY004445,O004445,credit_card,3,467.69
PAY004446,O004446,credit_card,12,1600.86
PAY004447,O004447,bank_transfer,1,2691.99
PAY004448,O004448,bank_transfer,1,108.39
PAY004449,O004449,credit_card,1,279.3
PAY004450,O004450,credit_card,1,214.62
PAY004451,O004451,credit_card,3,451.76
PAY004452,O004452,credit_card,1,1822.77
PAY004453,O004453,debit_card,1,1433.98
PAY004454,O004454,credit_card,2,50.72
PAY004455,O004455,credit_card,3,1004.72
PAY004456,O004456,debit_card,1,628.63
PAY004457,O004457,credit_card,3,649.8
PAY004458,O004458,bank_transfer,1,790.63
PAY004459,O004459,bank_transfer,1,760.5
PAY004460,O004460,debit_card,1,927.26
PAY004461,O004461,credit_card,2,865.6
PAY004462,O004462,credit_card,12,222.86
PAY004463,O004463,debit_card,1,1508.62
PAY004464,O004464,credit_card,1,2096.83
PAY004465,O004465,credit_card,6,1966.01
PAY004466,O004466,bank_transfer,1,500.68
PAY004467,O004467,debit_card,1,64.98
PAY004468,O004468, bank_transfer ,1,1377.07
PAY004469,O004469,credit_card,1,5411.44
PAY004470,O004470,digital_wallet,1,445.24
PAY004471,O004471,credit_card,1,1771.16
PAY004472,O004472,digital_wallet,1,4391.52
PAY004473,O004473,credit_card,12,1268.46
PAY004474,O004474,credit_card,2,20303.19
PAY004475,O004475,credit_card,6,678.53
PAY004476,O004476,credit_card,2,483.47
PAY004477,O004477,credit_card,2,2506.89
PAY004478,O004478,debit_card,1,2979.66
PAY004479,O004479,credit_card,12,806.5
PAY004480,O004480,credit_card,2,2024.73
PAY004481,O004481,credit_card,6,742.93
PAY004482,O004482,credit_card,1,843.04
PAY004483,O004483,credit_card,3,661.03
PAY004484,O004484,credit_card,1,789.28
PAY004485,O004485,credit_card,6,203.96
PAY004486,O004486,debit_card,1,91.04
PAY004487,O004487,debit_card,1,787.49
PAY004488,O004488,digital_wallet,1,1415.34
PAY004489,O004489,debit_card,1,1584.98
PAY004490,O004490,credit_card,2,293.69
PAY004491,O004491,credit_card,1,417.94
PAY004492,O004492,digital_wallet,1,487.21
PAY004493,O004493,bank_transfer,1,218.83
PAY004494,O004494,debit_card,1,630.34
PAY004495,O004495,debit_card,1,910.87
PAY004496,O004496,credit_card,1,28430.49
PAY004497,O004497,bank_transfer,1,61.5
PAY004498,O004498,debit_card,1,635.52
PAY004499,O004499,credit_card,1,194.46
PAY004500,O004500,credit_card,1,452.18
PAY004501,O004501,credit_card,3,884.76
PAY004502,O004502,bank_transfer,1,1362.24
PAY004503,O004503,bank_transfer,1,283.15
PAY004504,O004504,bank_transfer,1,764.16
PAY004505,O004505,digital_wallet,1,374.24
PAY004506,O004506,credit_card,3,775.44
PAY004507,O004507,credit_card,2,132.05
PAY004508,O004508,credit_card,2,1201.57
PAY004509,O004509,credit_card,3,749.51
PAY004510,O004510,credit_card,2,1250.83
PAY004511,O004511,credit_card,12,3112.82
PAY004512,O004512,credit_card,1,380.64
PAY004513,O004513,credit_card,3,249.73
PAY004514,O004514,credit_card,12,573.22
PAY004515,O004515,credit_card,6,534.96
PAY004516,O004516,debit_card,1,130.23
PAY004517,O004517,debit_card,1,230.81
PAY004518,O004518,credit_card,12,198.28
PAY004519,O004519,credit_card,3,2305.36
PAY004520,O004520,credit_card,3,483.08
PAY004521,O004521,debit_card,1,706.94
PAY004522,O004522,bank_transfer,1,108.77
PAY004523,O004523,credit_card,3,824.43
PAY004524,O004524,CREDIT_CARD,6,509.26
PAY004525,O004525,bank_transfer,1,1059.01
PAY004526,O004526,credit_card,3,2199.37
PAY004527,O004527,digital_wallet,1,1051.24
PAY004528,O004528,digital_wallet,1,9001.99
PAY004529,O004529,DIGITAL_WALLET,1,589.67
PAY004530,O004530,bank_transfer,1,2282.44
PAY004531,O004531,credit_card,3,231.95
PAY004532,O004532,debit_card,1,806.15
PAY004533,O004533,credit_card,2,253.85
PAY004534,O004534,credit_card,2,87.57
PAY004535,O004535,credit_card,1,762.01
PAY004536,O004536,credit_card,6,400.66
PAY004537,O004537,credit_card,12,813.49
PAY004538,O004538,debit_card,1,534.47
PAY004539,O004539,credit_card,3,223.78
PAY004540,O004540,debit_card,1,698.65
PAY004541,O004541,bank_transfer,1,207.33
PAY004542,O004542,digital_wallet,1,1155.07
PAY004543,O004543,credit_card,12,728.9
PAY004544,O004544,credit_card,3,581.25
PAY004545,O004545,credit_card,2,597.32
PAY004546,O004546,credit_card,3,1945.51
PAY004547,O004547,CREDIT_CARD,1,1491.22
PAY004548,O004548,credit_card,1,1323.76
PAY004549,O004549,credit_card,1,381.23
PAY004550,O004550,bank_transfer,1,296.99
PAY004551,O004551,debit_card,1,2756.46
PAY004552,O004552,digital_wallet,1,819.82
PAY004553,O004553,credit_card,3,2192.39
PAY004554,O004554,credit_card,1,115.61
PAY004555,O004555,credit_card,1,1738.64
PAY004556,O004556,debit_card,1,577.36
PAY004557,O004557,credit_card,3,1313.46
PAY004558,O004558,credit_card,6,2438.04
PAY004559,O004559,debit_card,1,2437.48
PAY004560,O004560,credit_card,2,231.41
PAY004561,O004561,credit_card,3,474.42
PAY004562,O004562,credit_card,12,368.17
PAY004563,O004563,debit_card,1,1929.94
PAY004564,O004564,digital_wallet,1,710.89
PAY004565,O004565,digital_wallet,1,1147.19
PAY004566,O004566,credit_card,1,711.0
PAY004567,O004567,credit_card,2,502.04
PAY004568,O004568,debit_card,1,609.37
PAY004569,O004569,debit_card,1,281.57
PAY004570,O004570,credit_card,1,144.49
PAY004571,O004571,bank_transfer,1,567.93
PAY004572,O004572,credit_card,12,1388.32
PAY004573,O004573,debit_card,1,205.53
PAY004574,O004574,credit_card,6,2035.83
PAY004575,O004575,credit_card,1,1479.43
PAY004576,O004576,credit_card,12,412.88
PAY004577,O004577,credit_card,1,188.75
PAY004578,O004578,debit_card,1,546.32
PAY004579,O004579,credit_card,1,434.82
PAY004580,O004580,digital_wallet,1,571.83
PAY004581,O004581,credit_card,12,2217.87
PAY004582,O004582,digital_wallet,1,505.67
PAY004583,O004583,debit_card,1,1006.09
PAY004584,O004584,bank_transfer,1,391.68
PAY004585,O004585,credit_card,6,913.34
PAY004586,O004586,credit_card,1,2894.48
PAY004587,O004587,debit_card,1,134.25
PAY004588,O004588,digital_wallet,1,2415.0
PAY004589,O004589,credit_card,3,1428.64
PAY004590,O004590,digital_wallet,1,1616.64
PAY004591,O004591,credit_card,12,324.32
PAY004592,O004592,debit_card,1,713.48
PAY004593,O004593,bank_transfer,1,490.53
PAY004594,O004594,bank_transfer,1,370.59
PAY004595,O004595,credit_card,2,227.09
PAY004596,O004596,bank_transfer,1,494.75
PAY004597,O004597,bank_transfer,1,59.83
PAY004598,O004598,credit_card,1,119.07
PAY004599,O004599,credit_card,1,172.37
PAY004600,O004600,credit_card,3,139.77
PAY004601,O004601,debit_card,1,1726.69
PAY004602,O004602,credit_card,3,355.11
PAY004603,O004603,credit_card,1,518.06
PAY004604,O004604,bank_transfer,1,1057.29
PAY004605,O004605,credit_card,12,1205.19
PAY004606,O004606,bank_transfer,1,167.28
PAY004607,O004607,credit_card,3,963.07
PAY004608,O004608,debit_card,1,650.82
PAY004609,O004609,credit_card,2,701.55
PAY004610,O004610,credit_card,12,473.28
PAY004611,O004611,bank_transfer,1,904.01
PAY004612,O004612,credit_card,1,993.63
PAY004613,O004613,credit_card,6,155.78
PAY004614,O004614,credit_card,3,637.28
PAY004615,O004615,credit_card,1,3083.99
PAY004616,O004616,bank_transfer,1,991.14
PAY004617,O004617,credit_card,2,3635.57
PAY004618,O004618,credit_card,6,478.87
PAY004619,O004619,credit_card,2,199.36
PAY004620,O004620,debit_card,1,239.45
PAY004621,O004621,digital_wallet,1,644.25
PAY004622,O004622,credit_card,12,1590.87
PAY004623,O004623,debit_card,1,277.88
PAY004624,O004624,credit_card,3,1401.92
PAY004625,O004625,credit_card,1,3824.31
PAY004626,O004626,credit_card,3,774.87
PAY004627,O004627,digital_wallet,1,253.25
PAY004628,O004628,credit_card,1,162.01
PAY004629,O004629,debit_card,1,165.14
PAY004630,O004630,credit_card,2,382.43
PAY004631,O004631,credit_card,6,395.93
PAY004632,O004632,bank_transfer,1,2313.47
PAY004633,O004633,credit_card,3,260.7
PAY004634,O004634,digital_wallet,1,266.46
PAY004635,O004635,credit_card,1,33.5
PAY004636,O004636,debit_card,1,281.01
PAY004637,O004637,debit_card,1,584.75
PAY004638,O004638,credit_card,3,1152.87
PAY004639,O004639,credit_card,1,25.52
PAY004640,O004640,credit_card,3,697.78
PAY004641,O004641,credit_card,1,275.53
PAY004642,O004642,credit_card,2,799.35
PAY004643,O004643,debit_card,1,212.01
PAY004644,O004644,bank_transfer,1,977.5
PAY004645,O004645,bank_transfer,1,1398.45
PAY004646,O004646,debit_card,1,2268.57
PAY004647,O004647,credit_card,2,653.8
PAY004648,O004648,credit_card,6,967.85
PAY004649,O004649,credit_card,12,503.16
PAY004650,O004650,credit_card,1,443.8
PAY004651,O004651,credit_card,6,475.5
PAY004652,O004652,debit_card,1,2066.65
PAY004653,O004653,debit_card,1,1433.91
PAY004654,O004654,bank_transfer,1,1653.4
PAY004655,O004655,credit_card,2,119.34
PAY004656,O004656,digital_wallet,1,531.13
PAY004657,O004657,bank_transfer,1,341.6
PAY004658,O004658,credit_card,3,728.04
PAY004659,O004659,credit_card,2,2439.9
PAY004660,O004660,credit_card,1,1273.69
PAY004661,O004661,debit_card,1,2755.04
PAY004662,O004662,credit_card,1,2226.18
PAY004663,O004663,credit_card,3,263.63
PAY004664,O004664,credit_card,1,597.22
PAY004665,O004665,credit_card,3,798.83
PAY004666,O004666,credit_card,2,382.46
PAY004667,O004667,debit_card,1,142.89
PAY004668,O004668,credit_card,2,2064.09
PAY004669,O004669,credit_card,6,724.98
PAY004670,O004670,credit_card,12,103.91
PAY004671,O004671,credit_card,3,2748.45
PAY004672,O004672,debit_card,1,639.27
PAY004673,O004673,debit_card,1,195.07
PAY004674,O004674,digital_wallet,1,430.79
PAY004675,O004675,bank_transfer,1,1722.99
PAY004676,O004676,credit_card,2,383.13
PAY004677,O004677,credit_card,6,146.97
PAY004678,O004678,credit_card,6,870.8
PAY004679,O004679,credit_card,3,292.62
PAY004680,O004680,debit_card,1,2127.44
PAY004681,O004681,credit_card,3,1011.3
PAY004682,O004682,credit_card,2,506.51
PAY004683,O004683,credit_card,2,289.02
PAY004684,O004684,credit_card,12,1949.29
PAY004685,O004685,debit_card,1,1095.77
PAY004686,O004686,credit_card,6,364.17
PAY004687,O004687,debit_card,1,967.45
PAY004688,O004688,bank_transfer,1,3136.02
PAY004689,O004689,credit_card,3,464.56
PAY004690,O004690,credit_card,6,401.5
PAY004691,O004691,credit_card,1,463.92
PAY004692,O004692,digital_wallet,1,490.68
PAY004693,O004693,credit_card,12,525.38
PAY004694,O004694,credit_card,2,2525.39
PAY004695,O004695,debit_card,1,3596.68
PAY004696,O004696, debit_card ,1,78.8
PAY004697,O004697,credit_card,1,2300.54
PAY004698,O004698,debit_card,1,356.0
PAY004699,O004699,credit_card,6,152.38
PAY004700,O004700,credit_card,2,1869.96
PAY004701,O004701,debit_card,1,20629.42
PAY004702,O004702,credit_card,2,1077.06
PAY004703,O004703,debit_card,1,1097.99
PAY004704,O004704,digital_wallet,1,755.81
PAY004705,O004705,credit_card,6,2575.33
PAY004706,O004706,bank_transfer,1,467.87
PAY004707,O004707,credit_card,1,667.05
PAY004708,O004708,credit_card,6,171.86
PAY004709,O004709,digital_wallet,1,1311.45
PAY004710,O004710,bank_transfer,1,1321.21
PAY004711,O004711,credit_card,6,804.93
PAY004712,O004712,credit_card,1,17.38
PAY004713,O004713,credit_card,3,790.3
PAY004714,O004714,bank_transfer,1,653.7
PAY004715,O004715,credit_card,3,632.57
PAY004716,O004716,debit_card,1,776.42
PAY004717,O004717,bank_transfer,1,698.13
PAY004718,O004718,credit_card,6,265.13
PAY004719,O004719,debit_card,1,918.31
PAY004720,O004720,debit_card,1,207.1
PAY004721,O004721,debit_card,1,45.34
PAY004722,O004722,credit_card,12,1853.61
PAY004723,O004723,credit_card,2,485.05
PAY004724,O004724,digital_wallet,1,866.14
PAY004725,O004725,credit_card,2,488.4
PAY004726,O004726,credit_card,12,541.46
PAY004727,O004727,credit_card,3,392.23
PAY004728,O004728,bank_transfer,1,962.45
PAY004729,O004729,credit_card,6,2745.48
PAY004730,O004730,bank_transfer,1,33.38
PAY004731,O004731,credit_card,3,3060.65
PAY004732,O004732,credit_card,6,566.82
PAY004733,O004733,digital_wallet,1,565.3
PAY004734,O004734,credit_card,3,86.73
PAY004735,O004735,credit_card,2,305.87
PAY004736,O004736,credit_card,3,1595.03
PAY004737,O004737,credit_card,1,3707.37
PAY004738,O004738,debit_card,1,732.12
PAY004739,O004739,credit_card,2,1475.18
PAY004740,O004740,credit_card,3,770.21
PAY004741,O004741,credit_card,3,182.88
PAY004742,O004742,bank_transfer,1,297.2
PAY004743,O004743,bank_transfer,1,1093.83
PAY004744,O004744,credit_card,6,508.41
PAY004745,O004745,bank_transfer,1,1905.93
PAY004746,O004746,credit_card,1,955.05
PAY004747,O004747,credit_card,1,1192.55
PAY004748,O004748,credit_card,2,1485.3
PAY004749,O004749,debit_card,1,278.79
PAY004750,O004750,credit_card,2,757.22
PAY004751,O004751,debit_card,1,183.88
PAY004752,O004752,debit_card,1,325.1
PAY004753,O004753,debit_card,1,1078.14
PAY004754,O004754,debit_card,1,1075.41
PAY004755,O004755,credit_card,6,903.51
PAY004756,O004756,digital_wallet,1,1555.42
PAY004757,O004757,debit_card,1,2174.57
PAY004758,O004758,credit_card,1,180.27
PAY004759,O004759,credit_card,1,653.46
PAY004760,O004760,debit_card,1,99.64
PAY004761,O004761,debit_card,1,951.14
PAY004762,O004762,digital_wallet,1,554.08
PAY004763,O004763,digital_wallet,1,737.03
PAY004764,O004764,credit_card,1,1310.67
PAY004765,O004765,credit_card,6,672.43
PAY004766,O004766,debit_card,1,876.35
PAY004767,O004767,credit_card,1,4125.57
PAY004768,O004768,credit_card,1,166.97
PAY004769,O004769,debit_card,1,460.11
PAY004770,O004770,digital_wallet,1,762.63
PAY004771,O004771,credit_card,3,76.36
PAY004772,O004772,bank_transfer,1,1835.6
PAY004773,O004773,debit_card,1,263.36
PAY004774,O004774,credit_card,3,648.56
PAY004775,O004775,debit_card,1,961.69
PAY004776,O004776,credit_card,6,117.0
PAY004777,O004777,credit_card,1,1118.18
PAY004778,O004778,credit_card,3,1093.33
PAY004779,O004779,credit_card,3,1810.48
PAY004780,O004780,debit_card,1,204.95
PAY004781,O004781,credit_card,1,275.67
PAY004782,O004782,bank_transfer,1,1983.45
PAY004783,O004783,debit_card,1,337.92
PAY004784,O004784,digital_wallet,1,2077.49
PAY004785,O004785,credit_card,6,544.53
PAY004786,O004786,debit_card,1,25.38
PAY004787,O004787,credit_card,1,316.14
PAY004788,O004788,debit_card,1,460.35
PAY004789,O004789,debit_card,1,958.68
PAY004790,O004790,credit_card,3,864.7
PAY004791,O004791,credit_card,1,945.41
PAY004792,O004792,credit_card,3,3382.29
PAY004793,O004793,credit_card,3,1605.94
PAY004794,O004794,credit_card,1,2874.2
PAY004795,O004795,credit_card,12,1959.31
PAY004796,O004796,credit_card,6,502.29
PAY004797,O004797,debit_card,1,500.08
PAY004798,O004798,digital_wallet,1,1383.13
PAY004799,O004799,debit_card,1,4118.28
PAY004800,O004800,digital_wallet,1,301.06
PAY004801,O004801,credit_card,6,449.78
PAY004802,O004802,digital_wallet,1,636.01
PAY004803,O004803,credit_card,3,225.67
PAY004804,O004804,debit_card,1,654.39
PAY004805,O004805,credit_card,1,1784.27
PAY004806,O004806,credit_card,3,2297.7
PAY004807,O004807,bank_transfer,1,999.96
PAY004808,O004808,credit_card,2,304.91
PAY004809,O004809,digital_wallet,1,1058.57
PAY004810,O004810,credit_card,1,1419.18
PAY004811,O004811,credit_card,3,604.37
PAY004812,O004812,credit_card,3,1530.08
PAY004813,O004813,credit_card,1,785.26
PAY004814,O004814,credit_card,6,347.68
PAY004815,O004815,debit_card,1,321.09
PAY004816,O004816,credit_card,6,1408.04
PAY004817,O004817,credit_card,12,374.69
PAY004818,O004818,credit_card,2,891.18
PAY004819,O004819,bank_transfer,1,809.47
PAY004820,O004820,debit_card,1,483.91
PAY004821,O004821,debit_card,1,996.43
PAY004822,O004822,credit_card,12,46.89
PAY004823,O004823,credit_card,6,1185.73
PAY004824,O004824, credit_card ,2,1942.46
PAY004825,O004825,bank_transfer,1,2056.55
PAY004826,O004826,credit_card,3,93.51
PAY004827,O004827,credit_card,6,725.27
PAY004828,O004828,credit_card,2,708.93
PAY004829,O004829,debit_card,1,846.41
PAY004830,O004830,debit_card,1,446.38
PAY004831,O004831,CREDIT_CARD,12,1362.17
PAY004832,O004832,credit_card,2,1724.45
PAY004833,O004833,credit_card,6,1012.41
PAY004834,O004834,debit_card,1,2493.1
PAY004835,O004835,credit_card,6,1576.14
PAY004836,O004836,credit_card,6,2011.61
PAY004837,O004837,digital_wallet,1,1612.47
PAY004838,O004838,credit_card,1,421.11
PAY004839,O004839,credit_card,2,173.81
PAY004840,O004840,digital_wallet,1,652.83
PAY004841,O004841,debit_card,1,569.34
PAY004842,O004842,credit_card,2,413.25
PAY004843,O004843,credit_card,2,537.67
PAY004844,O004844,debit_card,1,289.69
PAY004845,O004845,digital_wallet,1,4278.88
PAY004846,O004846,credit_card,12,29.6
PAY004847,O004847,debit_card,1,1633.35
PAY004848,O004848,debit_card,1,932.07
PAY004849,O004849,credit_card,6,246.34
PAY004850,O004850,bank_transfer,1,267.75
PAY004851,O004851,credit_card,2,528.09
PAY004852,O004852,credit_card,6,960.11
PAY004853,O004853,credit_card,12,123.72
PAY004854,O004854,debit_card,1,872.47
PAY004855,O004855,credit_card,2,241.71
PAY004856,O004856,debit_card,1,636.96
PAY004857,O004857,debit_card,1,201.63
PAY004858,O004858,digital_wallet,1,482.71
PAY004859,O004859,credit_card,3,1937.09
PAY004860,O004860,credit_card,6,755.49
PAY004861,O004861,credit_card,1,1088.94
PAY004862,O004862,credit_card,1,1954.88
PAY004863,O004863,debit_card,1,606.9
PAY004864,O004864,CREDIT_CARD,3,618.28
PAY004865,O004865,credit_card,3,1163.67
PAY004866,O004866,debit_card,1,313.0
PAY004867,O004867,credit_card,12,498.59
PAY004868,O004868,credit_card,12,1908.16
PAY004869,O004869,debit_card,1,441.39
PAY004870,O004870,credit_card,2,66.19
PAY004871,O004871,credit_card,12,644.69
PAY004872,O004872,credit_card,3,1502.25
PAY004873,O004873,credit_card,2,350.85
PAY004874,O004874,debit_card,1,867.57
PAY004875,O004875,digital_wallet,1,870.84
PAY004876,O004876,bank_transfer,1,416.55
PAY004877,O004877,digital_wallet,1,1241.35
PAY004878,O004878,credit_card,3,1236.83
PAY004879,O004879,debit_card,1,368.84
PAY004880,O004880,bank_transfer,1,1010.52
PAY004881,O004881,debit_card,1,1210.57
PAY004882,O004882,credit_card,12,108.27
PAY004883,O004883,credit_card,3,233.87
PAY004884,O004884,credit_card,3,1438.35
PAY004885,O004885,credit_card,3,9007.0
PAY004886,O004886,credit_card,2,328.9
PAY004887,O004887,credit_card,1,2624.2
PAY004888,O004888,credit_card,3,873.24
PAY004889,O004889,credit_card,6,1959.36
PAY004890,O004890,credit_card,1,6085.93
PAY004891,O004891,debit_card,1,1825.9
PAY004892,O004892,credit_card,3,913.3
PAY004893,O004893,debit_card,1,858.06
PAY004894,O004894,credit_card,1,1027.82
PAY004895,O004895,bank_transfer,1,70.41
PAY004896,O004896,bank_transfer,1,716.49
PAY004897,O004897,debit_card,1,2709.38
PAY004898,O004898,bank_transfer,1,1056.85
PAY004899,O004899,digital_wallet,1,294.42
PAY004900,O004900,credit_card,12,268.37
PAY004901,O004901,credit_card,6,813.96
PAY004902,O004902,debit_card,1,695.48
PAY004903,O004903,credit_card,6,1874.24
PAY004904,O004904,bank_transfer,1,2223.98
PAY004905,O004905,credit_card,1,119.34
PAY004906,O004906,digital_wallet,1,1259.82
PAY004907,O004907,credit_card,3,1483.62
PAY004908,O004908,digital_wallet,1,1942.22
PAY004909,O004909,credit_card,12,1752.33
PAY004910,O004910,credit_card,1,2458.22
PAY004911,O004911,credit_card,2,116.54
PAY004912,O004912,digital_wallet,1,121.59
PAY004913,O004913,credit_card,6,1081.05
PAY004914,O004914,credit_card,1,747.54
PAY004915,O004915,digital_wallet,1,651.0
PAY004916,O004916,digital_wallet,1,305.25
PAY004917,O004917,digital_wallet,1,1914.25
PAY004918,O004918,bank_transfer,1,2278.57
PAY004919,O004919,debit_card,1,1070.71
PAY004920,O004920,credit_card,6,364.08
PAY004921,O004921,bank_transfer,1,743.2
PAY004922,O004922,digital_wallet,1,1438.13
PAY004923,O004923,credit_card,1,495.17
PAY004924,O004924,credit_card,3,432.88
PAY004925,O004925,debit_card,1,997.92
PAY004926,O004926,bank_transfer,1,1494.14
PAY004927,O004927,credit_card,1,161.04
PAY004928,O004928,credit_card,12,485.39
PAY004929,O004929,bank_transfer,1,571.38
PAY004930,O004930,digital_wallet,1,1723.96
PAY004931,O004931,credit_card,1,1021.42
PAY004932,O004932,digital_wallet,1,302.42
PAY004933,O004933,credit_card,2,745.39
PAY004934,O004934,digital_wallet,1,573.09
PAY004935,O004935,digital_wallet,1,1496.46
PAY004936,O004936,credit_card,3,636.43
PAY004937,O004937,credit_card,1,1140.76
PAY004938,O004938,credit_card,2,938.84
PAY004939,O004939,bank_transfer,1,205.95
PAY004940,O004940,debit_card,1,1882.46
PAY004941,O004941,debit_card,1,424.37
PAY004942,O004942,debit_card,1,3126.53
PAY004943,O004943,credit_card,6,482.26
PAY004944,O004944,credit_card,6,227.49
PAY004945,O004945,debit_card,1,1882.24
PAY004946,O004946,bank_transfer,1,1684.62
PAY004947,O004947,debit_card,1,265.22
PAY004948,O004948,credit_card,3,1579.21
PAY004949,O004949,debit_card,1,1295.51
PAY004950,O004950,credit_card,1,420.16
PAY004951,O004951,digital_wallet,1,1124.54
PAY004952,O004952,credit_card,1,938.95
PAY004953,O004953,bank_transfer,1,433.78
PAY004954,O004954,credit_card,2,357.28
PAY004955,O004955,debit_card,1,114.5
PAY004956,O004956,digital_wallet,1,3973.36
PAY004957,O004957,debit_card,1,29.21
PAY004958,O004958,credit_card,1,628.14
PAY004959,O004959,debit_card,1,311.61
PAY004960,O004960,debit_card,1,753.45
PAY004961,O004961,debit_card,1,187.21
PAY004962,O004962,credit_card,1,33.91
PAY004963,O004963,credit_card,3,149.91
PAY004964,O004964,credit_card,1,971.98
PAY004965,O004965,credit_card,1,985.79
PAY004966,O004966,digital_wallet,1,2119.48
PAY004967,O004967,credit_card,2,448.56
PAY004968,O004968,digital_wallet,1,1225.74
PAY004969,O004969,credit_card,2,319.78
PAY004970,O004970,credit_card,1,150.01
PAY004971,O004971,credit_card,1,45.52
PAY004972,O004972,bank_transfer,1,642.34
PAY004973,O004973,credit_card,6,398.35
PAY004974,O004974,credit_card,2,1247.42
PAY004975,O004975,credit_card,2,106.67
PAY004976,O004976,debit_card,1,200.13
PAY004977,O004977,credit_card,2,2382.97
PAY004978,O004978,credit_card,6,2336.63
PAY004979,O004979,credit_card,2,2978.06
PAY004980,O004980,bank_transfer,1,1432.2
PAY004981,O004981,digital_wallet,1,1525.28
PAY004982,O004982,debit_card,1,593.82
PAY004983,O004983,credit_card,1,2259.07
PAY004984,O004984,credit_card,1,396.1
PAY004985,O004985,bank_transfer,1,2362.8
PAY004986,O004986,credit_card,1,1077.12
PAY004987,O004987,debit_card,1,1567.83
PAY004988,O004988,credit_card,1,588.18
PAY004989,O004989,credit_card,1,1581.78
PAY004990,O004990,debit_card,1,789.91
PAY004991,O004991,credit_card,2,2339.81
PAY004992,O004992,digital_wallet,1,467.3
PAY004993,O004993,digital_wallet,1,87.09
PAY004994,O004994,credit_card,2,381.1
PAY004995,O004995,debit_card,1,173.67
PAY004996,O004996,bank_transfer,1,544.06
PAY004997,O004997,credit_card,2,778.36
PAY004998,O004998,credit_card,6,338.51
PAY004999,O004999,debit_card,1,2595.49
PAY005000,O005000,credit_card,3,2082.46
PAY005001,O005001,credit_card,3,630.25
PAY005002,O005002,credit_card,1,1375.88
PAY005003,O005003,credit_card,1,1860.26
PAY005004,O005004,credit_card,6,654.52
PAY005005,O005005,credit_card,2,337.55
PAY005006,O005006,digital_wallet,1,823.12
PAY005007,O005007,debit_card,1,1563.35
PAY005008,O005008,credit_card,1,1601.08
PAY005009,O005009,debit_card,1,423.12
PAY005010,O005010,bank_transfer,1,1391.12
PAY005011,O005011, debit_card ,1,1178.57
PAY005012,O005012,debit_card,1,1801.14
PAY005013,O005013,debit_card,1,2383.52
PAY005014,O005014,digital_wallet,1,334.04
PAY005015,O005015,digital_wallet,1,2524.48
PAY005016,O005016,credit_card,3,342.59
PAY005017,O005017,credit_card,3,520.2
PAY005018,O005018,credit_card,2,1449.1
PAY005019,O005019,debit_card,1,322.86
PAY005020,O005020,debit_card,1,425.92
PAY005021,O005021,credit_card,2,1917.84
PAY005022,O005022,credit_card,1,234.68
PAY005023,O005023,credit_card,1,343.0
PAY005024,O005024,digital_wallet,1,262.07
PAY005025,O005025,credit_card,2,3836.4
PAY005026,O005026,digital_wallet,1,532.13
PAY005027,O005027,credit_card,1,1272.23
PAY005028,O005028,credit_card,1,2670.43
PAY005029,O005029,debit_card,1,112.69
PAY005030,O005030,bank_transfer,1,362.88
PAY005031,O005031,digital_wallet,1,509.03
PAY005032,O005032,digital_wallet,1,1944.7
PAY005033,O005033,credit_card,1,56.65
PAY005034,O005034,credit_card,2,3669.12
PAY005035,O005035,credit_card,1,355.51
PAY005036,O005036,credit_card,1,516.51
PAY005037,O005037,credit_card,3,592.26
PAY005038,O005038,credit_card,1,117.15
PAY005039,O005039,credit_card,3,1345.7
PAY005040,O005040,DEBIT_CARD,1,1605.57
PAY005041,O005041,credit_card,12,1744.02
PAY005042,O005042,credit_card,1,3369.25
PAY005043,O005043,debit_card,1,2096.03
PAY005044,O005044,credit_card,2,1619.22
PAY005045,O005045,credit_card,3,827.28
PAY005046,O005046,digital_wallet,1,648.82
PAY005047,O005047,credit_card,2,1465.26
PAY005048,O005048,debit_card,1,2184.96
PAY005049,O005049,credit_card,6,1349.47
PAY005050,O005050,credit_card,2,710.34
PAY005051,O005051,credit_card,1,332.88
PAY005052,O005052,credit_card,1,1560.49
PAY005053,O005053,credit_card,12,2893.89
PAY005054,O005054,digital_wallet,1,678.08
PAY005055,O005055,credit_card,1,34.95
PAY005056,O005056,digital_wallet,1,959.13
PAY005057,O005057,debit_card,1,314.55
PAY005058,O005058,bank_transfer,1,1571.51
PAY005059,O005059,bank_transfer,1,508.3
PAY005060,O005060,credit_card,1,1843.09
PAY005061,O005061,bank_transfer,1,146.79
PAY005062,O005062,credit_card,2,732.92
PAY005063,O005063,debit_card,1,797.79
PAY005064,O005064,credit_card,2,493.09
PAY005065,O005065,bank_transfer,1,2154.27
PAY005066,O005066,bank_transfer,1,531.19
PAY005067,O005067,credit_card,1,1113.97
PAY005068,O005068,credit_card,1,2799.71
PAY005069,O005069,credit_card,1,422.69
PAY005070,O005070,debit_card,1,1900.13
PAY005071,O005071,digital_wallet,1,500.36
PAY005072,O005072,credit_card,1,630.9
PAY005073,O005073,bank_transfer,1,1812.93
PAY005074,O005074,debit_card,1,91.0
PAY005075,O005075,bank_transfer,1,1762.56
PAY005076,O005076,bank_transfer,1,382.04
PAY005077,O005077,credit_card,1,258.51
PAY005078,O005078,debit_card,1,2079.29
PAY005079,O005079,credit_card,2,1579.9
PAY005080,O005080,credit_card,3,293.48
PAY005081,O005081,digital_wallet,1,3027.84
PAY005082,O005082,credit_card,2,1119.34
PAY005083,O005083,debit_card,1,860.24
PAY005084,O005084,digital_wallet,1,780.93
PAY005085,O005085,credit_card,6,1271.15
PAY005086,O005086,digital_wallet,1,1796.05
PAY005087,O005087,credit_card,1,216.54
PAY005088,O005088,credit_card,6,2139.92
PAY005089,O005089,credit_card,1,3412.17
PAY005090,O005090,credit_card,6,1047.44
PAY005091,O005091,credit_card,3,1796.91
PAY005092,O005092,credit_card,12,1849.25
PAY005093,O005093,credit_card,2,2891.51
PAY005094,O005094,credit_card,3,1778.48
PAY005095,O005095,credit_card,1,426.73
PAY005096,O005096,digital_wallet,1,1470.68
PAY005097,O005097,bank_transfer,1,1224.75
PAY005098,O005098,credit_card,3,39.47
PAY005099,O005099,credit_card,1,356.24
PAY005100,O005100,credit_card,2,722.47
PAY005101,O005101,credit_card,3,88.62
PAY005102,O005102,credit_card,12,3628.24
PAY005103,O005103,credit_card,1,436.77
PAY005104,O005104,digital_wallet,1,78.66
PAY005105,O005105, credit_card ,1,751.17
PAY005106,O005106,credit_card,1,1479.76
PAY005107,O005107,bank_transfer,1,2348.43
PAY005108,O005108,bank_transfer,1,894.83
PAY005109,O005109,credit_card,6,613.7
PAY005110,O005110,credit_card,6,1168.59
PAY005111,O005111,bank_transfer,1,122.8
PAY005112,O005112,debit_card,1,496.52
PAY005113,O005113,debit_card,1,217.31
PAY005114,O005114,debit_card,1,15.57
PAY005115,O005115,credit_card,12,509.45
PAY005116,O005116,digital_wallet,1,570.22
PAY005117,O005117,bank_transfer,1,322.23
PAY005118,O005118,credit_card,2,1232.56
PAY005119,O005119,digital_wallet,1,1563.94
PAY005120,O005120,credit_card,2,1190.85
PAY005121,O005121,credit_card,1,933.73
PAY005122,O005122,credit_card,2,4540.91
PAY005123,O005123,credit_card,1,735.77
PAY005124,O005124,digital_wallet,1,138.69
PAY005125,O005125,credit_card,12,323.91
PAY005126,O005126,debit_card,1,7036.82
PAY005127,O005127,credit_card,3,1185.56
PAY005128,O005128,bank_transfer,1,1474.96
PAY005129,O005129,credit_card,6,2373.62
PAY005130,O005130,digital_wallet,1,1158.18
PAY005131,O005131,digital_wallet,1,1194.2
PAY005132,O005132,digital_wallet,1,439.65
PAY005133,O005133,debit_card,1,16.26
PAY005134,O005134,digital_wallet,1,1587.48
PAY005135,O005135,credit_card,12,538.31
PAY005136,O005136,credit_card,1,2399.36
PAY005137,O005137,debit_card,1,493.89
PAY005138,O005138,credit_card,2,361.69
PAY005139,O005139,credit_card,2,1409.72
PAY005140,O005140,credit_card,1,1264.61
PAY005141,O005141,debit_card,1,1411.83
PAY005142,O005142,credit_card,2,1441.18
PAY005143,O005143,debit_card,1,1185.96
PAY005144,O005144,debit_card,1,1735.99
PAY005145,O005145,debit_card,1,611.18
PAY005146,O005146,digital_wallet,1,4422.3
PAY005147,O005147,credit_card,2,568.55
PAY005148,O005148,credit_card,3,2008.82
PAY005149,O005149,credit_card,2,787.13
PAY005150,O005150,credit_card,12,650.41
PAY005151,O005151,credit_card,2,1876.98
PAY005152,O005152,credit_card,2,14387.75
PAY005153,O005153,debit_card,1,10013.86
PAY005154,O005154,debit_card,1,521.15
PAY005155,O005155,bank_transfer,1,1383.95
PAY005156,O005156,credit_card,3,668.25
PAY005157,O005157,debit_card,1,967.5
PAY005158,O005158,credit_card,2,65.71
PAY005159,O005159,credit_card,1,490.29
PAY005160,O005160, digital_wallet ,1,1524.6
PAY005161,O005161,digital_wallet,1,658.61
PAY005162,O005162,digital_wallet,1,844.82
PAY005163,O005163,credit_card,1,1824.25
PAY005164,O005164,credit_card,1,607.25
PAY005165,O005165,bank_transfer,1,284.06
PAY005166,O005166,credit_card,1,2587.0
PAY005167,O005167,bank_transfer,1,42.23
PAY005168,O005168,bank_transfer,1,543.54
PAY005169,O005169,credit_card,12,946.69
PAY005170,O005170,credit_card,6,813.43
PAY005171,O005171,digital_wallet,1,739.42
PAY005172,O005172,digital_wallet,1,2409.95
PAY005173,O005173,debit_card,1,506.25
PAY005174,O005174,debit_card,1,333.91
PAY005175,O005175,credit_card,1,1227.62
PAY005176,O005176,credit_card,2,604.12
PAY005177,O005177,credit_card,3,537.74
PAY005178,O005178,digital_wallet,1,498.59
PAY005179,O005179,credit_card,6,65.11
PAY005180,O005180,credit_card,1,3719.87
PAY005181,O005181,debit_card,1,2109.65
PAY005182,O005182,digital_wallet,1,410.03
PAY005183,O005183,credit_card,1,2481.78
PAY005184,O005184,digital_wallet,1,766.34
PAY005185,O005185,digital_wallet,1,780.17
PAY005186,O005186,credit_card,6,2566.42
PAY005187,O005187,credit_card,3,66.69
PAY005188,O005188,bank_transfer,1,2091.87
PAY005189,O005189,bank_transfer,1,663.65
PAY005190,O005190,credit_card,2,2621.26
PAY005191,O005191,credit_card,1,356.69
PAY005192,O005192,debit_card,1,1540.64
PAY005193,O005193,credit_card,1,502.0
PAY005194,O005194,credit_card,2,1453.03
PAY005195,O005195,credit_card,2,563.61
PAY005196,O005196,digital_wallet,1,321.31
PAY005197,O005197,bank_transfer,1,385.12
PAY005198,O005198,digital_wallet,1,506.53
PAY005199,O005199,debit_card,1,548.63
PAY005200,O005200,digital_wallet,1,872.78
PAY005201,O005201,CREDIT_CARD,1,629.29
PAY005202,O005202,DEBIT_CARD,1,388.86
PAY005203,O005203,credit_card,2,379.04
PAY005204,O005204,credit_card,3,837.13
PAY005205,O005205,credit_card,3,653.66
PAY005206,O005206,credit_card,6,610.15
PAY005207,O005207,credit_card,1,855.52
PAY005208,O005208,credit_card,3,1004.78
PAY005209,O005209,bank_transfer,1,1871.7
PAY005210,O005210,debit_card,1,3249.65
PAY005211,O005211,debit_card,1,1127.0
PAY005212,O005212,debit_card,1,1415.6
PAY005213,O005213,debit_card,1,69.49
PAY005214,O005214,credit_card,6,10774.11
PAY005215,O005215,credit_card,12,2145.3
PAY005216,O005216,credit_card,2,817.42
PAY005217,O005217,digital_wallet,1,526.1
PAY005218,O005218,credit_card,3,1829.6
PAY005219,O005219,debit_card,1,2299.41
PAY005220,O005220,debit_card,1,2727.19
PAY005221,O005221,credit_card,1,557.25
PAY005222,O005222,debit_card,1,2406.42
PAY005223,O005223,debit_card,1,1059.03
PAY005224,O005224,credit_card,3,175.33
PAY005225,O005225,bank_transfer,1,246.9
PAY005226,O005226, credit_card ,1,12470.79
PAY005227,O005227,debit_card,1,3285.03
PAY005228,O005228,bank_transfer,1,649.91
PAY005229,O005229,digital_wallet,1,105.29
PAY005230,O005230,debit_card,1,1491.68
PAY005231,O005231,debit_card,1,673.74
PAY005232,O005232,debit_card,1,757.29
PAY005233,O005233,credit_card,1,3285.29
PAY005234,O005234,credit_card,2,1318.42
PAY005235,O005235,credit_card,2,202.01
PAY005236,O005236,debit_card,1,674.58
PAY005237,O005237,digital_wallet,1,530.52
PAY005238,O005238,DEBIT_CARD,1,1054.15
PAY005239,O005239,credit_card,1,777.06
PAY005240,O005240,credit_card,2,1074.73
PAY005241,O005241,digital_wallet,1,737.05
PAY005242,O005242,digital_wallet,1,88.04
PAY005243,O005243,credit_card,2,1115.5
PAY005244,O005244,debit_card,1,611.66
PAY005245,O005245,credit_card,3,1015.79
PAY005246,O005246,debit_card,1,761.83
PAY005247,O005247,bank_transfer,1,208.61
PAY005248,O005248,credit_card,1,1150.44
PAY005249,O005249,digital_wallet,1,1502.63
PAY005250,O005250,credit_card,2,432.55
PAY005251,O005251,credit_card,3,595.02
PAY005252,O005252,debit_card,1,596.65
PAY005253,O005253,credit_card,3,914.34
PAY005254,O005254,credit_card,2,1139.89
PAY005255,O005255,credit_card,3,1647.51
PAY005256,O005256,credit_card,1,1036.4
PAY005257,O005257,debit_card,1,1708.32
PAY005258,O005258,credit_card,1,172.14
PAY005259,O005259,credit_card,6,756.68
PAY005260,O005260,debit_card,1,33.86
PAY005261,O005261,credit_card,1,389.58
PAY005262,O005262,credit_card,1,452.06
PAY005263,O005263,credit_card,3,1398.54
PAY005264,O005264,bank_transfer,1,253.28
PAY005265,O005265,bank_transfer,1,1296.06
PAY005266,O005266,digital_wallet,1,1528.76
PAY005267,O005267,debit_card,1,313.85
PAY005268,O005268,credit_card,6,760.56
PAY005269,O005269,credit_card,1,627.0
PAY005270,O005270,debit_card,1,835.82
PAY005271,O005271,debit_card,1,747.53
PAY005272,O005272,credit_card,3,957.86
PAY005273,O005273,bank_transfer,1,414.88
PAY005274,O005274,credit_card,6,5229.97
PAY005275,O005275,debit_card,1,1576.28
PAY005276,O005276,bank_transfer,1,228.0
PAY005277,O005277,credit_card,1,126.31
PAY005278,O005278,credit_card,1,763.9
PAY005279,O005279,debit_card,1,735.85
PAY005280,O005280,CREDIT_CARD,1,3856.68
PAY005281,O005281,credit_card,3,802.01
PAY005282,O005282,credit_card,1,261.52
PAY005283,O005283,credit_card,6,1643.23
PAY005284,O005284,credit_card,6,2496.78
PAY005285,O005285,debit_card,1,110.86
PAY005286,O005286,debit_card,1,1169.35
PAY005287,O005287,debit_card,1,2184.37
PAY005288,O005288,debit_card,1,2206.01
PAY005289,O005289,debit_card,1,2178.73
PAY005290,O005290,digital_wallet,1,457.74
PAY005291,O005291,debit_card,1,234.6
PAY005292,O005292,debit_card,1,1585.57
PAY005293,O005293,credit_card,3,543.44
PAY005294,O005294,credit_card,3,1747.59
PAY005295,O005295,bank_transfer,1,641.75
PAY005296,O005296,debit_card,1,1102.17
PAY005297,O005297,digital_wallet,1,1318.8
PAY005298,O005298,digital_wallet,1,262.96
PAY005299,O005299,digital_wallet,1,2279.91
PAY005300,O005300,digital_wallet,1,502.68
PAY005301,O005301,debit_card,1,269.36
PAY005302,O005302,credit_card,1,966.75
PAY005303,O005303,bank_transfer,1,779.54
PAY005304,O005304,digital_wallet,1,604.07
PAY005305,O005305,debit_card,1,2581.47
PAY005306,O005306,credit_card,3,1445.49
PAY005307,O005307,debit_card,1,2667.39
PAY005308,O005308,credit_card,1,1004.42
PAY005309,O005309,credit_card,1,535.77
PAY005310,O005310,digital_wallet,1,376.59
PAY005311,O005311,credit_card,3,2350.33
PAY005312,O005312,credit_card,1,448.24
PAY005313,O005313,credit_card,1,934.24
PAY005314,O005314,digital_wallet,1,788.64
PAY005315,O005315,credit_card,3,2197.35
PAY005316,O005316,digital_wallet,1,864.91
PAY005317,O005317,bank_transfer,1,755.72
PAY005318,O005318,credit_card,6,951.79
PAY005319,O005319,bank_transfer,1,1271.47
PAY005320,O005320,debit_card,1,878.93
PAY005321,O005321,credit_card,1,951.71
PAY005322,O005322,credit_card,1,434.08
PAY005323,O005323,debit_card,1,32.28
PAY005324,O005324,debit_card,1,1042.3
PAY005325,O005325,debit_card,1,903.97
PAY005326,O005326,digital_wallet,1,1939.59
PAY005327,O005327,credit_card,3,650.2
PAY005328,O005328,debit_card,1,816.59
PAY005329,O005329,debit_card,1,799.22
PAY005330,O005330,digital_wallet,1,1598.02
PAY005331,O005331,credit_card,2,596.22
PAY005332,O005332,credit_card,6,373.86
PAY005333,O005333,digital_wallet,1,653.81
PAY005334,O005334,credit_card,3,1413.93
PAY005335,O005335,credit_card,12,1404.47
PAY005336,O005336,credit_card,1,617.54
PAY005337,O005337,credit_card,12,2607.97
PAY005338,O005338,credit_card,3,820.91
PAY005339,O005339,credit_card,6,1491.97
PAY005340,O005340,digital_wallet,1,1177.37
PAY005341,O005341,bank_transfer,1,3816.23
PAY005342,O005342,credit_card,1,27145.77
PAY005343,O005343,digital_wallet,1,723.5
PAY005344,O005344,digital_wallet,1,1317.4
PAY005345,O005345,bank_transfer,1,79.64
PAY005346,O005346,digital_wallet,1,28.54
PAY005347,O005347,digital_wallet,1,2109.08
PAY005348,O005348,credit_card,1,2088.35
PAY005349,O005349,credit_card,3,872.32
PAY005350,O005350,credit_card,2,141.01
PAY005351,O005351,credit_card,12,746.98
PAY005352,O005352,bank_transfer,1,829.83
PAY005353,O005353,bank_transfer,1,328.46
PAY005354,O005354, credit_card ,2,424.14
PAY005355,O005355,bank_transfer,1,53.87
PAY005356,O005356,debit_card,1,751.3
PAY005357,O005357,debit_card,1,753.24
PAY005358,O005358,credit_card,12,1155.55
PAY005359,O005359,debit_card,1,1016.81
PAY005360,O005360,DEBIT_CARD,1,24.24
PAY005361,O005361,debit_card,1,1913.58
PAY005362,O005362,credit_card,1,374.07
PAY005363,O005363,credit_card,12,865.09
PAY005364,O005364,credit_card,2,1133.21
PAY005365,O005365,bank_transfer,1,245.73
PAY005366,O005366,debit_card,1,684.89
PAY005367,O005367,debit_card,1,191.27
PAY005368,O005368,credit_card,1,365.73
PAY005369,O005369,digital_wallet,1,1478.12
PAY005370,O005370,debit_card,1,623.44
PAY005371,O005371,credit_card,6,1004.59
PAY005372,O005372,debit_card,1,1428.95
PAY005373,O005373,debit_card,1,504.14
PAY005374,O005374,credit_card,3,133.98
PAY005375,O005375,credit_card,1,358.7
PAY005376,O005376,digital_wallet,1,2694.12
PAY005377,O005377,debit_card,1,962.27
PAY005378,O005378,credit_card,1,2192.62
PAY005379,O005379,credit_card,3,114.92
PAY005380,O005380,credit_card,3,1607.93
PAY005381,O005381,credit_card,3,1471.42
PAY005382,O005382,debit_card,1,633.95
PAY005383,O005383,credit_card,1,200.31
PAY005384,O005384,credit_card,12,796.44
PAY005385,O005385,credit_card,1,206.43
PAY005386,O005386,credit_card,1,501.75
PAY005387,O005387,debit_card,1,1059.3
PAY005388,O005388,credit_card,3,2915.7
PAY005389,O005389,bank_transfer,1,95.6
PAY005390,O005390,credit_card,1,285.09
PAY005391,O005391,debit_card,1,991.11
PAY005392,O005392,debit_card,1,234.26
PAY005393,O005393,credit_card,6,1081.01
PAY005394,O005394,credit_card,3,1260.94
PAY005395,O005395,debit_card,1,1238.03
PAY005396,O005396,credit_card,3,195.78
PAY005397,O005397,credit_card,2,205.6
PAY005398,O005398,credit_card,1,290.94
PAY005399,O005399,digital_wallet,1,113.32
PAY005400,O005400,credit_card,1,93.42
PAY005401,O005401,credit_card,1,1270.59
PAY005402,O005402,debit_card,1,293.84
PAY005403,O005403,credit_card,6,104.04
PAY005404,O005404,credit_card,1,154.2
PAY005405,O005405,bank_transfer,1,1090.77
PAY005406,O005406,credit_card,3,157.13
PAY005407,O005407,digital_wallet,1,2534.44
PAY005408,O005408,debit_card,1,837.43
PAY005409,O005409,credit_card,1,399.86
PAY005410,O005410,credit_card,2,88.3
PAY005411,O005411,debit_card,1,930.7
PAY005412,O005412,digital_wallet,1,848.31
PAY005413,O005413,credit_card,3,2936.5
PAY005414,O005414,debit_card,1,86.38
PAY005415,O005415,credit_card,3,44.54
PAY005416,O005416,bank_transfer,1,2195.7
PAY005417,O005417,digital_wallet,1,385.06
PAY005418,O005418,credit_card,3,283.68
PAY005419,O005419,debit_card,1,984.18
PAY005420,O005420,credit_card,1,1042.26
PAY005421,O005421,bank_transfer,1,1798.74
PAY005422,O005422,debit_card,1,750.0
PAY005423,O005423,debit_card,1,345.03
PAY005424,O005424,digital_wallet,1,767.78
PAY005425,O005425,digital_wallet,1,884.51
PAY005426,O005426,credit_card,3,1779.8
PAY005427,O005427,credit_card,3,3097.08
PAY005428,O005428,bank_transfer,1,1176.78
PAY005429,O005429,digital_wallet,1,165.46
PAY005430,O005430,credit_card,2,245.02
PAY005431,O005431,debit_card,1,485.78
PAY005432,O005432,credit_card,1,594.07
PAY005433,O005433,bank_transfer,1,542.2
PAY005434,O005434,credit_card,1,943.62
PAY005435,O005435,credit_card,2,1877.65
PAY005436,O005436,credit_card,1,1218.51
PAY005437,O005437,bank_transfer,1,379.4
PAY005438,O005438,credit_card,1,2174.92
PAY005439,O005439,credit_card,6,2460.21
PAY005440,O005440,credit_card,2,856.21
PAY005441,O005441,credit_card,1,1878.38
PAY005442,O005442,debit_card,1,211.81
PAY005443,O005443,digital_wallet,1,2145.82
PAY005444,O005444,digital_wallet,1,2424.42
PAY005445,O005445,debit_card,1,55.94
PAY005446,O005446,bank_transfer,1,521.31
PAY005447,O005447,credit_card,1,1172.51
PAY005448,O005448,bank_transfer,1,466.68
PAY005449,O005449,credit_card,1,159.06
PAY005450,O005450,credit_card,1,359.4
PAY005451,O005451,credit_card,1,1631.4
PAY005452,O005452,credit_card,1,159.69
PAY005453,O005453,debit_card,1,1526.27
PAY005454,O005454,debit_card,1,1006.01
PAY005455,O005455,credit_card,6,1377.83
PAY005456,O005456,credit_card,2,424.16
PAY005457,O005457,credit_card,6,1762.57
PAY005458,O005458,credit_card,1,2288.91
PAY005459,O005459,credit_card,2,686.66
PAY005460,O005460,credit_card,3,786.89
PAY005461,O005461,credit_card,12,3644.09
PAY005462,O005462,digital_wallet,1,1343.03
PAY005463,O005463,credit_card,12,947.07
PAY005464,O005464,credit_card,1,825.3
PAY005465,O005465,bank_transfer,1,891.46
PAY005466,O005466,debit_card,1,5681.41
PAY005467,O005467,digital_wallet,1,1418.87
PAY005468,O005468,credit_card,3,4273.28
PAY005469,O005469,bank_transfer,1,1740.17
PAY005470,O005470,credit_card,1,489.7
PAY005471,O005471,credit_card,3,109.48
PAY005472,O005472,debit_card,1,2044.72
PAY005473,O005473,credit_card,3,858.05
PAY005474,O005474,credit_card,3,1588.39
PAY005475,O005475,debit_card,1,2558.37
PAY005476,O005476,credit_card,3,1170.49
PAY005477,O005477,bank_transfer,1,628.25
PAY005478,O005478,credit_card,1,1877.82
PAY005479,O005479,credit_card,1,346.71
PAY005480,O005480,digital_wallet,1,577.75
PAY005481,O005481,credit_card,12,893.84
PAY005482,O005482,credit_card,2,20.0
PAY005483,O005483,credit_card,3,210.25
PAY005484,O005484,bank_transfer,1,473.84
PAY005485,O005485,credit_card,3,85.0
PAY005486,O005486,debit_card,1,1554.68
PAY005487,O005487,debit_card,1,1128.08
PAY005488,O005488,credit_card,3,3083.63
PAY005489,O005489,credit_card,2,4117.12
PAY005490,O005490,debit_card,1,3497.13
PAY005491,O005491,credit_card,2,1673.95
PAY005492,O005492,credit_card,1,478.05
PAY005493,O005493,credit_card,2,1301.95
PAY005494,O005494,credit_card,1,4943.45
PAY005495,O005495,debit_card,1,28.2
PAY005496,O005496,credit_card,1,840.47
PAY005497,O005497,credit_card,6,378.18
PAY005498,O005498,debit_card,1,117.9
PAY005499,O005499,credit_card,2,37.61
PAY005500,O005500,bank_transfer,1,427.88
PAY005501,O005501,digital_wallet,1,494.88
PAY005502,O005502,credit_card,12,131.71
PAY005503,O005503,debit_card,1,88.25
PAY005504,O005504,credit_card,1,352.68
PAY005505,O005505,credit_card,3,1146.15
PAY005506,O005506,credit_card,3,98.72
PAY005507,O005507,digital_wallet,1,3371.07
PAY005508,O005508,credit_card,2,1913.83
PAY005509,O005509,credit_card,3,105.25
PAY005510,O005510,credit_card,1,1189.59
PAY005511,O005511,digital_wallet,1,787.69
PAY005512,O005512,credit_card,2,1300.39
PAY005513,O005513,bank_transfer,1,646.32
PAY005514,O005514,debit_card,1,1103.71
PAY005515,O005515,credit_card,6,351.29
PAY005516,O005516,credit_card,1,1616.02
PAY005517,O005517,credit_card,12,794.5
PAY005518,O005518,bank_transfer,1,352.36
PAY005519,O005519,digital_wallet,1,1282.31
PAY005520,O005520,bank_transfer,1,2382.35
PAY005521,O005521,credit_card,1,432.13
PAY005522,O005522,credit_card,2,2712.8
PAY005523,O005523,digital_wallet,1,1158.77
PAY005524,O005524,credit_card,12,1140.11
PAY005525,O005525,credit_card,12,501.8
PAY005526,O005526,debit_card,1,419.03
PAY005527,O005527,credit_card,3,846.9
PAY005528,O005528,credit_card,1,1104.77
PAY005529,O005529,digital_wallet,1,328.54
PAY005530,O005530,debit_card,1,96.5
PAY005531,O005531,credit_card,12,626.12
PAY005532,O005532,digital_wallet,1,218.65
PAY005533,O005533,debit_card,1,1501.37
PAY005534,O005534,credit_card,3,722.39
PAY005535,O005535,bank_transfer,1,199.52
PAY005536,O005536,credit_card,2,603.57
PAY005537,O005537,credit_card,6,800.22
PAY005538,O005538,credit_card,6,273.98
PAY005539,O005539,credit_card,1,3462.75
PAY005540,O005540,digital_wallet,1,278.7
PAY005541,O005541,digital_wallet,1,786.35
PAY005542,O005542,digital_wallet,1,269.18
PAY005543,O005543,credit_card,1,1472.2
PAY005544,O005544,credit_card,3,1726.33
PAY005545,O005545,credit_card,1,438.53
PAY005546,O005546,credit_card,1,2504.18
PAY005547,O005547,debit_card,1,2089.41
PAY005548,O005548,credit_card,6,427.01
PAY005549,O005549,debit_card,1,482.6
PAY005550,O005550,credit_card,1,2082.35
PAY005551,O005551,credit_card,3,1321.31
PAY005552,O005552,credit_card,2,395.38
PAY005553,O005553,credit_card,3,1093.18
PAY005554,O005554,credit_card,12,817.58
PAY005555,O005555,credit_card,6,1993.43
PAY005556,O005556,credit_card,3,1916.55
PAY005557,O005557,debit_card,1,857.1
PAY005558,O005558,credit_card,1,1544.43
PAY005559,O005559,credit_card,1,362.98
PAY005560,O005560,debit_card,1,35.1
PAY005561,O005561,credit_card,6,782.52
PAY005562,O005562,debit_card,1,55.91
PAY005563,O005563,credit_card,3,325.76
PAY005564,O005564,credit_card,1,865.83
PAY005565,O005565,debit_card,1,1248.77
PAY005566,O005566,credit_card,1,2190.57
PAY005567,O005567,credit_card,6,1132.56
PAY005568,O005568,bank_transfer,1,3196.02
PAY005569,O005569,credit_card,2,309.29
PAY005570,O005570,debit_card,1,54.79
PAY005571,O005571,debit_card,1,1507.36
PAY005572,O005572,debit_card,1,1394.12
PAY005573,O005573,credit_card,1,1358.18
PAY005574,O005574,credit_card,3,1855.84
PAY005575,O005575,debit_card,1,1483.22
PAY005576,O005576,credit_card,3,32.05
PAY005577,O005577,credit_card,2,1258.62
PAY005578,O005578,debit_card,1,733.68
PAY005579,O005579,digital_wallet,1,18709.39
PAY005580,O005580,digital_wallet,1,3015.06
PAY005581,O005581,credit_card,1,227.54
PAY005582,O005582,credit_card,2,1780.85
PAY005583,O005583,debit_card,1,1332.69
PAY005584,O005584,digital_wallet,1,501.89
PAY005585,O005585,credit_card,3,751.53
PAY005586,O005586,credit_card,1,241.38
PAY005587,O005587,credit_card,1,4043.03
PAY005588,O005588,bank_transfer,1,2018.85
PAY005589,O005589,credit_card,1,582.86
PAY005590,O005590,credit_card,3,1238.54
PAY005591,O005591,credit_card,2,713.05
PAY005592,O005592,digital_wallet,1,563.25
PAY005593,O005593,credit_card,12,3298.65
PAY005594,O005594,credit_card,6,1568.62
PAY005595,O005595,credit_card,2,3036.64
PAY005596,O005596,credit_card,6,361.0
PAY005597,O005597,credit_card,1,644.06
PAY005598,O005598,debit_card,1,813.9
PAY005599,O005599,debit_card,1,255.88
PAY005600,O005600,debit_card,1,168.51
PAY005601,O005601,bank_transfer,1,912.31
PAY005602,O005602,credit_card,2,586.05
PAY005603,O005603,credit_card,3,1980.56
PAY005604,O005604,debit_card,1,817.49
PAY005605,O005605,debit_card,1,428.59
PAY005606,O005606,credit_card,1,720.76
PAY005607,O005607,credit_card,12,370.38
PAY005608,O005608,credit_card,1,349.86
PAY005609,O005609,debit_card,1,443.02
PAY005610,O005610,credit_card,3,1416.04
PAY005611,O005611,debit_card,1,470.31
PAY005612,O005612,debit_card,1,1262.81
PAY005613,O005613,credit_card,3,588.5
PAY005614,O005614,credit_card,3,238.58
PAY005615,O005615,debit_card,1,334.14
PAY005616,O005616,credit_card,12,970.68
PAY005617,O005617,debit_card,1,538.53
PAY005618,O005618,credit_card,1,1708.96
PAY005619,O005619,credit_card,2,433.06
PAY005620,O005620,debit_card,1,1054.3
PAY005621,O005621,credit_card,3,2462.85
PAY005622,O005622,credit_card,2,85.14
PAY005623,O005623,credit_card,2,782.56
PAY005624,O005624,credit_card,2,813.86
PAY005625,O005625,digital_wallet,1,678.69
PAY005626,O005626,credit_card,12,958.45
PAY005627,O005627,digital_wallet,1,329.39
PAY005628,O005628,debit_card,1,102.09
PAY005629,O005629,digital_wallet,1,1879.87
PAY005630,O005630,debit_card,1,593.04
PAY005631,O005631,debit_card,1,852.61
PAY005632,O005632,credit_card,1,1582.31
PAY005633,O005633,credit_card,2,596.76
PAY005634,O005634,credit_card,1,2518.24
PAY005635,O005635,credit_card,1,2678.51
PAY005636,O005636,credit_card,6,211.15
PAY005637,O005637,credit_card,2,440.11
PAY005638,O005638,digital_wallet,1,380.47
PAY005639,O005639,bank_transfer,1,1129.24
PAY005640,O005640,digital_wallet,1,1583.65
PAY005641,O005641,debit_card,1,3331.49
PAY005642,O005642,credit_card,2,1353.2
PAY005643,O005643,credit_card,3,854.15
PAY005644,O005644,digital_wallet,1,279.69
PAY005645,O005645,credit_card,3,167.15
PAY005646,O005646,credit_card,1,778.94
PAY005647,O005647,credit_card,3,946.22
PAY005648,O005648,bank_transfer,1,1398.53
PAY005649,O005649,credit_card,1,489.53
PAY005650,O005650,credit_card,1,433.33
PAY005651,O005651, credit_card ,1,563.33
PAY005652,O005652,credit_card,1,444.49
PAY005653,O005653,digital_wallet,1,28.4
PAY005654,O005654,credit_card,2,161.25
PAY005655,O005655,credit_card,6,537.61
PAY005656,O005656,credit_card,1,80.3
PAY005657,O005657,debit_card,1,1330.39
PAY005658,O005658,credit_card,2,1028.73
PAY005659,O005659,digital_wallet,1,1048.02
PAY005660,O005660,debit_card,1,693.16
PAY005661,O005661,credit_card,1,784.66
PAY005662,O005662,credit_card,1,333.86
PAY005663,O005663,digital_wallet,1,1133.8
PAY005664,O005664,bank_transfer,1,613.9
PAY005665,O005665,debit_card,1,4183.02
PAY005666,O005666,credit_card,2,111.62
PAY005667,O005667,credit_card,2,2350.36
PAY005668,O005668,credit_card,1,6900.03
PAY005669,O005669,credit_card,3,1470.86
PAY005670,O005670,debit_card,1,1397.5
PAY005671,O005671,digital_wallet,1,525.7
PAY005672,O005672,credit_card,6,120.95
PAY005673,O005673,credit_card,2,2155.48
PAY005674,O005674,credit_card,1,405.79
PAY005675,O005675,BANK_TRANSFER,1,1685.5
PAY005676,O005676,credit_card,12,837.43
PAY005677,O005677,credit_card,1,1766.61
PAY005678,O005678,digital_wallet,1,1778.76
PAY005679,O005679,debit_card,1,2268.45
PAY005680,O005680,credit_card,12,1603.85
PAY005681,O005681,debit_card,1,472.46
PAY005682,O005682,digital_wallet,1,1368.3
PAY005683,O005683,bank_transfer,1,153.65
PAY005684,O005684,BANK_TRANSFER,1,224.86
PAY005685,O005685,digital_wallet,1,530.62
PAY005686,O005686,credit_card,6,1100.8
PAY005687,O005687,bank_transfer,1,809.6
PAY005688,O005688,digital_wallet,1,948.03
PAY005689,O005689,digital_wallet,1,1376.78
PAY005690,O005690,debit_card,1,620.31
PAY005691,O005691,credit_card,1,1599.78
PAY005692,O005692,credit_card,3,1080.89
PAY005693,O005693,credit_card,1,333.18
PAY005694,O005694,credit_card,3,3530.06
PAY005695,O005695,bank_transfer,1,568.07
PAY005696,O005696,bank_transfer,1,320.3
PAY005697,O005697,debit_card,1,108.69
PAY005698,O005698,debit_card,1,955.5
PAY005699,O005699,digital_wallet,1,601.36
PAY005700,O005700, credit_card ,3,1488.37
PAY005701,O005701,credit_card,1,3246.55
PAY005702,O005702,credit_card,1,2058.87
PAY005703,O005703,digital_wallet,1,1456.67
PAY005704,O005704,credit_card,3,5816.42
PAY005705,O005705,DEBIT_CARD,1,285.41
PAY005706,O005706,credit_card,3,93.85
PAY005707,O005707,debit_card,1,362.85
PAY005708,O005708,debit_card,1,190.32
PAY005709,O005709,credit_card,2,3550.27
PAY005710,O005710,digital_wallet,1,1529.67
PAY005711,O005711,bank_transfer,1,1120.78
PAY005712,O005712,debit_card,1,663.64
PAY005713,O005713,bank_transfer,1,41.66
PAY005714,O005714,bank_transfer,1,1060.44
PAY005715,O005715,credit_card,2,444.89
PAY005716,O005716,debit_card,1,645.33
PAY005717,O005717,bank_transfer,1,1834.09
PAY005718,O005718,debit_card,1,990.27
PAY005719,O005719,debit_card,1,409.2
PAY005720,O005720,credit_card,1,1295.69
PAY005721,O005721,debit_card,1,218.12
PAY005722,O005722,credit_card,6,509.75
PAY005723,O005723,credit_card,12,1313.56
PAY005724,O005724,DIGITAL_WALLET,1,765.95
PAY005725,O005725,credit_card,2,802.55
PAY005726,O005726,digital_wallet,1,153.18
PAY005727,O005727,credit_card,3,818.41
PAY005728,O005728,credit_card,1,950.04
PAY005729,O005729,credit_card,3,252.0
PAY005730,O005730,credit_card,6,965.77
PAY005731,O005731,bank_transfer,1,2274.13
PAY005732,O005732,credit_card,1,122.57
PAY005733,O005733,credit_card,1,865.78
PAY005734,O005734,debit_card,1,1049.42
PAY005735,O005735,bank_transfer,1,3451.71
PAY005736,O005736,credit_card,1,1463.78
PAY005737,O005737,debit_card,1,571.04
PAY005738,O005738,credit_card,12,1020.43
PAY005739,O005739,credit_card,6,2091.52
PAY005740,O005740,credit_card,3,86.03
PAY005741,O005741,credit_card,2,324.14
PAY005742,O005742,credit_card,12,2731.67
PAY005743,O005743,credit_card,1,619.32
PAY005744,O005744,credit_card,12,917.82
PAY005745,O005745,debit_card,1,829.1
PAY005746,O005746,bank_transfer,1,847.44
PAY005747,O005747,credit_card,3,1202.96
PAY005748,O005748,bank_transfer,1,418.04
PAY005749,O005749,credit_card,1,293.75
PAY005750,O005750,credit_card,6,1008.88
PAY005751,O005751,credit_card,12,1103.28
PAY005752,O005752,credit_card,3,559.49
PAY005753,O005753,debit_card,1,473.5
PAY005754,O005754,bank_transfer,1,112.21
PAY005755,O005755,credit_card,6,1260.39
PAY005756,O005756,credit_card,1,422.71
PAY005757,O005757,credit_card,2,580.19
PAY005758,O005758,credit_card,1,1075.44
PAY005759,O005759,credit_card,3,805.9
PAY005760,O005760,credit_card,1,255.52
PAY005761,O005761,bank_transfer,1,99.68
PAY005762,O005762,debit_card,1,968.37
PAY005763,O005763,debit_card,1,124.55
PAY005764,O005764,credit_card,1,2840.85
PAY005765,O005765,credit_card,2,877.16
PAY005766,O005766,credit_card,1,1616.18
PAY005767,O005767,credit_card,1,938.71
PAY005768,O005768,digital_wallet,1,8014.06
PAY005769,O005769,credit_card,1,763.9
PAY005770,O005770,credit_card,1,2535.28
PAY005771,O005771,credit_card,2,1227.0
PAY005772,O005772,credit_card,6,894.29
PAY005773,O005773,credit_card,6,409.88
PAY005774,O005774,credit_card,3,1549.38
PAY005775,O005775,credit_card,1,368.58
PAY005776,O005776,credit_card,1,901.22
PAY005777,O005777,debit_card,1,890.22
PAY005778,O005778,credit_card,3,92.35
PAY005779,O005779,credit_card,3,1097.06
PAY005780,O005780,credit_card,2,990.37
PAY005781,O005781,digital_wallet,1,273.81
PAY005782,O005782,credit_card,1,235.26
PAY005783,O005783,credit_card,3,1466.91
PAY005784,O005784,credit_card,2,4047.03
PAY005785,O005785,credit_card,6,1377.93
PAY005786,O005786,credit_card,1,288.43
PAY005787,O005787,credit_card,3,222.71
PAY005788,O005788,debit_card,1,706.63
PAY005789,O005789,debit_card,1,145.27
PAY005790,O005790,digital_wallet,1,354.69
PAY005791,O005791,debit_card,1,464.77
PAY005792,O005792,credit_card,2,200.1
PAY005793,O005793,digital_wallet,1,1348.23
PAY005794,O005794,debit_card,1,1102.5
PAY005795,O005795,credit_card,1,480.8
PAY005796,O005796,debit_card,1,1852.23
PAY005797,O005797,digital_wallet,1,504.73
PAY005798,O005798,debit_card,1,2384.79
PAY005799,O005799,credit_card,3,1507.99
PAY005800,O005800,credit_card,1,1495.63
PAY005801,O005801,credit_card,3,1259.63
PAY005802,O005802,credit_card,1,583.75
PAY005803,O005803,debit_card,1,525.69
PAY005804,O005804,credit_card,6,1579.76
PAY005805,O005805,debit_card,1,20019.15
PAY005806,O005806,debit_card,1,560.37
PAY005807,O005807,bank_transfer,1,1279.14
PAY005808,O005808,credit_card,2,1027.17
PAY005809,O005809,digital_wallet,1,911.76
PAY005810,O005810,credit_card,2,2736.6
PAY005811,O005811,digital_wallet,1,119.18
PAY005812,O005812,bank_transfer,1,822.03
PAY005813,O005813,credit_card,1,689.8
PAY005814,O005814,credit_card,1,2296.09
PAY005815,O005815,debit_card,1,1092.9
PAY005816,O005816,debit_card,1,823.23
PAY005817,O005817,credit_card,3,888.03
PAY005818,O005818,bank_transfer,1,591.29
PAY005819,O005819,credit_card,3,463.44
PAY005820,O005820,credit_card,1,2335.17
PAY005821,O005821,credit_card,12,726.92
PAY005822,O005822,debit_card,1,941.82
PAY005823,O005823,debit_card,1,2289.68
PAY005824,O005824,digital_wallet,1,791.89
PAY005825,O005825,credit_card,6,3499.66
PAY005826,O005826,digital_wallet,1,967.19
PAY005827,O005827,credit_card,1,72.74
PAY005828,O005828,credit_card,12,1704.59
PAY005829,O005829,credit_card,2,574.93
PAY005830,O005830,credit_card,2,731.74
PAY005831,O005831,credit_card,2,908.45
PAY005832,O005832,debit_card,1,834.01
PAY005833,O005833,bank_transfer,1,34.29
PAY005834,O005834,credit_card,6,552.31
PAY005835,O005835,credit_card,3,149.99
PAY005836,O005836,digital_wallet,1,1175.83
PAY005837,O005837,bank_transfer,1,461.26
PAY005838,O005838,bank_transfer,1,235.76
PAY005839,O005839,digital_wallet,1,836.58
PAY005840,O005840,credit_card,6,979.04
PAY005841,O005841,bank_transfer,1,123.61
PAY005842,O005842,bank_transfer,1,112.59
PAY005843,O005843,debit_card,1,500.93
PAY005844,O005844,credit_card,1,815.38
PAY005845,O005845,credit_card,1,1962.98
PAY005846,O005846,digital_wallet,1,686.49
PAY005847,O005847,debit_card,1,430.1
PAY005848,O005848,debit_card,1,481.17
PAY005849,O005849,credit_card,6,73.79
PAY005850,O005850,credit_card,12,890.16
PAY005851,O005851,bank_transfer,1,522.38
PAY005852,O005852,debit_card,1,2469.95
PAY005853,O005853,credit_card,6,2261.11
PAY005854,O005854,bank_transfer,1,489.66
PAY005855,O005855,credit_card,6,171.11
PAY005856,O005856,bank_transfer,1,1352.35
PAY005857,O005857,bank_transfer,1,464.53
PAY005858,O005858,debit_card,1,593.68
PAY005859,O005859,bank_transfer,1,2066.32
PAY005860,O005860,digital_wallet,1,504.99
PAY005861,O005861,credit_card,1,969.77
PAY005862,O005862,credit_card,2,248.24
PAY005863,O005863,credit_card,12,448.35
PAY005864,O005864,debit_card,1,2053.39
PAY005865,O005865,credit_card,3,710.97
PAY005866,O005866,credit_card,1,1609.2
PAY005867,O005867,debit_card,1,746.51
PAY005868,O005868,credit_card,6,419.8
PAY005869,O005869,credit_card,3,596.34
PAY005870,O005870,credit_card,6,480.51
PAY005871,O005871,debit_card,1,848.94
PAY005872,O005872,credit_card,1,150.0
PAY005873,O005873,bank_transfer,1,553.42
PAY005874,O005874,credit_card,3,394.29
PAY005875,O005875,credit_card,6,817.03
PAY005876,O005876,debit_card,1,2168.36
PAY005877,O005877,credit_card,2,1355.09
PAY005878,O005878,credit_card,1,3672.37
PAY005879,O005879,debit_card,1,1399.15
PAY005880,O005880,bank_transfer,1,375.22
PAY005881,O005881,credit_card,3,596.36
PAY005882,O005882,credit_card,3,506.93
PAY005883,O005883,credit_card,2,402.26
PAY005884,O005884,credit_card,6,499.18
PAY005885,O005885,credit_card,2,316.35
PAY005886,O005886,credit_card,3,421.53
PAY005887,O005887,credit_card,2,4348.97
PAY005888,O005888,debit_card,1,2358.95
PAY005889,O005889,credit_card,3,460.82
PAY005890,O005890,bank_transfer,1,377.44
PAY005891,O005891,credit_card,1,2190.41
PAY005892,O005892,credit_card,2,879.06
PAY005893,O005893,bank_transfer,1,615.4
PAY005894,O005894,debit_card,1,124.66
PAY005895,O005895,credit_card,1,1896.89
PAY005896,O005896,credit_card,1,2697.83
PAY005897,O005897,bank_transfer,1,2289.28
PAY005898,O005898,digital_wallet,1,831.28
PAY005899,O005899,credit_card,12,501.35
PAY005900,O005900,credit_card,1,2499.33
PAY005901,O005901,credit_card,6,1927.03
PAY005902,O005902,credit_card,6,1812.72
PAY005903,O005903,credit_card,6,955.25
PAY005904,O005904,credit_card,3,1369.98
PAY005905,O005905,credit_card,12,1956.65
PAY005906,O005906,credit_card,3,1210.15
PAY005907,O005907,credit_card,1,482.75
PAY005908,O005908,credit_card,3,1018.11
PAY005909,O005909,credit_card,2,451.6
PAY005910,O005910,debit_card,1,197.84
PAY005911,O005911,debit_card,1,576.5
PAY005912,O005912,credit_card,3,422.34
PAY005913,O005913,credit_card,3,685.62
PAY005914,O005914,digital_wallet,1,95.58
PAY005915,O005915,credit_card,1,287.13
PAY005916,O005916,bank_transfer,1,2319.5
PAY005917,O005917,credit_card,1,797.06
PAY005918,O005918,bank_transfer,1,1588.56
PAY005919,O005919,digital_wallet,1,1527.68
PAY005920,O005920,debit_card,1,1058.21
PAY005921,O005921,credit_card,2,691.23
PAY005922,O005922,credit_card,1,1527.95
PAY005923,O005923,digital_wallet,1,325.57
PAY005924,O005924,credit_card,2,805.68
PAY005925,O005925,credit_card,2,1216.25
PAY005926,O005926,debit_card,1,2014.32
PAY005927,O005927,credit_card,12,2389.75
PAY005928,O005928,credit_card,1,1701.83
PAY005929,O005929,debit_card,1,2501.03
PAY005930,O005930,bank_transfer,1,354.5
PAY005931,O005931,debit_card,1,2887.74
PAY005932,O005932,credit_card,2,338.94
PAY005933,O005933,bank_transfer,1,662.84
PAY005934,O005934,credit_card,6,472.99
PAY005935,O005935,credit_card,1,945.01
PAY005936,O005936,bank_transfer,1,160.3
PAY005937,O005937,digital_wallet,1,917.07
PAY005938,O005938,debit_card,1,2447.48
PAY005939,O005939,debit_card,1,2116.4
PAY005940,O005940,credit_card,1,1195.79
PAY005941,O005941,credit_card,2,21031.7
PAY005942,O005942, bank_transfer ,1,889.38
PAY005943,O005943,digital_wallet,1,138.73
PAY005944,O005944,credit_card,1,547.23
PAY005945,O005945,bank_transfer,1,345.84
PAY005946,O005946,bank_transfer,1,781.34
PAY005947,O005947,digital_wallet,1,2071.04
PAY005948,O005948,debit_card,1,1093.5
PAY005949,O005949,credit_card,1,1608.68
PAY005950,O005950,credit_card,3,141.04
PAY005951,O005951,digital_wallet,1,403.49
PAY005952,O005952,debit_card,1,241.3
PAY005953,O005953,credit_card,2,1408.22
PAY005954,O005954,credit_card,2,1656.39
PAY005955,O005955,credit_card,1,118.07
PAY005956,O005956,credit_card,6,718.47
PAY005957,O005957,bank_transfer,1,147.78
PAY005958,O005958,credit_card,1,209.16
PAY005959,O005959,credit_card,1,234.05
PAY005960,O005960,debit_card,1,95.0
PAY005961,O005961,debit_card,1,473.73
PAY005962,O005962,bank_transfer,1,318.3
PAY005963,O005963,digital_wallet,1,838.74
PAY005964,O005964,credit_card,1,148.09
PAY005965,O005965,bank_transfer,1,12.13
PAY005966,O005966,debit_card,1,245.45
PAY005967,O005967,debit_card,1,79.24
PAY005968,O005968,debit_card,1,443.82
PAY005969,O005969,debit_card,1,929.01
PAY005970,O005970,credit_card,2,358.73
PAY005971,O005971,credit_card,3,862.85
PAY005972,O005972,credit_card,1,657.46
PAY005973,O005973,DIGITAL_WALLET,1,488.77
PAY005974,O005974,debit_card,1,1531.46
PAY005975,O005975,credit_card,6,1489.12
PAY005976,O005976,digital_wallet,1,834.6
PAY005977,O005977,debit_card,1,764.65
PAY005978,O005978,debit_card,1,65.03
PAY005979,O005979,credit_card,3,1075.6
PAY005980,O005980,credit_card,2,159.43
PAY005981,O005981,debit_card,1,39.67
PAY005982,O005982, debit_card ,1,151.91
PAY005983,O005983,credit_card,1,489.84
PAY005984,O005984,credit_card,12,333.7
PAY005985,O005985,credit_card,1,405.86
PAY005986,O005986,credit_card,2,2298.94
PAY005987,O005987,debit_card,1,2215.87
PAY005988,O005988,bank_transfer,1,61.94
PAY005989,O005989,credit_card,1,768.0
PAY005990,O005990,credit_card,6,153.57
PAY005991,O005991,credit_card,12,507.96
PAY005992,O005992,digital_wallet,1,233.27
PAY005993,O005993,debit_card,1,1355.15
PAY005994,O005994,credit_card,1,255.85
PAY005995,O005995,credit_card,1,874.16
PAY005996,O005996,bank_transfer,1,2015.25
PAY005997,O005997,credit_card,2,162.97
PAY005998,O005998,digital_wallet,1,334.05
PAY005999,O005999,credit_card,2,941.13
PAY006000,O006000,debit_card,1,1638.11
PAY006001,O006001,credit_card,2,563.5
PAY006002,O006002,debit_card,1,1269.91
PAY006003,O006003,credit_card,2,1525.91
PAY006004,O006004,digital_wallet,1,1884.9
PAY006005,O006005,credit_card,3,1861.29
PAY006006,O006006,credit_card,1,2462.29
PAY006007,O006007,debit_card,1,347.61
PAY006008,O006008,digital_wallet,1,872.6
PAY006009,O006009,bank_transfer,1,953.55
PAY006010,O006010,digital_wallet,1,852.74
PAY006011,O006011,credit_card,3,850.73
PAY006012,O006012,credit_card,2,3286.75
PAY006013,O006013,credit_card,12,497.01
PAY006014,O006014,debit_card,1,1486.72
PAY006015,O006015,credit_card,6,146.32
PAY006016,O006016,digital_wallet,1,907.75
PAY006017,O006017,debit_card,1,904.75
PAY006018,O006018,credit_card,1,403.02
PAY006019,O006019,credit_card,1,1121.43
PAY006020,O006020,credit_card,2,872.78
PAY006021,O006021,credit_card,1,1884.49
PAY006022,O006022,credit_card,1,938.74
PAY006023,O006023,debit_card,1,866.07
PAY006024,O006024,bank_transfer,1,3607.19
PAY006025,O006025,debit_card,1,353.68
PAY006026,O006026,credit_card,1,1132.42
PAY006027,O006027,credit_card,3,279.79
PAY006028,O006028,credit_card,6,2270.65
PAY006029,O006029,debit_card,1,734.87
PAY006030,O006030,debit_card,1,1588.87
PAY006031,O006031,digital_wallet,1,380.7
PAY006032,O006032,digital_wallet,1,95.6
PAY006033,O006033,credit_card,3,434.35
PAY006034,O006034,CREDIT_CARD,12,792.39
PAY006035,O006035,credit_card,1,1512.55
PAY006036,O006036,bank_transfer,1,51.26
PAY006037,O006037,credit_card,1,375.41
PAY006038,O006038,debit_card,1,422.54
PAY006039,O006039,debit_card,1,1946.23
PAY006040,O006040,bank_transfer,1,508.5
PAY006041,O006041,debit_card,1,3690.94
PAY006042,O006042,bank_transfer,1,267.34
PAY006043,O006043,DIGITAL_WALLET,1,635.1
PAY006044,O006044,digital_wallet,1,319.96
PAY006045,O006045,digital_wallet,1,1400.35
PAY006046,O006046,digital_wallet,1,497.8
PAY006047,O006047,digital_wallet,1,862.93
PAY006048,O006048,debit_card,1,356.08
PAY006049,O006049,credit_card,6,746.89
PAY006050,O006050,debit_card,1,772.01
PAY006051,O006051,credit_card,3,581.05
PAY006052,O006052,digital_wallet,1,1452.97
PAY006053,O006053,credit_card,1,1027.57
PAY006054,O006054,credit_card,2,705.68
PAY006055,O006055, credit_card ,1,205.89
PAY006056,O006056,debit_card,1,94.66
PAY006057,O006057,credit_card,3,169.4
PAY006058,O006058,credit_card,6,732.53
PAY006059,O006059,credit_card,2,406.9
PAY006060,O006060,debit_card,1,432.33
PAY006061,O006061,digital_wallet,1,760.66
PAY006062,O006062,debit_card,1,252.7
PAY006063,O006063,debit_card,1,1146.04
PAY006064,O006064,credit_card,1,1565.26
PAY006065,O006065,debit_card,1,754.74
PAY006066,O006066,credit_card,6,920.93
PAY006067,O006067,digital_wallet,1,44.44
PAY006068,O006068,credit_card,3,504.72
PAY006069,O006069,debit_card,1,578.57
PAY006070,O006070,digital_wallet,1,438.8
PAY006071,O006071,credit_card,1,793.8
PAY006072,O006072,debit_card,1,240.64
PAY006073,O006073,debit_card,1,4748.03
PAY006074,O006074,credit_card,12,321.1
PAY006075,O006075,debit_card,1,269.72
PAY006076,O006076,credit_card,3,431.11
PAY006077,O006077,credit_card,1,454.89
PAY006078,O006078,credit_card,1,951.79
PAY006079,O006079,digital_wallet,1,652.91
PAY006080,O006080,debit_card,1,449.22
PAY006081,O006081,debit_card,1,1330.55
PAY006082,O006082,credit_card,1,536.98
PAY006083,O006083,credit_card,6,849.42
PAY006084,O006084,credit_card,1,1944.09
PAY006085,O006085,debit_card,1,850.8
PAY006086,O006086,debit_card,1,2730.84
PAY006087,O006087,credit_card,2,1967.16
PAY006088,O006088,debit_card,1,495.5
PAY006089,O006089,credit_card,6,85.12
PAY006090,O006090,credit_card,6,1033.04
PAY006091,O006091,credit_card,6,1160.15
PAY006092,O006092,credit_card,1,246.58
PAY006093,O006093,debit_card,1,1895.21
PAY006094,O006094,credit_card,6,2554.22
PAY006095,O006095,credit_card,3,399.94
PAY006096,O006096,debit_card,1,911.03
PAY006097,O006097,debit_card,1,182.28
PAY006098,O006098,credit_card,1,398.1
PAY006099,O006099,credit_card,6,84.51
PAY006100,O006100,bank_transfer,1,726.58
PAY006101,O006101,bank_transfer,1,1453.34
PAY006102,O006102,credit_card,6,160.89
PAY006103,O006103,debit_card,1,181.7
PAY006104,O006104,credit_card,1,496.19
PAY006105,O006105,credit_card,1,955.24
PAY006106,O006106,credit_card,12,766.66
PAY006107,O006107,debit_card,1,1337.68
PAY006108,O006108,credit_card,3,1263.85
PAY006109,O006109,credit_card,2,633.41
PAY006110,O006110,digital_wallet,1,319.37
PAY006111,O006111,credit_card,12,582.5
PAY006112,O006112,bank_transfer,1,219.64
PAY006113,O006113,credit_card,3,919.38
PAY006114,O006114,digital_wallet,1,1844.7
PAY006115,O006115,credit_card,6,2221.61
PAY006116,O006116,digital_wallet,1,954.22
PAY006117,O006117,credit_card,3,502.43
PAY006118,O006118,credit_card,6,1462.53
PAY006119,O006119,credit_card,3,522.8
PAY006120,O006120,debit_card,1,462.26
PAY006121,O006121,credit_card,3,476.34
PAY006122,O006122,bank_transfer,1,856.75
PAY006123,O006123,digital_wallet,1,1223.35
PAY006124,O006124,debit_card,1,600.42
PAY006125,O006125,bank_transfer,1,362.12
PAY006126,O006126,bank_transfer,1,510.45
PAY006127,O006127,credit_card,2,892.39
PAY006128,O006128,credit_card,12,399.12
PAY006129,O006129,credit_card,12,663.66
PAY006130,O006130,debit_card,1,378.74
PAY006131,O006131,debit_card,1,166.28
PAY006132,O006132,debit_card,1,557.35
PAY006133,O006133,credit_card,3,472.13
PAY006134,O006134,credit_card,2,99.16
PAY006135,O006135,credit_card,12,1021.49
PAY006136,O006136,credit_card,2,1790.07
PAY006137,O006137,digital_wallet,1,1931.35
PAY006138,O006138,credit_card,3,1872.08
PAY006139,O006139,credit_card,1,180.68
PAY006140,O006140,credit_card,2,1138.55
PAY006141,O006141,bank_transfer,1,319.07
PAY006142,O006142,digital_wallet,1,964.66
PAY006143,O006143,credit_card,2,3183.62
PAY006144,O006144,bank_transfer,1,368.85
PAY006145,O006145,digital_wallet,1,908.53
PAY006146,O006146,debit_card,1,1314.68
PAY006147,O006147,digital_wallet,1,3025.64
PAY006148,O006148,credit_card,1,1829.8
PAY006149,O006149,credit_card,3,1465.7
PAY006150,O006150,credit_card,6,354.19
PAY006151,O006151,digital_wallet,1,1640.94
PAY006152,O006152,credit_card,12,47.36
PAY006153,O006153,digital_wallet,1,780.73
PAY006154,O006154,credit_card,12,136.48
PAY006155,O006155,digital_wallet,1,700.75
PAY006156,O006156,debit_card,1,1302.72
PAY006157,O006157,debit_card,1,69.21
PAY006158,O006158,credit_card,1,936.8
PAY006159,O006159,credit_card,1,481.75
PAY006160,O006160,digital_wallet,1,139.71
PAY006161,O006161,credit_card,2,868.34
PAY006162,O006162,credit_card,1,190.04
PAY006163,O006163,bank_transfer,1,858.73
PAY006164,O006164,credit_card,1,36.98
PAY006165,O006165, bank_transfer ,1,100.75
PAY006166,O006166,DEBIT_CARD,1,459.09
PAY006167,O006167,debit_card,1,628.7
PAY006168,O006168,digital_wallet,1,1171.09
PAY006169,O006169,bank_transfer,1,807.55
PAY006170,O006170,bank_transfer,1,1392.4
PAY006171,O006171,credit_card,2,2025.72
PAY006172,O006172,debit_card,1,2800.21
PAY006173,O006173,bank_transfer,1,866.97
PAY006174,O006174,credit_card,12,565.77
PAY006175,O006175,credit_card,1,1168.4
PAY006176,O006176,credit_card,1,118.97
PAY006177,O006177,credit_card,6,1807.82
PAY006178,O006178,credit_card,1,890.21
PAY006179,O006179,credit_card,3,1462.83
PAY006180,O006180,credit_card,1,1737.43
PAY006181,O006181,debit_card,1,160.04
PAY006182,O006182,credit_card,2,870.08
PAY006183,O006183,credit_card,2,311.85
PAY006184,O006184,credit_card,2,163.99
PAY006185,O006185,credit_card,6,2027.23
PAY006186,O006186,credit_card,6,1802.14
PAY006187,O006187,credit_card,1,1140.28
PAY006188,O006188,DIGITAL_WALLET,1,703.78
PAY006189,O006189,bank_transfer,1,2004.78
PAY006190,O006190,credit_card,2,1141.55
PAY006191,O006191,credit_card,2,1915.64
PAY006192,O006192,credit_card,12,3287.08
PAY006193,O006193,digital_wallet,1,594.01
PAY006194,O006194,digital_wallet,1,37.7
PAY006195,O006195,debit_card,1,630.57
PAY006196,O006196,digital_wallet,1,710.02
PAY006197,O006197,digital_wallet,1,1871.37
PAY006198,O006198,credit_card,6,388.17
PAY006199,O006199,debit_card,1,905.02
PAY006200,O006200,credit_card,1,2663.14
PAY006201,O006201,credit_card,2,2338.08
PAY006202,O006202, debit_card ,1,1663.27
PAY006203,O006203,credit_card,2,176.44
PAY006204,O006204,credit_card,12,770.76
PAY006205,O006205,credit_card,12,772.53
PAY006206,O006206,credit_card,2,3153.98
PAY006207,O006207,bank_transfer,1,493.08
PAY006208,O006208,credit_card,1,1119.73
PAY006209,O006209,bank_transfer,1,984.57
PAY006210,O006210,credit_card,1,497.19
PAY006211,O006211,debit_card,1,1063.23
PAY006212,O006212,credit_card,1,625.6
PAY006213,O006213,digital_wallet,1,264.97
PAY006214,O006214,credit_card,6,1796.13
PAY006215,O006215,digital_wallet,1,460.64
PAY006216,O006216,credit_card,12,91.91
PAY006217,O006217, credit_card ,1,557.98
PAY006218,O006218,debit_card,1,628.85
PAY006219,O006219,debit_card,1,2637.08
PAY006220,O006220,bank_transfer,1,1572.65
PAY006221,O006221,credit_card,1,856.61
PAY006222,O006222,debit_card,1,855.02
PAY006223,O006223,credit_card,6,1366.53
PAY006224,O006224,credit_card,6,249.37
PAY006225,O006225,credit_card,12,134.99
PAY006226,O006226,bank_transfer,1,743.83
PAY006227,O006227,credit_card,2,716.19
PAY006228,O006228,credit_card,1,136.58
PAY006229,O006229,credit_card,1,499.26
PAY006230,O006230,credit_card,1,204.7
PAY006231,O006231,debit_card,1,1189.9
PAY006232,O006232,debit_card,1,1253.97
PAY006233,O006233,credit_card,6,1956.11
PAY006234,O006234,debit_card,1,1305.44
PAY006235,O006235,credit_card,12,545.06
PAY006236,O006236,credit_card,3,397.13
PAY006237,O006237,credit_card,3,574.76
PAY006238,O006238,credit_card,1,3660.61
PAY006239,O006239,credit_card,1,736.96
PAY006240,O006240,bank_transfer,1,2103.51
PAY006241,O006241,bank_transfer,1,1746.52
PAY006242,O006242,credit_card,1,481.42
PAY006243,O006243,credit_card,3,571.46
PAY006244,O006244,CREDIT_CARD,1,771.29
PAY006245,O006245,CREDIT_CARD,1,641.91
PAY006246,O006246,credit_card,2,2781.66
PAY006247,O006247,bank_transfer,1,1042.34
PAY006248,O006248,credit_card,1,2088.6
PAY006249,O006249,debit_card,1,2213.42
PAY006250,O006250,credit_card,12,51.28
PAY006251,O006251,digital_wallet,1,867.9
PAY006252,O006252,debit_card,1,38.3
PAY006253,O006253,credit_card,3,993.24
PAY006254,O006254,credit_card,2,480.72
PAY006255,O006255,debit_card,1,948.48
PAY006256,O006256,credit_card,1,773.49
PAY006257,O006257,debit_card,1,540.43
PAY006258,O006258,debit_card,1,590.11
PAY006259,O006259,credit_card,1,71.39
PAY006260,O006260, digital_wallet ,1,329.66
PAY006261,O006261,credit_card,3,4842.65
PAY006262,O006262,debit_card,1,614.59
PAY006263,O006263,credit_card,3,1407.54
PAY006264,O006264,credit_card,1,317.67
PAY006265,O006265,credit_card,1,1513.08
PAY006266,O006266,debit_card,1,179.07
PAY006267,O006267,credit_card,3,368.01
PAY006268,O006268,digital_wallet,1,67.61
PAY006269,O006269,debit_card,1,1491.64
PAY006270,O006270,credit_card,1,1719.81
PAY006271,O006271,credit_card,6,1214.13
PAY006272,O006272,bank_transfer,1,736.49
PAY006273,O006273,credit_card,12,1008.93
PAY006274,O006274,digital_wallet,1,674.98
PAY006275,O006275,digital_wallet,1,481.17
PAY006276,O006276,credit_card,1,123.51
PAY006277,O006277,debit_card,1,873.55
PAY006278,O006278,credit_card,2,2770.45
PAY006279,O006279,credit_card,2,748.51
PAY006280,O006280,debit_card,1,1304.94
PAY006281,O006281,digital_wallet,1,685.2
PAY006282,O006282,credit_card,3,2504.88
PAY006283,O006283,credit_card,3,1396.31
PAY006284,O006284,credit_card,3,3557.64
PAY006285,O006285,credit_card,1,1823.02
PAY006286,O006286,credit_card,3,453.41
PAY006287,O006287,credit_card,3,127.89
PAY006288,O006288,credit_card,6,208.94
PAY006289,O006289,debit_card,1,413.59
PAY006290,O006290,credit_card,2,1635.41
PAY006291,O006291,credit_card,3,712.65
PAY006292,O006292,bank_transfer,1,2445.86
PAY006293,O006293,credit_card,1,502.64
PAY006294,O006294,credit_card,3,480.96
PAY006295,O006295,digital_wallet,1,2013.29
PAY006296,O006296,digital_wallet,1,598.7
PAY006297,O006297,debit_card,1,503.24
PAY006298,O006298,debit_card,1,275.16
PAY006299,O006299,credit_card,1,1696.11
PAY006300,O006300,bank_transfer,1,1334.63
PAY006301,O006301,credit_card,3,533.18
PAY006302,O006302,digital_wallet,1,2764.41
PAY006303,O006303,bank_transfer,1,324.89
PAY006304,O006304,credit_card,1,309.43
PAY006305,O006305,debit_card,1,698.52
PAY006306,O006306,credit_card,2,258.11
PAY006307,O006307,bank_transfer,1,1161.37
PAY006308,O006308,credit_card,12,838.9
PAY006309,O006309,credit_card,2,339.13
PAY006310,O006310,credit_card,1,753.04
PAY006311,O006311,credit_card,6,3409.88
PAY006312,O006312,DIGITAL_WALLET,1,567.31
PAY006313,O006313,credit_card,12,683.66
PAY006314,O006314,debit_card,1,1201.09
PAY006315,O006315,credit_card,3,904.29
PAY006316,O006316,credit_card,2,463.78
PAY006317,O006317,bank_transfer,1,305.77
PAY006318,O006318,credit_card,6,929.45
PAY006319,O006319,bank_transfer,1,756.63
PAY006320,O006320,debit_card,1,81.98
PAY006321,O006321,bank_transfer,1,555.54
PAY006322,O006322,digital_wallet,1,684.43
PAY006323,O006323,bank_transfer,1,82.5
PAY006324,O006324,credit_card,3,2213.77
PAY006325,O006325,debit_card,1,566.23
PAY006326,O006326,credit_card,3,915.06
PAY006327,O006327,credit_card,3,2611.38
PAY006328,O006328,credit_card,1,1642.62
PAY006329,O006329,debit_card,1,19.95
PAY006330,O006330,debit_card,1,460.89
PAY006331,O006331,digital_wallet,1,2873.19
PAY006332,O006332,debit_card,1,783.91
PAY006333,O006333,debit_card,1,115.88
PAY006334,O006334,credit_card,1,620.77
PAY006335,O006335,credit_card,2,831.0
PAY006336,O006336,credit_card,1,535.87
PAY006337,O006337,credit_card,3,322.13
PAY006338,O006338,credit_card,3,914.48
PAY006339,O006339,bank_transfer,1,2232.21
PAY006340,O006340,credit_card,3,9.44
PAY006341,O006341,credit_card,1,1203.55
PAY006342,O006342,bank_transfer,1,2964.14
PAY006343,O006343,bank_transfer,1,618.02
PAY006344,O006344,credit_card,2,2811.06
PAY006345,O006345,credit_card,12,1053.35
PAY006346,O006346,credit_card,3,1454.14
PAY006347,O006347,debit_card,1,340.22
PAY006348,O006348,credit_card,2,1085.71
PAY006349,O006349,credit_card,1,883.14
PAY006350,O006350,credit_card,2,39.31
PAY006351,O006351,digital_wallet,1,401.19
PAY006352,O006352,credit_card,3,327.81
PAY006353,O006353,bank_transfer,1,389.17
PAY006354,O006354,bank_transfer,1,691.22
PAY006355,O006355,debit_card,1,1728.65
PAY006356,O006356,debit_card,1,101.13
PAY006357,O006357,credit_card,3,703.13
PAY006358,O006358,credit_card,6,2030.2
PAY006359,O006359,credit_card,6,466.79
PAY006360,O006360,credit_card,2,3312.24
PAY006361,O006361,credit_card,3,1634.48
PAY006362,O006362,credit_card,2,604.48
PAY006363,O006363,digital_wallet,1,365.77
PAY006364,O006364,digital_wallet,1,2592.26
PAY006365,O006365,debit_card,1,2456.89
PAY006366,O006366,credit_card,3,147.17
PAY006367,O006367,credit_card,12,220.32
PAY006368,O006368,credit_card,6,3841.75
PAY006369,O006369,credit_card,3,1467.57
PAY006370,O006370,credit_card,3,2709.1
PAY006371,O006371,bank_transfer,1,555.58
PAY006372,O006372,credit_card,1,604.08
PAY006373,O006373,digital_wallet,1,2266.39
PAY006374,O006374,credit_card,2,378.0
PAY006375,O006375,credit_card,2,132.99
PAY006376,O006376,debit_card,1,575.19
PAY006377,O006377,digital_wallet,1,713.65
PAY006378,O006378,credit_card,6,2603.51
PAY006379,O006379,credit_card,1,1570.73
PAY006380,O006380,credit_card,1,1503.52
PAY006381,O006381,credit_card,3,197.78
PAY006382,O006382,credit_card,12,913.81
PAY006383,O006383,digital_wallet,1,4482.19
PAY006384,O006384,credit_card,2,1199.0
PAY006385,O006385,digital_wallet,1,397.41
PAY006386,O006386,debit_card,1,731.59
PAY006387,O006387,digital_wallet,1,227.93
PAY006388,O006388,debit_card,1,858.05
PAY006389,O006389,digital_wallet,1,746.39
PAY006390,O006390,bank_transfer,1,721.76
PAY006391,O006391,digital_wallet,1,415.45
PAY006392,O006392,digital_wallet,1,1423.87
PAY006393,O006393,credit_card,6,824.59
PAY006394,O006394,credit_card,2,1285.17
PAY006395,O006395,credit_card,1,1113.29
PAY006396,O006396,debit_card,1,220.05
PAY006397,O006397,credit_card,2,1277.14
PAY006398,O006398,credit_card,6,158.95
PAY006399,O006399,credit_card,1,963.78
PAY006400,O006400,credit_card,1,1170.57
PAY006401,O006401,debit_card,1,566.03
PAY006402,O006402,digital_wallet,1,376.07
PAY006403,O006403,credit_card,1,660.66
PAY006404,O006404,credit_card,3,780.4
PAY006405,O006405,credit_card,6,405.32
PAY006406,O006406,debit_card,1,4102.01
PAY006407,O006407,credit_card,3,3826.06
PAY006408,O006408,credit_card,12,1407.3
PAY006409,O006409,debit_card,1,1867.99
PAY006410,O006410,credit_card,1,1785.01
PAY006411,O006411,bank_transfer,1,1251.79
PAY006412,O006412,bank_transfer,1,52.31
PAY006413,O006413,digital_wallet,1,846.86
PAY006414,O006414,credit_card,6,1985.48
PAY006415,O006415,credit_card,2,2649.89
PAY006416,O006416,credit_card,6,1140.0
PAY006417,O006417,credit_card,1,2693.39
PAY006418,O006418,debit_card,1,486.68
PAY006419,O006419,credit_card,1,631.77
PAY006420,O006420,credit_card,6,692.43
PAY006421,O006421,credit_card,6,991.62
PAY006422,O006422,debit_card,1,967.79
PAY006423,O006423,digital_wallet,1,3338.87
PAY006424,O006424,credit_card,2,1272.85
PAY006425,O006425,debit_card,1,177.17
PAY006426,O006426,credit_card,3,1609.47
PAY006427,O006427,credit_card,1,1548.94
PAY006428,O006428,debit_card,1,569.31
PAY006429,O006429,digital_wallet,1,430.69
PAY006430,O006430,credit_card,6,1493.15
PAY006431,O006431,digital_wallet,1,733.91
PAY006432,O006432,digital_wallet,1,3258.91
PAY006433,O006433,debit_card,1,1631.01
PAY006434,O006434,debit_card,1,797.49
PAY006435,O006435,bank_transfer,1,757.69
PAY006436,O006436,bank_transfer,1,456.16
PAY006437,O006437,bank_transfer,1,2070.49
PAY006438,O006438,credit_card,1,765.51
PAY006439,O006439,debit_card,1,343.32
PAY006440,O006440,debit_card,1,693.25
PAY006441,O006441,bank_transfer,1,656.97
PAY006442,O006442,credit_card,1,1215.84
PAY006443,O006443,credit_card,12,1777.28
PAY006444,O006444,digital_wallet,1,1953.83
PAY006445,O006445,digital_wallet,1,1292.96
PAY006446,O006446,debit_card,1,614.96
PAY006447,O006447,credit_card,1,57.35
PAY006448,O006448,credit_card,6,1188.81
PAY006449,O006449,digital_wallet,1,353.45
PAY006450,O006450,debit_card,1,1783.54
PAY006451,O006451,debit_card,1,921.4
PAY006452,O006452,credit_card,6,1215.79
PAY006453,O006453,debit_card,1,203.71
PAY006454,O006454,credit_card,1,409.56
PAY006455,O006455,debit_card,1,208.41
PAY006456,O006456,debit_card,1,488.95
PAY006457,O006457,credit_card,6,2403.41
PAY006458,O006458,credit_card,1,150.2
PAY006459,O006459,credit_card,1,1462.52
PAY006460,O006460,debit_card,1,359.85
PAY006461,O006461,debit_card,1,1261.38
PAY006462,O006462,debit_card,1,686.26
PAY006463,O006463,digital_wallet,1,2166.78
PAY006464,O006464,credit_card,2,915.97
PAY006465,O006465,digital_wallet,1,851.5
PAY006466,O006466,digital_wallet,1,1889.47
PAY006467,O006467,debit_card,1,712.59
PAY006468,O006468,credit_card,3,2033.22
PAY006469,O006469,credit_card,3,776.65
PAY006470,O006470,credit_card,6,1860.78
PAY006471,O006471,credit_card,3,955.45
PAY006472,O006472,debit_card,1,2062.97
PAY006473,O006473,credit_card,1,2990.94
PAY006474,O006474,digital_wallet,1,1044.73
PAY006475,O006475,bank_transfer,1,3635.8
PAY006476,O006476,credit_card,6,188.6
PAY006477,O006477,credit_card,3,1556.69
PAY006478,O006478,credit_card,1,358.1
PAY006479,O006479,digital_wallet,1,262.78
PAY006480,O006480,debit_card,1,500.27
PAY006481,O006481,credit_card,3,314.42
PAY006482,O006482,debit_card,1,638.99
PAY006483,O006483,credit_card,3,544.55
PAY006484,O006484,digital_wallet,1,204.35
PAY006485,O006485,credit_card,3,670.71
PAY006486,O006486,credit_card,6,732.97
PAY006487,O006487,debit_card,1,506.03
PAY006488,O006488,credit_card,3,1304.58
PAY006489,O006489,credit_card,1,508.18
PAY006490,O006490,credit_card,2,571.4
PAY006491,O006491,digital_wallet,1,449.01
PAY006492,O006492,credit_card,3,967.05
PAY006493,O006493,bank_transfer,1,553.61
PAY006494,O006494,credit_card,12,1524.73
PAY006495,O006495,bank_transfer,1,1271.53
PAY006496,O006496,debit_card,1,1489.84
PAY006497,O006497,credit_card,1,4571.47
PAY006498,O006498,credit_card,3,556.59
PAY006499,O006499,credit_card,2,514.53
PAY006500,O006500,debit_card,1,730.98
PAY006501,O006501,credit_card,6,329.94
PAY006502,O006502,credit_card,3,149.43
PAY006503,O006503,credit_card,1,20021.19
PAY006504,O006504,debit_card,1,876.42
PAY006505,O006505, credit_card ,3,98.34
PAY006506,O006506,digital_wallet,1,197.78
PAY006507,O006507,credit_card,2,519.02
PAY006508,O006508,debit_card,1,777.43
PAY006509,O006509,credit_card,6,250.8
PAY006510,O006510,credit_card,1,2020.56
PAY006511,O006511,credit_card,1,220.63
PAY006512,O006512,credit_card,2,430.74
PAY006513,O006513,credit_card,1,121.02
PAY006514,O006514,debit_card,1,442.88
PAY006515,O006515,credit_card,3,329.61
PAY006516,O006516,credit_card,1,582.56
PAY006517,O006517,credit_card,2,323.15
PAY006518,O006518,debit_card,1,198.4
PAY006519,O006519,credit_card,1,251.22
PAY006520,O006520,credit_card,2,293.91
PAY006521,O006521,credit_card,3,566.69
PAY006522,O006522,credit_card,2,361.35
PAY006523,O006523,credit_card,2,275.07
PAY006524,O006524,debit_card,1,452.14
PAY006525,O006525,credit_card,12,326.82
PAY006526,O006526,credit_card,1,825.17
PAY006527,O006527,credit_card,1,811.23
PAY006528,O006528,digital_wallet,1,1056.29
PAY006529,O006529,credit_card,1,121.71
PAY006530,O006530,credit_card,3,1297.1
PAY006531,O006531,credit_card,3,360.61
PAY006532,O006532,credit_card,1,2659.72
PAY006533,O006533,debit_card,1,2312.76
PAY006534,O006534,credit_card,2,747.22
PAY006535,O006535,debit_card,1,99.45
PAY006536,O006536,debit_card,1,99.15
PAY006537,O006537,debit_card,1,3090.21
PAY006538,O006538,credit_card,3,1803.59
PAY006539,O006539,credit_card,6,1257.41
PAY006540,O006540,digital_wallet,1,363.48
PAY006541,O006541,credit_card,3,6557.03
PAY006542,O006542,credit_card,6,2825.48
PAY006543,O006543,debit_card,1,1499.59
PAY006544,O006544,debit_card,1,733.13
PAY006545,O006545,credit_card,1,1615.1
PAY006546,O006546,credit_card,1,467.81
PAY006547,O006547,credit_card,2,1873.28
PAY006548,O006548,bank_transfer,1,656.16
PAY006549,O006549,credit_card,6,579.22
PAY006550,O006550,debit_card,1,891.57
PAY006551,O006551,credit_card,3,180.86
PAY006552,O006552,credit_card,1,552.82
PAY006553,O006553,credit_card,1,1983.41
PAY006554,O006554,debit_card,1,738.41
PAY006555,O006555,credit_card,12,621.46
PAY006556,O006556,digital_wallet,1,1958.54
PAY006557,O006557,digital_wallet,1,521.81
PAY006558,O006558,credit_card,6,797.08
PAY006559,O006559,debit_card,1,1453.93
PAY006560,O006560,bank_transfer,1,2240.78
PAY006561,O006561,credit_card,2,2904.54
PAY006562,O006562,bank_transfer,1,388.37
PAY006563,O006563,credit_card,1,3973.64
PAY006564,O006564,credit_card,1,49.29
PAY006565,O006565,credit_card,1,1956.42
PAY006566,O006566,digital_wallet,1,395.91
PAY006567,O006567,digital_wallet,1,757.98
PAY006568,O006568,debit_card,1,876.14
PAY006569,O006569,debit_card,1,135.86
PAY006570,O006570,bank_transfer,1,1007.9
PAY006571,O006571,credit_card,12,1140.02
PAY006572,O006572,bank_transfer,1,75.46
PAY006573,O006573,credit_card,1,1290.28
PAY006574,O006574,digital_wallet,1,381.08
PAY006575,O006575,credit_card,1,622.96
PAY006576,O006576,credit_card,6,1279.96
PAY006577,O006577,debit_card,1,368.15
PAY006578,O006578,credit_card,3,965.49
PAY006579,O006579,bank_transfer,1,824.19
PAY006580,O006580,digital_wallet,1,501.07
PAY006581,O006581,credit_card,1,456.68
PAY006582,O006582,credit_card,1,371.7
PAY006583,O006583,credit_card,12,1754.42
PAY006584,O006584,credit_card,2,34.11
PAY006585,O006585,DEBIT_CARD,1,588.58
PAY006586,O006586,credit_card,12,1091.55
PAY006587,O006587,debit_card,1,616.04
PAY006588,O006588,digital_wallet,1,785.73
PAY006589,O006589, credit_card ,12,560.95
PAY006590,O006590,credit_card,1,126.75
PAY006591,O006591,debit_card,1,1268.12
PAY006592,O006592,debit_card,1,69.59
PAY006593,O006593,credit_card,1,2297.43
PAY006594,O006594,digital_wallet,1,1370.51
PAY006595,O006595,credit_card,3,555.56
PAY006596,O006596,credit_card,6,377.47
PAY006597,O006597,credit_card,2,855.45
PAY006598,O006598,debit_card,1,727.59
PAY006599,O006599,credit_card,2,341.48
PAY006600,O006600,credit_card,3,27.93
PAY006601,O006601,DIGITAL_WALLET,1,413.6
PAY006602,O006602,digital_wallet,1,597.31
PAY006603,O006603,credit_card,1,507.46
PAY006604,O006604,credit_card,2,612.86
PAY006605,O006605,debit_card,1,962.22
PAY006606,O006606,digital_wallet,1,1124.31
PAY006607,O006607,credit_card,1,2085.63
PAY006608,O006608,credit_card,2,1004.48
PAY006609,O006609,credit_card,12,38.75
PAY006610,O006610,credit_card,6,346.72
PAY006611,O006611,credit_card,3,1244.54
PAY006612,O006612,credit_card,1,328.81
PAY006613,O006613,credit_card,1,1969.05
PAY006614,O006614,debit_card,1,444.17
PAY006615,O006615,credit_card,1,1408.61
PAY006616,O006616,digital_wallet,1,2024.86
PAY006617,O006617,debit_card,1,435.91
PAY006618,O006618,CREDIT_CARD,2,1922.47
PAY006619,O006619,digital_wallet,1,1021.52
PAY006620,O006620,credit_card,2,1616.93
PAY006621,O006621,digital_wallet,1,718.26
PAY006622,O006622,credit_card,12,5304.2
PAY006623,O006623,debit_card,1,290.28
PAY006624,O006624,credit_card,3,520.37
PAY006625,O006625,credit_card,2,2373.71
PAY006626,O006626,debit_card,1,371.0
PAY006627,O006627,credit_card,1,1198.53
PAY006628,O006628,bank_transfer,1,1524.38
PAY006629,O006629,digital_wallet,1,10.07
PAY006630,O006630,debit_card,1,29.04
PAY006631,O006631,credit_card,3,2124.58
PAY006632,O006632,digital_wallet,1,339.28
PAY006633,O006633,digital_wallet,1,1120.82
PAY006634,O006634,digital_wallet,1,940.14
PAY006635,O006635,credit_card,3,2873.1
PAY006636,O006636, credit_card ,2,1723.68
PAY006637,O006637,credit_card,12,1566.53
PAY006638,O006638,credit_card,12,1034.81
PAY006639,O006639,digital_wallet,1,2500.31
PAY006640,O006640,credit_card,2,2762.41
PAY006641,O006641,credit_card,1,374.41
PAY006642,O006642,credit_card,1,214.63
PAY006643,O006643,credit_card,3,114.0
PAY006644,O006644,debit_card,1,718.33
PAY006645,O006645,debit_card,1,1009.37
PAY006646,O006646,bank_transfer,1,283.68
PAY006647,O006647,debit_card,1,1541.1
PAY006648,O006648,credit_card,6,257.1
PAY006649,O006649,debit_card,1,677.58
PAY006650,O006650,credit_card,6,1485.87
PAY006651,O006651,credit_card,6,203.24
PAY006652,O006652,credit_card,2,672.74
PAY006653,O006653,credit_card,1,814.41
PAY006654,O006654,credit_card,6,168.22
PAY006655,O006655,credit_card,12,888.06
PAY006656,O006656,credit_card,6,534.88
PAY006657,O006657,credit_card,3,1725.5
PAY006658,O006658,credit_card,2,409.05
PAY006659,O006659,credit_card,6,1207.49
PAY006660,O006660,digital_wallet,1,215.59
PAY006661,O006661,credit_card,12,975.55
PAY006662,O006662,credit_card,6,1585.58
PAY006663,O006663,credit_card,2,940.01
PAY006664,O006664,debit_card,1,359.1
PAY006665,O006665,debit_card,1,117.06
PAY006666,O006666,credit_card,12,1367.75
PAY006667,O006667,credit_card,1,983.0
PAY006668,O006668,credit_card,1,780.27
PAY006669,O006669,debit_card,1,871.99
PAY006670,O006670,debit_card,1,156.76
PAY006671,O006671,bank_transfer,1,1400.97
PAY006672,O006672,credit_card,2,3150.36
PAY006673,O006673,digital_wallet,1,1114.52
PAY006674,O006674, credit_card ,1,529.49
PAY006675,O006675,credit_card,2,868.32
PAY006676,O006676,credit_card,2,435.32
PAY006677,O006677,digital_wallet,1,75.34
PAY006678,O006678,credit_card,3,97.47
PAY006679,O006679,credit_card,12,1274.51
PAY006680,O006680,credit_card,3,909.8
PAY006681,O006681,debit_card,1,2746.41
PAY006682,O006682,digital_wallet,1,732.49
PAY006683,O006683,digital_wallet,1,605.11
PAY006684,O006684,bank_transfer,1,563.33
PAY006685,O006685,digital_wallet,1,894.19
PAY006686,O006686,debit_card,1,1556.62
PAY006687,O006687,debit_card,1,5142.6
PAY006688,O006688,debit_card,1,335.44
PAY006689,O006689, debit_card ,1,1105.42
PAY006690,O006690,credit_card,2,14874.95
PAY006691,O006691,credit_card,1,105.85
PAY006692,O006692, credit_card ,1,1299.09
PAY006693,O006693,credit_card,2,3377.49
PAY006694,O006694,bank_transfer,1,1099.96
PAY006695,O006695,credit_card,12,382.53
PAY006696,O006696,debit_card,1,905.67
PAY006697,O006697,bank_transfer,1,1302.92
PAY006698,O006698,credit_card,6,373.22
PAY006699,O006699,credit_card,6,59.62
PAY006700,O006700,debit_card,1,826.15
PAY006701,O006701,credit_card,1,3789.1
PAY006702,O006702,digital_wallet,1,652.68
PAY006703,O006703,bank_transfer,1,1807.16
PAY006704,O006704,credit_card,12,855.49
PAY006705,O006705,debit_card,1,1562.95
PAY006706,O006706,credit_card,12,879.63
PAY006707,O006707,credit_card,1,198.57
PAY006708,O006708,credit_card,6,222.55
PAY006709,O006709,credit_card,1,487.09
PAY006710,O006710,debit_card,1,6540.43
PAY006711,O006711,debit_card,1,943.86
PAY006712,O006712,debit_card,1,182.21
PAY006713,O006713,credit_card,3,2742.57
PAY006714,O006714,digital_wallet,1,172.73
PAY006715,O006715,credit_card,3,731.44
PAY006716,O006716,digital_wallet,1,3546.95
PAY006717,O006717,credit_card,6,767.09
PAY006718,O006718,credit_card,2,169.28
PAY006719,O006719,digital_wallet,1,582.26
PAY006720,O006720,debit_card,1,325.62
PAY006721,O006721,bank_transfer,1,591.1
PAY006722,O006722,credit_card,1,2610.44
PAY006723,O006723,digital_wallet,1,1488.51
PAY006724,O006724,credit_card,6,2593.86
PAY006725,O006725,bank_transfer,1,2036.01
PAY006726,O006726,digital_wallet,1,647.98
PAY006727,O006727,debit_card,1,132.51
PAY006728,O006728,bank_transfer,1,474.07
PAY006729,O006729,debit_card,1,1749.28
PAY006730,O006730,credit_card,3,457.84
PAY006731,O006731,credit_card,1,1991.93
PAY006732,O006732,digital_wallet,1,94.19
PAY006733,O006733,credit_card,6,1408.95
PAY006734,O006734,bank_transfer,1,272.35
PAY006735,O006735,credit_card,12,540.14
PAY006736,O006736,digital_wallet,1,408.04
PAY006737,O006737,bank_transfer,1,1940.6
PAY006738,O006738,credit_card,6,24636.81
PAY006739,O006739,credit_card,2,127.06
PAY006740,O006740,bank_transfer,1,778.71
PAY006741,O006741,credit_card,2,1653.58
PAY006742,O006742,credit_card,6,1890.29
PAY006743,O006743,debit_card,1,781.17
PAY006744,O006744,credit_card,6,102.99
PAY006745,O006745,credit_card,12,528.47
PAY006746,O006746,credit_card,1,967.84
PAY006747,O006747,bank_transfer,1,1153.4
PAY006748,O006748,bank_transfer,1,190.24
PAY006749,O006749,credit_card,6,642.73
PAY006750,O006750,credit_card,3,830.84
PAY006751,O006751,credit_card,1,839.12
PAY006752,O006752,debit_card,1,198.55
PAY006753,O006753,debit_card,1,1862.82
PAY006754,O006754,credit_card,3,1743.85
PAY006755,O006755,credit_card,3,3100.02
PAY006756,O006756,credit_card,1,1311.38
PAY006757,O006757,credit_card,12,491.1
PAY006758,O006758,digital_wallet,1,2707.76
PAY006759,O006759,debit_card,1,1932.52
PAY006760,O006760,credit_card,6,616.88
PAY006761,O006761,credit_card,3,756.42
PAY006762,O006762,credit_card,6,310.56
PAY006763,O006763,bank_transfer,1,81.86
PAY006764,O006764,credit_card,1,697.82
PAY006765,O006765,credit_card,2,2091.34
PAY006766,O006766,debit_card,1,847.1
PAY006767,O006767,digital_wallet,1,392.55
PAY006768,O006768,credit_card,2,966.92
PAY006769,O006769,debit_card,1,94.27
PAY006770,O006770,credit_card,1,768.78
PAY006771,O006771,credit_card,1,288.67
PAY006772,O006772,credit_card,2,1508.48
PAY006773,O006773,debit_card,1,435.45
PAY006774,O006774,credit_card,3,781.82
PAY006775,O006775,debit_card,1,1795.75
PAY006776,O006776,bank_transfer,1,124.19
PAY006777,O006777,credit_card,2,889.3
PAY006778,O006778,credit_card,3,1034.67
PAY006779,O006779,digital_wallet,1,323.87
PAY006780,O006780,credit_card,6,445.33
PAY006781,O006781,credit_card,3,227.45
PAY006782,O006782,digital_wallet,1,1909.38
PAY006783,O006783,debit_card,1,988.21
PAY006784,O006784,debit_card,1,566.29
PAY006785,O006785,credit_card,2,797.51
PAY006786,O006786,debit_card,1,1541.5
PAY006787,O006787,credit_card,12,176.29
PAY006788,O006788,credit_card,1,452.14
PAY006789,O006789,credit_card,6,1044.79
PAY006790,O006790,credit_card,2,80.37
PAY006791,O006791,credit_card,12,1626.6
PAY006792,O006792,debit_card,1,1031.7
PAY006793,O006793,debit_card,1,1519.73
PAY006794,O006794,credit_card,2,991.92
PAY006795,O006795,digital_wallet,1,531.7
PAY006796,O006796,credit_card,3,641.87
PAY006797,O006797,credit_card,12,2728.02
PAY006798,O006798,credit_card,3,2086.78
PAY006799,O006799,credit_card,2,695.65
PAY006800,O006800,debit_card,1,17.49
PAY006801,O006801,digital_wallet,1,1627.6
PAY006802,O006802,credit_card,3,2181.26
PAY006803,O006803,debit_card,1,854.34
PAY006804,O006804,credit_card,3,2650.92
PAY006805,O006805,bank_transfer,1,593.18
PAY006806,O006806,digital_wallet,1,968.14
PAY006807,O006807,digital_wallet,1,1236.12
PAY006808,O006808,credit_card,1,54.86
PAY006809,O006809,credit_card,1,2517.72
PAY006810,O006810,digital_wallet,1,2195.13
PAY006811,O006811,bank_transfer,1,85.59
PAY006812,O006812,debit_card,1,127.09
PAY006813,O006813,credit_card,2,1081.33
PAY006814,O006814,credit_card,1,1586.8
PAY006815,O006815,digital_wallet,1,329.14
PAY006816,O006816,debit_card,1,2193.28
PAY006817,O006817,credit_card,1,31.32
PAY006818,O006818,digital_wallet,1,1141.42
PAY006819,O006819,credit_card,6,4074.6
PAY006820,O006820,credit_card,6,720.02
PAY006821,O006821,credit_card,12,832.0
PAY006822,O006822,credit_card,1,116.83
PAY006823,O006823,credit_card,3,388.34
PAY006824,O006824,credit_card,1,567.12
PAY006825,O006825,credit_card,12,1983.39
PAY006826,O006826,debit_card,1,568.78
PAY006827,O006827,bank_transfer,1,168.67
PAY006828,O006828,debit_card,1,2043.35
PAY006829,O006829,credit_card,1,288.84
PAY006830,O006830,debit_card,1,699.56
PAY006831,O006831,debit_card,1,3813.0
PAY006832,O006832,credit_card,2,1596.52
PAY006833,O006833,credit_card,3,270.15
PAY006834,O006834,debit_card,1,1411.92
PAY006835,O006835,credit_card,12,359.56
PAY006836,O006836,credit_card,6,1771.36
PAY006837,O006837,credit_card,2,3776.03
PAY006838,O006838,debit_card,1,591.46
PAY006839,O006839,debit_card,1,279.64
PAY006840,O006840,bank_transfer,1,1710.84
PAY006841,O006841,bank_transfer,1,950.53
PAY006842,O006842,debit_card,1,946.04
PAY006843,O006843,digital_wallet,1,388.65
PAY006844,O006844,digital_wallet,1,719.02
PAY006845,O006845,credit_card,6,1288.0
PAY006846,O006846,credit_card,1,3059.18
PAY006847,O006847,debit_card,1,187.97
PAY006848,O006848,credit_card,3,689.76
PAY006849,O006849,debit_card,1,313.82
PAY006850,O006850,credit_card,12,1560.52
PAY006851,O006851,credit_card,2,431.73
PAY006852,O006852,credit_card,1,1229.28
PAY006853,O006853,credit_card,1,29.33
PAY006854,O006854,credit_card,1,1021.39
PAY006855,O006855,credit_card,1,1067.18
PAY006856,O006856,digital_wallet,1,205.93
PAY006857,O006857,credit_card,2,108.91
PAY006858,O006858,bank_transfer,1,1345.61
PAY006859,O006859,credit_card,12,969.97
PAY006860,O006860,debit_card,1,370.58
PAY006861,O006861,credit_card,6,2316.92
PAY006862,O006862,bank_transfer,1,1129.98
PAY006863,O006863,digital_wallet,1,693.76
PAY006864,O006864,digital_wallet,1,2135.2
PAY006865,O006865,debit_card,1,2717.2
PAY006866,O006866,credit_card,12,1278.63
PAY006867,O006867,bank_transfer,1,1229.28
PAY006868,O006868,credit_card,2,59.7
PAY006869,O006869,credit_card,3,697.17
PAY006870,O006870,credit_card,2,1078.86
PAY006871,O006871,digital_wallet,1,847.74
PAY006872,O006872,debit_card,1,76.29
PAY006873,O006873,debit_card,1,1003.39
PAY006874,O006874,credit_card,6,1780.73
PAY006875,O006875,credit_card,1,368.94
PAY006876,O006876,credit_card,3,1005.36
PAY006877,O006877,debit_card,1,237.18
PAY006878,O006878,credit_card,1,403.41
PAY006879,O006879,bank_transfer,1,41.08
PAY006880,O006880,credit_card,1,3025.77
PAY006881,O006881,digital_wallet,1,2633.94
PAY006882,O006882,bank_transfer,1,107.72
PAY006883,O006883,credit_card,1,1148.32
PAY006884,O006884,credit_card,3,4137.65
PAY006885,O006885,debit_card,1,984.98
PAY006886,O006886,digital_wallet,1,973.54
PAY006887,O006887,digital_wallet,1,103.1
PAY006888,O006888,credit_card,2,552.64
PAY006889,O006889,credit_card,3,577.15
PAY006890,O006890,digital_wallet,1,2122.59
PAY006891,O006891,credit_card,1,1377.68
PAY006892,O006892,bank_transfer,1,1119.31
PAY006893,O006893,credit_card,1,156.52
PAY006894,O006894,credit_card,1,1263.82
PAY006895,O006895,credit_card,12,811.8
PAY006896,O006896,credit_card,6,388.22
PAY006897,O006897,credit_card,6,989.78
PAY006898,O006898,debit_card,1,1169.26
PAY006899,O006899,credit_card,12,945.36
PAY006900,O006900,credit_card,1,452.29
PAY006901,O006901,credit_card,2,261.81
PAY006902,O006902,credit_card,1,3611.64
PAY006903,O006903,bank_transfer,1,935.83
PAY006904,O006904,debit_card,1,883.9
PAY006905,O006905,credit_card,2,1741.32
PAY006906,O006906,debit_card,1,2890.23
PAY006907,O006907,credit_card,6,1707.75
PAY006908,O006908,digital_wallet,1,2546.5
PAY006909,O006909,digital_wallet,1,2397.37
PAY006910,O006910,credit_card,3,1003.63
PAY006911,O006911,credit_card,3,1437.91
PAY006912,O006912,bank_transfer,1,847.46
PAY006913,O006913,credit_card,2,82.28
PAY006914,O006914,credit_card,1,1285.68
PAY006915,O006915,debit_card,1,1425.38
PAY006916,O006916,credit_card,12,822.81
PAY006917,O006917,credit_card,1,47.68
PAY006918,O006918,credit_card,12,214.42
PAY006919,O006919,credit_card,3,1431.38
PAY006920,O006920,credit_card,1,556.1
PAY006921,O006921,debit_card,1,474.51
PAY006922,O006922,debit_card,1,1574.63
PAY006923,O006923,credit_card,1,901.06
PAY006924,O006924,bank_transfer,1,831.44
PAY006925,O006925,debit_card,1,1207.04
PAY006926,O006926,debit_card,1,857.27
PAY006927,O006927,digital_wallet,1,269.5
PAY006928,O006928,credit_card,3,312.85
PAY006929,O006929,credit_card,12,363.61
PAY006930,O006930,credit_card,3,945.79
PAY006931,O006931,credit_card,3,2502.99
PAY006932,O006932,credit_card,1,2601.12
PAY006933,O006933,digital_wallet,1,2123.6
PAY006934,O006934,credit_card,2,1248.58
PAY006935,O006935,debit_card,1,468.51
PAY006936,O006936,credit_card,2,4160.31
PAY006937,O006937,debit_card,1,409.19
PAY006938,O006938,credit_card,2,2049.43
PAY006939,O006939,credit_card,3,2021.02
PAY006940,O006940,digital_wallet,1,26.01
PAY006941,O006941,credit_card,3,1340.26
PAY006942,O006942,credit_card,1,1049.27
PAY006943,O006943,CREDIT_CARD,1,137.36
PAY006944,O006944,debit_card,1,149.71
PAY006945,O006945,credit_card,2,1138.23
PAY006946,O006946, credit_card ,1,217.51
PAY006947,O006947,credit_card,2,963.72
PAY006948,O006948,digital_wallet,1,428.81
PAY006949,O006949,credit_card,1,794.39
PAY006950,O006950,debit_card,1,450.52
PAY006951,O006951,credit_card,6,2602.18
PAY006952,O006952,debit_card,1,345.62
PAY006953,O006953,credit_card,1,763.8
PAY006954,O006954,credit_card,3,1902.77
PAY006955,O006955,credit_card,1,124.8
PAY006956,O006956,credit_card,2,1926.07
PAY006957,O006957,credit_card,2,1257.69
PAY006958,O006958,debit_card,1,909.98
PAY006959,O006959,bank_transfer,1,1045.47
PAY006960,O006960,credit_card,3,552.81
PAY006961,O006961,credit_card,2,761.65
PAY006962,O006962,credit_card,3,1385.6
PAY006963,O006963,credit_card,2,1134.91
PAY006964,O006964,credit_card,12,1023.08
PAY006965,O006965,debit_card,1,1468.35
PAY006966,O006966,credit_card,3,1593.26
PAY006967,O006967,debit_card,1,742.16
PAY006968,O006968,credit_card,1,1480.19
PAY006969,O006969,credit_card,1,1661.44
PAY006970,O006970,bank_transfer,1,925.21
PAY006971,O006971,debit_card,1,521.45
PAY006972,O006972,debit_card,1,404.3
PAY006973,O006973,credit_card,2,247.34
PAY006974,O006974,credit_card,1,3981.98
PAY006975,O006975,credit_card,2,1181.99
PAY006976,O006976,debit_card,1,661.39
PAY006977,O006977,bank_transfer,1,2746.4
PAY006978,O006978,credit_card,6,1298.99
PAY006979,O006979,credit_card,3,2972.26
PAY006980,O006980,credit_card,1,324.37
PAY006981,O006981,digital_wallet,1,660.94
PAY006982,O006982,debit_card,1,215.41
PAY006983,O006983,debit_card,1,338.95
PAY006984,O006984,credit_card,2,658.6
PAY006985,O006985,debit_card,1,178.58
PAY006986,O006986,credit_card,3,221.82
PAY006987,O006987,debit_card,1,151.46
PAY006988,O006988,credit_card,12,1683.51
PAY006989,O006989,debit_card,1,321.42
PAY006990,O006990,debit_card,1,620.55
PAY006991,O006991,bank_transfer,1,914.13
PAY006992,O006992,credit_card,12,732.16
PAY006993,O006993,digital_wallet,1,417.66
PAY006994,O006994,digital_wallet,1,281.24
PAY006995,O006995,credit_card,1,1562.32
PAY006996,O006996,credit_card,1,1056.24
PAY006997,O006997,credit_card,12,404.85
PAY006998,O006998,credit_card,1,789.92
PAY006999,O006999,credit_card,1,848.12
PAY007000,O007000,credit_card,1,1571.1
PAY007001,O007001,credit_card,3,137.84
PAY007002,O007002,debit_card,1,216.83
PAY007003,O007003,credit_card,2,734.15
PAY007004,O007004,debit_card,1,574.12
PAY007005,O007005,credit_card,6,639.81
PAY007006,O007006,credit_card,12,152.76
PAY007007,O007007,credit_card,12,356.75
PAY007008,O007008,credit_card,3,1683.99
PAY007009,O007009,bank_transfer,1,78.77
PAY007010,O007010,bank_transfer,1,1671.74
PAY007011,O007011,bank_transfer,1,312.42
PAY007012,O007012,digital_wallet,1,589.67
PAY007013,O007013,debit_card,1,1712.86
PAY007014,O007014,debit_card,1,2010.03
PAY007015,O007015,debit_card,1,1733.72
PAY007016,O007016,bank_transfer,1,2127.82
PAY007017,O007017,credit_card,12,464.11
PAY007018,O007018,credit_card,6,699.95
PAY007019,O007019,credit_card,2,1296.27
PAY007020,O007020,credit_card,6,353.64
PAY007021,O007021,bank_transfer,1,2158.98
PAY007022,O007022,digital_wallet,1,371.93
PAY007023,O007023,bank_transfer,1,1551.7
PAY007024,O007024,digital_wallet,1,62.87
PAY007025,O007025,debit_card,1,1054.43
PAY007026,O007026,credit_card,3,687.47
PAY007027,O007027,credit_card,6,1819.45
PAY007028,O007028,digital_wallet,1,370.05
PAY007029,O007029,debit_card,1,844.79
PAY007030,O007030,bank_transfer,1,3751.94
PAY007031,O007031,credit_card,6,695.98
PAY007032,O007032,bank_transfer,1,96.76
PAY007033,O007033,credit_card,3,1006.6
PAY007034,O007034,bank_transfer,1,1713.02
PAY007035,O007035,debit_card,1,556.19
PAY007036,O007036,credit_card,12,1803.58
PAY007037,O007037,credit_card,3,177.35
PAY007038,O007038,credit_card,1,1441.25
PAY007039,O007039,bank_transfer,1,1454.72
PAY007040,O007040,CREDIT_CARD,12,960.34
PAY007041,O007041,bank_transfer,1,323.22
PAY007042,O007042,credit_card,2,5208.39
PAY007043,O007043,credit_card,6,819.39
PAY007044,O007044,digital_wallet,1,1653.76
PAY007045,O007045,debit_card,1,4687.51
PAY007046,O007046,digital_wallet,1,974.41
PAY007047,O007047,credit_card,2,244.25
PAY007048,O007048,bank_transfer,1,268.72
PAY007049,O007049,credit_card,2,678.85
PAY007050,O007050,debit_card,1,1206.93
PAY007051,O007051,debit_card,1,879.76
PAY007052,O007052,credit_card,1,1841.98
PAY007053,O007053,credit_card,2,336.87
PAY007054,O007054,debit_card,1,1096.94
PAY007055,O007055,digital_wallet,1,696.55
PAY007056,O007056,debit_card,1,418.75
PAY007057,O007057,bank_transfer,1,453.13
PAY007058,O007058,debit_card,1,158.48
PAY007059,O007059,debit_card,1,761.26
PAY007060,O007060,credit_card,3,969.32
PAY007061,O007061,credit_card,1,1154.12
PAY007062,O007062,credit_card,6,3048.62
PAY007063,O007063,credit_card,2,557.64
PAY007064,O007064,credit_card,2,1437.57
PAY007065,O007065,credit_card,6,1451.06
PAY007066,O007066, debit_card ,1,2287.52
PAY007067,O007067,credit_card,12,686.14
PAY007068,O007068,credit_card,2,296.28
PAY007069,O007069,credit_card,6,892.67
PAY007070,O007070,credit_card,2,3402.06
PAY007071,O007071,bank_transfer,1,2802.54
PAY007072,O007072,credit_card,12,504.05
PAY007073,O007073,debit_card,1,650.5
PAY007074,O007074,credit_card,1,904.0
PAY007075,O007075,credit_card,3,192.68
PAY007076,O007076,digital_wallet,1,254.87
PAY007077,O007077,credit_card,12,771.27
PAY007078,O007078,credit_card,1,117.46
PAY007079,O007079,debit_card,1,1419.8
PAY007080,O007080,debit_card,1,128.63
PAY007081,O007081,debit_card,1,2021.77
PAY007082,O007082,debit_card,1,1423.32
PAY007083,O007083,credit_card,2,84.26
PAY007084,O007084,credit_card,6,255.73
PAY007085,O007085,credit_card,6,254.25
PAY007086,O007086,bank_transfer,1,138.71
PAY007087,O007087,debit_card,1,4166.03
PAY007088,O007088,credit_card,3,860.11
PAY007089,O007089,credit_card,1,881.16
PAY007090,O007090,credit_card,1,1006.32
PAY007091,O007091,digital_wallet,1,874.45
PAY007092,O007092,digital_wallet,1,2401.45
PAY007093,O007093,bank_transfer,1,500.89
PAY007094,O007094,debit_card,1,2872.81
PAY007095,O007095,credit_card,3,164.45
PAY007096,O007096,credit_card,2,345.13
PAY007097,O007097,credit_card,3,2793.97
PAY007098,O007098,debit_card,1,986.1
PAY007099,O007099,digital_wallet,1,2889.91
PAY007100,O007100,debit_card,1,3223.72
PAY007101,O007101,credit_card,1,2112.47
PAY007102,O007102,credit_card,1,3057.22
PAY007103,O007103,debit_card,1,88.02
PAY007104,O007104,credit_card,6,709.73
PAY007105,O007105,CREDIT_CARD,3,315.0
PAY007106,O007106,credit_card,2,384.06
PAY007107,O007107,credit_card,1,675.39
PAY007108,O007108,credit_card,1,474.21
PAY007109,O007109,debit_card,1,4713.19
PAY007110,O007110,credit_card,1,431.59
PAY007111,O007111,credit_card,1,1936.13
PAY007112,O007112,digital_wallet,1,470.22
PAY007113,O007113,credit_card,3,716.92
PAY007114,O007114,credit_card,12,328.55
PAY007115,O007115,credit_card,2,218.36
PAY007116,O007116,credit_card,1,1773.23
PAY007117,O007117,digital_wallet,1,1152.38
PAY007118,O007118,credit_card,2,789.4
PAY007119,O007119,credit_card,12,57.89
PAY007120,O007120,credit_card,3,1156.16
PAY007121,O007121,digital_wallet,1,330.0
PAY007122,O007122,credit_card,3,3709.42
PAY007123,O007123,bank_transfer,1,865.41
PAY007124,O007124,bank_transfer,1,348.29
PAY007125,O007125, debit_card ,1,1567.51
PAY007126,O007126,digital_wallet,1,324.21
PAY007127,O007127,debit_card,1,118.21
PAY007128,O007128,debit_card,1,1514.77
PAY007129,O007129,credit_card,6,489.08
PAY007130,O007130,bank_transfer,1,842.38
PAY007131,O007131,debit_card,1,848.16
PAY007132,O007132,credit_card,3,424.17
PAY007133,O007133,debit_card,1,20.0
PAY007134,O007134,credit_card,1,480.81
PAY007135,O007135,credit_card,12,855.9
PAY007136,O007136,credit_card,6,20.76
PAY007137,O007137,credit_card,3,856.25
PAY007138,O007138,credit_card,1,1921.98
PAY007139,O007139,digital_wallet,1,2191.64
PAY007140,O007140, credit_card ,1,778.28
PAY007141,O007141,bank_transfer,1,2924.82
PAY007142,O007142,debit_card,1,938.08
PAY007143,O007143,credit_card,6,68.95
PAY007144,O007144,credit_card,12,2826.74
PAY007145,O007145,debit_card,1,929.51
PAY007146,O007146,credit_card,2,143.66
PAY007147,O007147,credit_card,1,335.88
PAY007148,O007148,debit_card,1,1091.24
PAY007149,O007149,bank_transfer,1,867.2
PAY007150,O007150,digital_wallet,1,727.57
PAY007151,O007151,bank_transfer,1,12449.53
PAY007152,O007152,digital_wallet,1,332.61
PAY007153,O007153,digital_wallet,1,1140.94
PAY007154,O007154,debit_card,1,112.71
PAY007155,O007155,credit_card,3,253.74
PAY007156,O007156,credit_card,1,3077.48
PAY007157,O007157,credit_card,6,22.01
PAY007158,O007158,debit_card,1,150.7
PAY007159,O007159,digital_wallet,1,1605.52
PAY007160,O007160,debit_card,1,2088.61
PAY007161,O007161,bank_transfer,1,198.9
PAY007162,O007162,credit_card,2,824.44
PAY007163,O007163,digital_wallet,1,386.63
PAY007164,O007164,digital_wallet,1,929.49
PAY007165,O007165,debit_card,1,1778.13
PAY007166,O007166,debit_card,1,43.28
PAY007167,O007167,bank_transfer,1,3912.16
PAY007168,O007168,credit_card,2,526.46
PAY007169,O007169,credit_card,1,1023.4
PAY007170,O007170,debit_card,1,30.43
PAY007171,O007171,debit_card,1,415.22
PAY007172,O007172,credit_card,6,1707.8
PAY007173,O007173,debit_card,1,1662.39
PAY007174,O007174,credit_card,2,583.09
PAY007175,O007175,digital_wallet,1,200.43
PAY007176,O007176,credit_card,1,891.94
PAY007177,O007177,credit_card,1,522.18
PAY007178,O007178,debit_card,1,869.27
PAY007179,O007179,bank_transfer,1,942.02
PAY007180,O007180,debit_card,1,557.74
PAY007181,O007181,credit_card,1,1170.03
PAY007182,O007182,debit_card,1,1138.72
PAY007183,O007183,digital_wallet,1,748.18
PAY007184,O007184,debit_card,1,830.54
PAY007185,O007185,credit_card,3,206.28
PAY007186,O007186,debit_card,1,200.61
PAY007187,O007187,digital_wallet,1,780.28
PAY007188,O007188,debit_card,1,1637.98
PAY007189,O007189,credit_card,3,1495.62
PAY007190,O007190,credit_card,1,121.37
PAY007191,O007191,credit_card,2,3161.74
PAY007192,O007192,debit_card,1,2353.85
PAY007193,O007193,debit_card,1,1597.19
PAY007194,O007194,bank_transfer,1,864.07
PAY007195,O007195,credit_card,1,2483.53
PAY007196,O007196,credit_card,2,923.98
PAY007197,O007197,bank_transfer,1,899.42
PAY007198,O007198,bank_transfer,1,1360.73
PAY007199,O007199,bank_transfer,1,1728.39
PAY007200,O007200,bank_transfer,1,3001.78
PAY007201,O007201,bank_transfer,1,755.02
PAY007202,O007202,credit_card,3,433.7
PAY007203,O007203,debit_card,1,981.14
PAY007204,O007204,digital_wallet,1,730.73
PAY007205,O007205,credit_card,1,1301.77
PAY007206,O007206,digital_wallet,1,317.59
PAY007207,O007207,bank_transfer,1,540.32
PAY007208,O007208,digital_wallet,1,501.58
PAY007209,O007209,bank_transfer,1,1245.47
PAY007210,O007210,credit_card,1,1011.24
PAY007211,O007211,credit_card,12,135.9
PAY007212,O007212,debit_card,1,909.06
PAY007213,O007213,debit_card,1,2631.93
PAY007214,O007214,credit_card,2,1544.19
PAY007215,O007215,credit_card,3,5790.45
PAY007216,O007216,credit_card,1,158.02
PAY007217,O007217,credit_card,12,1036.65
PAY007218,O007218,credit_card,1,494.7
PAY007219,O007219,credit_card,12,1807.96
PAY007220,O007220,credit_card,6,826.61
PAY007221,O007221,bank_transfer,1,538.57
PAY007222,O007222,credit_card,2,1740.7
PAY007223,O007223,debit_card,1,1131.91
PAY007224,O007224,credit_card,1,403.97
PAY007225,O007225,credit_card,3,1801.06
PAY007226,O007226,debit_card,1,906.68
PAY007227,O007227,credit_card,3,1083.4
PAY007228,O007228,credit_card,2,2345.69
PAY007229,O007229,bank_transfer,1,936.6
PAY007230,O007230,bank_transfer,1,106.16
PAY007231,O007231,credit_card,6,1023.03
PAY007232,O007232,debit_card,1,149.33
PAY007233,O007233,credit_card,3,1607.34
PAY007234,O007234,credit_card,12,2338.03
PAY007235,O007235,debit_card,1,548.37
PAY007236,O007236,credit_card,1,361.25
PAY007237,O007237,credit_card,2,1792.12
PAY007238,O007238,digital_wallet,1,510.01
PAY007239,O007239,credit_card,12,824.57
PAY007240,O007240,credit_card,2,1300.79
PAY007241,O007241,credit_card,2,291.87
PAY007242,O007242,debit_card,1,1044.33
PAY007243,O007243,debit_card,1,1307.59
PAY007244,O007244,credit_card,1,1259.24
PAY007245,O007245,digital_wallet,1,1733.82
PAY007246,O007246,credit_card,1,594.1
PAY007247,O007247,debit_card,1,305.2
PAY007248,O007248,digital_wallet,1,1294.19
PAY007249,O007249,bank_transfer,1,267.86
PAY007250,O007250,credit_card,3,2539.54
PAY007251,O007251,debit_card,1,431.72
PAY007252,O007252,credit_card,6,274.62
PAY007253,O007253,credit_card,2,306.65
PAY007254,O007254,credit_card,1,412.94
PAY007255,O007255,credit_card,1,1699.42
PAY007256,O007256,credit_card,6,1206.92
PAY007257,O007257,credit_card,1,594.63
PAY007258,O007258,credit_card,6,1503.63
PAY007259,O007259,credit_card,12,335.5
PAY007260,O007260,credit_card,3,159.01
PAY007261,O007261,bank_transfer,1,1376.64
PAY007262,O007262,debit_card,1,316.72
PAY007263,O007263,bank_transfer,1,1770.93
PAY007264,O007264,digital_wallet,1,1505.06
PAY007265,O007265,credit_card,3,860.87
PAY007266,O007266,credit_card,1,578.2
PAY007267,O007267,credit_card,1,495.45
PAY007268,O007268,debit_card,1,1181.47
PAY007269,O007269,credit_card,12,117.98
PAY007270,O007270,digital_wallet,1,1034.97
PAY007271,O007271,DEBIT_CARD,1,1467.09
PAY007272,O007272,debit_card,1,897.07
PAY007273,O007273,credit_card,6,1311.25
PAY007274,O007274,credit_card,1,238.22
PAY007275,O007275,credit_card,12,608.87
PAY007276,O007276,credit_card,12,2039.4
PAY007277,O007277,debit_card,1,1919.77
PAY007278,O007278,bank_transfer,1,513.33
PAY007279,O007279,credit_card,6,1082.35
PAY007280,O007280,digital_wallet,1,27.6
PAY007281,O007281,debit_card,1,357.33
PAY007282,O007282,credit_card,1,599.82
PAY007283,O007283,digital_wallet,1,354.96
PAY007284,O007284,credit_card,3,1048.98
PAY007285,O007285,credit_card,12,335.79
PAY007286,O007286,credit_card,2,767.23
PAY007287,O007287,credit_card,2,1153.01
PAY007288,O007288,debit_card,1,889.76
PAY007289,O007289,credit_card,1,28511.95
PAY007290,O007290,debit_card,1,1131.1
PAY007291,O007291,digital_wallet,1,425.39
PAY007292,O007292,credit_card,1,615.96
PAY007293,O007293,debit_card,1,4760.7
PAY007294,O007294,credit_card,1,409.08
PAY007295,O007295,debit_card,1,688.82
PAY007296,O007296,digital_wallet,1,3734.53
PAY007297,O007297,debit_card,1,1582.66
PAY007298,O007298,debit_card,1,1533.73
PAY007299,O007299,digital_wallet,1,782.27
PAY007300,O007300,credit_card,12,378.8
PAY007301,O007301,credit_card,1,516.59
PAY007302,O007302,bank_transfer,1,540.23
PAY007303,O007303,debit_card,1,695.36
PAY007304,O007304,credit_card,2,424.19
PAY007305,O007305,credit_card,12,1260.54
PAY007306,O007306,credit_card,6,2009.41
PAY007307,O007307,credit_card,3,2650.86
PAY007308,O007308,credit_card,3,778.26
PAY007309,O007309,debit_card,1,1142.57
PAY007310,O007310,credit_card,6,3076.6
PAY007311,O007311,bank_transfer,1,114.55
PAY007312,O007312,bank_transfer,1,502.22
PAY007313,O007313,credit_card,1,1001.08
PAY007314,O007314,credit_card,3,1730.84
PAY007315,O007315,credit_card,3,230.7
PAY007316,O007316,credit_card,6,1298.31
PAY007317,O007317,credit_card,12,609.21
PAY007318,O007318,credit_card,1,1499.42
PAY007319,O007319,debit_card,1,843.19
PAY007320,O007320,credit_card,1,369.29
PAY007321,O007321,bank_transfer,1,531.13
PAY007322,O007322,digital_wallet,1,269.32
PAY007323,O007323,debit_card,1,238.47
PAY007324,O007324,bank_transfer,1,727.71
PAY007325,O007325,credit_card,6,461.77
PAY007326,O007326,credit_card,2,1931.52
PAY007327,O007327,credit_card,1,24.26
PAY007328,O007328,digital_wallet,1,1010.51
PAY007329,O007329, credit_card ,1,1828.54
PAY007330,O007330,credit_card,6,601.09
PAY007331,O007331,credit_card,1,1041.88
PAY007332,O007332,credit_card,12,553.09
PAY007333,O007333,credit_card,1,730.65
PAY007334,O007334,credit_card,1,878.52
PAY007335,O007335,debit_card,1,244.73
PAY007336,O007336,debit_card,1,1164.32
PAY007337,O007337,bank_transfer,1,13.2
PAY007338,O007338,credit_card,2,2006.2
PAY007339,O007339,credit_card,1,682.46
PAY007340,O007340,credit_card,6,1798.7
PAY007341,O007341,credit_card,1,663.98
PAY007342,O007342,digital_wallet,1,384.02
PAY007343,O007343,credit_card,6,869.95
PAY007344,O007344,credit_card,1,2591.52
PAY007345,O007345,debit_card,1,869.29
PAY007346,O007346,credit_card,6,49.65
PAY007347,O007347,credit_card,6,373.83
PAY007348,O007348,debit_card,1,2209.57
PAY007349,O007349,credit_card,6,1720.01
PAY007350,O007350,debit_card,1,600.9
PAY007351,O007351,bank_transfer,1,1900.68
PAY007352,O007352,digital_wallet,1,2733.08
PAY007353,O007353,digital_wallet,1,428.69
PAY007354,O007354,debit_card,1,269.53
PAY007355,O007355,bank_transfer,1,2195.48
PAY007356,O007356,digital_wallet,1,1016.57
PAY007357,O007357,credit_card,1,2523.73
PAY007358,O007358,credit_card,1,1061.48
PAY007359,O007359,credit_card,1,1634.49
PAY007360,O007360,debit_card,1,96.92
PAY007361,O007361,debit_card,1,1954.28
PAY007362,O007362,credit_card,3,1084.53
PAY007363,O007363,digital_wallet,1,238.35
PAY007364,O007364,credit_card,3,1023.94
PAY007365,O007365,credit_card,1,726.48
PAY007366,O007366,credit_card,12,1418.36
PAY007367,O007367,credit_card,1,1827.98
PAY007368,O007368,bank_transfer,1,351.27
PAY007369,O007369,bank_transfer,1,467.32
PAY007370,O007370,credit_card,6,2172.49
PAY007371,O007371, digital_wallet ,1,947.75
PAY007372,O007372,credit_card,6,1663.61
PAY007373,O007373,digital_wallet,1,668.14
PAY007374,O007374,debit_card,1,867.48
PAY007375,O007375,debit_card,1,345.2
PAY007376,O007376,debit_card,1,1314.05
PAY007377,O007377,digital_wallet,1,912.13
PAY007378,O007378,bank_transfer,1,1312.6
PAY007379,O007379,debit_card,1,706.11
PAY007380,O007380,credit_card,1,456.15
PAY007381,O007381,debit_card,1,4046.58
PAY007382,O007382,bank_transfer,1,44.85
PAY007383,O007383,digital_wallet,1,281.85
PAY007384,O007384,credit_card,6,38.76
PAY007385,O007385,bank_transfer,1,106.42
PAY007386,O007386,credit_card,1,923.86
PAY007387,O007387,debit_card,1,4862.04
PAY007388,O007388,digital_wallet,1,218.34
PAY007389,O007389,credit_card,1,2918.37
PAY007390,O007390,digital_wallet,1,2289.89
PAY007391,O007391,debit_card,1,662.58
PAY007392,O007392,bank_transfer,1,682.04
PAY007393,O007393,debit_card,1,2560.76
PAY007394,O007394,digital_wallet,1,399.78
PAY007395,O007395,credit_card,1,284.27
PAY007396,O007396,credit_card,1,2212.98
PAY007397,O007397,credit_card,2,1034.88
PAY007398,O007398,bank_transfer,1,136.96
PAY007399,O007399,bank_transfer,1,2599.01
PAY007400,O007400,credit_card,3,2519.09
PAY007401,O007401,credit_card,12,1216.08
PAY007402,O007402,credit_card,1,491.83
PAY007403,O007403,credit_card,12,2410.43
PAY007404,O007404,digital_wallet,1,2024.09
PAY007405,O007405,credit_card,6,2118.99
PAY007406,O007406,digital_wallet,1,1689.56
PAY007407,O007407,debit_card,1,781.08
PAY007408,O007408,credit_card,1,1561.38
PAY007409,O007409,credit_card,2,2115.79
PAY007410,O007410,credit_card,1,298.65
PAY007411,O007411,credit_card,1,818.62
PAY007412,O007412,credit_card,1,3241.25
PAY007413,O007413,digital_wallet,1,1618.39
PAY007414,O007414,credit_card,12,1232.26
PAY007415,O007415,bank_transfer,1,1608.64
PAY007416,O007416,debit_card,1,413.38
PAY007417,O007417,digital_wallet,1,884.48
PAY007418,O007418,credit_card,3,1307.12
PAY007419,O007419,digital_wallet,1,471.39
PAY007420,O007420,debit_card,1,297.17
PAY007421,O007421,digital_wallet,1,1108.01
PAY007422,O007422,debit_card,1,104.97
PAY007423,O007423,credit_card,2,2099.88
PAY007424,O007424,credit_card,2,902.14
PAY007425,O007425,credit_card,6,331.95
PAY007426,O007426,credit_card,2,737.39
PAY007427,O007427,credit_card,6,1245.75
PAY007428,O007428,digital_wallet,1,765.84
PAY007429,O007429,credit_card,1,353.61
PAY007430,O007430,bank_transfer,1,2209.67
PAY007431,O007431,credit_card,1,1303.13
PAY007432,O007432,debit_card,1,324.72
PAY007433,O007433,debit_card,1,886.54
PAY007434,O007434,debit_card,1,576.22
PAY007435,O007435,credit_card,2,2472.51
PAY007436,O007436,credit_card,12,111.97
PAY007437,O007437,credit_card,1,104.99
PAY007438,O007438,credit_card,12,1407.13
PAY007439,O007439,debit_card,1,1062.12
PAY007440,O007440,digital_wallet,1,10353.0
PAY007441,O007441,credit_card,1,1295.23
PAY007442,O007442,bank_transfer,1,820.72
PAY007443,O007443,credit_card,6,1377.67
PAY007444,O007444,credit_card,1,470.85
PAY007445,O007445,credit_card,1,10131.68
PAY007446,O007446,digital_wallet,1,643.99
PAY007447,O007447,debit_card,1,1309.07
PAY007448,O007448,credit_card,12,1638.39
PAY007449,O007449,credit_card,3,440.67
PAY007450,O007450,debit_card,1,272.78
PAY007451,O007451,debit_card,1,677.22
PAY007452,O007452,credit_card,2,361.97
PAY007453,O007453,debit_card,1,137.43
PAY007454,O007454,digital_wallet,1,710.13
PAY007455,O007455,bank_transfer,1,697.06
PAY007456,O007456,debit_card,1,842.99
PAY007457,O007457,credit_card,12,38.35
PAY007458,O007458,debit_card,1,508.61
PAY007459,O007459,debit_card,1,600.65
PAY007460,O007460,debit_card,1,386.16
PAY007461,O007461,credit_card,1,347.56
PAY007462,O007462,credit_card,2,2221.68
PAY007463,O007463,credit_card,1,646.64
PAY007464,O007464,credit_card,1,1600.3
PAY007465,O007465,credit_card,2,4144.64
PAY007466,O007466,credit_card,6,535.72
PAY007467,O007467,debit_card,1,65.45
PAY007468,O007468,debit_card,1,425.13
PAY007469,O007469,bank_transfer,1,245.99
PAY007470,O007470,credit_card,1,339.43
PAY007471,O007471,digital_wallet,1,183.37
PAY007472,O007472,credit_card,2,97.13
PAY007473,O007473,credit_card,3,880.58
PAY007474,O007474,credit_card,1,1110.76
PAY007475,O007475,digital_wallet,1,1248.65
PAY007476,O007476,credit_card,1,1588.74
PAY007477,O007477,debit_card,1,504.12
PAY007478,O007478,debit_card,1,40.06
PAY007479,O007479,bank_transfer,1,3347.09
PAY007480,O007480,credit_card,3,332.92
PAY007481,O007481,debit_card,1,784.92
PAY007482,O007482,debit_card,1,74.75
PAY007483,O007483,bank_transfer,1,1661.98
PAY007484,O007484,credit_card,3,1876.31
PAY007485,O007485,digital_wallet,1,589.52
PAY007486,O007486,credit_card,1,3274.12
PAY007487,O007487,digital_wallet,1,2703.13
PAY007488,O007488,debit_card,1,215.39
PAY007489,O007489,credit_card,1,85.2
PAY007490,O007490,credit_card,2,2801.47
PAY007491,O007491,credit_card,1,3175.15
PAY007492,O007492,credit_card,3,357.0
PAY007493,O007493,credit_card,6,3798.24
PAY007494,O007494,credit_card,6,196.08
PAY007495,O007495,digital_wallet,1,823.95
PAY007496,O007496,credit_card,3,1188.06
PAY007497,O007497,digital_wallet,1,148.81
PAY007498,O007498,digital_wallet,1,10123.8
PAY007499,O007499,credit_card,6,1299.06
PAY007500,O007500,debit_card,1,425.48
PAY007501,O007501,bank_transfer,1,558.88
PAY007502,O007502,bank_transfer,1,1047.79
PAY007503,O007503,debit_card,1,330.13
PAY007504,O007504,credit_card,1,2132.61
PAY007505,O007505,debit_card,1,764.14
PAY007506,O007506,debit_card,1,262.54
PAY007507,O007507,digital_wallet,1,569.82
PAY007508,O007508,digital_wallet,1,777.94
PAY007509,O007509,debit_card,1,384.05
PAY007510,O007510,debit_card,1,1640.17
PAY007511,O007511,credit_card,1,3190.56
PAY007512,O007512,credit_card,12,867.54
PAY007513,O007513,credit_card,6,109.6
PAY007514,O007514,credit_card,6,3099.66
PAY007515,O007515,bank_transfer,1,838.98
PAY007516,O007516,debit_card,1,1168.45
PAY007517,O007517,credit_card,1,486.99
PAY007518,O007518,debit_card,1,811.26
PAY007519,O007519,debit_card,1,230.72
PAY007520,O007520,credit_card,1,89.76
PAY007521,O007521,bank_transfer,1,5327.31
PAY007522,O007522,bank_transfer,1,922.44
PAY007523,O007523,credit_card,6,548.8
PAY007524,O007524,credit_card,12,596.45
PAY007525,O007525,debit_card,1,440.07
PAY007526,O007526,digital_wallet,1,208.29
PAY007527,O007527,digital_wallet,1,886.56
PAY007528,O007528,credit_card,6,3657.38
PAY007529,O007529,debit_card,1,485.58
PAY007530,O007530,credit_card,1,88.83
PAY007531,O007531,bank_transfer,1,260.12
PAY007532,O007532,bank_transfer,1,748.32
PAY007533,O007533,credit_card,2,1034.68
PAY007534,O007534,debit_card,1,724.74
PAY007535,O007535,digital_wallet,1,622.7
PAY007536,O007536,credit_card,1,2495.75
PAY007537,O007537,digital_wallet,1,47.66
PAY007538,O007538,digital_wallet,1,1235.8
PAY007539,O007539,credit_card,3,289.71
PAY007540,O007540,digital_wallet,1,2640.54
PAY007541,O007541,credit_card,1,727.42
PAY007542,O007542,credit_card,2,623.96
PAY007543,O007543,credit_card,1,784.73
PAY007544,O007544,debit_card,1,526.65
PAY007545,O007545,digital_wallet,1,484.13
PAY007546,O007546,credit_card,2,1565.85
PAY007547,O007547,bank_transfer,1,403.54
PAY007548,O007548,digital_wallet,1,202.93
PAY007549,O007549,credit_card,2,377.83
PAY007550,O007550,credit_card,6,1920.01
PAY007551,O007551,credit_card,3,252.99
PAY007552,O007552,debit_card,1,129.75
PAY007553,O007553,debit_card,1,931.17
PAY007554,O007554,credit_card,3,337.09
PAY007555,O007555,debit_card,1,1650.42
PAY007556,O007556,credit_card,12,366.48
PAY007557,O007557,debit_card,1,777.19
PAY007558,O007558,debit_card,1,3558.54
PAY007559,O007559,credit_card,1,156.05
PAY007560,O007560,credit_card,6,1435.2
PAY007561,O007561,credit_card,6,1395.71
PAY007562,O007562,bank_transfer,1,2154.13
PAY007563,O007563,credit_card,1,4032.04
PAY007564,O007564,credit_card,3,526.37
PAY007565,O007565,digital_wallet,1,491.26
PAY007566,O007566,credit_card,12,2790.96
PAY007567,O007567,credit_card,2,533.15
PAY007568,O007568,debit_card,1,1155.63
PAY007569,O007569,credit_card,3,1859.94
PAY007570,O007570,credit_card,12,2079.3
PAY007571,O007571,bank_transfer,1,871.43
PAY007572,O007572,credit_card,2,24.7
PAY007573,O007573,credit_card,2,279.63
PAY007574,O007574,debit_card,1,915.14
PAY007575,O007575,digital_wallet,1,90.23
PAY007576,O007576,digital_wallet,1,1922.04
PAY007577,O007577,digital_wallet,1,344.62
PAY007578,O007578,credit_card,2,448.25
PAY007579,O007579,credit_card,3,75.15
PAY007580,O007580,credit_card,2,405.43
PAY007581,O007581,digital_wallet,1,672.69
PAY007582,O007582,debit_card,1,1693.97
PAY007583,O007583,credit_card,1,740.36
PAY007584,O007584,credit_card,1,899.17
PAY007585,O007585,credit_card,2,1512.32
PAY007586,O007586,credit_card,2,739.06
PAY007587,O007587,debit_card,1,2611.29
PAY007588,O007588,debit_card,1,711.27
PAY007589,O007589,DIGITAL_WALLET,1,619.45
PAY007590,O007590,credit_card,12,376.05
PAY007591,O007591,debit_card,1,752.88
PAY007592,O007592,digital_wallet,1,1515.26
PAY007593,O007593,debit_card,1,848.76
PAY007594,O007594,debit_card,1,2466.97
PAY007595,O007595,credit_card,3,844.35
PAY007596,O007596,digital_wallet,1,306.01
PAY007597,O007597,digital_wallet,1,1512.17
PAY007598,O007598,credit_card,1,67.62
PAY007599,O007599,credit_card,12,727.03
PAY007600,O007600,bank_transfer,1,341.95
PAY007601,O007601,bank_transfer,1,440.22
PAY007602,O007602,debit_card,1,2627.09
PAY007603,O007603,credit_card,3,104.88
PAY007604,O007604,digital_wallet,1,333.16
PAY007605,O007605,bank_transfer,1,1052.88
PAY007606,O007606,debit_card,1,1772.06
PAY007607,O007607,debit_card,1,1350.6
PAY007608,O007608,credit_card,6,1495.9
PAY007609,O007609,credit_card,2,825.87
PAY007610,O007610,credit_card,1,132.86
PAY007611,O007611,debit_card,1,667.51
PAY007612,O007612,credit_card,2,781.45
PAY007613,O007613,debit_card,1,548.79
PAY007614,O007614,credit_card,2,932.87
PAY007615,O007615,debit_card,1,1923.64
PAY007616,O007616,credit_card,1,2050.96
PAY007617,O007617,digital_wallet,1,756.9
PAY007618,O007618,credit_card,2,376.82
PAY007619,O007619,credit_card,3,36.01
PAY007620,O007620,debit_card,1,2154.82
PAY007621,O007621,credit_card,1,282.56
PAY007622,O007622,digital_wallet,1,695.75
PAY007623,O007623,digital_wallet,1,4469.6
PAY007624,O007624,bank_transfer,1,428.85
PAY007625,O007625,debit_card,1,823.27
PAY007626,O007626,credit_card,3,34.29
PAY007627,O007627,debit_card,1,871.78
PAY007628,O007628,credit_card,1,1096.11
PAY007629,O007629,digital_wallet,1,300.28
PAY007630,O007630,credit_card,6,2230.11
PAY007631,O007631,debit_card,1,24.18
PAY007632,O007632,digital_wallet,1,1131.14
PAY007633,O007633,bank_transfer,1,1866.4
PAY007634,O007634,credit_card,6,630.94
PAY007635,O007635,credit_card,3,496.03
PAY007636,O007636,digital_wallet,1,252.89
PAY007637,O007637,debit_card,1,759.57
PAY007638,O007638,debit_card,1,539.81
PAY007639,O007639,debit_card,1,4354.39
PAY007640,O007640,credit_card,1,2806.7
PAY007641,O007641,bank_transfer,1,278.32
PAY007642,O007642,bank_transfer,1,484.64
PAY007643,O007643,credit_card,1,90.32
PAY007644,O007644,bank_transfer,1,259.1
PAY007645,O007645,debit_card,1,2302.55
PAY007646,O007646,bank_transfer,1,2559.76
PAY007647,O007647,credit_card,1,1682.26
PAY007648,O007648,credit_card,3,1740.8
PAY007649,O007649,debit_card,1,1352.68
PAY007650,O007650,debit_card,1,951.17
PAY007651,O007651,credit_card,2,495.12
PAY007652,O007652,credit_card,6,10.07
PAY007653,O007653,debit_card,1,957.37
PAY007654,O007654,digital_wallet,1,307.36
PAY007655,O007655,credit_card,2,787.72
PAY007656,O007656,debit_card,1,1690.63
PAY007657,O007657,digital_wallet,1,807.59
PAY007658,O007658,digital_wallet,1,834.33
PAY007659,O007659,debit_card,1,840.93
PAY007660,O007660,credit_card,1,1636.47
PAY007661,O007661,credit_card,1,1302.1
PAY007662,O007662,digital_wallet,1,2560.21
PAY007663,O007663,debit_card,1,160.76
PAY007664,O007664,credit_card,1,2004.69
PAY007665,O007665,credit_card,1,1169.38
PAY007666,O007666,credit_card,1,1749.44
PAY007667,O007667,credit_card,1,3931.53
PAY007668,O007668,credit_card,3,510.05
PAY007669,O007669,credit_card,12,358.7
PAY007670,O007670,bank_transfer,1,860.19
PAY007671,O007671,digital_wallet,1,1891.44
PAY007672,O007672,debit_card,1,592.52
PAY007673,O007673,debit_card,1,328.28
PAY007674,O007674,bank_transfer,1,792.51
PAY007675,O007675,CREDIT_CARD,3,596.95
PAY007676,O007676,digital_wallet,1,4668.38
PAY007677,O007677, credit_card ,2,993.22
PAY007678,O007678,credit_card,12,414.02
PAY007679,O007679,digital_wallet,1,984.49
PAY007680,O007680,debit_card,1,625.41
PAY007681,O007681,credit_card,3,502.61
PAY007682,O007682,debit_card,1,1646.27
PAY007683,O007683,bank_transfer,1,1333.47
PAY007684,O007684,DIGITAL_WALLET,1,1021.15
PAY007685,O007685,digital_wallet,1,37.52
PAY007686,O007686,credit_card,1,802.95
PAY007687,O007687,credit_card,12,797.96
PAY007688,O007688,credit_card,2,813.67
PAY007689,O007689,credit_card,1,3386.08
PAY007690,O007690,credit_card,1,728.27
PAY007691,O007691,credit_card,3,1706.28
PAY007692,O007692,credit_card,1,906.26
PAY007693,O007693,credit_card,1,132.44
PAY007694,O007694,digital_wallet,1,1774.5
PAY007695,O007695,debit_card,1,1669.75
PAY007696,O007696,credit_card,12,591.81
PAY007697,O007697,credit_card,2,163.03
PAY007698,O007698,credit_card,6,747.45
PAY007699,O007699,credit_card,1,3780.92
PAY007700,O007700,credit_card,12,990.69
PAY007701,O007701,credit_card,3,1364.63
PAY007702,O007702,debit_card,1,1412.79
PAY007703,O007703,bank_transfer,1,1546.35
PAY007704,O007704,credit_card,1,949.8
PAY007705,O007705,debit_card,1,1385.12
PAY007706,O007706,digital_wallet,1,846.46
PAY007707,O007707,credit_card,12,1973.15
PAY007708,O007708,credit_card,1,226.26
PAY007709,O007709,credit_card,1,98.49
PAY007710,O007710,debit_card,1,1877.28
PAY007711,O007711,credit_card,1,335.43
PAY007712,O007712,credit_card,2,3338.04
PAY007713,O007713,credit_card,3,1975.41
PAY007714,O007714,credit_card,6,1406.71
PAY007715,O007715,debit_card,1,833.77
PAY007716,O007716,credit_card,2,3299.25
PAY007717,O007717,debit_card,1,79.42
PAY007718,O007718,credit_card,2,768.42
PAY007719,O007719,bank_transfer,1,1618.39
PAY007720,O007720,credit_card,1,754.94
PAY007721,O007721,credit_card,1,339.76
PAY007722,O007722,digital_wallet,1,175.99
PAY007723,O007723,credit_card,1,690.83
PAY007724,O007724,credit_card,2,1233.81
PAY007725,O007725,digital_wallet,1,3215.21
PAY007726,O007726,bank_transfer,1,1005.44
PAY007727,O007727,bank_transfer,1,500.14
PAY007728,O007728,debit_card,1,362.53
PAY007729,O007729,credit_card,1,1211.82
PAY007730,O007730,credit_card,2,11192.71
PAY007731,O007731,debit_card,1,2437.47
PAY007732,O007732,credit_card,3,4162.7
PAY007733,O007733,credit_card,1,160.77
PAY007734,O007734,debit_card,1,5293.42
PAY007735,O007735,debit_card,1,1783.49
PAY007736,O007736,credit_card,2,2718.13
PAY007737,O007737,debit_card,1,625.07
PAY007738,O007738,debit_card,1,466.97
PAY007739,O007739,credit_card,12,571.69
PAY007740,O007740,digital_wallet,1,830.06
PAY007741,O007741,bank_transfer,1,777.95
PAY007742,O007742,credit_card,1,957.54
PAY007743,O007743,credit_card,6,2645.69
PAY007744,O007744,credit_card,6,437.88
PAY007745,O007745,credit_card,3,455.34
PAY007746,O007746,credit_card,6,1087.73
PAY007747,O007747,credit_card,3,1374.12
PAY007748,O007748,credit_card,3,651.57
PAY007749,O007749,credit_card,1,1052.45
PAY007750,O007750,credit_card,2,390.52
PAY007751,O007751,credit_card,1,373.83
PAY007752,O007752,debit_card,1,1401.93
PAY007753,O007753,debit_card,1,159.75
PAY007754,O007754,credit_card,3,337.88
PAY007755,O007755, debit_card ,1,451.74
PAY007756,O007756,bank_transfer,1,2816.09
PAY007757,O007757,bank_transfer,1,385.25
PAY007758,O007758,debit_card,1,1585.59
PAY007759,O007759,credit_card,2,83.29
PAY007760,O007760,credit_card,6,589.39
PAY007761,O007761,BANK_TRANSFER,1,263.96
PAY007762,O007762,credit_card,2,144.74
PAY007763,O007763,credit_card,2,331.11
PAY007764,O007764,debit_card,1,202.37
PAY007765,O007765,credit_card,6,365.84
PAY007766,O007766,credit_card,3,921.5
PAY007767,O007767,bank_transfer,1,3621.63
PAY007768,O007768,credit_card,1,1640.04
PAY007769,O007769,credit_card,2,2114.24
PAY007770,O007770,bank_transfer,1,1499.02
PAY007771,O007771,credit_card,6,1410.26
PAY007772,O007772,debit_card,1,168.34
PAY007773,O007773,debit_card,1,458.37
PAY007774,O007774,bank_transfer,1,603.96
PAY007775,O007775,debit_card,1,603.21
PAY007776,O007776,credit_card,1,132.54
PAY007777,O007777,credit_card,1,785.72
PAY007778,O007778,credit_card,1,1823.34
PAY007779,O007779,bank_transfer,1,489.88
PAY007780,O007780,bank_transfer,1,714.55
PAY007781,O007781,digital_wallet,1,799.02
PAY007782,O007782,credit_card,2,190.62
PAY007783,O007783,debit_card,1,1979.81
PAY007784,O007784,credit_card,3,259.93
PAY007785,O007785,credit_card,1,954.7
PAY007786,O007786,debit_card,1,56.15
PAY007787,O007787,credit_card,1,18189.57
PAY007788,O007788,credit_card,1,748.41
PAY007789,O007789,digital_wallet,1,973.62
PAY007790,O007790,credit_card,6,550.11
PAY007791,O007791,credit_card,1,352.12
PAY007792,O007792,credit_card,3,935.0
PAY007793,O007793,credit_card,1,4121.15
PAY007794,O007794,debit_card,1,999.31
PAY007795,O007795,credit_card,3,120.1
PAY007796,O007796,debit_card,1,1338.85
PAY007797,O007797,credit_card,12,15.6
PAY007798,O007798,debit_card,1,47.86
PAY007799,O007799,credit_card,1,1251.45
PAY007800,O007800,credit_card,12,1797.74
PAY007801,O007801,bank_transfer,1,768.55
PAY007802,O007802,digital_wallet,1,1499.99
PAY007803,O007803,credit_card,1,3613.05
PAY007804,O007804,debit_card,1,216.34
PAY007805,O007805,debit_card,1,1141.14
PAY007806,O007806,bank_transfer,1,749.94
PAY007807,O007807,debit_card,1,361.94
PAY007808,O007808,credit_card,2,1044.99
PAY007809,O007809,credit_card,3,1110.0
PAY007810,O007810,credit_card,1,1504.08
PAY007811,O007811,credit_card,12,1123.08
PAY007812,O007812, credit_card ,1,30078.76
PAY007813,O007813,credit_card,3,1158.65
PAY007814,O007814,debit_card,1,17.27
PAY007815,O007815,bank_transfer,1,2751.3
PAY007816,O007816,digital_wallet,1,1786.47
PAY007817,O007817,credit_card,2,457.65
PAY007818,O007818,bank_transfer,1,2399.0
PAY007819,O007819,credit_card,1,743.66
PAY007820,O007820,credit_card,3,939.31
PAY007821,O007821,bank_transfer,1,939.02
PAY007822,O007822,credit_card,1,3132.74
PAY007823,O007823,credit_card,1,346.25
PAY007824,O007824,credit_card,3,687.8
PAY007825,O007825,credit_card,1,1758.42
PAY007826,O007826,credit_card,2,980.2
PAY007827,O007827,credit_card,3,427.53
PAY007828,O007828,debit_card,1,2634.96
PAY007829,O007829,credit_card,3,570.06
PAY007830,O007830,credit_card,2,655.52
PAY007831,O007831,credit_card,6,653.43
PAY007832,O007832,credit_card,1,1940.96
PAY007833,O007833,bank_transfer,1,865.39
PAY007834,O007834,credit_card,3,612.22
PAY007835,O007835,credit_card,3,23.6
PAY007836,O007836,credit_card,12,534.5
PAY007837,O007837,credit_card,3,573.97
PAY007838,O007838,credit_card,2,322.9
PAY007839,O007839,credit_card,3,1478.03
PAY007840,O007840,credit_card,12,117.32
PAY007841,O007841,credit_card,1,153.17
PAY007842,O007842,credit_card,2,782.89
PAY007843,O007843,bank_transfer,1,26.51
PAY007844,O007844,credit_card,6,913.13
PAY007845,O007845,credit_card,6,1048.72
PAY007846,O007846, debit_card ,1,791.34
PAY007847,O007847,debit_card,1,1447.64
PAY007848,O007848,credit_card,1,836.98
PAY007849,O007849,digital_wallet,1,184.39
PAY007850,O007850,credit_card,1,529.77
PAY007851,O007851,credit_card,2,372.02
PAY007852,O007852,debit_card,1,1365.17
PAY007853,O007853,credit_card,3,1302.99
PAY007854,O007854,digital_wallet,1,485.32
PAY007855,O007855,debit_card,1,2321.96
PAY007856,O007856,credit_card,2,1621.17
PAY007857,O007857,credit_card,1,66.93
PAY007858,O007858,credit_card,6,1083.33
PAY007859,O007859,bank_transfer,1,820.67
PAY007860,O007860,credit_card,1,502.01
PAY007861,O007861,bank_transfer,1,2657.8
PAY007862,O007862,debit_card,1,230.06
PAY007863,O007863,CREDIT_CARD,2,2492.12
PAY007864,O007864,bank_transfer,1,1532.36
PAY007865,O007865,credit_card,12,202.67
PAY007866,O007866,digital_wallet,1,534.4
PAY007867,O007867,credit_card,1,2147.21
PAY007868,O007868,credit_card,1,464.19
PAY007869,O007869,credit_card,3,501.92
PAY007870,O007870,credit_card,6,2245.88
PAY007871,O007871,credit_card,2,577.0
PAY007872,O007872,credit_card,2,1226.87
PAY007873,O007873,digital_wallet,1,162.04
PAY007874,O007874,credit_card,2,2012.86
PAY007875,O007875,credit_card,12,1954.1
PAY007876,O007876,debit_card,1,247.82
PAY007877,O007877,credit_card,1,34.31
PAY007878,O007878,debit_card,1,201.22
PAY007879,O007879,debit_card,1,410.82
PAY007880,O007880,credit_card,2,201.87
PAY007881,O007881,debit_card,1,654.58
PAY007882,O007882,credit_card,3,440.6
PAY007883,O007883,debit_card,1,2596.06
PAY007884,O007884,credit_card,12,1828.86
PAY007885,O007885,bank_transfer,1,647.49
PAY007886,O007886,bank_transfer,1,799.21
PAY007887,O007887,bank_transfer,1,86.88
PAY007888,O007888,credit_card,6,146.93
PAY007889,O007889,credit_card,1,537.43
PAY007890,O007890,credit_card,6,1236.29
PAY007891,O007891,bank_transfer,1,1364.32
PAY007892,O007892,credit_card,1,35.42
PAY007893,O007893,debit_card,1,489.19
PAY007894,O007894,credit_card,2,182.78
PAY007895,O007895,debit_card,1,1470.8
PAY007896,O007896,credit_card,1,212.55
PAY007897,O007897,debit_card,1,1134.45
PAY007898,O007898,credit_card,1,276.74
PAY007899,O007899,digital_wallet,1,2204.26
PAY007900,O007900,credit_card,2,4059.48
PAY007901,O007901,debit_card,1,286.11
PAY007902,O007902,credit_card,1,249.59
PAY007903,O007903,credit_card,1,4449.24
PAY007904,O007904,digital_wallet,1,1338.08
PAY007905,O007905,credit_card,2,125.27
PAY007906,O007906,credit_card,1,709.09
PAY007907,O007907,credit_card,3,963.28
PAY007908,O007908,credit_card,3,794.94
PAY007909,O007909, debit_card ,1,488.58
PAY007910,O007910,debit_card,1,606.9
PAY007911,O007911,credit_card,2,419.44
PAY007912,O007912,credit_card,1,729.8
PAY007913,O007913,credit_card,3,356.62
PAY007914,O007914,credit_card,3,250.8
PAY007915,O007915,debit_card,1,912.75
PAY007916,O007916,bank_transfer,1,307.04
PAY007917,O007917,credit_card,12,410.96
PAY007918,O007918,credit_card,2,1675.97
PAY007919,O007919,credit_card,1,205.37
PAY007920,O007920,bank_transfer,1,83.29
PAY007921,O007921,credit_card,6,664.0
PAY007922,O007922,credit_card,1,376.43
PAY007923,O007923,credit_card,2,979.47
PAY007924,O007924,digital_wallet,1,723.54
PAY007925,O007925,credit_card,12,1010.48
PAY007926,O007926,credit_card,3,3049.34
PAY007927,O007927,debit_card,1,787.71
PAY007928,O007928,digital_wallet,1,1311.38
PAY007929,O007929,credit_card,3,923.8
PAY007930,O007930, debit_card ,1,878.29
PAY007931,O007931,credit_card,3,1539.76
PAY007932,O007932,debit_card,1,409.53
PAY007933,O007933,credit_card,2,885.07
PAY007934,O007934,credit_card,2,1113.82
PAY007935,O007935,debit_card,1,1280.69
PAY007936,O007936,bank_transfer,1,1546.68
PAY007937,O007937,credit_card,3,503.64
PAY007938,O007938,debit_card,1,1927.62
PAY007939,O007939,digital_wallet,1,161.94
PAY007940,O007940,credit_card,3,1524.45
PAY007941,O007941,credit_card,3,20002.27
PAY007942,O007942,credit_card,2,779.73
PAY007943,O007943,debit_card,1,3152.58
PAY007944,O007944,bank_transfer,1,1824.2
PAY007945,O007945,credit_card,3,16.8
PAY007946,O007946,credit_card,2,1561.43
PAY007947,O007947,digital_wallet,1,123.78
PAY007948,O007948,debit_card,1,108.98
PAY007949,O007949,debit_card,1,789.32
PAY007950,O007950,debit_card,1,863.37
PAY007951,O007951,credit_card,3,1110.3
PAY007952,O007952,credit_card,6,762.61
PAY007953,O007953,bank_transfer,1,1098.16
PAY007954,O007954,credit_card,1,1617.42
PAY007955,O007955,debit_card,1,65.71
PAY007956,O007956,credit_card,6,1019.65
PAY007957,O007957,digital_wallet,1,510.63
PAY007958,O007958,credit_card,2,311.83
PAY007959,O007959,CREDIT_CARD,6,1710.2
PAY007960,O007960,credit_card,1,126.41
PAY007961,O007961,credit_card,6,196.96
PAY007962,O007962,credit_card,1,350.97
PAY007963,O007963,credit_card,1,521.83
PAY007964,O007964,debit_card,1,695.05
PAY007965,O007965,debit_card,1,345.5
PAY007966,O007966,debit_card,1,1290.17
PAY007967,O007967,debit_card,1,4417.52
PAY007968,O007968,credit_card,1,920.63
PAY007969,O007969,credit_card,6,1545.92
PAY007970,O007970,credit_card,2,1385.75
PAY007971,O007971,credit_card,2,1726.74
PAY007972,O007972,credit_card,6,998.43
PAY007973,O007973,credit_card,3,1287.7
PAY007974,O007974,debit_card,1,619.96
PAY007975,O007975,debit_card,1,1056.51
PAY007976,O007976,credit_card,2,297.35
PAY007977,O007977,credit_card,2,531.0
PAY007978,O007978,credit_card,1,2770.57
PAY007979,O007979,debit_card,1,1210.08
PAY007980,O007980,debit_card,1,43.15
PAY007981,O007981,credit_card,12,558.12
PAY007982,O007982,credit_card,1,1165.33
PAY007983,O007983,digital_wallet,1,112.57
PAY007984,O007984,debit_card,1,388.85
PAY007985,O007985,credit_card,6,49.95
PAY007986,O007986,credit_card,2,1953.24
PAY007987,O007987,credit_card,1,24.4
PAY007988,O007988,debit_card,1,704.01
PAY007989,O007989,digital_wallet,1,379.84
PAY007990,O007990,bank_transfer,1,2500.09
PAY007991,O007991,credit_card,1,1238.26
PAY007992,O007992,credit_card,1,828.28
PAY007993,O007993,credit_card,12,3166.37
PAY007994,O007994,credit_card,1,180.61
PAY007995,O007995,bank_transfer,1,273.37
PAY007996,O007996,credit_card,6,1088.52
PAY007997,O007997,credit_card,3,874.17
PAY007998,O007998,credit_card,3,83.3
PAY007999,O007999,credit_card,6,554.16
PAY008000,O008000,digital_wallet,1,1043.87
PAY002748,O002748,credit_card,1,1101.96
PAY001816,O001816,debit_card,1,228.14
PAY006335,O006335,credit_card,2,831.0
PAY000537,O000537,credit_card,1,2336.01
PAY000798,O000798,credit_card,2,2351.6
PAY004481,O004481,credit_card,6,742.93
PAY003162,O003162,credit_card,1,359.42
PAY003151,O003151,credit_card,1,337.19
PAY003086,O003086,debit_card,1,5626.28
PAY007231,O007231,credit_card,6,1023.03
PAY002535,O002535,bank_transfer,1,625.08
PAY005302,O005302,credit_card,1,966.75
