review_id,order_id,review_score,review_comment,review_date
R000001,O000001,5,Llegó perfecto,2026-06-28
R000002,O000002,3,Experiencia normal,2024-09-19
R000005,O000005,5,Excelente producto,2024-11-12
R000006,O000006,5,Muy buena experiencia,2025-08-13
R000008,O000008,2,Podría mejorar,2024-08-17
R000009,O000009,4,Todo bien,2026-05-01
R000010,O000010,4,Todo bien,2025-11-25
R000016,O000016,5,Muy buena experiencia,2025-02-17
R000017,O000017,5,Llegó perfecto,2024-12-11
R000020,O000020,3,Experiencia normal,2025-10-19
R000021,O000021,5,,2024-06-25
R000022,O000022,5,Llegó perfecto,2025-07-10
R000023,O000023,5,Muy buena experiencia,2025-04-11
R000024,O000024,5,Muy buena experiencia,2024-12-27
R000025,O000025,3,Experiencia normal,2026-01-31
R000026,O000026,3,Experiencia normal,2025-05-05
R000027,O000027,1,No lo recomiendo,2025-08-20
R000028,O000028,5,,2025-08-10
R000029,O000029,5,Muy buena experiencia,2026-03-12
R000032,O000032,5,Llegó perfecto,2025-11-15
R000034,O000034,5,,2026-04-02
R000035,O000035,3,Experiencia normal,2024-05-18
R000036,O000036,3,Cumple lo esperado,2025-09-07
R000037,O000037,5,Llegó perfecto,2025-01-15
R000038,O000038,5,,2025-06-28
R000039,O000039,4,Recomendado,2026-06-14
R000041,O000041,4,Todo bien,2024-07-06
R000043,O000043,5,Llegó perfecto,2024-01-23
R000044,O000044,5,Llegó perfecto,2025-04-07
R000045,O000045,2,Demora excesiva,2024-02-09
R000046,O000046,3,,2024-08-10
R000047,O000047,5,Muy buena experiencia,2025-11-29
R000048,O000048,5,Muy buena experiencia,2026-06-07
R000051,O000051,5,Excelente producto,2025-08-15
R000052,O000052,4,Todo bien,2025-10-30
R000053,O000053,3,Cumple lo esperado,2024-08-30
R000054,O000054,5,Excelente producto,2025-04-26
R000055,O000055,1,,2024-06-12
R000056,O000056,5,Excelente producto,2025-02-04
R000057,O000057,4,Buena compra,2025-07-28
R000058,O000058,3,Cumple lo esperado,2025-11-09
R000059,O000059,2,Podría mejorar,2025-08-31
R000060,O000060,3,Experiencia normal,2025-02-25
R000061,O000061,5,Excelente producto,2025-06-29
R000062,O000062,1,No lo recomiendo,2026-03-25
R000063,O000063,5,Llegó perfecto,2026-02-04
R000064,O000064,5,Excelente producto,2024-01-19
R000065,O000065,5,,2026-04-11
R000066,O000066,5,Llegó perfecto,2026-07-09
R000068,O000068,1,Muy mala experiencia,2025-11-23
R000069,O000069,4,Recomendado,2026-01-11
R000070,O000070,1,Producto llegó tarde,2025-06-02
R000072,O000072,3,Cumple lo esperado,2026-05-15
R000074,O000074,4,Buena compra,2025-07-28
R000075,O000075,3,Aceptable,2026-06-15
R000076,O000076,5,Excelente producto,2024-06-03
R000077,O000077,5,Llegó perfecto,2025-05-15
R000078,O000078,5,,2025-10-21
R000080,O000080,5,Excelente producto,2024-07-09
R000081,O000081,4,Buena compra,2025-09-11
R000082,O000082,4,Buena compra,2024-07-26
R000083,O000083,4,Todo bien,2024-11-24
R000085,O000085,4,Todo bien,2024-12-09
R000086,O000086,4,Recomendado,2024-06-16
R000087,O000087,4,Todo bien,2025-11-28
R000088,O000088,3,Aceptable,2025-04-02
R000089,O000089,4,Buena compra,2025-09-26
R000090,O000090,5,Llegó perfecto,2026-06-10
R000091,O000091,3,Aceptable,2024-07-15
R000093,O000093,4,Todo bien,2024-01-19
R000095,O000095,3,,2026-03-27
R000096,O000096,5,Llegó perfecto,2024-12-25
R000099,O000099,4,Buena compra,2025-01-07
R000101,O000101,2,Demora excesiva,2024-05-15
R000102,O000102,3,Aceptable,2025-03-22
R000103,O000103,3,Aceptable,2024-10-10
R000104,O000104,3,Cumple lo esperado,2024-04-13
R000105,O000105,5,Llegó perfecto,2025-09-08
R000106,O000106,2,Producto regular,2026-01-05
R000108,O000108,5,,2024-09-13
R000109,O000109,1,Producto llegó tarde,2024-08-18
R000110,O000110,4,Buena compra,2026-05-09
R000111,O000111,5,Excelente producto,2024-05-06
R000112,O000112,3,Cumple lo esperado,2025-09-22
R000113,O000113,3,Experiencia normal,2024-08-27
R000114,O000114,5,Llegó perfecto,2025-03-22
R000116,O000116,1,Producto llegó tarde,2025-01-27
R000118,O000118,5,Muy buena experiencia,2026-01-25
R000119,O000119,4,Buena compra,2026-03-31
R000120,O000120,4,Buena compra,2024-08-04
R000121,O000121,5,,2026-07-05
R000123,O000123,2,Podría mejorar,2024-05-04
R000124,O000124,5,Llegó perfecto,2024-02-07
R000125,O000125,5,Muy buena experiencia,2025-07-19
R000126,O000126,5,Excelente producto,2025-02-09
R000129,O000129,5,Llegó perfecto,2024-04-05
R000130,O000130,3,,2024-08-15
R000131,O000131,3,,2024-01-23
R000132,O000132,1,No lo recomiendo,2024-01-25
R000133,O000133,5,,2025-07-04
R000134,O000134,1,,2025-08-22
R000135,O000135,4,Todo bien,2024-09-08
R000136,O000136,4,Buena compra,2026-06-25
R000138,O000138,4,Recomendado,2025-07-17
R000139,O000139,4,Recomendado,2025-11-18
R000140,O000140,5,Excelente producto,2026-06-01
R000141,O000141,2,Producto regular,2024-03-29
R000143,O000143,2,Producto regular,2025-04-02
R000144,O000144,1,No lo recomiendo,2025-02-04
R000146,O000146,1,Producto llegó tarde,2024-03-06
R000147,O000147,4,Recomendado,2024-06-25
R000148,O000148,2,Producto regular,2024-01-22
R000149,O000149,4,Buena compra,2025-10-20
R000150,O000150,5,Excelente producto,2024-07-17
R000151,O000151,5,Muy buena experiencia,2026-04-06
R000152,O000152,4,Todo bien,2025-03-16
R000153,O000153,4,Buena compra,2024-03-04
R000154,O000154,3,Cumple lo esperado,2026-06-30
R000155,O000155,4,,2026-04-07
R000156,O000156,5,Llegó perfecto,2024-12-04
R000157,O000157,4,Todo bien,2024-11-02
R000158,O000158,4,Recomendado,2025-12-24
R000159,O000159,5,Muy buena experiencia,2025-04-26
R000161,O000161,3,,2025-12-06
R000163,O000163,5,Muy buena experiencia,2024-02-07
R000164,O000164,3,Experiencia normal,2024-09-05
R000165,O000165,5,Excelente producto,2024-04-25
R000166,O000166,1,,2025-09-07
R000167,O000167,3,Aceptable,2025-05-16
R000168,O000168,4,Recomendado,2025-12-31
R000169,O000169,4,Todo bien,2026-01-06
R000171,O000171,4,Todo bien,2025-05-16
R000172,O000172,4,Recomendado,2026-04-29
R000173,O000173,4,Buena compra,2025-06-28
R000174,O000174,3,Aceptable,2024-06-17
R000175,O000175,3,Cumple lo esperado,2024-10-17
R000176,O000176,4,Recomendado,2024-11-30
R000177,O000177,1,Producto llegó tarde,2025-02-26
R000180,O000180,4,Buena compra,2025-10-21
R000181,O000181,4,Todo bien,2026-02-12
R000183,O000183,4,Buena compra,2025-03-17
R000184,O000184,5,Excelente producto,2025-12-12
R000185,O000185,4,Buena compra,2025-04-07
R000188,O000188,4,Recomendado,2025-01-23
R000189,O000189,5,Muy buena experiencia,2024-07-22
R000190,O000190,5,Excelente producto,2025-04-23
R000191,O000191,1,,2026-01-09
R000192,O000192,2,Podría mejorar,2024-02-13
R000193,O000193,5,Llegó perfecto,2026-05-27
R000194,O000194,5,Muy buena experiencia,2024-11-25
R000197,O000197,5,Muy buena experiencia,2025-07-28
R000198,O000198,4,Todo bien,2026-02-12
R000199,O000199,5,,2024-10-14
R000200,O000200,4,,2026-06-20
R000201,O000201,5,Muy buena experiencia,2024-08-20
R000203,O000203,5,,2024-06-23
R000204,O000204,5,,2024-03-08
R000205,O000205,1,Producto llegó tarde,2025-04-20
R000206,O000206,3,Experiencia normal,2024-03-30
R000207,O000207,4,Todo bien,2025-09-04
R000208,O000208,1,Producto llegó tarde,2025-01-25
R000209,O000209,5,Llegó perfecto,2024-10-03
R000210,O000210,5,Excelente producto,2025-07-25
R000211,O000211,5,Muy buena experiencia,2024-09-14
R000212,O000212,5,,2026-06-21
R000214,O000214,2,,2025-09-11
R000215,O000215,1,Muy mala experiencia,2025-04-23
R000217,O000217,5,Llegó perfecto,2025-07-15
R000218,O000218,4,Buena compra,2024-08-22
R000219,O000219,5,,2024-11-12
R000220,O000220,1,Muy mala experiencia,2025-03-17
R000221,O000221,1,Producto llegó tarde,2026-01-19
R000222,O000222,5,Muy buena experiencia,2026-03-27
R000223,O000223,5,,2024-03-18
R000224,O000224,3,Cumple lo esperado,2024-08-17
R000226,O000226,4,Recomendado,2024-04-27
R000228,O000228,1,No lo recomiendo,2025-10-05
R000229,O000229,5,Muy buena experiencia,2024-12-12
R000231,O000231,4,Todo bien,2026-01-20
R000232,O000232,4,Todo bien,2026-05-26
R000234,O000234,4,Todo bien,2024-08-13
R000235,O000235,4,Buena compra,2024-03-03
R000236,O000236,3,Cumple lo esperado,2025-10-28
R000238,O000238,5,Llegó perfecto,2025-08-18
R000239,O000239,5,Muy buena experiencia,2024-01-23
R000240,O000240,5,,2024-09-06
R000242,O000242,5,,2024-05-17
R000244,O000244,3,Experiencia normal,2026-03-04
R000246,O000246,1,No lo recomiendo,2025-02-12
R000249,O000249,4,Todo bien,2024-07-16
R000250,O000250,4,Buena compra,2025-06-27
R000251,O000251,4,Buena compra,2024-06-11
R000252,O000252,3,Aceptable,2025-03-14
R000253,O000253,3,Aceptable,2024-01-21
R000255,O000255,3,Aceptable,2026-06-20
R000256,O000256,5,Excelente producto,2024-03-19
R000257,O000257,3,Experiencia normal,2026-07-06
R000258,O000258,2,Producto regular,2026-02-11
R000259,O000259,2,Demora excesiva,2024-02-20
R000260,O000260,4,Recomendado,2026-06-03
R000261,O000261,4,Buena compra,2024-11-29
R000262,O000262,2,Producto regular,2024-02-11
R000263,O000263,3,Experiencia normal,2024-04-09
R000264,O000264,1,No lo recomiendo,2025-02-06
R000266,O000266,3,Cumple lo esperado,2026-01-09
R000267,O000267,3,Experiencia normal,2024-09-23
R000269,O000269,2,Producto regular,2025-09-16
R000270,O000270,5,Excelente producto,2025-04-11
R000271,O000271,5,Excelente producto,2024-01-15
R000272,O000272,4,,2024-01-22
R000273,O000273,3,Experiencia normal,2024-09-22
R000274,O000274,1,Muy mala experiencia,2025-03-12
R000275,O000275,4,Todo bien,2025-01-16
R000276,O000276,3,Aceptable,2025-03-26
R000277,O000277,5,Excelente producto,2024-06-30
R000278,O000278,5,,2024-08-31
R000279,O000279,4,Buena compra,2024-08-23
R000281,O000281,5,Llegó perfecto,2026-05-08
R000282,O000282,5,Llegó perfecto,2025-03-23
R000283,O000283,2,,2025-07-01
R000285,O000285,5,Llegó perfecto,2025-07-26
R000287,O000287,2,Podría mejorar,2025-07-23
R000288,O000288,1,No lo recomiendo,2025-03-28
R000290,O000290,5,Excelente producto,2024-01-13
R000291,O000291,5,Excelente producto,2024-02-12
R000292,O000292,5,Llegó perfecto,2025-08-16
R000293,O000293,4,Recomendado,2024-08-03
R000294,O000294,5,Excelente producto,2025-01-02
R000295,O000295,2,Demora excesiva,2024-12-15
R000296,O000296,5,,2025-06-21
R000297,O000297,3,Experiencia normal,2024-10-07
R000298,O000298,4,Todo bien,2025-08-19
R000299,O000299,5,Llegó perfecto,2024-03-11
R000300,O000300,5,Llegó perfecto,2025-01-08
R000301,O000301,4,,2025-01-27
R000302,O000302,5,Llegó perfecto,2024-09-02
R000303,O000303,1,Muy mala experiencia,2024-10-03
R000304,O000304,4,Buena compra,2026-02-18
R000306,O000306,4,Recomendado,2024-08-23
R000307,O000307,1,Producto llegó tarde,2026-07-05
R000309,O000309,5,Muy buena experiencia,2024-12-31
R000310,O000310,5,Llegó perfecto,2024-11-19
R000311,O000311,4,Recomendado,2025-12-17
R000312,O000312,3,Aceptable,2025-04-30
R000314,O000314,5,Llegó perfecto,2024-08-22
R000316,O000316,2,Producto regular,2025-10-23
R000317,O000317,4,Buena compra,2024-01-16
R000320,O000320,5,Muy buena experiencia,2024-04-05
R000321,O000321,5,Muy buena experiencia,2026-01-24
R000322,O000322,1,Muy mala experiencia,2026-04-21
R000323,O000323,5,Llegó perfecto,2025-01-30
R000324,O000324,4,,2025-05-13
R000325,O000325,5,Muy buena experiencia,2025-02-03
R000326,O000326,5,Muy buena experiencia,2026-02-19
R000328,O000328,3,Cumple lo esperado,2025-01-02
R000330,O000330,5,Llegó perfecto,2025-12-02
R000331,O000331,5,Excelente producto,2025-06-29
R000332,O000332,3,Aceptable,2025-05-03
R000333,O000333,4,Todo bien,2025-11-24
R000334,O000334,2,,2024-08-23
R000335,O000335,5,Muy buena experiencia,2024-02-21
R000336,O000336,4,Recomendado,2026-01-21
R000338,O000338,5,Muy buena experiencia,2025-03-15
R000339,O000339,5,Llegó perfecto,2025-07-04
R000340,O000340,4,Buena compra,2024-10-17
R000342,O000342,2,Podría mejorar,2024-10-31
R000343,O000343,2,Podría mejorar,2024-04-06
R000344,O000344,4,Buena compra,2025-05-21
R000347,O000347,3,Aceptable,2024-03-23
R000349,O000349,4,Todo bien,2026-04-16
R000350,O000350,1,Producto llegó tarde,2025-01-05
R000351,O000351,3,Cumple lo esperado,2026-05-23
R000352,O000352,5,Muy buena experiencia,2026-06-14
R000353,O000353,5,,2024-04-26
R000354,O000354,3,Experiencia normal,2024-01-29
R000357,O000357,4,Todo bien,2026-01-14
R000361,O000361,5,Llegó perfecto,2025-02-08
R000362,O000362,2,Podría mejorar,2026-01-27
R000364,O000364,2,Podría mejorar,2025-06-21
R000365,O000365,2,Podría mejorar,2026-05-30
R000369,O000369,5,Llegó perfecto,2025-10-25
R000370,O000370,2,Podría mejorar,2024-09-29
R000372,O000372,1,No lo recomiendo,2025-09-26
R000373,O000373,4,Todo bien,2024-02-19
R000374,O000374,2,Podría mejorar,2024-09-06
R000375,O000375,5,,2024-08-24
R000378,O000378,1,,2026-03-16
R000379,O000379,5,Excelente producto,2026-02-05
R000381,O000381,5,,2024-02-28
R000382,O000382,5,,2024-06-18
R000383,O000383,4,Todo bien,2024-10-31
R000385,O000385,4,Todo bien,2025-06-28
R000386,O000386,3,,2024-12-21
R000387,O000387,5,Llegó perfecto,2024-08-19
R000388,O000388,1,No lo recomiendo,2024-05-18
R000389,O000389,4,Todo bien,2026-07-07
R000391,O000391,3,Cumple lo esperado,2024-09-12
R000392,O000392,4,Todo bien,2024-06-05
R000393,O000393,4,,2024-11-27
R000395,O000395,5,Llegó perfecto,2024-10-02
R000396,O000396,5,Muy buena experiencia,2025-06-04
R000397,O000397,4,Buena compra,2026-03-17
R000398,O000398,5,Muy buena experiencia,2024-11-26
R000399,O000399,5,,2024-07-01
R000400,O000400,5,Muy buena experiencia,2025-08-20
R000401,O000401,5,Llegó perfecto,2025-01-22
R000404,O000404,5,Llegó perfecto,2025-03-25
R000405,O000405,1,Muy mala experiencia,2024-05-29
R000406,O000406,4,Todo bien,2024-05-22
R000407,O000407,5,Excelente producto,2024-06-15
R000408,O000408,5,Llegó perfecto,2024-09-25
R000409,O000409,2,Podría mejorar,2025-12-29
R000410,O000410,3,Experiencia normal,2025-11-21
R000411,O000411,4,Recomendado,2024-05-05
R000412,O000412,1,Muy mala experiencia,2024-08-19
R000413,O000413,5,Excelente producto,2024-11-03
R000414,O000414,4,Recomendado,2025-06-29
R000415,O000415,1,Producto llegó tarde,2026-06-10
R000416,O000416,2,Producto regular,2025-02-26
R000418,O000418,1,No lo recomiendo,2025-09-14
R000419,O000419,1,No lo recomiendo,2024-07-14
R000420,O000420,5,Muy buena experiencia,2025-03-03
R000422,O000422,4,Todo bien,2025-06-21
R000423,O000423,5,Muy buena experiencia,2024-11-22
R000424,O000424,5,Llegó perfecto,2024-02-17
R000426,O000426,5,Llegó perfecto,2024-12-02
R000427,O000427,4,Todo bien,2024-06-15
R000428,O000428,5,Muy buena experiencia,2024-02-10
R000429,O000429,4,Buena compra,2024-12-05
R000432,O000432,5,Muy buena experiencia,2024-11-19
R000433,O000433,5,Excelente producto,2024-01-11
R000434,O000434,5,Llegó perfecto,2025-08-31
R000435,O000435,5,Excelente producto,2025-07-08
R000436,O000436,4,Todo bien,2024-10-04
R000437,O000437,4,Buena compra,2024-06-06
R000438,O000438,2,Podría mejorar,2025-07-29
R000439,O000439,3,Aceptable,2026-01-26
R000440,O000440,4,Buena compra,2026-06-16
R000442,O000442,5,Muy buena experiencia,2025-04-11
R000443,O000443,5,Muy buena experiencia,2026-02-10
R000444,O000444,5,Excelente producto,2025-08-06
R000445,O000445,2,Demora excesiva,2024-06-18
R000446,O000446,4,Todo bien,2026-01-20
R000447,O000447,5,Excelente producto,2025-01-03
R000450,O000450,4,Buena compra,2025-07-19
R000452,O000452,5,Llegó perfecto,2026-01-08
R000453,O000453,4,Todo bien,2026-04-08
R000454,O000454,5,Llegó perfecto,2024-02-17
R000455,O000455,5,Muy buena experiencia,2024-12-19
R000456,O000456,1,,2026-01-14
R000457,O000457,5,Muy buena experiencia,2025-07-21
R000461,O000461,4,Recomendado,2025-09-28
R000463,O000463,1,,2024-02-16
R000464,O000464,4,Buena compra,2024-02-14
R000465,O000465,3,Cumple lo esperado,2024-08-04
R000466,O000466,4,,2026-06-29
R000467,O000467,5,Llegó perfecto,2026-06-13
R000469,O000469,4,Recomendado,2026-03-02
R000471,O000471,4,Recomendado,2024-08-30
R000473,O000473,1,,2026-02-09
R000474,O000474,3,Experiencia normal,2024-09-22
R000475,O000475,3,Experiencia normal,2024-10-02
R000476,O000476,5,Excelente producto,2024-03-23
R000478,O000478,4,Buena compra,2024-06-09
R000480,O000480,4,,2025-09-05
R000481,O000481,4,Buena compra,2024-08-09
R000483,O000483,5,Muy buena experiencia,2024-12-03
R000484,O000484,4,Todo bien,2024-04-20
R000486,O000486,5,Llegó perfecto,2025-03-01
R000487,O000487,4,Todo bien,2026-04-10
R000488,O000488,4,Buena compra,2025-02-12
R000490,O000490,5,Excelente producto,2026-03-19
R000493,O000493,5,,2024-08-12
R000495,O000495,5,Llegó perfecto,2025-07-03
R000496,O000496,5,Muy buena experiencia,2025-03-04
R000497,O000497,3,Cumple lo esperado,2025-09-07
R000498,O000498,4,Recomendado,2025-11-18
R000500,O000500,5,Llegó perfecto,2025-11-30
R000501,O000501,5,,2024-02-15
R000502,O000502,1,Muy mala experiencia,2024-11-28
R000504,O000504,5,,2024-10-21
R000505,O000505,5,,2024-12-07
R000506,O000506,4,Recomendado,2025-02-05
R000507,O000507,5,,2025-05-25
R000508,O000508,1,Producto llegó tarde,2024-06-25
R000509,O000509,5,Excelente producto,2025-01-10
R000510,O000510,5,Excelente producto,2024-07-06
R000512,O000512,4,Recomendado,2026-03-18
R000514,O000514,2,Producto regular,2026-07-15
R000515,O000515,1,Muy mala experiencia,2025-09-11
R000516,O000516,4,Recomendado,2024-08-02
R000517,O000517,1,Muy mala experiencia,2026-02-01
R000519,O000519,3,Experiencia normal,2026-03-08
R000521,O000521,1,Producto llegó tarde,2024-11-29
R000522,O000522,5,Llegó perfecto,2026-03-26
R000523,O000523,2,Demora excesiva,2025-12-20
R000524,O000524,3,Cumple lo esperado,2026-04-26
R000527,O000527,4,Recomendado,2024-05-26
R000529,O000529,5,,2026-04-20
R000531,O000531,2,,2025-03-23
R000532,O000532,5,Muy buena experiencia,2024-01-04
R000534,O000534,3,,2025-11-27
R000535,O000535,4,Buena compra,2024-12-23
R000537,O000537,5,Llegó perfecto,2025-04-19
R000538,O000538,5,Excelente producto,2024-11-29
R000539,O000539,5,Muy buena experiencia,2025-05-05
R000541,O000541,5,Excelente producto,2024-12-20
R000544,O000544,3,Experiencia normal,2024-08-07
R000545,O000545,5,Excelente producto,2026-04-04
R000546,O000546,5,Excelente producto,2024-08-16
R000547,O000547,5,Excelente producto,2024-06-30
R000548,O000548,3,Aceptable,2026-03-01
R000549,O000549,4,Buena compra,2026-06-04
R000550,O000550,4,Todo bien,2026-05-03
R000551,O000551,4,Buena compra,2026-06-19
R000553,O000553,5,Muy buena experiencia,2025-03-27
R000556,O000556,2,Podría mejorar,2025-02-12
R000557,O000557,4,Todo bien,2024-10-29
R000558,O000558,5,Llegó perfecto,2026-01-31
R000560,O000560,5,Excelente producto,2025-11-06
R000562,O000562,2,,2024-12-14
R000564,O000564,5,Excelente producto,2025-12-22
R000565,O000565,5,Llegó perfecto,2024-02-24
R000568,O000568,2,Demora excesiva,2026-07-13
R000569,O000569,5,Muy buena experiencia,2026-06-02
R000570,O000570,4,Buena compra,2026-01-25
R000571,O000571,3,Experiencia normal,2025-07-09
R000572,O000572,5,Llegó perfecto,2026-02-12
R000575,O000575,5,Excelente producto,2024-03-11
R000576,O000576,3,Cumple lo esperado,2026-05-13
R000577,O000577,5,Excelente producto,2026-06-17
R000578,O000578,5,Excelente producto,2025-12-29
R000579,O000579,5,Muy buena experiencia,2024-08-09
R000580,O000580,3,,2025-04-11
R000581,O000581,5,Muy buena experiencia,2025-03-24
R000582,O000582,4,Recomendado,2025-05-19
R000583,O000583,1,No lo recomiendo,2025-05-25
R000584,O000584,2,Podría mejorar,2024-03-12
R000586,O000586,2,Demora excesiva,2024-08-15
R000588,O000588,5,Llegó perfecto,2024-06-12
R000590,O000590,4,Todo bien,2024-06-21
R000591,O000591,1,Producto llegó tarde,2025-06-22
R000593,O000593,5,Muy buena experiencia,2026-06-06
R000594,O000594,1,,2024-03-29
R000595,O000595,4,Buena compra,2024-08-18
R000596,O000596,5,Llegó perfecto,2024-06-07
R000598,O000598,3,Cumple lo esperado,2024-10-27
R000599,O000599,5,,2024-04-08
R000600,O000600,5,Llegó perfecto,2024-01-21
R000601,O000601,5,Excelente producto,2026-02-18
R000602,O000602,5,Llegó perfecto,2024-10-04
R000603,O000603,2,,2024-06-04
R000604,O000604,2,,2026-05-31
R000605,O000605,1,Muy mala experiencia,2025-07-05
R000606,O000606,3,Cumple lo esperado,2024-05-09
R000608,O000608,5,,2024-02-27
R000609,O000609,4,Todo bien,2026-01-24
R000610,O000610,4,Buena compra,2025-09-03
R000611,O000611,5,Excelente producto,2025-12-03
R000614,O000614,2,Podría mejorar,2025-08-14
R000615,O000615,4,Recomendado,2026-03-19
R000616,O000616,3,Cumple lo esperado,2024-10-23
R000618,O000618,2,,2024-03-11
R000620,O000620,4,Todo bien,2025-07-14
R000621,O000621,4,,2024-04-03
R000624,O000624,4,Recomendado,2024-06-12
R000626,O000626,5,Muy buena experiencia,2026-01-09
R000627,O000627,4,Recomendado,2024-10-24
R000628,O000628,1,,2025-01-17
R000629,O000629,4,Buena compra,2024-03-21
R000630,O000630,1,Muy mala experiencia,2026-02-16
R000632,O000632,5,Muy buena experiencia,2025-07-02
R000633,O000633,5,Excelente producto,2025-03-09
R000634,O000634,1,No lo recomiendo,2024-06-18
R000635,O000635,5,Muy buena experiencia,2025-08-13
R000636,O000636,1,Muy mala experiencia,2025-04-19
R000637,O000637,4,Todo bien,2024-12-23
R000638,O000638,5,,2026-06-03
R000640,O000640,2,Demora excesiva,2026-04-27
R000641,O000641,4,Todo bien,2025-02-16
R000642,O000642,4,Recomendado,2024-05-12
R000644,O000644,3,Experiencia normal,2025-02-16
R000645,O000645,5,Muy buena experiencia,2024-03-21
R000646,O000646,4,,2026-05-05
R000647,O000647,2,Producto regular,2026-05-09
R000648,O000648,5,Excelente producto,2026-01-15
R000650,O000650,5,Llegó perfecto,2025-08-30
R000651,O000651,1,,2025-07-19
R000652,O000652,4,Recomendado,2025-03-05
R000655,O000655,5,Muy buena experiencia,2026-02-26
R000656,O000656,2,Podría mejorar,2025-09-06
R000658,O000658,5,Llegó perfecto,2024-12-25
R000660,O000660,3,Aceptable,2024-03-05
R000661,O000661,4,Recomendado,2025-04-20
R000662,O000662,4,Recomendado,2026-05-08
R000663,O000663,4,Buena compra,2026-03-31
R000664,O000664,5,Excelente producto,2025-03-23
R000665,O000665,5,Muy buena experiencia,2025-11-04
R000666,O000666,4,Buena compra,2025-03-24
R000667,O000667,2,Podría mejorar,2026-04-18
R000668,O000668,4,Todo bien,2026-01-26
R000670,O000670,1,Muy mala experiencia,2025-08-22
R000672,O000672,4,Buena compra,2025-11-29
R000674,O000674,2,Demora excesiva,2026-05-26
R000675,O000675,5,Excelente producto,2025-07-08
R000677,O000677,4,Todo bien,2025-01-08
R000679,O000679,4,Buena compra,2026-01-29
R000681,O000681,4,Todo bien,2026-05-07
R000682,O000682,4,Buena compra,2024-05-31
R000684,O000684,4,Buena compra,2026-03-30
R000685,O000685,4,,2024-10-07
R000687,O000687,5,Llegó perfecto,2024-07-10
R000689,O000689,4,,2025-12-20
R000690,O000690,2,,2025-02-08
R000691,O000691,5,Excelente producto,2024-12-09
R000692,O000692,5,Llegó perfecto,2026-02-25
R000693,O000693,5,Excelente producto,2025-08-31
R000694,O000694,3,Aceptable,2025-05-09
R000696,O000696,3,Aceptable,2024-05-03
R000697,O000697,4,Recomendado,2025-12-03
R000698,O000698,3,Experiencia normal,2025-11-23
R000699,O000699,4,Buena compra,2024-03-17
R000701,O000701,2,Producto regular,2025-11-21
R000702,O000702,5,,2024-03-09
R000703,O000703,4,Buena compra,2024-07-30
R000704,O000704,4,,2025-11-17
R000706,O000706,4,Todo bien,2025-09-23
R000707,O000707,3,,2024-05-17
R000708,O000708,4,Todo bien,2025-03-15
R000709,O000709,5,Muy buena experiencia,2025-06-20
R000710,O000710,4,Todo bien,2025-08-24
R000711,O000711,4,Buena compra,2025-03-06
R000712,O000712,1,Muy mala experiencia,2025-08-26
R000714,O000714,2,Producto regular,2024-08-13
R000715,O000715,5,Excelente producto,2026-05-13
R000716,O000716,2,Podría mejorar,2025-03-21
R000717,O000717,4,Recomendado,2026-05-16
R000718,O000718,4,Buena compra,2025-06-02
R000719,O000719,4,Recomendado,2024-05-14
R000721,O000721,5,Llegó perfecto,2025-01-01
R000722,O000722,4,Buena compra,2024-05-08
R000724,O000724,2,Producto regular,2025-08-30
R000725,O000725,2,,2025-06-16
R000727,O000727,5,,2025-10-10
R000729,O000729,3,,2025-08-10
R000730,O000730,4,Buena compra,2025-10-03
R000732,O000732,1,No lo recomiendo,2024-06-16
R000734,O000734,4,Recomendado,2026-05-05
R000735,O000735,2,Podría mejorar,2025-09-28
R000737,O000737,5,Excelente producto,2024-04-07
R000739,O000739,4,Todo bien,2024-03-09
R000741,O000741,5,Llegó perfecto,2024-07-10
R000743,O000743,4,Buena compra,2025-09-22
R000745,O000745,4,Todo bien,2026-02-07
R000746,O000746,3,Experiencia normal,2025-02-05
R000747,O000747,5,Excelente producto,2024-03-28
R000748,O000748,4,Recomendado,2025-05-31
R000749,O000749,2,Producto regular,2026-03-23
R000750,O000750,4,Recomendado,2026-02-17
R000751,O000751,1,No lo recomiendo,2025-09-20
R000752,O000752,3,Experiencia normal,2024-12-11
R000753,O000753,5,Llegó perfecto,2024-08-07
R000754,O000754,5,Llegó perfecto,2026-03-29
R000755,O000755,5,,2025-04-02
R000756,O000756,5,Llegó perfecto,2024-07-28
R000757,O000757,4,,2025-09-24
R000759,O000759,2,Producto regular,2025-02-13
R000760,O000760,4,Recomendado,2025-10-21
R000761,O000761,1,Producto llegó tarde,2026-02-14
R000762,O000762,5,Llegó perfecto,2026-01-29
R000764,O000764,2,Podría mejorar,2024-07-17
R000766,O000766,5,Excelente producto,2026-06-26
R000767,O000767,5,,2024-11-20
R000768,O000768,5,Muy buena experiencia,2024-03-13
R000769,O000769,3,Experiencia normal,2025-08-18
R000772,O000772,5,Muy buena experiencia,2025-08-08
R000773,O000773,3,Cumple lo esperado,2025-07-07
R000774,O000774,3,Experiencia normal,2024-02-16
R000775,O000775,5,Llegó perfecto,2025-02-19
R000777,O000777,1,No lo recomiendo,2026-03-15
R000778,O000778,5,Muy buena experiencia,2024-03-28
R000779,O000779,1,Muy mala experiencia,2026-05-21
R000780,O000780,5,Excelente producto,2024-09-01
R000782,O000782,5,Excelente producto,2024-05-19
R000783,O000783,1,No lo recomiendo,2025-03-24
R000784,O000784,5,Muy buena experiencia,2024-12-04
R000785,O000785,2,Producto regular,2025-07-12
R000786,O000786,4,Todo bien,2025-01-30
R000787,O000787,5,Llegó perfecto,2024-10-28
R000788,O000788,2,Demora excesiva,2026-01-15
R000789,O000789,1,No lo recomiendo,2025-09-16
R000791,O000791,5,Muy buena experiencia,2025-01-06
R000794,O000794,2,Podría mejorar,2026-03-05
R000795,O000795,5,Muy buena experiencia,2025-12-21
R000796,O000796,4,Buena compra,2024-02-04
R000797,O000797,2,Demora excesiva,2025-09-18
R000798,O000798,2,Demora excesiva,2024-01-24
R000799,O000799,4,Buena compra,2026-01-26
R000800,O000800,4,Buena compra,2025-09-25
R000801,O000801,4,Todo bien,2025-01-14
R000802,O000802,4,Todo bien,2024-10-02
R000803,O000803,4,Recomendado,2024-07-27
R000804,O000804,3,Aceptable,2025-01-15
R000805,O000805,2,Podría mejorar,2025-06-13
R000806,O000806,4,Todo bien,2025-05-23
R000808,O000808,2,Podría mejorar,2024-03-18
R000809,O000809,5,Llegó perfecto,2025-10-07
R000811,O000811,2,Podría mejorar,2026-03-27
R000812,O000812,3,Cumple lo esperado,2025-01-12
R000813,O000813,5,Excelente producto,2024-04-11
R000814,O000814,4,,2024-02-12
R000818,O000818,3,Aceptable,2025-04-08
R000819,O000819,1,No lo recomiendo,2025-10-16
R000820,O000820,4,Buena compra,2024-11-25
R000821,O000821,4,Recomendado,2024-10-06
R000825,O000825,4,Todo bien,2026-04-01
R000826,O000826,5,Excelente producto,2026-03-13
R000827,O000827,4,Buena compra,2025-11-12
R000830,O000830,5,Muy buena experiencia,2026-02-09
R000831,O000831,4,Todo bien,2025-11-05
R000832,O000832,5,Llegó perfecto,2026-03-11
R000833,O000833,4,Buena compra,2024-08-02
R000834,O000834,4,Recomendado,2026-04-28
R000835,O000835,1,Producto llegó tarde,2024-02-26
R000836,O000836,4,Recomendado,2024-03-08
R000838,O000838,5,Excelente producto,2024-05-26
R000839,O000839,2,,2026-02-19
R000840,O000840,5,Excelente producto,2024-09-14
R000841,O000841,5,Llegó perfecto,2025-12-07
R000843,O000843,4,Recomendado,2025-02-28
R000846,O000846,5,Muy buena experiencia,2025-02-03
R000847,O000847,4,Todo bien,2025-08-14
R000849,O000849,2,Podría mejorar,2024-05-27
R000850,O000850,5,Llegó perfecto,2025-03-26
R000851,O000851,1,No lo recomiendo,2025-10-20
R000853,O000853,2,,2024-03-04
R000856,O000856,4,Recomendado,2024-12-14
R000857,O000857,5,Muy buena experiencia,2026-03-21
R000858,O000858,4,Buena compra,2024-08-28
R000859,O000859,5,Llegó perfecto,2024-04-25
R000860,O000860,1,No lo recomiendo,2025-05-11
R000861,O000861,3,Cumple lo esperado,2024-04-30
R000863,O000863,3,Cumple lo esperado,2025-11-24
R000865,O000865,2,Podría mejorar,2024-12-23
R000867,O000867,5,Llegó perfecto,2025-10-11
R000868,O000868,2,,2024-12-15
R000869,O000869,2,Demora excesiva,2026-04-09
R000870,O000870,2,Demora excesiva,2025-01-14
R000871,O000871,4,Buena compra,2025-08-31
R000872,O000872,4,Buena compra,2025-08-08
R000873,O000873,5,Llegó perfecto,2025-03-17
R000874,O000874,4,Recomendado,2026-05-01
R000875,O000875,4,Todo bien,2026-07-09
R000877,O000877,4,Todo bien,2025-07-15
R000878,O000878,5,Llegó perfecto,2024-10-18
R000879,O000879,2,Producto regular,2025-02-02
R000880,O000880,4,Todo bien,2025-05-09
R000881,O000881,5,Llegó perfecto,2026-04-29
R000882,O000882,1,Producto llegó tarde,2024-07-19
R000883,O000883,4,,2024-03-11
R000884,O000884,5,Muy buena experiencia,2024-06-28
R000885,O000885,5,Llegó perfecto,2026-01-27
R000886,O000886,5,Muy buena experiencia,2025-12-20
R000887,O000887,2,Podría mejorar,2026-02-17
R000889,O000889,1,No lo recomiendo,2026-04-16
R000890,O000890,3,Experiencia normal,2026-05-27
R000892,O000892,5,Llegó perfecto,2026-04-04
R000896,O000896,4,Buena compra,2024-03-26
R000897,O000897,4,Todo bien,2024-02-27
R000898,O000898,5,Muy buena experiencia,2025-05-20
R000899,O000899,5,Excelente producto,2025-07-05
R000900,O000900,4,Recomendado,2024-03-17
R000903,O000903,5,,2024-01-20
R000904,O000904,3,Experiencia normal,2024-05-26
R000905,O000905,5,,2025-01-01
R000906,O000906,4,Buena compra,2024-08-08
R000907,O000907,5,Muy buena experiencia,2025-03-08
R000908,O000908,2,Producto regular,2025-04-05
R000909,O000909,4,Recomendado,2025-03-13
R000910,O000910,1,Producto llegó tarde,2024-01-29
R000913,O000913,5,Excelente producto,2025-05-31
R000914,O000914,4,Recomendado,2025-07-28
R000915,O000915,4,Todo bien,2025-04-18
R000916,O000916,5,Llegó perfecto,2024-07-26
R000918,O000918,4,Todo bien,2025-11-18
R000919,O000919,3,Aceptable,2024-12-17
R000920,O000920,3,Experiencia normal,2025-04-02
R000922,O000922,1,Muy mala experiencia,2026-05-16
R000923,O000923,1,No lo recomiendo,2026-06-19
R000924,O000924,5,,2025-11-19
R000925,O000925,4,Buena compra,2024-02-22
R000926,O000926,4,,2024-03-27
R000927,O000927,5,Muy buena experiencia,2026-07-03
R000929,O000929,4,Todo bien,2024-02-08
R000930,O000930,4,Recomendado,2026-03-11
R000931,O000931,2,Producto regular,2025-10-05
R000932,O000932,5,Excelente producto,2025-10-29
R000933,O000933,1,No lo recomiendo,2024-01-24
R000934,O000934,5,Llegó perfecto,2025-06-09
R000935,O000935,4,Todo bien,2025-10-24
R000936,O000936,3,Experiencia normal,2024-04-29
R000938,O000938,4,Todo bien,2024-10-26
R000939,O000939,5,Excelente producto,2026-06-17
R000940,O000940,5,Muy buena experiencia,2026-05-19
R000941,O000941,4,Recomendado,2026-04-20
R000944,O000944,4,Buena compra,2026-05-12
R000945,O000945,1,No lo recomiendo,2025-11-23
R000946,O000946,4,Todo bien,2024-11-28
R000948,O000948,5,Llegó perfecto,2025-08-07
R000950,O000950,5,Llegó perfecto,2025-10-12
R000951,O000951,2,Demora excesiva,2024-07-05
R000952,O000952,2,Producto regular,2024-10-12
R000953,O000953,5,Excelente producto,2024-09-22
R000955,O000955,4,Todo bien,2025-04-12
R000956,O000956,5,,2025-06-24
R000958,O000958,4,Todo bien,2026-02-02
R000959,O000959,4,Todo bien,2025-08-08
R000960,O000960,4,Todo bien,2024-09-27
R000961,O000961,2,Demora excesiva,2025-08-05
R000962,O000962,1,Muy mala experiencia,2024-05-06
R000963,O000963,5,Excelente producto,2024-03-21
R000964,O000964,1,Muy mala experiencia,2024-07-10
R000965,O000965,2,,2026-05-11
R000966,O000966,1,No lo recomiendo,2024-08-28
R000967,O000967,5,Excelente producto,2024-08-26
R000968,O000968,4,Recomendado,2025-02-17
R000971,O000971,3,Aceptable,2026-02-07
R000973,O000973,4,Recomendado,2026-01-17
R000974,O000974,1,Producto llegó tarde,2025-11-19
R000975,O000975,5,Llegó perfecto,2024-02-04
R000977,O000977,3,Experiencia normal,2026-06-30
R000979,O000979,2,Producto regular,2025-03-22
R000982,O000982,3,Cumple lo esperado,2024-03-23
R000983,O000983,4,Todo bien,2024-06-20
R000984,O000984,4,Recomendado,2025-04-03
R000985,O000985,2,Producto regular,2026-06-19
R000986,O000986,4,Buena compra,2025-06-13
R000988,O000988,5,Excelente producto,2026-04-14
R000989,O000989,1,,2025-02-24
R000990,O000990,5,Excelente producto,2024-09-30
R000991,O000991,2,Demora excesiva,2024-10-15
R000992,O000992,1,No lo recomiendo,2024-03-13
R000993,O000993,4,Buena compra,2025-03-04
R000994,O000994,5,Llegó perfecto,2025-08-16
R000997,O000997,2,Producto regular,2026-05-25
R000998,O000998,5,Llegó perfecto,2024-03-26
R000999,O000999,2,Demora excesiva,2024-04-05
R001000,O001000,2,Producto regular,2025-02-12
R001001,O001001,4,,2025-04-30
R001003,O001003,1,No lo recomiendo,2025-04-13
R001005,O001005,2,Podría mejorar,2025-07-17
R001006,O001006,4,Recomendado,2026-05-03
R001007,O001007,5,Llegó perfecto,2025-08-14
R001009,O001009,3,Experiencia normal,2025-02-25
R001010,O001010,1,Muy mala experiencia,2026-06-04
R001011,O001011,2,Producto regular,2025-06-17
R001012,O001012,5,Excelente producto,2024-04-25
R001013,O001013,5,Muy buena experiencia,2026-02-13
R001014,O001014,5,Llegó perfecto,2026-05-11
R001015,O001015,1,Producto llegó tarde,2026-03-03
R001016,O001016,2,Demora excesiva,2025-09-07
R001018,O001018,4,Todo bien,2024-07-19
R001019,O001019,3,Experiencia normal,2025-11-23
R001020,O001020,3,Cumple lo esperado,2024-10-03
R001021,O001021,4,Recomendado,2025-09-26
R001022,O001022,1,Muy mala experiencia,2025-11-01
R001024,O001024,3,Cumple lo esperado,2025-06-01
R001025,O001025,5,Muy buena experiencia,2024-10-09
R001026,O001026,1,Muy mala experiencia,2026-05-04
R001027,O001027,5,Muy buena experiencia,2024-12-16
R001028,O001028,2,,2026-04-19
R001029,O001029,1,No lo recomiendo,2026-05-27
R001030,O001030,4,Todo bien,2025-05-09
R001031,O001031,5,Llegó perfecto,2025-01-27
R001032,O001032,5,Excelente producto,2025-11-17
R001033,O001033,4,Buena compra,2024-04-18
R001034,O001034,5,Excelente producto,2025-04-08
R001036,O001036,4,Recomendado,2025-03-08
R001037,O001037,5,Excelente producto,2024-12-17
R001038,O001038,3,,2025-06-08
R001039,O001039,5,,2025-08-10
R001040,O001040,5,Muy buena experiencia,2024-10-27
R001041,O001041,5,,2024-06-27
R001044,O001044,2,Producto regular,2024-12-27
R001046,O001046,5,,2025-11-26
R001047,O001047,4,Recomendado,2024-12-19
R001048,O001048,5,Llegó perfecto,2025-08-30
R001051,O001051,1,Producto llegó tarde,2024-08-12
R001052,O001052,2,Producto regular,2025-12-03
R001053,O001053,1,Muy mala experiencia,2024-11-19
R001054,O001054,2,Producto regular,2025-01-26
R001055,O001055,5,Muy buena experiencia,2024-07-10
R001056,O001056,5,Llegó perfecto,2024-03-02
R001057,O001057,4,Todo bien,2025-03-07
R001058,O001058,5,Muy buena experiencia,2026-06-12
R001059,O001059,5,Muy buena experiencia,2025-08-09
R001060,O001060,1,Producto llegó tarde,2024-07-17
R001061,O001061,4,Recomendado,2024-06-17
R001062,O001062,5,,2025-01-07
R001063,O001063,2,Demora excesiva,2026-04-21
R001065,O001065,5,Llegó perfecto,2024-02-05
R001066,O001066,2,Producto regular,2024-10-28
R001069,O001069,4,Recomendado,2024-07-13
R001070,O001070,3,Cumple lo esperado,2025-03-06
R001071,O001071,3,Experiencia normal,2025-05-15
R001072,O001072,5,Muy buena experiencia,2024-03-09
R001074,O001074,5,,2024-02-15
R001075,O001075,5,Excelente producto,2025-08-28
R001076,O001076,5,Llegó perfecto,2026-05-02
R001077,O001077,4,,2026-04-11
R001078,O001078,5,Llegó perfecto,2026-04-30
R001080,O001080,5,Muy buena experiencia,2026-02-07
R001082,O001082,1,No lo recomiendo,2024-02-06
R001083,O001083,3,Aceptable,2025-02-22
R001084,O001084,4,Todo bien,2024-08-08
R001085,O001085,5,Excelente producto,2024-01-14
R001086,O001086,4,Todo bien,2026-03-15
R001087,O001087,5,,2026-06-08
R001089,O001089,5,Llegó perfecto,2025-10-02
R001090,O001090,1,Muy mala experiencia,2025-03-23
R001091,O001091,3,Cumple lo esperado,2025-02-23
R001093,O001093,4,,2025-10-16
R001095,O001095,3,Cumple lo esperado,2024-08-09
R001096,O001096,2,Demora excesiva,2024-06-08
R001097,O001097,2,Producto regular,2024-08-31
R001099,O001099,4,Todo bien,2025-07-25
R001100,O001100,3,,2024-11-14
R001101,O001101,2,Producto regular,2024-05-03
R001105,O001105,5,Excelente producto,2026-04-20
R001106,O001106,4,Todo bien,2025-07-07
R001107,O001107,1,Producto llegó tarde,2024-10-06
R001108,O001108,3,Experiencia normal,2026-04-28
R001109,O001109,5,Excelente producto,2025-07-12
R001110,O001110,4,Buena compra,2024-12-16
R001111,O001111,5,Muy buena experiencia,2026-06-16
R001112,O001112,5,Excelente producto,2025-06-02
R001113,O001113,4,Recomendado,2024-08-10
R001114,O001114,3,Cumple lo esperado,2025-04-09
R001116,O001116,3,Experiencia normal,2024-12-01
R001117,O001117,4,Buena compra,2024-12-19
R001118,O001118,5,Llegó perfecto,2025-06-27
R001119,O001119,1,No lo recomiendo,2025-11-24
R001120,O001120,1,Muy mala experiencia,2024-11-15
R001121,O001121,1,,2024-09-28
R001122,O001122,5,Llegó perfecto,2025-03-26
R001123,O001123,3,Aceptable,2024-01-30
R001124,O001124,5,Muy buena experiencia,2024-04-07
R001125,O001125,5,Llegó perfecto,2026-07-05
R001126,O001126,5,Llegó perfecto,2024-07-26
R001128,O001128,3,Aceptable,2025-12-19
R001130,O001130,5,Muy buena experiencia,2026-04-26
R001132,O001132,2,Demora excesiva,2026-03-27
R001134,O001134,2,Podría mejorar,2025-08-13
R001136,O001136,5,Muy buena experiencia,2026-05-14
R001137,O001137,4,,2024-03-20
R001138,O001138,2,Producto regular,2024-05-29
R001140,O001140,5,Muy buena experiencia,2025-07-15
R001141,O001141,4,Recomendado,2025-12-02
R001142,O001142,5,Llegó perfecto,2025-03-20
R001143,O001143,5,Muy buena experiencia,2026-05-03
R001144,O001144,3,Cumple lo esperado,2025-10-21
R001145,O001145,5,Llegó perfecto,2024-12-04
R001146,O001146,5,Muy buena experiencia,2025-04-11
R001147,O001147,3,Cumple lo esperado,2024-03-18
R001148,O001148,5,,2024-11-04
R001149,O001149,2,Podría mejorar,2025-11-24
R001150,O001150,2,Podría mejorar,2024-10-13
R001151,O001151,4,Todo bien,2024-10-01
R001153,O001153,5,Muy buena experiencia,2026-03-11
R001154,O001154,5,Muy buena experiencia,2025-04-06
R001156,O001156,5,Excelente producto,2026-07-02
R001157,O001157,4,Todo bien,2024-06-11
R001158,O001158,5,Excelente producto,2026-04-12
R001162,O001162,1,Muy mala experiencia,2024-07-29
R001163,O001163,4,Recomendado,2024-05-19
R001165,O001165,5,,2025-11-04
R001166,O001166,4,Todo bien,2024-12-25
R001168,O001168,1,Producto llegó tarde,2025-09-29
R001169,O001169,5,Llegó perfecto,2026-02-11
R001171,O001171,5,Llegó perfecto,2025-10-10
R001172,O001172,5,Muy buena experiencia,2024-09-19
R001174,O001174,4,Todo bien,2024-12-03
R001175,O001175,5,Muy buena experiencia,2026-03-26
R001176,O001176,5,,2024-01-29
R001179,O001179,5,Llegó perfecto,2025-01-26
R001182,O001182,5,,2026-04-01
R001183,O001183,2,Podría mejorar,2025-10-29
R001185,O001185,3,Aceptable,2025-12-12
R001186,O001186,5,Muy buena experiencia,2025-10-06
R001187,O001187,5,Muy buena experiencia,2024-06-22
R001190,O001190,5,Excelente producto,2026-05-13
R001191,O001191,3,Aceptable,2025-03-04
R001193,O001193,5,Muy buena experiencia,2025-09-12
R001194,O001194,3,Experiencia normal,2025-08-10
R001195,O001195,5,Llegó perfecto,2025-12-02
R001196,O001196,5,Llegó perfecto,2024-02-21
R001197,O001197,5,Excelente producto,2024-10-24
R001199,O001199,4,Todo bien,2024-08-01
R001200,O001200,3,Cumple lo esperado,2024-08-13
R001202,O001202,2,Podría mejorar,2025-12-03
R001203,O001203,2,Podría mejorar,2024-08-20
R001204,O001204,2,Producto regular,2025-07-29
R001205,O001205,1,,2024-06-24
R001207,O001207,5,Llegó perfecto,2024-10-05
R001209,O001209,2,Podría mejorar,2026-05-19
R001210,O001210,4,Recomendado,2026-05-09
R001212,O001212,5,Excelente producto,2025-06-03
R001213,O001213,4,Recomendado,2026-05-01
R001214,O001214,1,Producto llegó tarde,2024-05-06
R001215,O001215,2,Demora excesiva,2024-05-29
R001216,O001216,3,Experiencia normal,2024-02-03
R001218,O001218,5,Muy buena experiencia,2026-02-22
R001220,O001220,4,Buena compra,2026-05-18
R001221,O001221,5,Llegó perfecto,2025-12-25
R001222,O001222,5,Llegó perfecto,2026-04-18
R001224,O001224,5,Excelente producto,2024-10-14
R001225,O001225,5,Llegó perfecto,2024-12-29
R001226,O001226,2,Demora excesiva,2025-04-02
R001227,O001227,4,,2025-05-19
R001228,O001228,5,,2024-03-11
R001230,O001230,5,Muy buena experiencia,2024-09-06
R001231,O001231,2,Podría mejorar,2024-12-09
R001232,O001232,4,Todo bien,2024-01-21
R001233,O001233,5,Muy buena experiencia,2025-10-04
R001235,O001235,3,,2026-03-02
R001236,O001236,5,Muy buena experiencia,2024-06-20
R001238,O001238,4,Recomendado,2024-05-11
R001240,O001240,4,Buena compra,2025-08-13
R001241,O001241,5,Excelente producto,2025-03-31
R001242,O001242,4,Recomendado,2026-07-02
R001243,O001243,5,Llegó perfecto,2024-07-17
R001245,O001245,4,Todo bien,2026-06-14
R001246,O001246,5,Excelente producto,2024-12-21
R001247,O001247,5,,2026-03-17
R001248,O001248,5,Excelente producto,2024-02-22
R001249,O001249,5,Muy buena experiencia,2024-07-10
R001251,O001251,5,Excelente producto,2025-02-28
R001252,O001252,3,Aceptable,2025-12-11
R001253,O001253,4,Buena compra,2025-09-03
R001254,O001254,1,,2026-02-08
R001255,O001255,3,Experiencia normal,2024-12-21
R001256,O001256,5,Llegó perfecto,2025-03-18
R001257,O001257,1,,2024-05-22
R001258,O001258,4,Todo bien,2025-09-26
R001260,O001260,5,Excelente producto,2026-05-15
R001262,O001262,2,Producto regular,2026-04-05
R001263,O001263,5,Excelente producto,2025-10-28
R001264,O001264,5,Llegó perfecto,2024-06-08
R001265,O001265,3,Aceptable,2024-02-10
R001267,O001267,4,Recomendado,2025-06-21
R001268,O001268,5,Llegó perfecto,2026-06-30
R001269,O001269,4,Recomendado,2026-04-28
R001270,O001270,5,,2025-10-03
R001272,O001272,4,Recomendado,2025-09-23
R001273,O001273,4,Todo bien,2026-01-04
R001274,O001274,1,Producto llegó tarde,2026-02-21
R001275,O001275,5,Llegó perfecto,2024-04-25
R001276,O001276,5,Excelente producto,2025-09-24
R001277,O001277,4,Recomendado,2024-07-17
R001278,O001278,5,Muy buena experiencia,2025-07-25
R001280,O001280,4,Todo bien,2025-12-19
R001281,O001281,5,Llegó perfecto,2025-07-28
R001283,O001283,4,Buena compra,2026-01-26
R001285,O001285,3,Experiencia normal,2026-06-26
R001286,O001286,2,Producto regular,2024-12-28
R001287,O001287,4,Recomendado,2025-02-01
R001288,O001288,5,Excelente producto,2024-03-22
R001290,O001290,4,Recomendado,2026-05-18
R001293,O001293,5,Llegó perfecto,2026-04-25
R001295,O001295,4,Buena compra,2025-02-19
R001296,O001296,1,Producto llegó tarde,2024-08-24
R001298,O001298,5,Muy buena experiencia,2024-04-20
R001299,O001299,5,Muy buena experiencia,2024-01-13
R001300,O001300,5,Llegó perfecto,2025-06-25
R001301,O001301,5,Llegó perfecto,2024-05-22
R001303,O001303,4,Buena compra,2026-07-10
R001304,O001304,5,Muy buena experiencia,2025-07-14
R001305,O001305,5,Muy buena experiencia,2024-09-07
R001307,O001307,4,Todo bien,2025-04-29
R001308,O001308,5,Llegó perfecto,2025-10-11
R001309,O001309,5,Excelente producto,2024-07-09
R001310,O001310,5,Llegó perfecto,2025-01-18
R001311,O001311,5,Excelente producto,2025-08-14
R001312,O001312,3,Cumple lo esperado,2026-01-20
R001313,O001313,3,Aceptable,2024-12-24
R001315,O001315,5,,2025-12-09
R001316,O001316,4,Todo bien,2024-03-28
R001317,O001317,5,Llegó perfecto,2024-09-10
R001318,O001318,2,Demora excesiva,2024-07-12
R001319,O001319,3,Aceptable,2025-04-02
R001320,O001320,4,Recomendado,2026-02-22
R001321,O001321,5,Muy buena experiencia,2025-11-05
R001322,O001322,5,Excelente producto,2024-03-25
R001324,O001324,5,,2024-06-09
R001327,O001327,2,Demora excesiva,2024-07-23
R001328,O001328,4,Recomendado,2025-03-26
R001329,O001329,5,Muy buena experiencia,2025-11-19
R001331,O001331,5,Excelente producto,2025-05-09
R001332,O001332,2,Producto regular,2026-01-01
R001333,O001333,5,Llegó perfecto,2026-06-04
R001334,O001334,1,Muy mala experiencia,2025-04-24
R001335,O001335,3,Cumple lo esperado,2026-01-30
R001336,O001336,3,Cumple lo esperado,2025-05-07
R001337,O001337,4,Todo bien,2024-06-21
R001338,O001338,2,Podría mejorar,2025-02-08
R001339,O001339,5,Muy buena experiencia,2024-03-13
R001340,O001340,1,Producto llegó tarde,2024-04-17
R001341,O001341,3,,2025-03-06
R001343,O001343,5,Excelente producto,2025-02-17
R001344,O001344,2,Demora excesiva,2024-11-18
R001347,O001347,4,Buena compra,2026-06-15
R001348,O001348,5,,2026-05-25
R001350,O001350,4,Buena compra,2025-05-13
R001351,O001351,5,Muy buena experiencia,2024-02-26
R001352,O001352,1,Muy mala experiencia,2024-04-10
R001353,O001353,4,Todo bien,2026-04-29
R001354,O001354,5,Muy buena experiencia,2026-05-23
R001355,O001355,4,Recomendado,2024-07-26
R001356,O001356,5,Muy buena experiencia,2025-01-05
R001357,O001357,5,,2025-03-27
R001358,O001358,3,Cumple lo esperado,2026-06-11
R001359,O001359,4,Todo bien,2024-11-29
R001360,O001360,5,Muy buena experiencia,2025-04-25
R001363,O001363,4,Todo bien,2025-03-18
R001364,O001364,5,,2026-04-06
R001365,O001365,5,Llegó perfecto,2024-07-09
R001366,O001366,1,No lo recomiendo,2024-03-22
R001367,O001367,3,Aceptable,2025-01-05
R001369,O001369,4,,2025-01-24
R001371,O001371,5,Muy buena experiencia,2025-10-03
R001372,O001372,5,Muy buena experiencia,2024-03-18
R001374,O001374,4,Todo bien,2024-12-20
R001375,O001375,5,Excelente producto,2026-02-16
R001376,O001376,2,Podría mejorar,2024-08-16
R001378,O001378,3,,2024-03-12
R001379,O001379,4,Todo bien,2025-02-09
R001380,O001380,4,Todo bien,2025-12-24
R001382,O001382,2,Demora excesiva,2024-01-11
R001384,O001384,5,,2025-03-13
R001385,O001385,4,Buena compra,2026-02-04
R001388,O001388,5,Llegó perfecto,2025-01-28
R001389,O001389,5,,2025-05-16
R001390,O001390,4,Todo bien,2024-04-04
R001391,O001391,4,Recomendado,2025-03-11
R001392,O001392,4,Recomendado,2025-12-27
R001393,O001393,3,Aceptable,2025-04-01
R001396,O001396,4,Recomendado,2025-05-20
R001398,O001398,4,Todo bien,2026-05-21
R001403,O001403,5,Muy buena experiencia,2024-06-05
R001404,O001404,4,Todo bien,2025-09-30
R001405,O001405,4,Todo bien,2026-04-30
R001407,O001407,1,Producto llegó tarde,2025-06-12
R001408,O001408,5,Muy buena experiencia,2024-09-05
R001409,O001409,2,,2025-11-16
R001410,O001410,5,,2025-02-22
R001412,O001412,5,Muy buena experiencia,2024-10-08
R001413,O001413,4,Recomendado,2026-06-27
R001414,O001414,5,Llegó perfecto,2025-05-25
R001415,O001415,3,,2025-01-16
R001416,O001416,5,Excelente producto,2026-05-29
R001418,O001418,4,Todo bien,2025-01-07
R001419,O001419,4,Recomendado,2026-02-08
R001420,O001420,3,Aceptable,2025-07-03
R001421,O001421,5,Muy buena experiencia,2025-09-07
R001422,O001422,4,Recomendado,2026-05-27
R001423,O001423,4,Todo bien,2024-07-10
R001424,O001424,3,,2025-08-02
R001427,O001427,3,Experiencia normal,2024-03-30
R001428,O001428,5,Excelente producto,2026-06-03
R001430,O001430,1,Producto llegó tarde,2025-09-25
R001432,O001432,1,,2024-04-14
R001433,O001433,5,Excelente producto,2024-03-15
R001434,O001434,4,Recomendado,2026-01-30
R001435,O001435,4,,2024-03-18
R001439,O001439,5,Muy buena experiencia,2025-02-07
R001440,O001440,5,Excelente producto,2026-02-02
R001443,O001443,4,,2025-03-07
R001444,O001444,4,Todo bien,2024-04-30
R001446,O001446,5,Llegó perfecto,2024-09-08
R001447,O001447,4,Buena compra,2024-03-31
R001448,O001448,4,Todo bien,2025-05-07
R001450,O001450,4,Todo bien,2025-03-06
R001452,O001452,5,Llegó perfecto,2024-08-21
R001455,O001455,5,,2025-03-11
R001456,O001456,5,Llegó perfecto,2025-09-14
R001457,O001457,3,Experiencia normal,2024-04-07
R001459,O001459,4,Todo bien,2025-12-20
R001460,O001460,4,Buena compra,2024-02-05
R001461,O001461,2,Demora excesiva,2024-02-03
R001462,O001462,4,Buena compra,2024-04-21
R001464,O001464,3,Experiencia normal,2024-04-20
R001467,O001467,4,Todo bien,2026-05-09
R001468,O001468,5,Excelente producto,2025-07-31
R001469,O001469,1,Producto llegó tarde,2025-05-12
R001470,O001470,5,Llegó perfecto,2026-02-21
R001471,O001471,4,Recomendado,2025-09-23
R001473,O001473,4,Recomendado,2025-10-01
R001474,O001474,3,Cumple lo esperado,2025-12-19
R001475,O001475,2,Podría mejorar,2024-04-20
R001477,O001477,4,Todo bien,2025-10-28
R001479,O001479,3,Aceptable,2024-09-14
R001481,O001481,4,Todo bien,2024-05-07
R001482,O001482,5,Llegó perfecto,2026-05-25
R001483,O001483,3,Experiencia normal,2024-05-27
R001484,O001484,5,Llegó perfecto,2026-04-24
R001485,O001485,2,Producto regular,2026-03-20
R001486,O001486,3,Aceptable,2025-05-14
R001487,O001487,5,Excelente producto,2025-12-28
R001489,O001489,5,Muy buena experiencia,2024-04-09
R001490,O001490,4,Buena compra,2025-05-15
R001492,O001492,5,Muy buena experiencia,2024-08-28
R001493,O001493,5,Muy buena experiencia,2026-04-12
R001499,O001499,2,Producto regular,2024-08-13
R001500,O001500,4,Todo bien,2025-11-05
R001501,O001501,5,Muy buena experiencia,2025-01-02
R001502,O001502,5,Llegó perfecto,2026-02-28
R001503,O001503,5,Muy buena experiencia,2025-07-01
R001504,O001504,5,Llegó perfecto,2025-12-01
R001507,O001507,4,Todo bien,2024-09-26
R001508,O001508,4,Buena compra,2024-06-08
R001510,O001510,4,Recomendado,2024-05-31
R001511,O001511,5,Muy buena experiencia,2025-06-27
R001512,O001512,5,Llegó perfecto,2024-06-04
R001514,O001514,4,Todo bien,2026-04-09
R001515,O001515,5,Llegó perfecto,2024-04-20
R001516,O001516,3,Aceptable,2025-12-03
R001517,O001517,3,Experiencia normal,2024-06-13
R001518,O001518,4,Recomendado,2024-11-26
R001519,O001519,5,Muy buena experiencia,2024-07-15
R001520,O001520,5,Excelente producto,2026-03-10
R001521,O001521,5,Llegó perfecto,2025-11-06
R001522,O001522,2,Producto regular,2025-10-23
R001523,O001523,1,Muy mala experiencia,2025-02-05
R001524,O001524,5,,2026-02-07
R001525,O001525,1,No lo recomiendo,2026-04-10
R001526,O001526,2,,2025-10-01
R001528,O001528,5,Muy buena experiencia,2025-07-14
R001530,O001530,1,Muy mala experiencia,2026-04-27
R001531,O001531,1,No lo recomiendo,2025-11-05
R001532,O001532,2,Producto regular,2024-02-16
R001533,O001533,4,Todo bien,2025-09-22
R001536,O001536,5,Excelente producto,2025-04-26
R001537,O001537,5,Llegó perfecto,2025-02-19
R001538,O001538,4,Buena compra,2025-12-26
R001539,O001539,2,Producto regular,2026-03-01
R001541,O001541,4,Todo bien,2025-08-08
R001542,O001542,5,Excelente producto,2025-07-13
R001543,O001543,5,Excelente producto,2024-10-09
R001544,O001544,5,Llegó perfecto,2024-09-20
R001545,O001545,2,Demora excesiva,2024-03-19
R001546,O001546,5,Excelente producto,2025-08-05
R001547,O001547,4,,2025-10-21
R001550,O001550,4,,2026-02-01
R001553,O001553,4,Recomendado,2026-04-15
R001554,O001554,2,Demora excesiva,2026-02-02
R001555,O001555,4,Buena compra,2024-11-12
R001557,O001557,4,Recomendado,2025-01-14
R001560,O001560,2,Producto regular,2024-03-21
R001561,O001561,3,Aceptable,2024-07-02
R001562,O001562,1,Producto llegó tarde,2025-10-10
R001563,O001563,5,Llegó perfecto,2026-05-22
R001564,O001564,5,Excelente producto,2025-02-24
R001565,O001565,2,Podría mejorar,2025-02-25
R001566,O001566,5,Excelente producto,2024-07-01
R001567,O001567,5,Excelente producto,2024-02-23
R001568,O001568,5,Muy buena experiencia,2026-01-11
R001570,O001570,3,,2024-11-08
R001571,O001571,2,Demora excesiva,2025-08-27
R001572,O001572,3,Cumple lo esperado,2025-05-25
R001574,O001574,5,Muy buena experiencia,2024-09-02
R001575,O001575,4,Buena compra,2025-08-19
R001577,O001577,5,Llegó perfecto,2025-10-02
R001578,O001578,5,Muy buena experiencia,2024-01-22
R001581,O001581,2,Podría mejorar,2024-10-18
R001582,O001582,2,Podría mejorar,2025-02-07
R001583,O001583,5,,2025-03-01
R001586,O001586,3,,2024-08-29
R001587,O001587,5,Excelente producto,2024-12-10
R001590,O001590,5,Muy buena experiencia,2025-04-15
R001594,O001594,3,Cumple lo esperado,2026-05-17
R001595,O001595,5,Excelente producto,2025-01-29
R001596,O001596,5,Muy buena experiencia,2024-12-15
R001597,O001597,5,Muy buena experiencia,2025-11-14
R001600,O001600,1,No lo recomiendo,2024-10-20
R001601,O001601,1,Muy mala experiencia,2025-07-27
R001602,O001602,5,Excelente producto,2025-03-03
R001603,O001603,5,Muy buena experiencia,2025-06-15
R001604,O001604,5,Muy buena experiencia,2024-10-05
R001605,O001605,5,Excelente producto,2024-12-15
R001606,O001606,4,Recomendado,2025-06-11
R001607,O001607,1,Producto llegó tarde,2025-10-14
R001608,O001608,5,,2025-12-04
R001609,O001609,5,Llegó perfecto,2024-07-11
R001610,O001610,5,Muy buena experiencia,2025-04-11
R001611,O001611,5,Llegó perfecto,2026-03-18
R001613,O001613,2,,2025-10-09
R001614,O001614,2,Producto regular,2024-10-01
R001615,O001615,4,Buena compra,2025-02-08
R001616,O001616,4,Todo bien,2025-03-15
R001617,O001617,3,Cumple lo esperado,2026-06-09
R001618,O001618,2,Demora excesiva,2026-07-03
R001621,O001621,5,Muy buena experiencia,2025-01-24
R001624,O001624,3,Experiencia normal,2025-09-19
R001625,O001625,5,Llegó perfecto,2025-07-17
R001626,O001626,4,Recomendado,2025-03-22
R001627,O001627,5,Muy buena experiencia,2026-01-16
R001628,O001628,1,Muy mala experiencia,2025-06-01
R001629,O001629,3,Aceptable,2025-11-01
R001630,O001630,2,Podría mejorar,2024-06-19
R001631,O001631,4,Recomendado,2025-05-14
R001632,O001632,4,Buena compra,2026-06-14
R001634,O001634,4,Buena compra,2025-09-17
R001635,O001635,5,Muy buena experiencia,2024-09-12
R001636,O001636,5,Llegó perfecto,2024-11-02
R001637,O001637,5,Llegó perfecto,2024-02-14
R001638,O001638,4,,2024-02-08
R001639,O001639,5,Llegó perfecto,2026-06-25
R001640,O001640,4,,2024-07-14
R001641,O001641,5,Excelente producto,2026-04-23
R001642,O001642,3,Cumple lo esperado,2025-04-08
R001644,O001644,1,Muy mala experiencia,2024-08-18
R001645,O001645,1,Producto llegó tarde,2024-07-09
R001647,O001647,5,Llegó perfecto,2025-10-05
R001648,O001648,3,Experiencia normal,2024-03-01
R001650,O001650,1,Producto llegó tarde,2024-06-18
R001654,O001654,3,Cumple lo esperado,2025-06-07
R001655,O001655,5,Llegó perfecto,2025-09-04
R001656,O001656,5,Muy buena experiencia,2025-11-17
R001657,O001657,5,Excelente producto,2026-04-28
R001659,O001659,2,Producto regular,2024-03-31
R001661,O001661,5,Excelente producto,2024-11-05
R001662,O001662,2,Demora excesiva,2026-02-25
R001663,O001663,4,Recomendado,2024-04-17
R001664,O001664,2,Producto regular,2025-11-28
R001665,O001665,5,Excelente producto,2024-02-10
R001666,O001666,4,Buena compra,2024-12-01
R001667,O001667,3,Experiencia normal,2024-12-21
R001668,O001668,4,Todo bien,2026-02-16
R001669,O001669,4,Buena compra,2025-09-23
R001670,O001670,1,Producto llegó tarde,2024-10-07
R001671,O001671,5,Llegó perfecto,2024-08-10
R001674,O001674,4,Todo bien,2024-06-06
R001676,O001676,3,Experiencia normal,2026-05-27
R001677,O001677,2,Demora excesiva,2025-03-16
R001679,O001679,4,Buena compra,2024-08-04
R001683,O001683,4,,2025-07-01
R001684,O001684,3,,2026-05-17
R001685,O001685,4,Buena compra,2024-12-19
R001686,O001686,5,Excelente producto,2026-01-02
R001687,O001687,4,,2025-02-13
R001688,O001688,2,,2025-07-02
R001689,O001689,1,,2026-05-29
R001690,O001690,3,Experiencia normal,2026-01-03
R001691,O001691,2,Podría mejorar,2025-04-28
R001692,O001692,5,Muy buena experiencia,2024-02-07
R001693,O001693,5,Llegó perfecto,2024-10-27
R001695,O001695,4,,2025-04-12
R001697,O001697,4,Recomendado,2024-09-11
R001698,O001698,4,Todo bien,2025-11-22
R001700,O001700,4,Buena compra,2026-05-08
R001701,O001701,4,Todo bien,2025-09-14
R001702,O001702,2,Demora excesiva,2026-04-12
R001704,O001704,3,Cumple lo esperado,2026-05-10
R001705,O001705,3,Aceptable,2025-06-04
R001709,O001709,5,Llegó perfecto,2024-10-19
R001710,O001710,1,Muy mala experiencia,2025-08-20
R001711,O001711,5,Muy buena experiencia,2025-12-20
R001712,O001712,4,Recomendado,2024-12-05
R001713,O001713,1,Producto llegó tarde,2025-12-18
R001714,O001714,1,Muy mala experiencia,2026-06-02
R001715,O001715,3,Experiencia normal,2025-06-02
R001716,O001716,4,Buena compra,2025-05-04
R001719,O001719,5,Muy buena experiencia,2025-10-03
R001720,O001720,4,Todo bien,2025-09-30
R001721,O001721,4,Buena compra,2025-09-04
R001722,O001722,3,Experiencia normal,2025-08-09
R001723,O001723,4,Todo bien,2024-02-12
R001724,O001724,4,Recomendado,2024-12-04
R001725,O001725,5,,2026-05-24
R001726,O001726,2,,2026-06-18
R001727,O001727,4,Todo bien,2025-03-15
R001729,O001729,5,Excelente producto,2025-08-28
R001730,O001730,4,Buena compra,2025-11-07
R001731,O001731,3,Cumple lo esperado,2026-06-03
R001732,O001732,3,Experiencia normal,2026-01-19
R001734,O001734,5,Excelente producto,2024-12-16
R001735,O001735,5,Muy buena experiencia,2026-06-29
R001736,O001736,4,Buena compra,2024-12-06
R001737,O001737,5,Llegó perfecto,2024-07-01
R001739,O001739,5,Llegó perfecto,2025-07-07
R001740,O001740,4,Todo bien,2024-06-05
R001741,O001741,4,Recomendado,2024-02-14
R001742,O001742,4,Buena compra,2025-07-09
R001744,O001744,2,,2024-10-18
R001746,O001746,4,Recomendado,2024-09-01
R001747,O001747,3,Experiencia normal,2025-03-07
R001749,O001749,5,Excelente producto,2024-01-13
R001750,O001750,4,Recomendado,2025-09-24
R001751,O001751,5,Excelente producto,2024-12-21
R001752,O001752,3,Experiencia normal,2025-09-08
R001754,O001754,3,Cumple lo esperado,2024-01-26
R001755,O001755,1,No lo recomiendo,2026-02-16
R001756,O001756,5,Muy buena experiencia,2026-05-07
R001757,O001757,5,Llegó perfecto,2024-02-25
R001758,O001758,5,Muy buena experiencia,2026-07-09
R001759,O001759,5,Excelente producto,2024-10-11
R001762,O001762,5,Excelente producto,2025-07-03
R001765,O001765,4,Buena compra,2025-05-15
R001766,O001766,4,Buena compra,2024-11-05
R001767,O001767,5,Muy buena experiencia,2025-05-04
R001768,O001768,4,Recomendado,2025-09-18
R001770,O001770,4,,2025-04-22
R001771,O001771,2,Producto regular,2025-11-26
R001773,O001773,4,Todo bien,2024-10-06
R001774,O001774,5,Excelente producto,2024-01-16
R001776,O001776,1,No lo recomiendo,2024-12-10
R001777,O001777,5,,2026-05-05
R001778,O001778,4,Buena compra,2024-01-09
R001779,O001779,3,Cumple lo esperado,2025-01-29
R001780,O001780,5,Llegó perfecto,2024-07-07
R001782,O001782,5,Llegó perfecto,2024-04-28
R001784,O001784,1,No lo recomiendo,2025-05-10
R001786,O001786,3,Experiencia normal,2025-02-27
R001787,O001787,4,,2026-05-07
R001788,O001788,3,Cumple lo esperado,2024-10-03
R001789,O001789,4,Recomendado,2026-06-17
R001790,O001790,5,Muy buena experiencia,2024-07-20
R001792,O001792,4,Recomendado,2025-01-22
R001793,O001793,5,Muy buena experiencia,2025-10-05
R001794,O001794,2,Producto regular,2024-10-24
R001795,O001795,5,Muy buena experiencia,2026-02-15
R001797,O001797,4,Buena compra,2025-05-21
R001798,O001798,2,Producto regular,2026-04-30
R001799,O001799,2,Producto regular,2025-06-23
R001800,O001800,5,Muy buena experiencia,2025-02-17
R001802,O001802,1,Muy mala experiencia,2025-11-03
R001803,O001803,1,No lo recomiendo,2024-07-23
R001805,O001805,3,Experiencia normal,2024-04-12
R001807,O001807,2,,2026-04-23
R001808,O001808,5,Muy buena experiencia,2024-07-02
R001809,O001809,3,,2026-04-16
R001810,O001810,4,Recomendado,2024-08-19
R001811,O001811,5,Excelente producto,2024-06-28
R001812,O001812,1,Producto llegó tarde,2025-01-24
R001814,O001814,5,Llegó perfecto,2025-12-10
R001815,O001815,4,Recomendado,2025-06-20
R001816,O001816,4,Todo bien,2025-03-02
R001817,O001817,1,No lo recomiendo,2025-04-23
R001818,O001818,3,Experiencia normal,2025-09-12
R001819,O001819,4,Buena compra,2025-07-16
R001820,O001820,4,Recomendado,2024-03-04
R001821,O001821,5,Excelente producto,2026-05-30
R001822,O001822,4,Todo bien,2025-02-27
R001825,O001825,1,No lo recomiendo,2025-05-17
R001826,O001826,3,Aceptable,2025-09-12
R001828,O001828,4,Recomendado,2025-05-13
R001829,O001829,5,Excelente producto,2024-02-13
R001832,O001832,4,Todo bien,2026-05-19
R001835,O001835,5,Excelente producto,2025-08-25
R001836,O001836,2,Podría mejorar,2024-12-21
R001837,O001837,4,Recomendado,2025-04-03
R001838,O001838,5,Excelente producto,2025-12-24
R001840,O001840,4,Recomendado,2025-12-24
R001841,O001841,5,Excelente producto,2025-04-28
R001843,O001843,1,No lo recomiendo,2024-03-10
R001844,O001844,3,Cumple lo esperado,2026-01-22
R001845,O001845,3,Experiencia normal,2024-04-25
R001848,O001848,4,Buena compra,2025-07-23
R001849,O001849,5,,2024-02-10
R001850,O001850,5,,2024-09-27
R001851,O001851,4,,2026-01-10
R001853,O001853,2,Podría mejorar,2025-08-16
R001855,O001855,1,Producto llegó tarde,2025-06-07
R001856,O001856,2,Podría mejorar,2024-06-29
R001857,O001857,5,Llegó perfecto,2026-04-17
R001859,O001859,5,Muy buena experiencia,2025-05-14
R001861,O001861,5,Llegó perfecto,2025-04-15
R001863,O001863,2,Podría mejorar,2025-08-01
R001865,O001865,3,Cumple lo esperado,2025-07-08
R001866,O001866,4,Todo bien,2026-02-26
R001868,O001868,4,Buena compra,2025-08-23
R001869,O001869,4,Todo bien,2024-02-18
R001870,O001870,4,,2025-06-01
R001871,O001871,4,Buena compra,2024-05-04
R001872,O001872,1,Producto llegó tarde,2025-09-21
R001873,O001873,4,Recomendado,2026-05-13
R001874,O001874,3,Experiencia normal,2024-09-22
R001876,O001876,4,Buena compra,2024-12-23
R001877,O001877,5,Llegó perfecto,2024-06-12
R001879,O001879,2,,2025-06-06
R001880,O001880,2,Podría mejorar,2026-04-27
R001882,O001882,5,Excelente producto,2024-07-07
R001883,O001883,5,,2024-03-24
R001886,O001886,3,Cumple lo esperado,2024-07-11
R001887,O001887,3,Cumple lo esperado,2026-06-01
R001888,O001888,5,Llegó perfecto,2025-10-30
R001889,O001889,3,,2024-01-19
R001890,O001890,1,Producto llegó tarde,2025-09-28
R001892,O001892,1,,2026-02-18
R001894,O001894,5,Llegó perfecto,2024-12-12
R001895,O001895,4,Recomendado,2026-04-15
R001896,O001896,1,Producto llegó tarde,2024-03-12
R001897,O001897,1,Producto llegó tarde,2025-11-03
R001898,O001898,4,Buena compra,2024-10-31
R001899,O001899,5,Excelente producto,2025-05-11
R001900,O001900,3,,2025-10-06
R001901,O001901,1,Producto llegó tarde,2024-02-12
R001902,O001902,1,Producto llegó tarde,2025-09-02
R001905,O001905,1,Producto llegó tarde,2026-03-24
R001908,O001908,4,Recomendado,2024-07-12
R001910,O001910,2,Podría mejorar,2026-02-10
R001911,O001911,5,Excelente producto,2025-10-16
R001914,O001914,5,Llegó perfecto,2024-04-08
R001915,O001915,5,Llegó perfecto,2024-06-04
R001916,O001916,2,Producto regular,2025-06-02
R001917,O001917,5,Excelente producto,2026-05-14
R001919,O001919,3,Experiencia normal,2025-10-29
R001920,O001920,4,Todo bien,2025-05-11
R001922,O001922,2,Demora excesiva,2025-05-27
R001923,O001923,3,Experiencia normal,2024-12-27
R001924,O001924,1,Producto llegó tarde,2024-07-23
R001926,O001926,5,Excelente producto,2025-11-09
R001927,O001927,3,Aceptable,2026-05-29
R001928,O001928,1,Producto llegó tarde,2025-02-24
R001930,O001930,3,Aceptable,2024-02-09
R001931,O001931,1,Muy mala experiencia,2025-10-17
R001933,O001933,3,Experiencia normal,2025-10-02
R001935,O001935,2,Podría mejorar,2024-03-21
R001936,O001936,3,Aceptable,2025-04-07
R001937,O001937,2,Producto regular,2025-05-13
R001939,O001939,4,Todo bien,2024-08-04
R001940,O001940,5,Muy buena experiencia,2026-06-04
R001942,O001942,5,Llegó perfecto,2024-03-06
R001943,O001943,3,Aceptable,2025-02-13
R001944,O001944,3,Cumple lo esperado,2025-12-03
R001945,O001945,4,Todo bien,2024-06-07
R001946,O001946,4,Recomendado,2025-12-31
R001947,O001947,1,No lo recomiendo,2024-03-26
R001948,O001948,3,Experiencia normal,2026-05-21
R001949,O001949,5,Llegó perfecto,2026-03-04
R001950,O001950,3,Experiencia normal,2025-12-31
R001951,O001951,3,Aceptable,2026-04-09
R001952,O001952,3,Cumple lo esperado,2025-04-27
R001953,O001953,2,Demora excesiva,2026-01-31
R001954,O001954,4,Buena compra,2024-04-13
R001955,O001955,5,Excelente producto,2024-04-11
R001956,O001956,3,Aceptable,2025-03-09
R001957,O001957,5,Llegó perfecto,2025-05-10
R001958,O001958,4,Buena compra,2024-01-24
R001959,O001959,1,Producto llegó tarde,2025-06-12
R001960,O001960,4,,2025-01-10
R001962,O001962,3,Aceptable,2026-02-26
R001963,O001963,5,Llegó perfecto,2026-06-26
R001964,O001964,5,Excelente producto,2024-02-14
R001965,O001965,2,Podría mejorar,2026-05-08
R001966,O001966,4,,2024-08-21
R001967,O001967,4,Todo bien,2026-07-01
R001970,O001970,5,Llegó perfecto,2024-01-30
R001971,O001971,5,Muy buena experiencia,2024-10-14
R001972,O001972,5,Llegó perfecto,2025-10-21
R001973,O001973,5,Muy buena experiencia,2026-03-02
R001974,O001974,5,Muy buena experiencia,2024-02-17
R001978,O001978,4,Buena compra,2025-07-21
R001979,O001979,4,Buena compra,2026-03-04
R001981,O001981,5,Llegó perfecto,2026-05-13
R001982,O001982,4,Buena compra,2024-03-09
R001983,O001983,3,,2025-05-07
R001984,O001984,2,Podría mejorar,2026-04-04
R001986,O001986,1,Producto llegó tarde,2025-02-05
R001988,O001988,3,Cumple lo esperado,2024-06-01
R001989,O001989,5,Llegó perfecto,2024-03-06
R001990,O001990,4,Recomendado,2024-11-21
R001991,O001991,5,Muy buena experiencia,2025-07-08
R001992,O001992,5,Llegó perfecto,2024-11-04
R001993,O001993,4,Recomendado,2026-04-09
R001994,O001994,2,Producto regular,2024-04-16
R001996,O001996,4,Buena compra,2025-01-30
R001997,O001997,3,,2024-09-06
R001999,O001999,4,Recomendado,2024-09-20
R002000,O002000,5,Excelente producto,2024-10-16
R002001,O002001,5,Llegó perfecto,2025-11-18
R002002,O002002,1,Producto llegó tarde,2024-09-12
R002003,O002003,5,Excelente producto,2024-05-28
R002004,O002004,4,Buena compra,2025-04-04
R002007,O002007,4,Todo bien,2025-01-06
R002008,O002008,3,Cumple lo esperado,2026-01-28
R002011,O002011,4,Buena compra,2024-04-30
R002012,O002012,2,Producto regular,2026-07-12
R002014,O002014,3,Experiencia normal,2026-07-19
R002015,O002015,5,Llegó perfecto,2025-01-16
R002016,O002016,5,Muy buena experiencia,2025-10-03
R002018,O002018,5,Excelente producto,2025-06-10
R002019,O002019,2,Demora excesiva,2024-05-22
R002020,O002020,4,Todo bien,2024-02-18
R002021,O002021,2,Podría mejorar,2024-12-28
R002022,O002022,4,,2025-05-07
R002023,O002023,5,Excelente producto,2025-05-02
R002024,O002024,4,Buena compra,2024-04-13
R002025,O002025,5,Excelente producto,2024-09-20
R002026,O002026,5,Excelente producto,2026-03-10
R002027,O002027,5,Muy buena experiencia,2026-03-04
R002028,O002028,5,Muy buena experiencia,2026-04-06
R002029,O002029,4,Todo bien,2025-04-03
R002031,O002031,2,,2025-01-07
R002032,O002032,4,Todo bien,2025-02-15
R002033,O002033,3,Aceptable,2024-12-02
R002034,O002034,3,Experiencia normal,2024-05-25
R002035,O002035,4,Buena compra,2024-02-03
R002036,O002036,2,,2025-08-11
R002037,O002037,5,Excelente producto,2024-02-13
R002038,O002038,5,Excelente producto,2024-08-05
R002039,O002039,5,Muy buena experiencia,2025-10-29
R002040,O002040,2,Demora excesiva,2025-02-07
R002041,O002041,4,Todo bien,2026-03-06
R002042,O002042,5,Muy buena experiencia,2026-01-27
R002043,O002043,5,Llegó perfecto,2025-12-30
R002045,O002045,3,Cumple lo esperado,2026-06-21
R002047,O002047,5,Excelente producto,2026-05-04
R002048,O002048,1,Muy mala experiencia,2024-10-30
R002049,O002049,5,Llegó perfecto,2024-11-02
R002051,O002051,4,Todo bien,2026-02-03
R002052,O002052,3,Aceptable,2025-02-23
R002055,O002055,3,,2025-08-16
R002057,O002057,3,Experiencia normal,2026-02-24
R002058,O002058,4,Todo bien,2024-10-06
R002061,O002061,1,No lo recomiendo,2025-10-29
R002062,O002062,4,Todo bien,2026-02-19
R002063,O002063,5,Excelente producto,2026-07-12
R002064,O002064,3,Experiencia normal,2025-03-29
R002065,O002065,2,Demora excesiva,2026-01-15
R002066,O002066,3,,2025-10-15
R002067,O002067,5,Llegó perfecto,2024-12-21
R002068,O002068,5,Muy buena experiencia,2025-02-21
R002069,O002069,3,Experiencia normal,2025-01-23
R002070,O002070,2,Demora excesiva,2026-02-26
R002072,O002072,5,Excelente producto,2024-05-27
R002073,O002073,4,Buena compra,2025-10-03
R002075,O002075,5,Llegó perfecto,2026-04-19
R002076,O002076,4,Recomendado,2025-07-04
R002077,O002077,4,Buena compra,2026-01-18
R002078,O002078,5,Excelente producto,2024-10-30
R002079,O002079,4,Buena compra,2026-01-15
R002080,O002080,3,Experiencia normal,2026-01-13
R002081,O002081,1,Producto llegó tarde,2024-03-18
R002082,O002082,3,Experiencia normal,2025-04-20
R002084,O002084,4,Recomendado,2024-06-26
R002085,O002085,4,Recomendado,2025-06-30
R002090,O002090,4,Recomendado,2024-05-18
R002091,O002091,5,Llegó perfecto,2026-07-01
R002093,O002093,3,,2024-02-19
R002094,O002094,3,Aceptable,2026-01-26
R002095,O002095,1,Muy mala experiencia,2024-12-21
R002097,O002097,3,Cumple lo esperado,2024-08-28
R002098,O002098,4,Recomendado,2024-11-06
R002099,O002099,4,Recomendado,2025-02-24
R002102,O002102,4,Buena compra,2026-05-28
R002103,O002103,3,Experiencia normal,2024-11-01
R002104,O002104,4,Recomendado,2025-06-14
R002105,O002105,2,,2025-11-13
R002106,O002106,1,No lo recomiendo,2025-07-07
R002107,O002107,1,Producto llegó tarde,2024-03-31
R002109,O002109,4,Recomendado,2024-06-12
R002110,O002110,5,,2025-12-04
R002111,O002111,4,Recomendado,2025-02-05
R002112,O002112,4,Recomendado,2025-03-09
R002113,O002113,4,Todo bien,2025-02-26
R002115,O002115,5,Excelente producto,2024-06-11
R002117,O002117,5,Excelente producto,2026-05-09
R002118,O002118,3,Cumple lo esperado,2024-10-20
R002119,O002119,1,No lo recomiendo,2025-12-04
R002120,O002120,2,Podría mejorar,2025-11-21
R002122,O002122,5,Excelente producto,2026-02-17
R002123,O002123,4,,2024-03-06
R002124,O002124,3,Cumple lo esperado,2024-11-19
R002126,O002126,3,Aceptable,2025-06-16
R002128,O002128,4,Todo bien,2024-12-08
R002129,O002129,4,Todo bien,2025-07-23
R002130,O002130,5,Excelente producto,2025-05-06
R002131,O002131,2,Producto regular,2024-10-19
R002132,O002132,4,Recomendado,2024-06-14
R002133,O002133,2,Podría mejorar,2026-01-22
R002134,O002134,1,Muy mala experiencia,2024-05-27
R002135,O002135,3,Experiencia normal,2024-07-12
R002139,O002139,1,No lo recomiendo,2024-03-02
R002140,O002140,5,Excelente producto,2025-09-30
R002141,O002141,3,,2024-03-26
R002142,O002142,4,Recomendado,2024-12-10
R002143,O002143,4,,2025-04-06
R002144,O002144,4,Todo bien,2024-09-26
R002145,O002145,3,Aceptable,2025-03-04
R002146,O002146,5,Excelente producto,2024-05-09
R002147,O002147,5,,2025-09-18
R002151,O002151,4,Recomendado,2025-04-07
R002152,O002152,5,Llegó perfecto,2024-06-07
R002153,O002153,3,Cumple lo esperado,2024-09-26
R002154,O002154,4,Buena compra,2025-07-10
R002157,O002157,4,Buena compra,2024-12-24
R002158,O002158,3,Cumple lo esperado,2024-02-09
R002159,O002159,1,No lo recomiendo,2025-07-10
R002160,O002160,2,,2025-01-06
R002162,O002162,3,Cumple lo esperado,2025-05-23
R002163,O002163,5,Muy buena experiencia,2024-11-16
R002165,O002165,4,Buena compra,2026-04-01
R002167,O002167,5,Muy buena experiencia,2024-02-06
R002168,O002168,5,Llegó perfecto,2024-08-05
R002169,O002169,4,Todo bien,2024-05-16
R002170,O002170,5,Muy buena experiencia,2024-07-10
R002171,O002171,4,Todo bien,2024-12-10
R002174,O002174,4,Todo bien,2024-05-03
R002176,O002176,5,Excelente producto,2025-11-04
R002177,O002177,4,Todo bien,2026-04-16
R002178,O002178,1,No lo recomiendo,2026-04-04
R002179,O002179,4,Buena compra,2026-05-03
R002180,O002180,1,Muy mala experiencia,2024-10-17
R002182,O002182,1,Producto llegó tarde,2024-02-12
R002183,O002183,4,Buena compra,2024-02-28
R002184,O002184,3,Aceptable,2026-06-26
R002185,O002185,4,Recomendado,2026-07-12
R002189,O002189,5,Excelente producto,2026-02-05
R002190,O002190,3,Experiencia normal,2024-02-01
R002191,O002191,2,Podría mejorar,2024-11-29
R002192,O002192,4,Buena compra,2024-10-02
R002193,O002193,5,Muy buena experiencia,2024-04-11
R002194,O002194,5,,2024-06-18
R002195,O002195,4,Todo bien,2024-09-29
R002196,O002196,5,Llegó perfecto,2025-02-28
R002199,O002199,3,Experiencia normal,2026-04-30
R002200,O002200,2,Podría mejorar,2025-12-21
R002202,O002202,4,Todo bien,2024-03-19
R002203,O002203,1,No lo recomiendo,2024-10-16
R002205,O002205,5,,2026-03-04
R002207,O002207,4,Recomendado,2024-09-25
R002209,O002209,3,Experiencia normal,2025-10-20
R002210,O002210,4,Todo bien,2025-12-30
R002212,O002212,5,Muy buena experiencia,2026-02-13
R002213,O002213,3,Cumple lo esperado,2024-05-11
R002214,O002214,4,Recomendado,2025-11-30
R002218,O002218,2,Demora excesiva,2025-06-02
R002219,O002219,5,Excelente producto,2026-05-03
R002221,O002221,3,Experiencia normal,2025-05-10
R002222,O002222,5,Llegó perfecto,2024-08-29
R002223,O002223,4,Recomendado,2024-11-27
R002224,O002224,2,Demora excesiva,2025-01-28
R002225,O002225,3,Aceptable,2025-10-16
R002226,O002226,2,Producto regular,2025-09-24
R002227,O002227,5,Llegó perfecto,2025-04-14
R002228,O002228,4,Recomendado,2025-05-04
R002229,O002229,4,Todo bien,2025-01-16
R002230,O002230,4,,2025-08-18
R002232,O002232,1,Producto llegó tarde,2026-01-29
R002234,O002234,2,Demora excesiva,2024-08-16
R002235,O002235,4,Recomendado,2026-05-13
R002236,O002236,5,,2026-04-05
R002238,O002238,3,Cumple lo esperado,2024-07-08
R002239,O002239,1,Producto llegó tarde,2024-07-08
R002240,O002240,2,Demora excesiva,2025-07-29
R002241,O002241,2,Demora excesiva,2024-04-23
R002242,O002242,2,Producto regular,2024-12-10
R002243,O002243,5,Llegó perfecto,2025-10-02
R002244,O002244,5,Excelente producto,2025-03-14
R002246,O002246,1,Muy mala experiencia,2025-11-08
R002247,O002247,5,Llegó perfecto,2024-11-27
R002249,O002249,4,Recomendado,2025-01-14
R002250,O002250,5,Excelente producto,2025-11-17
R002251,O002251,5,Llegó perfecto,2024-12-05
R002252,O002252,4,Buena compra,2026-02-06
R002253,O002253,3,Experiencia normal,2026-04-27
R002254,O002254,5,Muy buena experiencia,2024-11-01
R002255,O002255,5,Llegó perfecto,2025-10-22
R002256,O002256,4,Buena compra,2025-09-13
R002257,O002257,5,Llegó perfecto,2024-03-06
R002258,O002258,5,Excelente producto,2025-10-27
R002259,O002259,5,Llegó perfecto,2024-04-08
R002260,O002260,5,Excelente producto,2025-08-19
R002261,O002261,4,Recomendado,2024-06-02
R002262,O002262,1,No lo recomiendo,2024-12-05
R002263,O002263,4,Buena compra,2024-03-13
R002264,O002264,2,Podría mejorar,2025-06-23
R002265,O002265,4,Todo bien,2025-12-10
R002266,O002266,4,Recomendado,2025-01-19
R002269,O002269,5,Muy buena experiencia,2024-03-01
R002271,O002271,3,Experiencia normal,2024-10-25
R002272,O002272,5,Muy buena experiencia,2024-01-05
R002273,O002273,1,Producto llegó tarde,2024-03-03
R002274,O002274,5,Excelente producto,2024-02-03
R002275,O002275,5,Llegó perfecto,2024-05-12
R002277,O002277,4,,2024-02-02
R002278,O002278,5,Muy buena experiencia,2025-08-23
R002279,O002279,5,Excelente producto,2024-07-18
R002280,O002280,5,Llegó perfecto,2026-03-13
R002281,O002281,5,Excelente producto,2025-01-17
R002282,O002282,5,Excelente producto,2025-06-29
R002283,O002283,3,Cumple lo esperado,2024-12-10
R002284,O002284,5,Excelente producto,2025-10-29
R002285,O002285,3,Experiencia normal,2024-09-19
R002286,O002286,4,Buena compra,2026-03-03
R002287,O002287,5,Llegó perfecto,2026-03-16
R002288,O002288,5,Excelente producto,2024-08-13
R002289,O002289,5,Muy buena experiencia,2025-05-26
R002290,O002290,5,,2025-09-14
R002291,O002291,3,,2024-10-16
R002292,O002292,4,Todo bien,2026-03-18
R002293,O002293,1,No lo recomiendo,2025-01-18
R002294,O002294,5,Excelente producto,2025-03-05
R002295,O002295,1,Muy mala experiencia,2025-10-14
R002296,O002296,3,Cumple lo esperado,2025-05-22
R002298,O002298,3,,2025-05-11
R002299,O002299,4,Todo bien,2024-02-02
R002300,O002300,4,Buena compra,2024-12-01
R002301,O002301,4,Todo bien,2024-06-10
R002302,O002302,4,Buena compra,2025-12-21
R002303,O002303,4,Recomendado,2024-02-16
R002305,O002305,5,Llegó perfecto,2024-02-28
R002306,O002306,4,Buena compra,2026-06-30
R002307,O002307,5,Muy buena experiencia,2025-06-17
R002309,O002309,5,,2025-04-09
R002311,O002311,3,Cumple lo esperado,2025-05-20
R002313,O002313,4,Todo bien,2025-10-22
R002314,O002314,4,Todo bien,2024-12-23
R002315,O002315,4,Recomendado,2024-12-22
R002316,O002316,4,,2024-09-22
R002318,O002318,2,Producto regular,2024-11-08
R002319,O002319,5,Excelente producto,2024-04-13
R002320,O002320,3,Experiencia normal,2025-03-07
R002321,O002321,5,,2024-12-08
R002322,O002322,4,Buena compra,2025-03-22
R002323,O002323,3,Aceptable,2024-10-18
R002324,O002324,5,Llegó perfecto,2024-06-12
R002325,O002325,3,Cumple lo esperado,2025-11-24
R002326,O002326,5,Excelente producto,2026-01-06
R002327,O002327,2,Podría mejorar,2025-01-18
R002329,O002329,5,Llegó perfecto,2024-03-04
R002330,O002330,5,Excelente producto,2026-01-17
R002331,O002331,5,Excelente producto,2025-12-09
R002332,O002332,5,Muy buena experiencia,2024-09-03
R002333,O002333,3,Aceptable,2025-08-08
R002334,O002334,2,Producto regular,2026-05-07
R002335,O002335,2,Demora excesiva,2024-03-21
R002336,O002336,4,,2025-08-25
R002338,O002338,3,Aceptable,2025-10-16
R002339,O002339,5,Excelente producto,2026-02-06
R002340,O002340,5,Muy buena experiencia,2024-02-16
R002341,O002341,5,Muy buena experiencia,2026-05-10
R002342,O002342,5,Muy buena experiencia,2024-11-24
R002343,O002343,5,Muy buena experiencia,2025-12-26
R002344,O002344,3,Experiencia normal,2024-03-08
R002345,O002345,5,Llegó perfecto,2026-04-28
R002346,O002346,3,Cumple lo esperado,2026-03-07
R002347,O002347,4,Recomendado,2025-09-06
R002348,O002348,5,Muy buena experiencia,2024-03-13
R002349,O002349,2,Demora excesiva,2024-03-31
R002350,O002350,5,Muy buena experiencia,2024-07-17
R002352,O002352,4,Todo bien,2024-12-15
R002354,O002354,4,Buena compra,2025-12-27
R002355,O002355,2,Demora excesiva,2026-01-02
R002356,O002356,4,Buena compra,2026-05-01
R002357,O002357,1,Muy mala experiencia,2025-12-26
R002358,O002358,5,Excelente producto,2025-06-11
R002359,O002359,5,Llegó perfecto,2025-12-11
R002360,O002360,5,Excelente producto,2024-10-04
R002361,O002361,3,Aceptable,2024-05-10
R002362,O002362,1,Muy mala experiencia,2024-07-16
R002363,O002363,5,Llegó perfecto,2024-01-24
R002365,O002365,2,Demora excesiva,2024-10-22
R002367,O002367,4,,2026-05-02
R002368,O002368,4,Recomendado,2025-03-28
R002369,O002369,1,Producto llegó tarde,2024-03-01
R002371,O002371,5,Excelente producto,2026-03-10
R002372,O002372,5,Muy buena experiencia,2025-01-01
R002374,O002374,4,,2024-11-13
R002375,O002375,5,Muy buena experiencia,2024-02-24
R002376,O002376,4,,2024-08-20
R002377,O002377,5,Llegó perfecto,2026-01-24
R002378,O002378,5,Excelente producto,2024-11-28
R002379,O002379,5,Excelente producto,2025-02-26
R002380,O002380,5,Excelente producto,2026-01-19
R002381,O002381,2,Demora excesiva,2024-06-15
R002382,O002382,3,Cumple lo esperado,2024-05-10
R002383,O002383,5,Muy buena experiencia,2025-04-09
R002384,O002384,4,Recomendado,2024-09-10
R002386,O002386,5,,2026-03-11
R002387,O002387,5,Muy buena experiencia,2025-04-20
R002388,O002388,5,Llegó perfecto,2025-03-05
R002390,O002390,2,Demora excesiva,2025-11-29
R002391,O002391,4,Buena compra,2025-06-30
R002393,O002393,1,Muy mala experiencia,2024-07-17
R002395,O002395,4,Todo bien,2024-10-23
R002396,O002396,1,Muy mala experiencia,2025-03-05
R002397,O002397,5,Muy buena experiencia,2024-04-07
R002398,O002398,5,Muy buena experiencia,2025-07-29
R002399,O002399,4,Todo bien,2025-01-12
R002400,O002400,4,Buena compra,2024-09-20
R002401,O002401,2,Podría mejorar,2025-10-29
R002402,O002402,4,,2024-03-02
R002403,O002403,4,Recomendado,2025-07-15
R002404,O002404,4,Todo bien,2024-01-31
R002405,O002405,2,Podría mejorar,2024-05-20
R002406,O002406,5,Muy buena experiencia,2024-05-06
R002407,O002407,1,Muy mala experiencia,2024-09-17
R002409,O002409,1,,2025-10-29
R002413,O002413,5,Excelente producto,2025-11-27
R002414,O002414,4,Todo bien,2026-02-02
R002415,O002415,4,Recomendado,2024-06-29
R002416,O002416,1,Muy mala experiencia,2024-11-10
R002418,O002418,5,Muy buena experiencia,2024-10-19
R002421,O002421,2,Producto regular,2024-05-16
R002422,O002422,2,Producto regular,2024-12-02
R002423,O002423,4,Todo bien,2025-09-17
R002424,O002424,3,Experiencia normal,2024-12-31
R002425,O002425,3,Experiencia normal,2025-10-21
R002427,O002427,5,Excelente producto,2026-03-10
R002428,O002428,4,Recomendado,2024-09-05
R002431,O002431,1,No lo recomiendo,2026-04-14
R002432,O002432,3,Experiencia normal,2026-05-14
R002433,O002433,4,,2026-04-07
R002434,O002434,1,Producto llegó tarde,2025-04-19
R002435,O002435,1,No lo recomiendo,2024-04-03
R002436,O002436,3,Aceptable,2025-01-27
R002437,O002437,5,Llegó perfecto,2024-12-31
R002438,O002438,5,Muy buena experiencia,2025-07-29
R002439,O002439,4,Buena compra,2024-05-20
R002440,O002440,1,Muy mala experiencia,2024-10-01
R002443,O002443,2,Podría mejorar,2025-08-11
R002444,O002444,1,Producto llegó tarde,2025-05-28
R002445,O002445,3,Cumple lo esperado,2025-11-08
R002446,O002446,2,Producto regular,2026-07-06
R002447,O002447,2,Demora excesiva,2024-08-28
R002449,O002449,5,Excelente producto,2024-10-01
R002450,O002450,2,Podría mejorar,2025-04-27
R002452,O002452,5,,2024-02-27
R002456,O002456,5,Muy buena experiencia,2026-04-18
R002457,O002457,5,,2024-11-11
R002458,O002458,5,Llegó perfecto,2024-08-01
R002459,O002459,4,Recomendado,2025-02-23
R002461,O002461,3,Experiencia normal,2025-01-03
R002462,O002462,3,Experiencia normal,2024-10-07
R002464,O002464,3,Aceptable,2024-06-21
R002466,O002466,5,Llegó perfecto,2024-12-26
R002467,O002467,4,Recomendado,2026-02-03
R002468,O002468,5,Llegó perfecto,2025-11-08
R002469,O002469,1,Producto llegó tarde,2025-09-07
R002470,O002470,1,Muy mala experiencia,2024-04-04
R002471,O002471,4,Buena compra,2025-06-29
R002472,O002472,5,Llegó perfecto,2026-05-16
R002473,O002473,5,Muy buena experiencia,2025-10-09
R002474,O002474,2,,2025-11-14
R002477,O002477,3,Cumple lo esperado,2024-02-26
R002478,O002478,1,Producto llegó tarde,2024-02-15
R002479,O002479,1,Producto llegó tarde,2025-01-17
R002480,O002480,4,,2025-09-04
R002481,O002481,1,No lo recomiendo,2025-09-12
R002483,O002483,5,Excelente producto,2024-05-01
R002484,O002484,2,Podría mejorar,2025-05-09
R002485,O002485,5,Excelente producto,2025-12-21
R002489,O002489,2,Demora excesiva,2026-02-16
R002490,O002490,4,Todo bien,2024-09-23
R002491,O002491,5,Llegó perfecto,2026-02-09
R002494,O002494,3,Cumple lo esperado,2026-06-16
R002495,O002495,5,Excelente producto,2024-07-01
R002496,O002496,1,Muy mala experiencia,2025-07-01
R002497,O002497,2,Producto regular,2025-10-22
R002498,O002498,2,Demora excesiva,2025-12-13
R002501,O002501,4,Recomendado,2026-02-06
R002502,O002502,5,Llegó perfecto,2026-07-01
R002504,O002504,3,Aceptable,2025-07-01
R002505,O002505,5,Llegó perfecto,2025-01-28
R002507,O002507,5,Muy buena experiencia,2025-03-08
R002509,O002509,1,,2025-10-07
R002510,O002510,5,Llegó perfecto,2026-04-08
R002512,O002512,5,Llegó perfecto,2024-07-21
R002513,O002513,2,Podría mejorar,2024-02-02
R002514,O002514,3,Cumple lo esperado,2025-08-15
R002515,O002515,3,Experiencia normal,2025-09-28
R002516,O002516,5,Muy buena experiencia,2024-12-25
R002517,O002517,5,,2025-09-06
R002518,O002518,4,,2025-08-28
R002519,O002519,2,Demora excesiva,2024-09-06
R002521,O002521,5,Llegó perfecto,2024-04-15
R002522,O002522,4,Todo bien,2024-04-23
R002523,O002523,3,Experiencia normal,2024-01-28
R002524,O002524,5,Excelente producto,2025-08-03
R002525,O002525,4,Todo bien,2025-09-26
R002526,O002526,3,,2024-12-12
R002529,O002529,5,Llegó perfecto,2024-07-14
R002530,O002530,5,Llegó perfecto,2024-11-27
R002531,O002531,4,,2025-11-02
R002532,O002532,4,Recomendado,2026-05-20
R002533,O002533,1,No lo recomiendo,2025-09-05
R002534,O002534,4,Recomendado,2026-07-04
R002535,O002535,2,Producto regular,2024-04-27
R002537,O002537,5,Llegó perfecto,2025-03-05
R002538,O002538,4,Buena compra,2025-07-23
R002540,O002540,4,,2025-09-16
R002541,O002541,4,Buena compra,2024-04-15
R002543,O002543,1,No lo recomiendo,2024-03-30
R002546,O002546,5,Muy buena experiencia,2024-09-21
R002547,O002547,1,No lo recomiendo,2024-09-02
R002548,O002548,4,Buena compra,2025-01-16
R002549,O002549,4,Todo bien,2026-04-09
R002551,O002551,5,,2025-07-06
R002553,O002553,4,Buena compra,2024-06-26
R002556,O002556,2,Demora excesiva,2024-07-23
R002557,O002557,5,Llegó perfecto,2026-05-07
R002558,O002558,4,Buena compra,2025-06-16
R002560,O002560,3,Experiencia normal,2024-10-12
R002561,O002561,4,Buena compra,2024-07-15
R002563,O002563,3,Experiencia normal,2026-03-30
R002565,O002565,3,Cumple lo esperado,2024-05-08
R002567,O002567,3,Aceptable,2024-04-26
R002569,O002569,4,Recomendado,2025-07-17
R002570,O002570,1,Muy mala experiencia,2024-12-31
R002571,O002571,2,Demora excesiva,2025-12-18
R002572,O002572,5,Muy buena experiencia,2026-06-08
R002573,O002573,4,Recomendado,2025-05-25
R002576,O002576,2,Podría mejorar,2024-11-01
R002577,O002577,3,Experiencia normal,2024-04-05
R002578,O002578,2,Producto regular,2025-06-18
R002579,O002579,5,Excelente producto,2025-11-24
R002580,O002580,4,Recomendado,2025-10-30
R002584,O002584,3,,2024-05-12
R002585,O002585,1,No lo recomiendo,2026-02-03
R002586,O002586,1,Producto llegó tarde,2025-12-11
R002587,O002587,2,Producto regular,2025-01-08
R002588,O002588,1,Producto llegó tarde,2024-05-21
R002592,O002592,4,Recomendado,2024-08-16
R002595,O002595,1,,2024-05-20
R002596,O002596,5,Excelente producto,2025-05-06
R002597,O002597,5,Excelente producto,2025-08-19
R002598,O002598,2,Demora excesiva,2024-07-27
R002599,O002599,3,Cumple lo esperado,2024-05-29
R002605,O002605,4,Todo bien,2024-05-02
R002607,O002607,5,Excelente producto,2024-08-14
R002608,O002608,5,Excelente producto,2026-06-26
R002610,O002610,4,Todo bien,2024-07-06
R002611,O002611,3,Aceptable,2026-04-19
R002612,O002612,3,,2026-04-01
R002613,O002613,4,Buena compra,2025-12-12
R002614,O002614,4,Todo bien,2024-05-18
R002615,O002615,5,Excelente producto,2024-03-01
R002617,O002617,5,Excelente producto,2024-12-04
R002618,O002618,4,Recomendado,2025-07-07
R002619,O002619,4,Recomendado,2024-12-27
R002624,O002624,2,,2024-07-05
R002627,O002627,1,Muy mala experiencia,2024-08-01
R002628,O002628,5,Muy buena experiencia,2025-06-11
R002629,O002629,5,Excelente producto,2024-05-26
R002631,O002631,5,Excelente producto,2025-01-14
R002632,O002632,4,Buena compra,2025-04-22
R002634,O002634,4,,2025-07-21
R002635,O002635,1,Producto llegó tarde,2025-01-04
R002640,O002640,5,,2025-09-05
R002645,O002645,4,Todo bien,2025-04-17
R002646,O002646,4,Recomendado,2024-06-22
R002647,O002647,2,Demora excesiva,2025-07-21
R002649,O002649,4,Todo bien,2025-10-26
R002652,O002652,3,Experiencia normal,2026-01-17
R002653,O002653,4,Todo bien,2025-09-11
R002654,O002654,1,,2026-04-11
R002656,O002656,4,Buena compra,2026-03-07
R002657,O002657,2,Producto regular,2025-09-19
R002658,O002658,5,,2024-05-01
R002663,O002663,5,Excelente producto,2025-04-12
R002664,O002664,5,Muy buena experiencia,2026-03-16
R002668,O002668,3,Cumple lo esperado,2024-05-20
R002669,O002669,2,Podría mejorar,2024-03-10
R002671,O002671,4,Todo bien,2025-11-27
R002672,O002672,5,Excelente producto,2026-06-10
R002673,O002673,3,,2025-04-04
R002674,O002674,3,Cumple lo esperado,2024-11-12
R002676,O002676,4,Recomendado,2024-10-13
R002677,O002677,5,Muy buena experiencia,2024-06-20
R002678,O002678,5,Muy buena experiencia,2024-04-01
R002680,O002680,1,Producto llegó tarde,2025-11-01
R002682,O002682,3,Cumple lo esperado,2025-04-13
R002683,O002683,5,Muy buena experiencia,2024-09-08
R002684,O002684,5,Muy buena experiencia,2025-01-21
R002685,O002685,3,Aceptable,2025-04-18
R002686,O002686,2,Producto regular,2025-07-15
R002687,O002687,3,Cumple lo esperado,2026-04-11
R002688,O002688,5,Llegó perfecto,2024-06-20
R002689,O002689,4,Recomendado,2024-03-02
R002690,O002690,5,Excelente producto,2026-05-03
R002691,O002691,1,Producto llegó tarde,2024-10-10
R002692,O002692,1,Producto llegó tarde,2024-10-20
R002694,O002694,1,Muy mala experiencia,2024-06-23
R002695,O002695,5,Llegó perfecto,2024-10-09
R002696,O002696,5,Excelente producto,2026-03-13
R002698,O002698,4,Recomendado,2025-07-16
R002699,O002699,5,Llegó perfecto,2025-05-22
R002700,O002700,3,Aceptable,2025-07-12
R002702,O002702,5,Excelente producto,2025-04-06
R002703,O002703,4,Buena compra,2025-10-27
R002704,O002704,2,Demora excesiva,2025-05-03
R002705,O002705,1,Producto llegó tarde,2024-08-09
R002706,O002706,2,,2025-04-13
R002707,O002707,5,Llegó perfecto,2026-05-03
R002708,O002708,1,,2025-08-07
R002709,O002709,5,Excelente producto,2024-05-21
R002710,O002710,5,Llegó perfecto,2024-04-03
R002712,O002712,2,,2024-08-16
R002713,O002713,3,Aceptable,2025-11-15
R002715,O002715,3,Cumple lo esperado,2024-03-25
R002716,O002716,5,Excelente producto,2024-03-17
R002717,O002717,5,Muy buena experiencia,2024-05-02
R002718,O002718,4,Todo bien,2025-02-20
R002719,O002719,4,Todo bien,2025-10-08
R002720,O002720,5,Muy buena experiencia,2024-02-04
R002721,O002721,2,Producto regular,2024-07-13
R002722,O002722,4,Todo bien,2026-03-20
R002723,O002723,3,Aceptable,2025-02-28
R002724,O002724,5,,2026-01-11
R002725,O002725,5,Muy buena experiencia,2026-04-09
R002727,O002727,5,Muy buena experiencia,2024-04-22
R002730,O002730,4,Buena compra,2025-08-08
R002731,O002731,1,No lo recomiendo,2026-02-11
R002732,O002732,4,Buena compra,2025-07-17
R002734,O002734,5,Muy buena experiencia,2025-12-29
R002735,O002735,1,Producto llegó tarde,2024-11-29
R002737,O002737,3,Cumple lo esperado,2025-07-05
R002738,O002738,4,,2024-11-09
R002739,O002739,2,Demora excesiva,2024-07-09
R002743,O002743,1,Muy mala experiencia,2026-06-08
R002744,O002744,5,Excelente producto,2025-01-31
R002745,O002745,4,Buena compra,2025-02-23
R002746,O002746,4,Todo bien,2025-12-11
R002747,O002747,1,No lo recomiendo,2026-03-09
R002748,O002748,3,Cumple lo esperado,2026-07-04
R002750,O002750,1,Muy mala experiencia,2024-12-13
R002751,O002751,3,Cumple lo esperado,2025-09-26
R002752,O002752,5,Llegó perfecto,2025-06-25
R002753,O002753,1,Producto llegó tarde,2025-09-03
R002754,O002754,5,Llegó perfecto,2024-02-21
R002755,O002755,4,Buena compra,2024-06-25
R002756,O002756,4,Recomendado,2026-03-07
R002757,O002757,5,Llegó perfecto,2025-08-04
R002758,O002758,5,Excelente producto,2025-05-25
R002759,O002759,4,Todo bien,2025-06-04
R002760,O002760,4,Recomendado,2024-11-28
R002761,O002761,2,Podría mejorar,2025-10-09
R002762,O002762,5,Muy buena experiencia,2025-06-09
R002763,O002763,5,Muy buena experiencia,2024-05-09
R002764,O002764,4,Todo bien,2024-11-06
R002766,O002766,5,Llegó perfecto,2026-01-17
R002769,O002769,4,Buena compra,2026-04-23
R002770,O002770,3,Experiencia normal,2024-12-01
R002772,O002772,5,Llegó perfecto,2024-11-22
R002773,O002773,5,Llegó perfecto,2024-11-24
R002775,O002775,1,Producto llegó tarde,2025-12-13
R002778,O002778,3,,2026-03-23
R002779,O002779,3,Cumple lo esperado,2026-01-14
R002780,O002780,1,Producto llegó tarde,2025-01-23
R002781,O002781,3,Cumple lo esperado,2025-07-11
R002782,O002782,1,Muy mala experiencia,2025-02-08
R002783,O002783,5,Muy buena experiencia,2024-03-07
R002784,O002784,4,Todo bien,2025-08-05
R002785,O002785,5,Excelente producto,2025-07-16
R002786,O002786,3,,2026-03-31
R002787,O002787,5,Muy buena experiencia,2024-12-07
R002788,O002788,4,Todo bien,2026-03-25
R002789,O002789,1,Producto llegó tarde,2025-01-13
R002790,O002790,5,Llegó perfecto,2026-01-26
R002791,O002791,5,Muy buena experiencia,2024-12-25
R002792,O002792,3,Experiencia normal,2024-12-27
R002794,O002794,1,Producto llegó tarde,2024-11-09
R002795,O002795,1,Muy mala experiencia,2024-10-16
R002798,O002798,3,,2024-08-19
R002799,O002799,4,Buena compra,2026-03-16
R002800,O002800,5,Llegó perfecto,2024-01-23
R002801,O002801,5,Muy buena experiencia,2025-05-15
R002802,O002802,4,Recomendado,2025-06-10
R002803,O002803,5,Excelente producto,2025-08-13
R002806,O002806,5,Muy buena experiencia,2026-02-12
R002809,O002809,3,Aceptable,2024-07-04
R002810,O002810,1,,2024-11-24
R002811,O002811,2,Podría mejorar,2024-05-02
R002813,O002813,2,Podría mejorar,2025-07-01
R002814,O002814,5,Llegó perfecto,2024-05-19
R002815,O002815,5,,2024-05-01
R002816,O002816,3,Experiencia normal,2024-06-17
R002817,O002817,2,Podría mejorar,2026-03-30
R002819,O002819,1,No lo recomiendo,2026-01-26
R002821,O002821,3,Experiencia normal,2024-02-12
R002822,O002822,4,Buena compra,2026-02-06
R002823,O002823,3,Experiencia normal,2025-12-11
R002825,O002825,3,Experiencia normal,2026-02-02
R002827,O002827,4,Recomendado,2025-07-31
R002828,O002828,4,Todo bien,2026-07-03
R002831,O002831,4,,2025-06-07
R002832,O002832,2,Podría mejorar,2024-04-03
R002833,O002833,4,Todo bien,2025-01-31
R002834,O002834,5,Muy buena experiencia,2025-05-29
R002835,O002835,4,,2026-03-23
R002837,O002837,2,Demora excesiva,2026-03-21
R002838,O002838,2,Podría mejorar,2024-06-05
R002839,O002839,3,Cumple lo esperado,2026-02-02
R002840,O002840,4,,2026-07-06
R002841,O002841,5,,2025-06-21
R002842,O002842,4,Buena compra,2025-09-25
R002843,O002843,4,Todo bien,2024-10-15
R002845,O002845,3,Experiencia normal,2024-07-10
R002846,O002846,5,Muy buena experiencia,2025-03-29
R002848,O002848,4,Buena compra,2024-12-22
R002849,O002849,5,Muy buena experiencia,2026-01-21
R002851,O002851,1,Producto llegó tarde,2024-06-20
R002852,O002852,5,Excelente producto,2025-06-01
R002853,O002853,1,No lo recomiendo,2025-03-20
R002855,O002855,4,Todo bien,2026-01-28
R002856,O002856,5,,2025-07-26
R002858,O002858,3,Cumple lo esperado,2024-02-28
R002860,O002860,5,,2024-03-21
R002862,O002862,5,Llegó perfecto,2024-12-09
R002863,O002863,1,No lo recomiendo,2024-04-29
R002864,O002864,4,Todo bien,2024-02-12
R002865,O002865,3,Cumple lo esperado,2025-08-29
R002866,O002866,5,Llegó perfecto,2025-09-05
R002867,O002867,3,,2024-11-03
R002869,O002869,3,Experiencia normal,2025-11-23
R002870,O002870,5,Excelente producto,2025-08-28
R002872,O002872,4,Buena compra,2026-03-12
R002873,O002873,4,Recomendado,2026-03-31
R002874,O002874,4,Buena compra,2025-04-01
R002875,O002875,5,Llegó perfecto,2025-11-21
R002876,O002876,4,Todo bien,2025-10-17
R002877,O002877,5,Muy buena experiencia,2024-08-13
R002878,O002878,5,Excelente producto,2025-06-21
R002880,O002880,5,Muy buena experiencia,2025-08-15
R002882,O002882,3,Experiencia normal,2024-11-14
R002883,O002883,5,Excelente producto,2025-02-23
R002885,O002885,5,Llegó perfecto,2024-04-07
R002886,O002886,3,Cumple lo esperado,2024-12-18
R002887,O002887,1,No lo recomiendo,2024-10-17
R002889,O002889,4,Buena compra,2025-03-20
R002890,O002890,5,,2025-02-05
R002892,O002892,3,Aceptable,2024-06-26
R002893,O002893,5,Llegó perfecto,2025-09-03
R002894,O002894,4,Buena compra,2025-01-29
R002895,O002895,1,No lo recomiendo,2025-10-07
R002896,O002896,2,Podría mejorar,2024-06-21
R002897,O002897,1,No lo recomiendo,2026-03-16
R002899,O002899,3,Aceptable,2024-12-18
R002900,O002900,5,Excelente producto,2025-06-12
R002902,O002902,3,Aceptable,2025-09-25
R002903,O002903,4,Buena compra,2024-11-17
R002905,O002905,5,Muy buena experiencia,2026-04-20
R002907,O002907,4,Buena compra,2025-01-19
R002908,O002908,5,Muy buena experiencia,2024-10-06
R002910,O002910,2,,2025-05-29
R002911,O002911,5,Excelente producto,2024-02-04
R002912,O002912,5,Excelente producto,2026-03-18
R002913,O002913,5,Excelente producto,2026-03-27
R002914,O002914,1,Producto llegó tarde,2026-01-22
R002917,O002917,5,Muy buena experiencia,2024-10-12
R002919,O002919,5,Muy buena experiencia,2024-07-03
R002920,O002920,5,Excelente producto,2025-03-16
R002921,O002921,5,Llegó perfecto,2026-06-23
R002922,O002922,2,Producto regular,2024-05-12
R002925,O002925,5,Llegó perfecto,2025-09-27
R002926,O002926,5,,2025-04-18
R002927,O002927,2,Podría mejorar,2025-08-22
R002928,O002928,2,Podría mejorar,2026-05-01
R002930,O002930,5,Llegó perfecto,2025-09-26
R002933,O002933,5,Llegó perfecto,2024-11-28
R002934,O002934,3,Experiencia normal,2024-07-29
R002935,O002935,4,,2026-03-11
R002936,O002936,5,Muy buena experiencia,2025-08-17
R002937,O002937,1,Muy mala experiencia,2024-08-06
R002938,O002938,5,Muy buena experiencia,2024-10-25
R002939,O002939,1,No lo recomiendo,2025-09-30
R002942,O002942,2,Demora excesiva,2025-10-10
R002943,O002943,5,Muy buena experiencia,2025-04-07
R002944,O002944,4,,2026-01-04
R002945,O002945,2,Demora excesiva,2026-04-26
R002946,O002946,2,,2026-02-09
R002947,O002947,5,Llegó perfecto,2025-01-06
R002949,O002949,4,Buena compra,2024-10-06
R002950,O002950,1,Producto llegó tarde,2026-05-20
R002951,O002951,3,,2024-06-24
R002953,O002953,1,,2024-10-11
R002954,O002954,3,Experiencia normal,2024-11-02
R002955,O002955,5,Muy buena experiencia,2026-06-16
R002956,O002956,4,Recomendado,2024-05-01
R002957,O002957,4,Recomendado,2026-02-16
R002958,O002958,5,Llegó perfecto,2024-03-15
R002960,O002960,5,Excelente producto,2025-09-20
R002961,O002961,4,Buena compra,2026-05-25
R002964,O002964,4,Todo bien,2026-01-28
R002968,O002968,1,Producto llegó tarde,2024-09-17
R002969,O002969,2,Demora excesiva,2026-01-14
R002972,O002972,2,Producto regular,2025-06-07
R002973,O002973,3,Aceptable,2024-10-01
R002974,O002974,5,Excelente producto,2025-12-18
R002975,O002975,5,Llegó perfecto,2024-05-22
R002977,O002977,5,Llegó perfecto,2025-09-18
R002978,O002978,3,Experiencia normal,2024-09-06
R002980,O002980,5,Llegó perfecto,2024-10-09
R002981,O002981,3,Aceptable,2025-11-13
R002983,O002983,3,Aceptable,2024-01-26
R002984,O002984,5,Muy buena experiencia,2026-02-28
R002985,O002985,4,Recomendado,2026-04-28
R002986,O002986,5,Excelente producto,2024-04-07
R002987,O002987,5,Excelente producto,2024-03-23
R002988,O002988,3,Aceptable,2025-09-10
R002989,O002989,4,Todo bien,2025-05-16
R002990,O002990,4,,2024-11-13
R002991,O002991,4,Todo bien,2026-07-01
R002992,O002992,4,Todo bien,2025-06-20
R002993,O002993,4,,2025-02-09
R002994,O002994,5,Excelente producto,2024-12-10
R002995,O002995,2,Podría mejorar,2024-04-07
R002997,O002997,5,Excelente producto,2025-10-23
R002998,O002998,4,Recomendado,2024-08-25
R002999,O002999,4,Recomendado,2024-09-04
R003001,O003001,5,Muy buena experiencia,2025-06-10
R003003,O003003,4,Recomendado,2025-05-05
R003004,O003004,4,Buena compra,2024-05-21
R003005,O003005,5,,2025-09-26
R003006,O003006,1,Producto llegó tarde,2024-07-11
R003008,O003008,4,Recomendado,2026-03-15
R003009,O003009,5,Muy buena experiencia,2025-09-14
R003010,O003010,3,Experiencia normal,2025-06-03
R003011,O003011,1,Producto llegó tarde,2025-07-14
R003012,O003012,4,Recomendado,2024-09-01
R003013,O003013,4,Recomendado,2026-05-16
R003014,O003014,4,Recomendado,2026-04-04
R003015,O003015,5,Excelente producto,2024-08-25
R003016,O003016,1,No lo recomiendo,2025-09-27
R003017,O003017,4,Todo bien,2024-03-16
R003018,O003018,3,Experiencia normal,2024-02-18
R003019,O003019,2,Demora excesiva,2025-02-21
R003020,O003020,5,Excelente producto,2025-05-28
R003023,O003023,4,Todo bien,2025-05-31
R003026,O003026,5,Excelente producto,2025-05-29
R003027,O003027,5,,2024-07-23
R003029,O003029,5,Muy buena experiencia,2024-11-19
R003030,O003030,4,Recomendado,2026-03-13
R003032,O003032,5,Excelente producto,2024-04-12
R003033,O003033,1,Muy mala experiencia,2025-12-02
R003034,O003034,4,,2024-11-27
R003035,O003035,5,Llegó perfecto,2025-11-07
R003036,O003036,2,Podría mejorar,2024-03-25
R003038,O003038,5,Muy buena experiencia,2025-02-12
R003039,O003039,2,Demora excesiva,2026-06-02
R003042,O003042,5,Llegó perfecto,2026-02-20
R003043,O003043,3,Cumple lo esperado,2025-04-08
R003045,O003045,3,Cumple lo esperado,2025-08-14
R003046,O003046,5,Excelente producto,2025-01-22
R003047,O003047,5,Llegó perfecto,2026-01-31
R003048,O003048,3,Cumple lo esperado,2025-03-22
R003049,O003049,4,Todo bien,2024-07-24
R003050,O003050,1,Muy mala experiencia,2024-01-12
R003051,O003051,4,Todo bien,2024-03-07
R003052,O003052,5,Excelente producto,2024-05-13
R003053,O003053,3,Aceptable,2024-09-20
R003054,O003054,5,Llegó perfecto,2024-01-13
R003056,O003056,1,No lo recomiendo,2025-01-27
R003057,O003057,4,Recomendado,2024-11-24
R003059,O003059,1,,2025-02-06
R003060,O003060,1,Producto llegó tarde,2026-02-16
R003061,O003061,5,Excelente producto,2026-06-09
R003066,O003066,5,,2024-09-04
R003067,O003067,4,Recomendado,2025-06-22
R003068,O003068,5,Muy buena experiencia,2024-01-28
R003070,O003070,1,Muy mala experiencia,2026-02-13
R003071,O003071,5,Excelente producto,2025-05-05
R003072,O003072,4,Buena compra,2025-10-29
R003073,O003073,5,Excelente producto,2025-02-13
R003074,O003074,4,Recomendado,2026-02-08
R003075,O003075,3,Aceptable,2025-03-27
R003076,O003076,1,No lo recomiendo,2025-02-26
R003078,O003078,1,No lo recomiendo,2024-01-16
R003079,O003079,2,Producto regular,2025-10-22
R003080,O003080,1,Producto llegó tarde,2025-05-12
R003081,O003081,5,Muy buena experiencia,2025-11-09
R003083,O003083,2,Demora excesiva,2024-06-05
R003084,O003084,5,Excelente producto,2024-09-20
R003089,O003089,3,Aceptable,2026-06-10
R003092,O003092,5,Muy buena experiencia,2024-05-26
R003093,O003093,3,Aceptable,2025-06-06
R003094,O003094,5,Muy buena experiencia,2025-02-17
R003095,O003095,4,Recomendado,2025-04-25
R003097,O003097,4,Buena compra,2025-02-19
R003099,O003099,4,Recomendado,2024-08-23
R003100,O003100,5,Excelente producto,2025-02-11
R003101,O003101,3,,2025-04-19
R003102,O003102,1,Muy mala experiencia,2024-08-09
R003103,O003103,3,Experiencia normal,2025-05-26
R003104,O003104,2,Podría mejorar,2025-03-18
R003105,O003105,4,Todo bien,2024-09-01
R003106,O003106,2,Demora excesiva,2024-12-31
R003107,O003107,5,Muy buena experiencia,2024-12-23
R003108,O003108,5,Excelente producto,2025-04-07
R003109,O003109,5,Excelente producto,2025-05-15
R003110,O003110,2,Demora excesiva,2025-12-08
R003111,O003111,4,Buena compra,2025-08-03
R003113,O003113,5,Muy buena experiencia,2026-06-11
R003114,O003114,5,Excelente producto,2024-08-01
R003115,O003115,5,Muy buena experiencia,2026-06-25
R003116,O003116,5,Llegó perfecto,2024-01-13
R003117,O003117,5,Llegó perfecto,2025-07-20
R003119,O003119,2,Demora excesiva,2024-02-05
R003120,O003120,5,Excelente producto,2024-04-18
R003122,O003122,1,Producto llegó tarde,2025-06-06
R003123,O003123,5,,2024-01-19
R003124,O003124,2,Producto regular,2025-04-01
R003125,O003125,5,,2025-01-28
R003126,O003126,5,Llegó perfecto,2026-02-01
R003129,O003129,5,,2025-04-08
R003130,O003130,4,Todo bien,2025-06-24
R003132,O003132,5,Llegó perfecto,2024-03-09
R003133,O003133,5,Excelente producto,2025-02-12
R003134,O003134,5,Muy buena experiencia,2025-01-31
R003135,O003135,3,Experiencia normal,2024-05-08
R003138,O003138,5,Excelente producto,2026-04-11
R003139,O003139,4,Buena compra,2024-02-26
R003140,O003140,5,Excelente producto,2025-09-05
R003141,O003141,4,Recomendado,2026-06-23
R003143,O003143,5,Excelente producto,2025-12-10
R003144,O003144,3,Aceptable,2026-04-22
R003147,O003147,3,Cumple lo esperado,2026-04-11
R003148,O003148,2,Podría mejorar,2026-02-24
R003149,O003149,5,Llegó perfecto,2024-10-31
R003150,O003150,2,Podría mejorar,2024-03-08
R003151,O003151,3,Experiencia normal,2025-12-06
R003152,O003152,5,Llegó perfecto,2026-01-28
R003154,O003154,5,Excelente producto,2024-12-22
R003155,O003155,5,Llegó perfecto,2026-07-01
R003156,O003156,5,Muy buena experiencia,2024-03-16
R003158,O003158,4,Recomendado,2026-06-29
R003159,O003159,2,Demora excesiva,2024-08-20
R003160,O003160,4,Todo bien,2024-03-11
R003162,O003162,5,Llegó perfecto,2025-08-31
R003163,O003163,5,Llegó perfecto,2026-06-29
R003166,O003166,5,Llegó perfecto,2025-01-18
R003167,O003167,1,Muy mala experiencia,2025-08-11
R003168,O003168,5,Llegó perfecto,2025-03-04
R003169,O003169,5,Llegó perfecto,2024-06-08
R003171,O003171,5,Muy buena experiencia,2026-05-02
R003172,O003172,2,Podría mejorar,2024-02-08
R003174,O003174,3,Aceptable,2025-04-22
R003175,O003175,1,Producto llegó tarde,2026-05-02
R003176,O003176,5,Llegó perfecto,2025-08-25
R003177,O003177,5,Excelente producto,2025-03-08
R003178,O003178,3,Cumple lo esperado,2025-04-30
R003179,O003179,5,,2025-02-28
R003180,O003180,5,Excelente producto,2026-07-16
R003181,O003181,5,Muy buena experiencia,2025-07-12
R003182,O003182,4,Recomendado,2026-06-10
R003184,O003184,4,,2025-09-15
R003185,O003185,5,,2025-10-10
R003186,O003186,3,Aceptable,2025-12-15
R003188,O003188,3,Cumple lo esperado,2026-03-19
R003189,O003189,2,Producto regular,2025-08-10
R003190,O003190,5,Llegó perfecto,2024-04-30
R003191,O003191,1,Muy mala experiencia,2026-06-05
R003192,O003192,2,Producto regular,2024-04-08
R003193,O003193,5,Muy buena experiencia,2024-12-14
R003194,O003194,3,Cumple lo esperado,2025-05-04
R003196,O003196,2,Podría mejorar,2026-07-09
R003197,O003197,5,Llegó perfecto,2025-08-23
R003198,O003198,4,Buena compra,2024-06-03
R003199,O003199,2,Podría mejorar,2025-02-10
R003200,O003200,4,,2024-02-22
R003201,O003201,2,Demora excesiva,2024-07-28
R003202,O003202,3,Experiencia normal,2025-02-27
R003204,O003204,3,,2025-01-17
R003206,O003206,4,Recomendado,2024-08-26
R003207,O003207,5,Llegó perfecto,2025-12-25
R003208,O003208,2,Producto regular,2024-12-21
R003209,O003209,2,Producto regular,2025-09-08
R003210,O003210,5,Llegó perfecto,2025-04-07
R003211,O003211,4,Recomendado,2025-06-13
R003212,O003212,5,,2026-03-30
R003213,O003213,5,Llegó perfecto,2025-06-21
R003214,O003214,4,Todo bien,2025-06-22
R003215,O003215,1,Producto llegó tarde,2026-04-11
R003216,O003216,4,Todo bien,2026-01-29
R003217,O003217,3,Aceptable,2025-09-14
R003218,O003218,5,Muy buena experiencia,2024-05-21
R003219,O003219,3,Cumple lo esperado,2024-07-17
R003220,O003220,4,Recomendado,2025-08-11
R003221,O003221,5,Excelente producto,2024-07-16
R003222,O003222,3,Cumple lo esperado,2025-09-10
R003223,O003223,3,Aceptable,2025-02-17
R003224,O003224,5,Excelente producto,2025-01-27
R003227,O003227,1,No lo recomiendo,2025-04-25
R003228,O003228,1,Muy mala experiencia,2025-11-27
R003229,O003229,4,Buena compra,2025-02-27
R003233,O003233,3,,2025-12-03
R003234,O003234,4,Todo bien,2024-09-24
R003235,O003235,2,,2025-11-01
R003236,O003236,5,Llegó perfecto,2025-01-01
R003238,O003238,4,Buena compra,2024-11-05
R003239,O003239,5,Llegó perfecto,2024-11-28
R003240,O003240,4,Recomendado,2025-10-04
R003241,O003241,5,Llegó perfecto,2025-09-20
R003242,O003242,3,Cumple lo esperado,2024-11-06
R003243,O003243,5,Excelente producto,2025-11-09
R003244,O003244,3,Experiencia normal,2026-06-19
R003247,O003247,1,Muy mala experiencia,2024-03-05
R003249,O003249,5,Muy buena experiencia,2025-02-27
R003250,O003250,5,Muy buena experiencia,2026-04-15
R003251,O003251,5,Excelente producto,2025-12-01
R003252,O003252,1,Muy mala experiencia,2026-04-08
R003254,O003254,4,Buena compra,2024-03-13
R003255,O003255,4,Recomendado,2025-11-05
R003256,O003256,4,Recomendado,2025-01-30
R003257,O003257,3,,2024-04-28
R003263,O003263,4,Recomendado,2024-12-27
R003264,O003264,5,Muy buena experiencia,2025-10-28
R003268,O003268,4,Buena compra,2025-01-11
R003270,O003270,3,Experiencia normal,2025-03-16
R003271,O003271,4,Buena compra,2025-05-24
R003273,O003273,2,,2026-05-03
R003276,O003276,4,Buena compra,2024-05-10
R003277,O003277,2,Podría mejorar,2025-07-17
R003278,O003278,5,Muy buena experiencia,2025-11-22
R003279,O003279,5,Llegó perfecto,2025-07-30
R003281,O003281,4,Recomendado,2024-03-24
R003282,O003282,4,Recomendado,2026-07-06
R003283,O003283,5,Muy buena experiencia,2025-03-04
R003284,O003284,3,Aceptable,2025-12-20
R003285,O003285,4,Todo bien,2025-09-23
R003286,O003286,4,Buena compra,2024-04-10
R003287,O003287,5,Llegó perfecto,2026-04-27
R003288,O003288,5,Excelente producto,2024-01-31
R003289,O003289,5,Llegó perfecto,2026-02-13
R003290,O003290,2,Producto regular,2025-01-01
R003293,O003293,2,,2025-10-29
R003294,O003294,4,Buena compra,2026-03-09
R003296,O003296,1,No lo recomiendo,2024-02-18
R003297,O003297,5,,2024-10-15
R003298,O003298,5,,2026-06-02
R003299,O003299,5,Muy buena experiencia,2025-03-26
R003300,O003300,2,,2024-07-28
R003301,O003301,3,Cumple lo esperado,2025-09-21
R003302,O003302,5,Excelente producto,2024-02-27
R003303,O003303,3,Experiencia normal,2024-07-05
R003304,O003304,4,Recomendado,2026-02-25
R003305,O003305,1,Producto llegó tarde,2025-07-13
R003307,O003307,4,Todo bien,2024-07-22
R003310,O003310,4,Buena compra,2026-01-10
R003311,O003311,4,Todo bien,2024-11-20
R003312,O003312,4,Recomendado,2026-06-17
R003313,O003313,3,Aceptable,2024-08-01
R003315,O003315,5,Muy buena experiencia,2024-07-19
R003317,O003317,1,Producto llegó tarde,2026-07-08
R003318,O003318,2,Podría mejorar,2024-01-26
R003319,O003319,4,Buena compra,2024-01-17
R003321,O003321,4,Recomendado,2025-03-30
R003322,O003322,5,Muy buena experiencia,2024-05-24
R003323,O003323,2,,2026-04-18
R003325,O003325,5,Llegó perfecto,2026-03-03
R003326,O003326,5,Llegó perfecto,2025-01-22
R003328,O003328,5,,2025-04-11
R003330,O003330,4,Recomendado,2024-11-06
R003331,O003331,5,Llegó perfecto,2025-11-21
R003333,O003333,2,Podría mejorar,2026-03-02
R003334,O003334,3,,2024-07-01
R003335,O003335,4,Buena compra,2025-11-03
R003336,O003336,5,Llegó perfecto,2024-01-24
R003338,O003338,1,Producto llegó tarde,2025-08-07
R003340,O003340,4,Todo bien,2025-07-24
R003341,O003341,5,Excelente producto,2025-02-22
R003342,O003342,5,Excelente producto,2026-06-28
R003343,O003343,4,Recomendado,2025-07-16
R003344,O003344,1,Muy mala experiencia,2024-05-17
R003345,O003345,4,Buena compra,2024-01-21
R003346,O003346,1,,2025-07-12
R003347,O003347,5,Muy buena experiencia,2024-04-20
R003348,O003348,5,Muy buena experiencia,2026-05-14
R003349,O003349,4,Recomendado,2025-12-06
R003351,O003351,1,,2024-08-07
R003354,O003354,4,Buena compra,2024-07-05
R003355,O003355,5,Muy buena experiencia,2025-09-07
R003357,O003357,2,,2025-03-09
R003359,O003359,5,Llegó perfecto,2025-02-06
R003361,O003361,2,,2026-03-08
R003362,O003362,3,Cumple lo esperado,2024-07-20
R003363,O003363,4,Todo bien,2024-07-13
R003364,O003364,5,,2024-11-07
R003365,O003365,1,No lo recomiendo,2024-08-29
R003367,O003367,2,Demora excesiva,2024-05-04
R003369,O003369,5,,2025-09-06
R003371,O003371,4,Recomendado,2026-05-09
R003372,O003372,4,Recomendado,2025-10-08
R003373,O003373,4,Todo bien,2025-10-18
R003374,O003374,2,Podría mejorar,2026-02-13
R003376,O003376,3,Experiencia normal,2025-06-25
R003377,O003377,3,Cumple lo esperado,2024-10-11
R003378,O003378,5,Llegó perfecto,2025-08-06
R003380,O003380,3,Experiencia normal,2025-02-13
R003381,O003381,2,,2024-03-20
R003382,O003382,5,Muy buena experiencia,2025-12-08
R003383,O003383,5,Muy buena experiencia,2024-12-29
R003384,O003384,2,Producto regular,2024-10-05
R003385,O003385,2,Producto regular,2024-07-14
R003386,O003386,2,Demora excesiva,2025-11-03
R003387,O003387,4,Todo bien,2025-12-29
R003389,O003389,5,,2025-11-10
R003391,O003391,3,Cumple lo esperado,2024-09-06
R003392,O003392,2,,2024-01-10
R003393,O003393,5,Llegó perfecto,2025-11-12
R003394,O003394,4,Buena compra,2026-04-17
R003398,O003398,5,Muy buena experiencia,2024-02-13
R003400,O003400,3,Experiencia normal,2024-01-14
R003401,O003401,1,Muy mala experiencia,2024-07-02
R003402,O003402,4,Buena compra,2026-03-07
R003403,O003403,3,Cumple lo esperado,2024-08-24
R003404,O003404,5,Llegó perfecto,2025-09-01
R003405,O003405,5,Llegó perfecto,2026-04-01
R003406,O003406,4,Buena compra,2025-01-08
R003407,O003407,4,Buena compra,2025-06-02
R003408,O003408,3,,2026-01-30
R003409,O003409,5,Excelente producto,2025-03-20
R003410,O003410,3,Cumple lo esperado,2025-07-06
R003411,O003411,4,,2024-08-03
R003412,O003412,5,Excelente producto,2025-01-22
R003416,O003416,1,Producto llegó tarde,2025-03-11
R003418,O003418,5,Excelente producto,2024-07-20
R003419,O003419,4,Recomendado,2026-01-25
R003421,O003421,3,Cumple lo esperado,2025-05-25
R003422,O003422,2,Demora excesiva,2024-05-11
R003424,O003424,3,Experiencia normal,2025-08-18
R003425,O003425,2,Demora excesiva,2025-02-25
R003427,O003427,3,Aceptable,2026-03-28
R003428,O003428,5,Muy buena experiencia,2024-09-08
R003429,O003429,4,Todo bien,2025-06-12
R003430,O003430,4,Buena compra,2024-07-09
R003431,O003431,5,Llegó perfecto,2024-08-15
R003432,O003432,3,Experiencia normal,2026-04-16
R003433,O003433,2,Producto regular,2024-04-03
R003434,O003434,5,Excelente producto,2025-04-05
R003436,O003436,5,Excelente producto,2026-03-22
R003437,O003437,4,Buena compra,2025-12-11
R003438,O003438,4,Todo bien,2025-03-12
R003439,O003439,5,Excelente producto,2025-12-07
R003442,O003442,1,Muy mala experiencia,2024-04-20
R003443,O003443,3,Cumple lo esperado,2025-03-27
R003444,O003444,5,Llegó perfecto,2024-06-30
R003445,O003445,5,Llegó perfecto,2026-04-05
R003448,O003448,3,,2024-12-19
R003449,O003449,4,Todo bien,2025-03-12
R003450,O003450,3,Aceptable,2024-12-22
R003451,O003451,5,Muy buena experiencia,2025-01-15
R003452,O003452,5,Muy buena experiencia,2025-06-26
R003453,O003453,4,Buena compra,2025-05-28
R003460,O003460,5,Llegó perfecto,2025-11-28
R003461,O003461,4,Recomendado,2025-04-17
R003462,O003462,5,Muy buena experiencia,2024-09-18
R003463,O003463,4,Buena compra,2025-01-25
R003464,O003464,3,,2025-10-13
R003465,O003465,2,Podría mejorar,2025-12-20
R003466,O003466,5,Excelente producto,2025-07-24
R003467,O003467,4,Buena compra,2025-02-09
R003469,O003469,4,Buena compra,2024-06-27
R003470,O003470,2,Demora excesiva,2024-06-30
R003471,O003471,3,,2024-02-16
R003472,O003472,2,Podría mejorar,2024-11-13
R003473,O003473,1,Producto llegó tarde,2024-05-21
R003474,O003474,4,Buena compra,2024-07-23
R003476,O003476,1,Muy mala experiencia,2024-11-07
R003477,O003477,2,Podría mejorar,2025-06-03
R003478,O003478,2,Podría mejorar,2025-06-29
R003479,O003479,4,Recomendado,2025-06-07
R003480,O003480,4,Buena compra,2024-09-04
R003481,O003481,2,Podría mejorar,2024-05-17
R003482,O003482,5,Excelente producto,2025-06-03
R003483,O003483,4,Todo bien,2026-02-24
R003484,O003484,5,Muy buena experiencia,2026-02-27
R003486,O003486,4,Buena compra,2026-03-06
R003487,O003487,1,,2025-09-12
R003488,O003488,4,Buena compra,2024-05-31
R003489,O003489,3,Experiencia normal,2025-11-08
R003490,O003490,4,,2024-06-18
R003491,O003491,5,Excelente producto,2024-04-30
R003493,O003493,2,Demora excesiva,2024-02-24
R003494,O003494,5,Excelente producto,2026-05-08
R003495,O003495,4,Buena compra,2026-06-12
R003496,O003496,5,Excelente producto,2025-11-21
R003497,O003497,4,Recomendado,2026-06-20
R003498,O003498,4,,2025-05-23
R003499,O003499,5,Muy buena experiencia,2025-04-14
R003501,O003501,1,No lo recomiendo,2026-06-02
R003503,O003503,2,Podría mejorar,2026-01-20
R003504,O003504,4,Recomendado,2024-03-18
R003505,O003505,4,Buena compra,2026-03-17
R003507,O003507,3,Aceptable,2025-03-16
R003508,O003508,4,Buena compra,2024-01-20
R003509,O003509,4,Buena compra,2026-04-26
R003510,O003510,5,Muy buena experiencia,2026-03-30
R003511,O003511,2,Podría mejorar,2024-09-30
R003512,O003512,5,Excelente producto,2024-09-13
R003513,O003513,3,Experiencia normal,2025-12-24
R003515,O003515,3,Experiencia normal,2025-06-18
R003516,O003516,1,Muy mala experiencia,2024-08-03
R003517,O003517,5,Excelente producto,2026-07-08
R003519,O003519,5,Muy buena experiencia,2024-07-23
R003520,O003520,1,Producto llegó tarde,2024-10-26
R003521,O003521,5,,2025-07-03
R003522,O003522,1,Producto llegó tarde,2024-07-19
R003524,O003524,5,Muy buena experiencia,2025-08-09
R003526,O003526,4,Buena compra,2024-03-20
R003528,O003528,5,Excelente producto,2026-07-02
R003529,O003529,2,Podría mejorar,2026-05-25
R003530,O003530,5,Excelente producto,2024-04-21
R003531,O003531,4,,2024-12-17
R003533,O003533,5,Llegó perfecto,2024-10-11
R003536,O003536,4,Buena compra,2026-01-21
R003537,O003537,4,Buena compra,2025-03-14
R003538,O003538,2,Demora excesiva,2026-07-14
R003542,O003542,1,No lo recomiendo,2026-03-09
R003544,O003544,4,Buena compra,2024-01-22
R003546,O003546,4,Buena compra,2025-06-17
R003547,O003547,4,Recomendado,2025-07-28
R003548,O003548,5,Llegó perfecto,2026-01-23
R003549,O003549,5,Llegó perfecto,2025-09-30
R003552,O003552,4,Buena compra,2025-03-16
R003553,O003553,3,Experiencia normal,2025-07-25
R003554,O003554,5,Llegó perfecto,2026-01-30
R003556,O003556,5,Excelente producto,2026-05-07
R003557,O003557,5,Muy buena experiencia,2024-08-28
R003558,O003558,5,Llegó perfecto,2025-07-10
R003559,O003559,5,Muy buena experiencia,2024-07-02
R003560,O003560,5,Excelente producto,2024-12-01
R003561,O003561,1,Muy mala experiencia,2025-09-21
R003562,O003562,5,Muy buena experiencia,2026-05-04
R003564,O003564,5,Excelente producto,2025-05-12
R003566,O003566,4,Buena compra,2025-04-05
R003567,O003567,4,Buena compra,2026-06-29
R003568,O003568,1,Producto llegó tarde,2025-03-16
R003569,O003569,2,Podría mejorar,2026-03-01
R003570,O003570,5,Llegó perfecto,2024-03-14
R003571,O003571,4,,2024-08-16
R003572,O003572,2,Demora excesiva,2024-02-04
R003573,O003573,2,Podría mejorar,2026-06-22
R003574,O003574,1,No lo recomiendo,2025-11-17
R003575,O003575,3,Cumple lo esperado,2025-07-28
R003576,O003576,5,Muy buena experiencia,2024-10-10
R003577,O003577,4,Recomendado,2026-03-22
R003579,O003579,3,Aceptable,2024-07-05
R003580,O003580,3,Aceptable,2025-03-08
R003582,O003582,5,Excelente producto,2025-08-22
R003584,O003584,4,Recomendado,2024-02-13
R003586,O003586,5,Excelente producto,2024-07-18
R003587,O003587,4,Recomendado,2024-09-03
R003588,O003588,4,Todo bien,2025-07-12
R003590,O003590,4,Recomendado,2024-02-05
R003591,O003591,1,Producto llegó tarde,2026-03-08
R003593,O003593,1,No lo recomiendo,2025-01-14
R003594,O003594,3,Aceptable,2025-04-25
R003595,O003595,4,Buena compra,2024-06-20
R003596,O003596,4,Buena compra,2025-02-27
R003597,O003597,4,Todo bien,2026-03-08
R003599,O003599,4,Buena compra,2026-01-31
R003600,O003600,3,Experiencia normal,2025-11-14
R003601,O003601,4,Buena compra,2026-04-29
R003602,O003602,4,,2024-09-16
R003603,O003603,5,Llegó perfecto,2025-03-13
R003604,O003604,3,Cumple lo esperado,2025-06-08
R003606,O003606,5,Excelente producto,2024-12-21
R003607,O003607,4,Recomendado,2024-02-02
R003608,O003608,5,Muy buena experiencia,2026-03-19
R003609,O003609,5,Llegó perfecto,2026-05-08
R003610,O003610,4,Todo bien,2026-05-04
R003611,O003611,5,Llegó perfecto,2025-08-21
R003613,O003613,3,Cumple lo esperado,2024-11-03
R003614,O003614,5,Muy buena experiencia,2024-04-21
R003617,O003617,5,Llegó perfecto,2024-04-29
R003618,O003618,4,Recomendado,2024-04-06
R003619,O003619,3,Cumple lo esperado,2025-08-29
R003621,O003621,4,Todo bien,2024-04-27
R003623,O003623,4,Buena compra,2025-11-26
R003624,O003624,4,Buena compra,2026-02-18
R003625,O003625,5,Llegó perfecto,2024-11-21
R003627,O003627,5,Muy buena experiencia,2025-04-27
R003628,O003628,1,Producto llegó tarde,2024-04-18
R003629,O003629,3,Cumple lo esperado,2026-06-20
R003630,O003630,2,Podría mejorar,2026-03-30
R003631,O003631,1,No lo recomiendo,2026-01-24
R003632,O003632,5,Muy buena experiencia,2024-06-02
R003633,O003633,4,Todo bien,2024-05-18
R003634,O003634,5,,2024-07-25
R003637,O003637,5,Muy buena experiencia,2024-11-14
R003638,O003638,5,Muy buena experiencia,2026-03-13
R003639,O003639,5,Muy buena experiencia,2024-12-03
R003640,O003640,4,Recomendado,2024-08-16
R003641,O003641,4,Recomendado,2026-01-07
R003642,O003642,5,Muy buena experiencia,2025-10-23
R003643,O003643,5,Muy buena experiencia,2025-03-04
R003644,O003644,2,Producto regular,2025-01-07
R003645,O003645,5,Excelente producto,2024-08-15
R003647,O003647,4,,2025-05-14
R003648,O003648,4,Recomendado,2025-07-22
R003651,O003651,5,,2024-12-18
R003652,O003652,5,Excelente producto,2025-05-31
R003653,O003653,3,Aceptable,2024-11-03
R003654,O003654,4,Buena compra,2025-06-05
R003656,O003656,5,Muy buena experiencia,2024-05-26
R003657,O003657,5,Muy buena experiencia,2025-12-24
R003658,O003658,2,Producto regular,2026-04-06
R003659,O003659,4,Recomendado,2025-01-30
R003661,O003661,1,No lo recomiendo,2025-04-14
R003662,O003662,3,Experiencia normal,2025-12-06
R003663,O003663,2,Demora excesiva,2025-11-23
R003665,O003665,5,Excelente producto,2024-02-16
R003666,O003666,1,,2024-12-30
R003667,O003667,5,Llegó perfecto,2024-10-15
R003668,O003668,2,Demora excesiva,2024-12-10
R003670,O003670,4,Recomendado,2026-04-16
R003671,O003671,5,Excelente producto,2024-06-06
R003673,O003673,5,Llegó perfecto,2025-07-14
R003674,O003674,4,Todo bien,2024-07-08
R003675,O003675,5,,2026-01-01
R003676,O003676,5,Muy buena experiencia,2025-04-04
R003677,O003677,4,Todo bien,2025-09-01
R003678,O003678,2,Podría mejorar,2024-06-06
R003679,O003679,5,,2024-04-26
R003681,O003681,5,Llegó perfecto,2024-01-30
R003682,O003682,3,Aceptable,2025-01-10
R003683,O003683,3,Aceptable,2026-01-07
R003684,O003684,1,Muy mala experiencia,2025-05-30
R003685,O003685,5,Excelente producto,2026-02-05
R003686,O003686,3,Experiencia normal,2025-07-02
R003688,O003688,2,Demora excesiva,2025-08-19
R003689,O003689,5,Muy buena experiencia,2025-10-12
R003690,O003690,4,Buena compra,2026-04-03
R003691,O003691,1,Muy mala experiencia,2026-03-02
R003692,O003692,3,Experiencia normal,2025-01-02
R003693,O003693,2,Podría mejorar,2025-02-06
R003694,O003694,1,Muy mala experiencia,2024-08-29
R003695,O003695,3,Experiencia normal,2024-03-20
R003696,O003696,4,Buena compra,2026-06-25
R003697,O003697,5,Muy buena experiencia,2025-12-30
R003700,O003700,4,Todo bien,2025-08-10
R003701,O003701,4,Buena compra,2024-06-07
R003702,O003702,4,Buena compra,2026-02-18
R003703,O003703,1,Muy mala experiencia,2026-07-01
R003704,O003704,5,Llegó perfecto,2024-12-18
R003705,O003705,4,Buena compra,2024-02-22
R003706,O003706,4,Todo bien,2024-05-11
R003707,O003707,1,No lo recomiendo,2024-08-18
R003708,O003708,5,Llegó perfecto,2025-08-28
R003713,O003713,4,Buena compra,2024-04-07
R003714,O003714,4,Recomendado,2026-01-02
R003715,O003715,4,Buena compra,2026-06-17
R003717,O003717,4,,2025-11-07
R003718,O003718,5,Llegó perfecto,2026-02-05
R003719,O003719,2,Podría mejorar,2024-01-24
R003720,O003720,2,Producto regular,2024-06-27
R003721,O003721,4,Todo bien,2025-03-06
R003722,O003722,4,Recomendado,2025-05-26
R003724,O003724,4,Recomendado,2024-01-31
R003725,O003725,5,Muy buena experiencia,2025-08-07
R003726,O003726,4,Recomendado,2024-05-16
R003727,O003727,1,Producto llegó tarde,2024-08-06
R003728,O003728,1,Muy mala experiencia,2025-03-10
R003730,O003730,3,Aceptable,2025-09-04
R003731,O003731,5,Excelente producto,2025-05-10
R003732,O003732,5,Llegó perfecto,2024-12-12
R003733,O003733,4,Recomendado,2025-08-20
R003734,O003734,4,Recomendado,2025-04-14
R003736,O003736,5,Excelente producto,2024-12-24
R003737,O003737,4,Recomendado,2025-10-05
R003738,O003738,3,,2024-12-11
R003739,O003739,2,Podría mejorar,2024-07-08
R003740,O003740,5,Muy buena experiencia,2024-04-05
R003742,O003742,2,Demora excesiva,2025-01-11
R003743,O003743,1,Muy mala experiencia,2025-01-29
R003744,O003744,2,Demora excesiva,2025-11-25
R003746,O003746,2,Demora excesiva,2025-10-07
R003748,O003748,5,Excelente producto,2024-11-08
R003749,O003749,5,Llegó perfecto,2025-11-07
R003750,O003750,1,Producto llegó tarde,2025-09-05
R003751,O003751,4,Todo bien,2024-12-22
R003752,O003752,5,,2026-04-28
R003753,O003753,3,Cumple lo esperado,2026-05-18
R003754,O003754,5,Excelente producto,2025-10-25
R003755,O003755,5,Llegó perfecto,2024-07-25
R003756,O003756,5,Excelente producto,2025-12-04
R003758,O003758,4,Todo bien,2025-01-23
R003759,O003759,5,Muy buena experiencia,2024-10-17
R003760,O003760,5,Excelente producto,2025-05-11
R003761,O003761,5,Muy buena experiencia,2026-01-03
R003762,O003762,1,Muy mala experiencia,2025-01-26
R003763,O003763,5,,2025-11-28
R003764,O003764,5,Llegó perfecto,2024-09-11
R003766,O003766,1,Producto llegó tarde,2024-06-30
R003767,O003767,4,,2024-12-01
R003768,O003768,1,,2025-06-03
R003770,O003770,4,Buena compra,2025-06-04
R003771,O003771,3,Aceptable,2024-11-18
R003774,O003774,5,Llegó perfecto,2024-12-06
R003775,O003775,4,Buena compra,2024-08-11
R003776,O003776,1,No lo recomiendo,2025-02-24
R003777,O003777,3,Cumple lo esperado,2025-09-20
R003778,O003778,4,Todo bien,2024-11-16
R003779,O003779,5,Llegó perfecto,2024-10-05
R003780,O003780,4,Buena compra,2026-02-05
R003781,O003781,2,Demora excesiva,2024-08-18
R003782,O003782,3,Aceptable,2025-05-08
R003783,O003783,3,Aceptable,2024-09-03
R003784,O003784,5,Muy buena experiencia,2026-03-24
R003786,O003786,4,Buena compra,2026-05-12
R003789,O003789,2,Demora excesiva,2025-12-11
R003790,O003790,4,Buena compra,2024-09-26
R003791,O003791,1,Muy mala experiencia,2026-01-29
R003793,O003793,5,Excelente producto,2024-03-03
R003794,O003794,4,Buena compra,2026-01-18
R003795,O003795,5,Llegó perfecto,2024-09-28
R003796,O003796,5,Llegó perfecto,2024-05-30
R003797,O003797,4,Recomendado,2025-12-29
R003798,O003798,1,Producto llegó tarde,2024-12-27
R003799,O003799,4,Todo bien,2025-12-22
R003800,O003800,4,Buena compra,2026-03-14
R003802,O003802,2,Podría mejorar,2024-05-01
R003803,O003803,5,Excelente producto,2026-02-14
R003805,O003805,4,Recomendado,2026-06-10
R003807,O003807,2,Podría mejorar,2024-11-18
R003808,O003808,4,Todo bien,2026-02-25
R003811,O003811,2,Producto regular,2026-02-05
R003812,O003812,2,Podría mejorar,2024-04-06
R003813,O003813,4,,2025-02-10
R003814,O003814,5,Llegó perfecto,2024-04-10
R003815,O003815,2,Producto regular,2026-07-08
R003816,O003816,3,,2024-06-27
R003817,O003817,3,Experiencia normal,2024-04-15
R003818,O003818,4,Recomendado,2025-12-21
R003819,O003819,3,,2025-02-10
R003820,O003820,5,,2025-11-11
R003823,O003823,2,Producto regular,2025-10-13
R003824,O003824,5,Llegó perfecto,2025-01-15
R003825,O003825,2,,2024-03-15
R003827,O003827,3,Cumple lo esperado,2025-05-31
R003828,O003828,4,Recomendado,2024-06-06
R003829,O003829,5,Excelente producto,2026-03-27
R003830,O003830,4,Todo bien,2025-07-10
R003831,O003831,5,Llegó perfecto,2024-07-10
R003832,O003832,2,Producto regular,2025-11-23
R003833,O003833,2,,2024-09-10
R003834,O003834,4,Buena compra,2024-04-12
R003835,O003835,5,Muy buena experiencia,2025-12-28
R003836,O003836,1,Producto llegó tarde,2025-07-10
R003838,O003838,5,Excelente producto,2024-02-06
R003839,O003839,4,Recomendado,2025-08-27
R003840,O003840,5,Excelente producto,2026-06-12
R003841,O003841,1,Producto llegó tarde,2026-04-06
R003842,O003842,3,,2025-03-06
R003844,O003844,1,,2026-02-11
R003845,O003845,4,Buena compra,2025-04-11
R003846,O003846,2,Podría mejorar,2025-09-14
R003847,O003847,2,Producto regular,2024-11-04
R003848,O003848,5,Llegó perfecto,2026-01-17
R003849,O003849,5,Muy buena experiencia,2026-03-02
R003850,O003850,5,Muy buena experiencia,2024-09-13
R003851,O003851,3,Aceptable,2026-05-24
R003853,O003853,5,Muy buena experiencia,2024-07-17
R003854,O003854,5,Muy buena experiencia,2025-05-24
R003855,O003855,4,Buena compra,2026-07-05
R003856,O003856,1,Producto llegó tarde,2025-06-05
R003857,O003857,3,Experiencia normal,2026-05-16
R003858,O003858,2,Podría mejorar,2024-11-24
R003860,O003860,4,Buena compra,2025-09-05
R003861,O003861,3,Aceptable,2024-04-02
R003862,O003862,5,Llegó perfecto,2024-05-01
R003863,O003863,5,Llegó perfecto,2025-03-06
R003865,O003865,3,Cumple lo esperado,2026-07-11
R003868,O003868,5,Llegó perfecto,2026-02-23
R003871,O003871,3,Experiencia normal,2024-08-16
R003872,O003872,5,Muy buena experiencia,2026-04-11
R003874,O003874,5,Muy buena experiencia,2025-04-27
R003875,O003875,4,Buena compra,2026-01-22
R003876,O003876,4,Buena compra,2026-04-21
R003877,O003877,3,Aceptable,2024-12-23
R003878,O003878,5,Muy buena experiencia,2024-10-05
R003879,O003879,4,Buena compra,2024-09-12
R003880,O003880,4,Recomendado,2024-04-03
R003882,O003882,2,Demora excesiva,2026-06-28
R003883,O003883,5,Llegó perfecto,2024-10-03
R003884,O003884,1,Muy mala experiencia,2025-02-12
R003885,O003885,5,Muy buena experiencia,2024-08-16
R003887,O003887,2,Podría mejorar,2025-12-14
R003888,O003888,5,Excelente producto,2024-10-18
R003889,O003889,4,Recomendado,2025-01-01
R003890,O003890,2,Podría mejorar,2025-02-12
R003891,O003891,5,Excelente producto,2024-05-02
R003892,O003892,5,Llegó perfecto,2026-05-25
R003893,O003893,4,Todo bien,2024-07-29
R003894,O003894,4,,2025-05-05
R003895,O003895,1,No lo recomiendo,2025-09-13
R003897,O003897,4,,2025-06-18
R003901,O003901,2,Podría mejorar,2024-05-02
R003903,O003903,3,Cumple lo esperado,2025-02-24
R003904,O003904,4,Todo bien,2024-11-08
R003906,O003906,4,Todo bien,2024-05-31
R003907,O003907,2,Podría mejorar,2024-06-04
R003908,O003908,2,Demora excesiva,2025-05-09
R003909,O003909,2,Demora excesiva,2024-09-01
R003910,O003910,2,Producto regular,2026-02-02
R003912,O003912,4,Buena compra,2025-08-19
R003916,O003916,5,Llegó perfecto,2026-03-14
R003917,O003917,4,Todo bien,2026-07-04
R003918,O003918,4,Todo bien,2025-07-27
R003919,O003919,1,No lo recomiendo,2025-06-22
R003920,O003920,2,Producto regular,2024-12-25
R003921,O003921,3,Cumple lo esperado,2026-07-05
R003923,O003923,5,Muy buena experiencia,2024-05-08
R003924,O003924,5,Llegó perfecto,2024-01-20
R003925,O003925,1,Muy mala experiencia,2025-08-15
R003927,O003927,5,Muy buena experiencia,2024-03-17
R003929,O003929,5,Muy buena experiencia,2024-11-01
R003931,O003931,5,Excelente producto,2026-07-05
R003932,O003932,5,Muy buena experiencia,2026-03-11
R003933,O003933,2,Demora excesiva,2025-03-28
R003935,O003935,4,Todo bien,2025-09-20
R003936,O003936,2,,2025-04-29
R003937,O003937,4,Recomendado,2024-04-27
R003940,O003940,5,Excelente producto,2024-10-04
R003941,O003941,2,Producto regular,2024-09-25
R003942,O003942,5,Excelente producto,2025-07-10
R003943,O003943,4,,2026-06-06
R003944,O003944,4,Recomendado,2025-03-14
R003945,O003945,5,Excelente producto,2026-04-24
R003946,O003946,5,Llegó perfecto,2024-02-08
R003947,O003947,1,No lo recomiendo,2025-05-17
R003948,O003948,5,Excelente producto,2025-08-12
R003949,O003949,5,,2025-04-17
R003952,O003952,5,Excelente producto,2026-01-29
R003953,O003953,4,,2025-12-07
R003954,O003954,4,Todo bien,2025-02-01
R003955,O003955,4,Todo bien,2024-01-09
R003957,O003957,1,No lo recomiendo,2024-08-05
R003958,O003958,3,Experiencia normal,2024-08-04
R003959,O003959,5,Excelente producto,2025-11-24
R003960,O003960,4,Recomendado,2024-12-19
R003961,O003961,4,Todo bien,2025-09-20
R003962,O003962,5,Excelente producto,2026-03-13
R003963,O003963,5,Excelente producto,2025-04-29
R003964,O003964,5,Llegó perfecto,2025-09-30
R003965,O003965,2,Producto regular,2026-06-25
R003966,O003966,4,Todo bien,2025-09-23
R003968,O003968,3,Aceptable,2025-01-19
R003969,O003969,5,Muy buena experiencia,2024-10-03
R003970,O003970,5,Muy buena experiencia,2025-04-14
R003973,O003973,5,Llegó perfecto,2024-02-10
R003975,O003975,4,Recomendado,2024-05-14
R003976,O003976,1,Muy mala experiencia,2024-06-08
R003979,O003979,2,,2026-02-06
R003980,O003980,2,Demora excesiva,2025-07-30
R003981,O003981,1,Producto llegó tarde,2024-10-28
R003982,O003982,5,Muy buena experiencia,2026-07-01
R003983,O003983,5,Llegó perfecto,2025-11-21
R003984,O003984,4,Recomendado,2025-12-31
R003985,O003985,5,Llegó perfecto,2024-11-02
R003986,O003986,4,Recomendado,2025-11-20
R003987,O003987,5,Muy buena experiencia,2024-02-27
R003988,O003988,5,Excelente producto,2025-07-02
R003989,O003989,2,Producto regular,2024-03-22
R003991,O003991,5,Excelente producto,2025-08-26
R003993,O003993,3,,2025-03-01
R003994,O003994,4,Buena compra,2026-05-31
R003995,O003995,5,Excelente producto,2024-09-12
R003996,O003996,4,Buena compra,2024-11-28
R003999,O003999,5,Muy buena experiencia,2025-04-19
R004002,O004002,1,No lo recomiendo,2024-11-03
R004004,O004004,4,,2025-08-17
R004005,O004005,3,,2024-10-03
R004008,O004008,4,Buena compra,2025-09-23
R004009,O004009,5,,2025-06-26
R004010,O004010,4,,2024-08-08
R004011,O004011,4,Recomendado,2024-04-14
R004012,O004012,4,Recomendado,2024-09-18
R004013,O004013,4,Recomendado,2024-01-30
R004015,O004015,5,Muy buena experiencia,2025-07-31
R004016,O004016,5,,2024-04-13
R004017,O004017,4,,2025-12-06
R004019,O004019,3,Aceptable,2024-09-16
R004020,O004020,5,Muy buena experiencia,2026-05-13
R004021,O004021,5,,2025-05-13
R004024,O004024,4,,2025-10-19
R004025,O004025,3,Cumple lo esperado,2025-01-27
R004026,O004026,4,Recomendado,2025-06-21
R004027,O004027,1,Producto llegó tarde,2024-01-28
R004028,O004028,4,Recomendado,2024-10-07
R004029,O004029,5,Llegó perfecto,2026-01-24
R004031,O004031,4,Recomendado,2024-10-07
R004032,O004032,2,Podría mejorar,2026-06-01
R004033,O004033,5,Muy buena experiencia,2025-03-25
R004034,O004034,5,Muy buena experiencia,2024-09-16
R004035,O004035,4,Todo bien,2024-02-03
R004039,O004039,5,Llegó perfecto,2026-05-04
R004040,O004040,5,Excelente producto,2025-08-29
R004042,O004042,3,Experiencia normal,2024-05-12
R004043,O004043,4,Todo bien,2024-06-15
R004045,O004045,1,Producto llegó tarde,2025-02-14
R004047,O004047,5,Muy buena experiencia,2025-04-08
R004048,O004048,3,Aceptable,2025-01-27
R004049,O004049,4,Buena compra,2025-08-21
R004050,O004050,5,,2026-03-19
R004051,O004051,5,Excelente producto,2025-07-18
R004052,O004052,3,Experiencia normal,2024-08-28
R004053,O004053,5,Excelente producto,2024-02-02
R004055,O004055,5,Excelente producto,2024-10-11
R004056,O004056,5,,2025-08-18
R004058,O004058,3,Cumple lo esperado,2025-11-10
R004059,O004059,3,Aceptable,2026-02-13
R004060,O004060,4,Buena compra,2025-12-05
R004061,O004061,1,Muy mala experiencia,2026-01-20
R004063,O004063,5,Muy buena experiencia,2026-05-16
R004064,O004064,4,,2025-07-29
R004065,O004065,4,Buena compra,2024-05-16
R004066,O004066,5,Excelente producto,2025-08-06
R004067,O004067,2,Demora excesiva,2024-09-26
R004068,O004068,2,Demora excesiva,2026-02-11
R004069,O004069,2,Demora excesiva,2024-11-23
R004071,O004071,3,,2025-07-18
R004074,O004074,4,Todo bien,2026-01-10
R004076,O004076,3,,2024-12-25
R004077,O004077,4,Buena compra,2025-06-14
R004079,O004079,2,Podría mejorar,2024-05-14
R004081,O004081,5,Muy buena experiencia,2024-10-29
R004082,O004082,4,Recomendado,2025-06-22
R004083,O004083,4,Recomendado,2024-06-16
R004085,O004085,4,,2025-09-20
R004087,O004087,2,,2024-04-11
R004088,O004088,5,Llegó perfecto,2025-02-11
R004089,O004089,1,Producto llegó tarde,2025-05-22
R004091,O004091,3,Aceptable,2026-07-05
R004092,O004092,5,Muy buena experiencia,2024-10-08
R004094,O004094,5,Muy buena experiencia,2024-10-03
R004095,O004095,4,Buena compra,2024-11-14
R004096,O004096,5,Excelente producto,2024-08-13
R004097,O004097,4,Buena compra,2026-03-19
R004098,O004098,5,Llegó perfecto,2024-06-21
R004099,O004099,4,Buena compra,2024-06-26
R004101,O004101,4,Buena compra,2025-09-23
R004102,O004102,4,Buena compra,2024-08-22
R004103,O004103,2,Demora excesiva,2025-02-03
R004104,O004104,4,Buena compra,2025-08-19
R004105,O004105,3,Aceptable,2026-05-20
R004106,O004106,5,,2024-07-01
R004107,O004107,4,,2024-03-07
R004109,O004109,5,Excelente producto,2024-03-25
R004110,O004110,3,,2025-11-29
R004111,O004111,5,,2024-01-28
R004112,O004112,4,,2026-04-18
R004114,O004114,2,Demora excesiva,2025-11-03
R004115,O004115,5,Llegó perfecto,2024-10-25
R004116,O004116,4,Recomendado,2025-08-26
R004117,O004117,4,Buena compra,2025-10-17
R004118,O004118,5,,2025-10-20
R004119,O004119,4,Recomendado,2025-09-24
R004120,O004120,4,Todo bien,2024-10-10
R004122,O004122,1,Muy mala experiencia,2024-10-19
R004123,O004123,4,Buena compra,2024-10-23
R004124,O004124,5,,2024-07-08
R004125,O004125,1,Muy mala experiencia,2026-04-12
R004127,O004127,3,Aceptable,2026-07-19
R004129,O004129,5,Muy buena experiencia,2024-10-30
R004130,O004130,4,Todo bien,2024-10-15
R004131,O004131,3,Cumple lo esperado,2025-02-28
R004132,O004132,2,,2026-02-08
R004133,O004133,5,Excelente producto,2024-12-27
R004134,O004134,5,Llegó perfecto,2026-02-16
R004135,O004135,5,Llegó perfecto,2026-02-10
R004136,O004136,2,Producto regular,2024-07-14
R004137,O004137,4,Todo bien,2025-06-30
R004138,O004138,4,Todo bien,2025-12-09
R004140,O004140,4,Recomendado,2024-01-25
R004143,O004143,4,Recomendado,2025-05-07
R004145,O004145,4,Todo bien,2024-05-03
R004146,O004146,5,Muy buena experiencia,2024-06-25
R004147,O004147,5,Llegó perfecto,2025-06-08
R004148,O004148,3,Aceptable,2025-12-15
R004149,O004149,3,Cumple lo esperado,2024-08-25
R004152,O004152,5,Excelente producto,2025-12-06
R004156,O004156,5,,2025-05-23
R004157,O004157,3,Experiencia normal,2025-09-20
R004158,O004158,1,Muy mala experiencia,2024-12-20
R004159,O004159,3,Experiencia normal,2025-02-11
R004162,O004162,4,Todo bien,2024-02-03
R004163,O004163,4,Buena compra,2025-03-12
R004164,O004164,5,Excelente producto,2025-08-11
R004165,O004165,5,Llegó perfecto,2025-01-21
R004169,O004169,4,Recomendado,2025-03-29
R004170,O004170,4,Todo bien,2024-01-18
R004171,O004171,4,Buena compra,2025-09-07
R004172,O004172,5,Llegó perfecto,2025-02-01
R004173,O004173,5,Llegó perfecto,2024-04-29
R004174,O004174,3,Cumple lo esperado,2024-02-13
R004175,O004175,3,Experiencia normal,2025-08-01
R004177,O004177,4,Recomendado,2026-03-19
R004179,O004179,5,Muy buena experiencia,2024-08-03
R004180,O004180,1,Producto llegó tarde,2025-01-30
R004181,O004181,3,Experiencia normal,2025-10-19
R004182,O004182,5,Excelente producto,2025-08-02
R004183,O004183,5,Excelente producto,2024-01-12
R004184,O004184,4,Buena compra,2026-07-01
R004186,O004186,5,Excelente producto,2024-11-21
R004188,O004188,1,,2025-12-10
R004189,O004189,5,,2025-09-26
R004190,O004190,5,Excelente producto,2025-05-30
R004191,O004191,5,Muy buena experiencia,2025-07-24
R004192,O004192,2,Podría mejorar,2024-01-29
R004193,O004193,2,,2026-02-01
R004195,O004195,5,Muy buena experiencia,2024-08-09
R004196,O004196,5,Excelente producto,2025-11-05
R004197,O004197,5,Excelente producto,2025-11-09
R004200,O004200,5,Excelente producto,2026-06-13
R004201,O004201,4,Todo bien,2024-02-27
R004202,O004202,4,Todo bien,2024-11-16
R004204,O004204,5,Llegó perfecto,2025-10-09
R004205,O004205,5,,2026-03-26
R004206,O004206,4,Recomendado,2025-02-02
R004207,O004207,3,Cumple lo esperado,2025-02-05
R004208,O004208,2,Demora excesiva,2026-05-10
R004209,O004209,5,,2024-07-16
R004210,O004210,4,Todo bien,2026-06-08
R004212,O004212,3,Cumple lo esperado,2025-06-09
R004213,O004213,3,Experiencia normal,2024-04-11
R004214,O004214,4,,2024-05-26
R004216,O004216,1,Muy mala experiencia,2024-03-05
R004217,O004217,2,Producto regular,2024-02-08
R004218,O004218,5,,2025-10-01
R004219,O004219,1,Producto llegó tarde,2026-05-13
R004220,O004220,4,Recomendado,2026-03-13
R004222,O004222,2,Producto regular,2024-10-19
R004223,O004223,4,Buena compra,2024-04-30
R004224,O004224,3,Cumple lo esperado,2025-01-28
R004225,O004225,5,,2024-01-18
R004226,O004226,2,Podría mejorar,2026-07-11
R004227,O004227,1,Producto llegó tarde,2024-05-12
R004228,O004228,2,Podría mejorar,2025-05-05
R004230,O004230,4,Todo bien,2024-03-03
R004231,O004231,1,Producto llegó tarde,2025-03-19
R004232,O004232,2,,2025-09-27
R004233,O004233,1,Producto llegó tarde,2024-11-05
R004234,O004234,3,Aceptable,2025-04-25
R004236,O004236,4,,2024-12-18
R004237,O004237,5,Llegó perfecto,2024-11-01
R004238,O004238,4,Buena compra,2025-03-06
R004239,O004239,5,Muy buena experiencia,2024-02-19
R004240,O004240,5,Excelente producto,2025-12-13
R004242,O004242,5,Llegó perfecto,2025-12-23
R004246,O004246,1,Muy mala experiencia,2024-09-28
R004247,O004247,4,Recomendado,2025-01-19
R004249,O004249,2,Demora excesiva,2025-06-17
R004250,O004250,4,Recomendado,2024-12-20
R004252,O004252,4,Todo bien,2024-09-20
R004253,O004253,5,Muy buena experiencia,2024-12-18
R004254,O004254,2,Producto regular,2025-06-03
R004255,O004255,5,Excelente producto,2026-06-08
R004256,O004256,5,Muy buena experiencia,2024-05-29
R004257,O004257,1,Producto llegó tarde,2024-11-10
R004258,O004258,4,Todo bien,2025-04-03
R004263,O004263,5,Muy buena experiencia,2025-05-31
R004265,O004265,5,,2025-01-09
R004266,O004266,5,Excelente producto,2026-03-19
R004267,O004267,5,Llegó perfecto,2024-04-13
R004269,O004269,5,Excelente producto,2025-05-10
R004270,O004270,5,Muy buena experiencia,2024-09-30
R004271,O004271,4,Todo bien,2024-06-16
R004272,O004272,2,Podría mejorar,2024-05-13
R004273,O004273,4,Todo bien,2024-12-24
R004274,O004274,2,Podría mejorar,2025-11-02
R004275,O004275,5,Muy buena experiencia,2026-03-29
R004276,O004276,2,Podría mejorar,2024-12-24
R004277,O004277,5,Muy buena experiencia,2024-04-11
R004278,O004278,3,Cumple lo esperado,2025-07-27
R004281,O004281,1,Muy mala experiencia,2026-04-03
R004283,O004283,2,,2026-03-01
R004284,O004284,5,Muy buena experiencia,2026-04-09
R004287,O004287,5,Llegó perfecto,2025-09-18
R004288,O004288,3,,2025-03-01
R004291,O004291,5,Muy buena experiencia,2024-07-10
R004294,O004294,4,Recomendado,2025-02-08
R004295,O004295,1,No lo recomiendo,2024-11-24
R004297,O004297,4,Todo bien,2025-01-21
R004298,O004298,1,Muy mala experiencia,2024-02-12
R004299,O004299,1,Muy mala experiencia,2024-08-19
R004300,O004300,5,Llegó perfecto,2025-06-18
R004301,O004301,5,Excelente producto,2024-07-27
R004303,O004303,1,Muy mala experiencia,2026-02-08
R004305,O004305,5,Excelente producto,2024-08-19
R004306,O004306,5,Llegó perfecto,2024-06-18
R004308,O004308,4,Todo bien,2024-08-09
R004311,O004311,2,Podría mejorar,2024-08-01
R004312,O004312,4,Todo bien,2024-12-04
R004313,O004313,4,Recomendado,2025-12-20
R004314,O004314,5,Muy buena experiencia,2025-06-20
R004315,O004315,4,Buena compra,2024-12-10
R004317,O004317,3,Experiencia normal,2026-04-12
R004319,O004319,1,,2025-05-27
R004320,O004320,5,Muy buena experiencia,2025-08-14
R004321,O004321,2,Demora excesiva,2025-02-09
R004322,O004322,3,Experiencia normal,2024-11-30
R004323,O004323,5,Excelente producto,2025-07-12
R004324,O004324,3,Experiencia normal,2024-09-21
R004325,O004325,4,Recomendado,2025-01-23
R004326,O004326,1,No lo recomiendo,2024-10-30
R004327,O004327,3,Aceptable,2025-07-09
R004328,O004328,4,Todo bien,2025-07-25
R004329,O004329,4,Buena compra,2025-05-29
R004330,O004330,4,Todo bien,2024-04-08
R004332,O004332,2,Producto regular,2024-11-22
R004334,O004334,2,Podría mejorar,2026-03-09
R004336,O004336,3,Aceptable,2025-12-10
R004337,O004337,5,Muy buena experiencia,2024-12-01
R004338,O004338,4,Todo bien,2025-03-30
R004340,O004340,4,Buena compra,2025-03-11
R004341,O004341,4,Buena compra,2025-12-09
R004342,O004342,5,Llegó perfecto,2024-12-29
R004343,O004343,1,No lo recomiendo,2025-10-29
R004344,O004344,5,Llegó perfecto,2024-08-16
R004345,O004345,5,Muy buena experiencia,2025-05-15
R004347,O004347,2,Podría mejorar,2024-11-29
R004348,O004348,5,Excelente producto,2026-02-19
R004349,O004349,5,Llegó perfecto,2025-05-09
R004351,O004351,5,Llegó perfecto,2025-11-29
R004352,O004352,1,,2025-08-28
R004354,O004354,4,Buena compra,2024-12-31
R004355,O004355,3,Experiencia normal,2025-03-25
R004356,O004356,3,Cumple lo esperado,2025-06-09
R004357,O004357,5,Excelente producto,2025-04-08
R004358,O004358,2,Podría mejorar,2025-12-07
R004359,O004359,5,Llegó perfecto,2024-12-19
R004360,O004360,5,,2025-12-09
R004361,O004361,2,Demora excesiva,2024-09-16
R004362,O004362,4,Buena compra,2024-03-12
R004363,O004363,5,Llegó perfecto,2025-12-22
R004365,O004365,5,Muy buena experiencia,2026-03-10
R004367,O004367,5,Excelente producto,2024-11-20
R004369,O004369,3,Aceptable,2026-06-28
R004371,O004371,5,Excelente producto,2024-10-23
R004372,O004372,5,Llegó perfecto,2024-01-24
R004375,O004375,3,Aceptable,2025-04-03
R004376,O004376,4,Todo bien,2024-11-20
R004378,O004378,5,Muy buena experiencia,2024-10-27
R004381,O004381,5,Muy buena experiencia,2025-11-18
R004382,O004382,5,Excelente producto,2024-12-19
R004383,O004383,3,Experiencia normal,2025-02-17
R004384,O004384,5,Muy buena experiencia,2025-04-17
R004385,O004385,2,Demora excesiva,2024-02-06
R004386,O004386,4,Recomendado,2024-11-13
R004387,O004387,4,Todo bien,2024-05-24
R004388,O004388,1,Producto llegó tarde,2026-06-13
R004390,O004390,1,,2024-02-23
R004391,O004391,3,Aceptable,2024-01-31
R004392,O004392,5,,2025-12-16
R004393,O004393,5,Excelente producto,2024-12-25
R004394,O004394,3,Aceptable,2024-08-01
R004395,O004395,5,Muy buena experiencia,2024-03-11
R004397,O004397,4,Buena compra,2024-10-30
R004398,O004398,5,Llegó perfecto,2024-05-19
R004399,O004399,4,Todo bien,2024-12-20
R004400,O004400,5,Muy buena experiencia,2024-06-21
R004401,O004401,2,Demora excesiva,2026-02-12
R004402,O004402,2,Producto regular,2024-02-03
R004403,O004403,1,Muy mala experiencia,2025-11-08
R004404,O004404,4,,2025-05-14
R004405,O004405,5,Llegó perfecto,2025-01-23
R004408,O004408,4,Recomendado,2025-08-13
R004409,O004409,4,Buena compra,2025-01-25
R004410,O004410,4,,2026-04-11
R004411,O004411,5,Llegó perfecto,2025-12-29
R004412,O004412,2,Producto regular,2024-12-26
R004415,O004415,4,Buena compra,2025-04-23
R004416,O004416,5,Llegó perfecto,2024-12-04
R004417,O004417,1,Producto llegó tarde,2024-03-13
R004419,O004419,5,Muy buena experiencia,2026-01-31
R004420,O004420,1,Producto llegó tarde,2025-06-18
R004421,O004421,5,Excelente producto,2024-09-01
R004422,O004422,2,Producto regular,2025-01-26
R004424,O004424,4,Recomendado,2026-03-22
R004425,O004425,5,Muy buena experiencia,2025-02-15
R004426,O004426,5,Excelente producto,2024-05-11
R004428,O004428,1,Producto llegó tarde,2025-04-15
R004429,O004429,2,Producto regular,2025-04-01
R004431,O004431,5,,2025-06-25
R004432,O004432,5,Excelente producto,2025-01-07
R004434,O004434,5,Excelente producto,2025-10-10
R004435,O004435,2,Producto regular,2025-07-20
R004436,O004436,5,Excelente producto,2025-10-15
R004437,O004437,2,Podría mejorar,2024-07-30
R004438,O004438,5,Llegó perfecto,2024-05-10
R004440,O004440,5,Llegó perfecto,2024-08-07
R004441,O004441,5,Llegó perfecto,2026-03-20
R004442,O004442,5,Llegó perfecto,2024-08-27
R004444,O004444,4,Buena compra,2026-06-25
R004446,O004446,5,Excelente producto,2025-06-05
R004447,O004447,1,Producto llegó tarde,2025-09-29
R004448,O004448,2,Demora excesiva,2025-09-26
R004449,O004449,4,,2025-09-17
R004450,O004450,5,Llegó perfecto,2025-09-26
R004453,O004453,4,Todo bien,2024-04-15
R004454,O004454,1,Producto llegó tarde,2024-03-19
R004455,O004455,5,Muy buena experiencia,2025-03-08
R004456,O004456,2,Producto regular,2025-06-20
R004457,O004457,5,,2026-04-25
R004459,O004459,5,,2024-08-11
R004460,O004460,5,Excelente producto,2024-05-12
R004461,O004461,4,,2025-09-03
R004462,O004462,5,Llegó perfecto,2025-06-27
R004463,O004463,2,Podría mejorar,2024-03-14
R004464,O004464,4,Todo bien,2024-08-23
R004465,O004465,2,Podría mejorar,2025-06-16
R004468,O004468,2,Producto regular,2026-03-08
R004470,O004470,4,Buena compra,2025-05-16
R004471,O004471,5,Muy buena experiencia,2025-09-07
R004472,O004472,5,,2025-12-02
R004473,O004473,1,Muy mala experiencia,2025-01-25
R004474,O004474,3,,2026-05-27
R004475,O004475,5,Muy buena experiencia,2026-06-06
R004476,O004476,5,Excelente producto,2024-11-12
R004479,O004479,3,Cumple lo esperado,2025-12-16
R004482,O004482,5,,2026-06-15
R004483,O004483,4,Recomendado,2024-09-05
R004484,O004484,5,Muy buena experiencia,2026-06-23
R004486,O004486,4,Todo bien,2024-06-07
R004487,O004487,4,Todo bien,2024-09-28
R004489,O004489,2,Demora excesiva,2025-07-14
R004490,O004490,4,Recomendado,2024-09-20
R004491,O004491,5,Excelente producto,2024-05-03
R004493,O004493,4,,2025-05-23
R004494,O004494,5,,2024-06-05
R004495,O004495,1,Producto llegó tarde,2024-03-22
R004496,O004496,3,Cumple lo esperado,2024-07-13
R004497,O004497,4,Recomendado,2024-06-27
R004498,O004498,5,Muy buena experiencia,2025-05-24
R004499,O004499,5,Llegó perfecto,2025-07-12
R004501,O004501,1,Producto llegó tarde,2024-12-05
R004503,O004503,5,Llegó perfecto,2024-12-16
R004505,O004505,4,Todo bien,2025-08-03
R004507,O004507,5,Muy buena experiencia,2024-09-29
R004510,O004510,2,Demora excesiva,2025-04-28
R004511,O004511,4,Todo bien,2025-07-29
R004512,O004512,3,Experiencia normal,2024-05-22
R004513,O004513,5,Muy buena experiencia,2024-07-08
R004514,O004514,5,,2025-07-21
R004515,O004515,3,Experiencia normal,2025-07-10
R004516,O004516,5,Muy buena experiencia,2025-04-02
R004517,O004517,4,Recomendado,2026-06-04
R004518,O004518,4,Todo bien,2025-06-07
R004520,O004520,1,Muy mala experiencia,2024-11-30
R004522,O004522,5,Llegó perfecto,2025-12-13
R004524,O004524,1,Producto llegó tarde,2025-01-14
R004525,O004525,5,Muy buena experiencia,2026-03-26
R004527,O004527,4,Buena compra,2026-02-02
R004529,O004529,5,Muy buena experiencia,2025-02-03
R004530,O004530,4,Todo bien,2025-01-15
R004534,O004534,4,Recomendado,2026-01-03
R004535,O004535,4,Buena compra,2024-05-18
R004536,O004536,2,Podría mejorar,2024-02-15
R004537,O004537,5,Llegó perfecto,2024-12-06
R004538,O004538,4,,2024-04-02
R004539,O004539,4,Todo bien,2026-04-06
R004540,O004540,5,,2024-03-04
R004541,O004541,1,Producto llegó tarde,2025-05-17
R004542,O004542,5,Llegó perfecto,2024-03-30
R004543,O004543,1,No lo recomiendo,2024-04-11
R004544,O004544,5,Muy buena experiencia,2025-01-15
R004545,O004545,5,Llegó perfecto,2025-07-21
R004546,O004546,4,Todo bien,2025-11-08
R004547,O004547,4,Buena compra,2025-05-17
R004549,O004549,4,Recomendado,2026-03-31
R004551,O004551,4,Recomendado,2025-05-30
R004552,O004552,4,Buena compra,2025-07-13
R004553,O004553,4,Todo bien,2025-04-06
R004554,O004554,3,Aceptable,2025-11-25
R004555,O004555,4,Recomendado,2024-09-09
R004556,O004556,5,Excelente producto,2025-12-03
R004558,O004558,2,Demora excesiva,2024-07-20
R004561,O004561,2,,2024-01-27
R004562,O004562,4,Buena compra,2024-04-21
R004564,O004564,5,Excelente producto,2025-09-29
R004565,O004565,1,Producto llegó tarde,2025-04-24
R004566,O004566,4,Buena compra,2024-08-09
R004567,O004567,4,Todo bien,2024-11-27
R004568,O004568,3,Cumple lo esperado,2025-02-14
R004569,O004569,5,Excelente producto,2024-09-09
R004571,O004571,2,Producto regular,2026-04-21
R004572,O004572,4,,2024-07-19
R004574,O004574,5,Llegó perfecto,2025-02-05
R004575,O004575,5,Muy buena experiencia,2025-05-05
R004576,O004576,1,,2026-04-24
R004579,O004579,4,Recomendado,2025-08-16
R004580,O004580,5,,2025-09-01
R004581,O004581,4,Buena compra,2025-07-19
R004582,O004582,5,,2024-09-14
R004583,O004583,5,Muy buena experiencia,2024-01-20
R004587,O004587,4,Recomendado,2025-11-28
R004590,O004590,5,Llegó perfecto,2025-08-01
R004592,O004592,5,Excelente producto,2024-08-27
R004594,O004594,3,,2025-02-14
R004596,O004596,4,Buena compra,2024-12-19
R004598,O004598,4,Recomendado,2024-01-25
R004599,O004599,5,Muy buena experiencia,2024-04-13
R004600,O004600,5,,2024-02-16
R004601,O004601,5,Muy buena experiencia,2026-04-25
R004602,O004602,5,Muy buena experiencia,2026-01-30
R004603,O004603,5,Llegó perfecto,2026-05-21
R004606,O004606,3,Aceptable,2025-01-20
R004607,O004607,3,Aceptable,2025-08-26
R004608,O004608,4,,2025-01-25
R004609,O004609,1,Muy mala experiencia,2025-09-13
R004610,O004610,4,Todo bien,2026-07-09
R004614,O004614,1,No lo recomiendo,2025-01-12
R004616,O004616,5,Excelente producto,2025-10-11
R004617,O004617,2,Producto regular,2026-07-10
R004618,O004618,2,Producto regular,2026-03-25
R004620,O004620,2,Demora excesiva,2024-11-25
R004621,O004621,5,Excelente producto,2024-05-25
R004622,O004622,5,Llegó perfecto,2025-07-04
R004623,O004623,5,Excelente producto,2024-04-15
R004625,O004625,1,Muy mala experiencia,2026-01-05
R004626,O004626,4,Recomendado,2026-07-03
R004627,O004627,5,Excelente producto,2024-07-31
R004628,O004628,2,Podría mejorar,2024-08-21
R004630,O004630,2,,2024-12-13
R004631,O004631,2,Demora excesiva,2026-02-21
R004632,O004632,2,Producto regular,2025-11-14
R004634,O004634,3,Cumple lo esperado,2025-04-19
R004635,O004635,5,Muy buena experiencia,2024-12-30
R004636,O004636,5,Llegó perfecto,2025-07-11
R004637,O004637,4,Todo bien,2025-01-25
R004638,O004638,5,Llegó perfecto,2024-12-23
R004639,O004639,2,Demora excesiva,2024-09-29
R004640,O004640,4,Todo bien,2025-09-24
R004642,O004642,3,Cumple lo esperado,2024-12-24
R004643,O004643,4,Todo bien,2025-02-17
R004644,O004644,4,Buena compra,2026-02-18
R004646,O004646,4,Todo bien,2025-12-02
R004649,O004649,4,Buena compra,2025-01-23
R004650,O004650,2,Producto regular,2024-02-19
R004651,O004651,1,No lo recomiendo,2024-08-10
R004652,O004652,4,Todo bien,2025-12-25
R004653,O004653,5,Muy buena experiencia,2024-08-07
R004654,O004654,4,,2025-08-07
R004655,O004655,5,Llegó perfecto,2025-05-19
R004656,O004656,3,Aceptable,2025-08-05
R004657,O004657,5,Llegó perfecto,2025-04-03
R004663,O004663,1,Producto llegó tarde,2025-11-13
R004664,O004664,4,Buena compra,2025-01-17
R004665,O004665,4,Todo bien,2025-10-16
R004667,O004667,5,Llegó perfecto,2024-06-17
R004668,O004668,5,Excelente producto,2025-09-06
R004670,O004670,1,,2024-04-22
R004671,O004671,4,,2024-11-05
R004672,O004672,5,Muy buena experiencia,2024-08-09
R004673,O004673,4,Todo bien,2024-09-16
R004674,O004674,1,No lo recomiendo,2025-07-05
R004675,O004675,2,Demora excesiva,2025-05-28
R004676,O004676,4,Buena compra,2026-04-01
R004677,O004677,5,Muy buena experiencia,2025-08-29
R004678,O004678,5,,2026-04-20
R004679,O004679,5,Llegó perfecto,2025-02-04
R004680,O004680,5,Llegó perfecto,2024-03-18
R004685,O004685,5,Excelente producto,2024-03-27
R004686,O004686,5,Llegó perfecto,2026-02-20
R004687,O004687,5,Llegó perfecto,2025-09-19
R004688,O004688,1,Muy mala experiencia,2025-02-13
R004689,O004689,4,Todo bien,2025-10-17
R004690,O004690,5,,2024-11-24
R004691,O004691,5,,2026-04-28
R004693,O004693,4,Todo bien,2025-10-21
R004694,O004694,5,Excelente producto,2024-09-17
R004695,O004695,5,Llegó perfecto,2025-11-24
R004697,O004697,5,Llegó perfecto,2026-07-12
R004698,O004698,2,Podría mejorar,2026-01-12
R004699,O004699,2,,2026-01-15
R004703,O004703,3,Cumple lo esperado,2024-05-19
R004704,O004704,3,Aceptable,2025-06-08
R004705,O004705,5,Excelente producto,2025-10-24
R004707,O004707,1,No lo recomiendo,2024-09-28
R004710,O004710,5,,2025-01-06
R004711,O004711,5,Muy buena experiencia,2024-09-24
R004712,O004712,5,,2025-04-27
R004713,O004713,3,Cumple lo esperado,2024-09-25
R004715,O004715,4,Todo bien,2025-12-29
R004716,O004716,4,Buena compra,2026-01-22
R004718,O004718,4,,2026-01-16
R004719,O004719,3,Aceptable,2024-06-07
R004721,O004721,3,Aceptable,2025-04-27
R004723,O004723,5,Llegó perfecto,2024-04-18
R004724,O004724,5,Llegó perfecto,2025-11-13
R004725,O004725,4,Recomendado,2024-02-18
R004727,O004727,2,Demora excesiva,2025-03-11
R004728,O004728,5,Excelente producto,2024-04-01
R004729,O004729,4,,2026-02-04
R004730,O004730,5,Llegó perfecto,2025-04-19
R004731,O004731,4,,2026-06-13
R004732,O004732,4,Buena compra,2024-11-30
R004734,O004734,1,Muy mala experiencia,2024-01-15
R004735,O004735,4,Todo bien,2025-11-18
R004736,O004736,4,Todo bien,2024-08-12
R004739,O004739,1,Muy mala experiencia,2025-01-28
R004740,O004740,5,Llegó perfecto,2024-10-05
R004741,O004741,5,Muy buena experiencia,2024-12-26
R004742,O004742,2,Producto regular,2024-08-07
R004743,O004743,3,Experiencia normal,2025-12-08
R004745,O004745,2,Podría mejorar,2024-11-05
R004746,O004746,3,Experiencia normal,2024-12-19
R004747,O004747,2,Podría mejorar,2024-02-03
R004749,O004749,2,Producto regular,2024-04-30
R004750,O004750,3,Aceptable,2026-06-07
R004751,O004751,4,Todo bien,2024-02-21
R004753,O004753,1,Muy mala experiencia,2025-07-23
R004754,O004754,2,Demora excesiva,2025-02-14
R004755,O004755,4,Todo bien,2025-01-09
R004756,O004756,4,Todo bien,2024-02-03
R004758,O004758,5,Excelente producto,2025-01-26
R004759,O004759,2,Producto regular,2024-06-05
R004761,O004761,1,Muy mala experiencia,2026-01-02
R004762,O004762,3,Experiencia normal,2024-07-31
R004764,O004764,4,Todo bien,2025-05-10
R004765,O004765,5,Excelente producto,2026-01-30
R004766,O004766,5,Llegó perfecto,2024-08-06
R004767,O004767,5,Excelente producto,2025-11-13
R004768,O004768,4,Todo bien,2024-07-06
R004770,O004770,4,,2026-04-11
R004771,O004771,1,Producto llegó tarde,2026-02-22
R004772,O004772,2,Demora excesiva,2024-01-15
R004773,O004773,1,,2024-01-30
R004775,O004775,3,Experiencia normal,2024-05-27
R004778,O004778,1,Producto llegó tarde,2025-05-25
R004779,O004779,5,Excelente producto,2024-02-12
R004781,O004781,4,Buena compra,2025-08-01
R004785,O004785,4,Todo bien,2026-06-02
R004786,O004786,3,Cumple lo esperado,2024-02-13
R004788,O004788,5,Muy buena experiencia,2025-06-04
R004791,O004791,3,Experiencia normal,2025-10-12
R004793,O004793,3,Cumple lo esperado,2024-02-25
R004795,O004795,4,Todo bien,2024-11-05
R004797,O004797,4,Recomendado,2026-03-08
R004799,O004799,5,,2025-08-23
R004800,O004800,4,Recomendado,2024-12-09
R004801,O004801,4,,2024-08-12
R004802,O004802,5,Llegó perfecto,2026-06-05
R004804,O004804,4,Recomendado,2026-04-11
R004805,O004805,1,Muy mala experiencia,2025-01-26
R004806,O004806,5,Excelente producto,2024-05-03
R004807,O004807,4,Recomendado,2025-05-04
R004809,O004809,4,Buena compra,2024-03-06
R004810,O004810,5,Excelente producto,2026-04-24
R004811,O004811,5,Muy buena experiencia,2026-06-12
R004812,O004812,4,Recomendado,2026-04-01
R004813,O004813,4,,2025-09-01
R004814,O004814,2,Podría mejorar,2025-09-18
R004815,O004815,5,Excelente producto,2025-12-04
R004816,O004816,4,Todo bien,2026-05-02
R004818,O004818,4,Recomendado,2026-04-29
R004819,O004819,1,Muy mala experiencia,2024-10-22
R004820,O004820,3,Experiencia normal,2024-11-10
R004821,O004821,4,Recomendado,2025-12-29
R004823,O004823,5,Excelente producto,2025-02-24
R004825,O004825,1,Muy mala experiencia,2026-04-27
R004826,O004826,5,Excelente producto,2025-12-02
R004828,O004828,2,Producto regular,2025-07-12
R004829,O004829,5,Llegó perfecto,2026-02-24
R004831,O004831,3,Cumple lo esperado,2025-12-03
R004833,O004833,5,Llegó perfecto,2025-12-14
R004834,O004834,4,Buena compra,2026-02-03
R004835,O004835,1,Producto llegó tarde,2025-02-07
R004836,O004836,4,Recomendado,2024-11-25
R004838,O004838,5,Excelente producto,2025-03-13
R004839,O004839,4,Recomendado,2026-02-03
R004840,O004840,5,,2026-02-24
R004841,O004841,2,Podría mejorar,2025-12-30
R004842,O004842,5,Llegó perfecto,2025-03-23
R004843,O004843,5,Llegó perfecto,2024-04-14
R004844,O004844,3,Experiencia normal,2026-06-02
R004847,O004847,5,,2024-10-22
R004850,O004850,4,Todo bien,2025-02-05
R004851,O004851,5,Muy buena experiencia,2026-01-27
R004853,O004853,3,Cumple lo esperado,2024-06-08
R004855,O004855,5,Excelente producto,2024-07-04
R004856,O004856,5,Excelente producto,2026-03-10
R004857,O004857,2,Podría mejorar,2024-06-05
R004858,O004858,5,Muy buena experiencia,2025-03-21
R004859,O004859,5,,2024-06-13
R004860,O004860,5,Muy buena experiencia,2024-09-08
R004861,O004861,5,Excelente producto,2026-02-27
R004862,O004862,5,Excelente producto,2024-12-17
R004864,O004864,5,Llegó perfecto,2024-01-31
R004865,O004865,5,,2024-04-26
R004866,O004866,2,,2024-12-03
R004867,O004867,5,Muy buena experiencia,2024-04-11
R004869,O004869,5,Llegó perfecto,2025-06-17
R004870,O004870,4,Recomendado,2025-03-22
R004872,O004872,1,No lo recomiendo,2024-06-05
R004873,O004873,5,Excelente producto,2026-05-17
R004874,O004874,3,Aceptable,2024-12-11
R004875,O004875,5,Muy buena experiencia,2024-05-15
R004876,O004876,4,Recomendado,2026-06-04
R004877,O004877,3,Aceptable,2025-04-08
R004878,O004878,1,Muy mala experiencia,2025-04-01
R004880,O004880,2,Podría mejorar,2024-04-04
R004882,O004882,2,Demora excesiva,2026-06-07
R004883,O004883,4,Todo bien,2026-05-30
R004884,O004884,5,Muy buena experiencia,2026-04-14
R004885,O004885,4,Buena compra,2025-10-16
R004887,O004887,3,Cumple lo esperado,2026-01-07
R004888,O004888,1,,2025-06-10
R004889,O004889,1,No lo recomiendo,2024-05-27
R004890,O004890,4,Buena compra,2024-04-17
R004891,O004891,5,Muy buena experiencia,2026-05-22
R004892,O004892,3,Aceptable,2026-05-18
R004893,O004893,5,Muy buena experiencia,2024-10-05
R004894,O004894,4,Todo bien,2024-07-17
R004895,O004895,4,Recomendado,2024-02-14
R004896,O004896,2,Demora excesiva,2026-06-15
R004897,O004897,4,Buena compra,2026-02-26
R004898,O004898,5,Excelente producto,2024-09-14
R004899,O004899,5,Excelente producto,2024-12-10
R004900,O004900,5,,2026-03-22
R004903,O004903,1,Muy mala experiencia,2024-06-13
R004905,O004905,4,,2024-12-06
R004906,O004906,3,Aceptable,2025-01-23
R004907,O004907,3,Aceptable,2025-07-04
R004908,O004908,1,Muy mala experiencia,2024-07-26
R004912,O004912,4,Todo bien,2024-06-16
R004913,O004913,4,,2025-12-28
R004915,O004915,4,Todo bien,2025-06-27
R004916,O004916,1,Muy mala experiencia,2025-09-17
R004917,O004917,3,Cumple lo esperado,2026-04-06
R004920,O004920,3,Cumple lo esperado,2025-01-20
R004921,O004921,1,Producto llegó tarde,2025-07-21
R004922,O004922,5,Excelente producto,2025-12-30
R004923,O004923,5,Llegó perfecto,2025-12-01
R004924,O004924,1,Producto llegó tarde,2024-02-13
R004925,O004925,4,Recomendado,2026-06-02
R004927,O004927,4,,2024-05-23
R004928,O004928,1,Producto llegó tarde,2025-12-10
R004929,O004929,5,Llegó perfecto,2025-04-14
R004930,O004930,4,Todo bien,2024-04-11
R004931,O004931,5,Llegó perfecto,2025-05-14
R004932,O004932,4,Buena compra,2024-09-26
R004933,O004933,5,Llegó perfecto,2024-06-23
R004934,O004934,2,Podría mejorar,2025-01-11
R004935,O004935,4,Buena compra,2025-04-30
R004936,O004936,3,Cumple lo esperado,2026-05-10
R004937,O004937,4,Recomendado,2024-07-31
R004938,O004938,5,Llegó perfecto,2024-06-26
R004939,O004939,3,,2025-05-26
R004940,O004940,5,Muy buena experiencia,2026-07-12
R004941,O004941,5,,2024-05-20
R004943,O004943,4,Recomendado,2025-01-01
R004944,O004944,1,Muy mala experiencia,2025-10-31
R004945,O004945,4,,2025-06-04
R004946,O004946,4,Recomendado,2024-01-15
R004947,O004947,4,Todo bien,2026-01-06
R004948,O004948,5,Llegó perfecto,2024-01-31
R004949,O004949,5,Excelente producto,2026-05-28
R004951,O004951,5,,2024-07-19
R004953,O004953,2,,2024-10-28
R004954,O004954,1,No lo recomiendo,2025-08-20
R004955,O004955,4,Recomendado,2024-07-16
R004956,O004956,5,Excelente producto,2025-07-08
R004957,O004957,5,Excelente producto,2026-02-27
R004958,O004958,5,Muy buena experiencia,2024-07-28
R004959,O004959,5,Muy buena experiencia,2025-09-13
R004960,O004960,4,Buena compra,2025-08-10
R004962,O004962,5,Excelente producto,2024-06-26
R004963,O004963,3,Aceptable,2026-01-16
R004964,O004964,5,Excelente producto,2026-04-12
R004965,O004965,3,Aceptable,2024-09-25
R004966,O004966,4,Todo bien,2026-06-28
R004967,O004967,5,Muy buena experiencia,2025-04-28
R004968,O004968,3,Experiencia normal,2024-10-30
R004969,O004969,5,Muy buena experiencia,2026-03-20
R004970,O004970,1,Producto llegó tarde,2024-05-08
R004972,O004972,4,Recomendado,2026-05-17
R004973,O004973,1,,2024-08-22
R004974,O004974,5,Muy buena experiencia,2025-03-12
R004975,O004975,4,Buena compra,2024-12-06
R004976,O004976,5,Muy buena experiencia,2024-11-17
R004978,O004978,2,Producto regular,2025-06-14
R004980,O004980,1,No lo recomiendo,2025-04-21
R004981,O004981,3,Cumple lo esperado,2025-10-06
R004982,O004982,5,Muy buena experiencia,2024-06-11
R004983,O004983,4,Todo bien,2024-05-22
R004984,O004984,1,,2024-07-30
R004985,O004985,4,Recomendado,2024-03-18
R004987,O004987,4,Buena compra,2024-03-25
R004988,O004988,4,,2025-03-30
R004990,O004990,2,,2024-05-10
R004991,O004991,4,Todo bien,2026-03-11
R004994,O004994,4,Recomendado,2026-01-22
R004996,O004996,4,Recomendado,2025-08-11
R004997,O004997,2,Demora excesiva,2025-02-14
R004998,O004998,1,Muy mala experiencia,2024-12-25
R005000,O005000,2,Demora excesiva,2024-10-25
R005001,O005001,2,Podría mejorar,2026-02-26
R005004,O005004,4,Todo bien,2024-02-17
R005005,O005005,3,Aceptable,2024-03-07
R005008,O005008,5,Muy buena experiencia,2024-01-17
R005009,O005009,4,Recomendado,2025-02-23
R005011,O005011,4,,2026-06-18
R005012,O005012,4,Recomendado,2026-03-09
R005013,O005013,5,Muy buena experiencia,2026-01-29
R005014,O005014,4,Todo bien,2025-09-05
R005015,O005015,4,Todo bien,2024-09-03
R005019,O005019,5,Llegó perfecto,2025-10-17
R005020,O005020,5,Excelente producto,2026-01-26
R005021,O005021,5,Excelente producto,2024-02-11
R005022,O005022,5,,2025-04-14
R005023,O005023,5,Excelente producto,2026-02-11
R005024,O005024,5,Llegó perfecto,2026-05-07
R005026,O005026,5,Llegó perfecto,2024-04-29
R005027,O005027,1,No lo recomiendo,2025-05-08
R005028,O005028,5,Llegó perfecto,2025-08-01
R005030,O005030,5,Excelente producto,2025-12-07
R005031,O005031,4,Buena compra,2025-04-15
R005032,O005032,5,Llegó perfecto,2025-01-26
R005033,O005033,5,Llegó perfecto,2025-02-07
R005035,O005035,5,Muy buena experiencia,2025-09-04
R005036,O005036,4,Todo bien,2024-07-10
R005037,O005037,5,Muy buena experiencia,2024-12-19
R005038,O005038,5,Llegó perfecto,2025-08-03
R005039,O005039,5,Llegó perfecto,2025-02-08
R005040,O005040,2,Podría mejorar,2024-04-09
R005041,O005041,2,Producto regular,2024-05-10
R005042,O005042,3,Aceptable,2024-12-24
R005043,O005043,5,Muy buena experiencia,2024-01-18
R005045,O005045,4,Todo bien,2024-08-16
R005046,O005046,4,Todo bien,2026-07-05
R005047,O005047,3,Experiencia normal,2025-04-07
R005048,O005048,5,Llegó perfecto,2024-10-30
R005049,O005049,3,Aceptable,2025-10-05
R005050,O005050,1,No lo recomiendo,2024-08-23
R005051,O005051,4,Buena compra,2025-08-29
R005052,O005052,5,Muy buena experiencia,2024-03-14
R005053,O005053,4,Buena compra,2024-09-10
R005055,O005055,1,Muy mala experiencia,2024-02-10
R005056,O005056,1,Producto llegó tarde,2026-03-25
R005057,O005057,3,Experiencia normal,2025-08-15
R005058,O005058,3,Aceptable,2024-01-20
R005059,O005059,3,Aceptable,2024-02-25
R005060,O005060,5,Excelente producto,2026-01-17
R005061,O005061,1,,2024-06-25
R005062,O005062,5,Excelente producto,2024-07-22
R005064,O005064,2,Podría mejorar,2026-06-21
R005067,O005067,5,Muy buena experiencia,2024-07-04
R005070,O005070,5,Llegó perfecto,2026-05-15
R005071,O005071,5,Muy buena experiencia,2024-11-17
R005073,O005073,5,,2024-04-05
R005074,O005074,2,Podría mejorar,2024-01-29
R005076,O005076,5,Excelente producto,2025-06-07
R005077,O005077,1,,2025-10-20
R005079,O005079,1,Muy mala experiencia,2024-04-06
R005080,O005080,5,Excelente producto,2025-02-11
R005083,O005083,5,Excelente producto,2025-01-22
R005084,O005084,5,Muy buena experiencia,2026-01-22
R005085,O005085,5,Llegó perfecto,2025-01-08
R005086,O005086,4,Recomendado,2024-02-27
R005087,O005087,5,Muy buena experiencia,2024-05-17
R005088,O005088,5,Muy buena experiencia,2025-05-19
R005089,O005089,5,Llegó perfecto,2025-08-30
R005092,O005092,3,Aceptable,2026-06-03
R005094,O005094,5,Muy buena experiencia,2025-05-05
R005095,O005095,2,Producto regular,2025-01-22
R005096,O005096,2,Producto regular,2025-02-01
R005097,O005097,4,Buena compra,2024-11-13
R005099,O005099,2,,2024-04-01
R005100,O005100,5,Muy buena experiencia,2024-10-07
R005101,O005101,2,,2025-03-24
R005102,O005102,5,Excelente producto,2025-04-21
R005103,O005103,4,,2025-03-02
R005104,O005104,4,Recomendado,2024-05-03
R005105,O005105,4,Recomendado,2025-05-08
R005106,O005106,2,Demora excesiva,2026-01-02
R005108,O005108,5,Muy buena experiencia,2025-07-18
R005109,O005109,4,Todo bien,2025-03-01
R005111,O005111,5,Llegó perfecto,2026-03-01
R005112,O005112,4,Buena compra,2024-03-09
R005113,O005113,4,Recomendado,2024-06-22
R005114,O005114,4,Recomendado,2024-08-21
R005115,O005115,4,Recomendado,2025-12-10
R005116,O005116,1,Muy mala experiencia,2025-02-10
R005118,O005118,3,Aceptable,2026-03-07
R005119,O005119,2,Demora excesiva,2026-05-06
R005120,O005120,2,Podría mejorar,2025-10-17
R005122,O005122,5,Muy buena experiencia,2025-11-24
R005123,O005123,1,No lo recomiendo,2025-07-27
R005125,O005125,5,Muy buena experiencia,2024-05-22
R005127,O005127,1,No lo recomiendo,2025-12-16
R005129,O005129,4,,2024-10-21
R005130,O005130,4,Buena compra,2024-02-06
R005131,O005131,5,Llegó perfecto,2024-09-12
R005132,O005132,5,Llegó perfecto,2024-01-24
R005133,O005133,5,Muy buena experiencia,2026-04-14
R005134,O005134,5,Excelente producto,2024-09-18
R005135,O005135,5,Excelente producto,2025-10-06
R005136,O005136,5,Llegó perfecto,2025-03-06
R005137,O005137,3,Aceptable,2024-03-11
R005138,O005138,4,Recomendado,2025-02-20
R005140,O005140,4,Recomendado,2024-06-23
R005141,O005141,5,Muy buena experiencia,2025-12-06
R005142,O005142,3,Experiencia normal,2025-06-28
R005143,O005143,4,Buena compra,2024-08-14
R005144,O005144,5,Muy buena experiencia,2025-10-28
R005147,O005147,4,Recomendado,2026-02-24
R005148,O005148,3,Experiencia normal,2024-05-12
R005149,O005149,4,,2025-05-13
R005151,O005151,5,Excelente producto,2024-10-29
R005152,O005152,3,Aceptable,2025-01-25
R005153,O005153,3,Experiencia normal,2025-11-16
R005155,O005155,4,Recomendado,2026-01-10
R005156,O005156,5,Excelente producto,2026-03-06
R005158,O005158,5,Excelente producto,2025-06-04
R005159,O005159,4,,2025-02-01
R005161,O005161,5,Excelente producto,2024-09-07
R005163,O005163,5,Muy buena experiencia,2025-10-22
R005164,O005164,4,Recomendado,2024-04-27
R005165,O005165,3,Cumple lo esperado,2024-12-14
R005166,O005166,5,Llegó perfecto,2025-07-31
R005167,O005167,3,Cumple lo esperado,2024-06-09
R005168,O005168,2,Podría mejorar,2025-04-07
R005169,O005169,5,Llegó perfecto,2026-07-03
R005171,O005171,5,Muy buena experiencia,2026-02-12
R005172,O005172,1,No lo recomiendo,2025-10-01
R005173,O005173,4,Buena compra,2025-07-22
R005174,O005174,4,Todo bien,2026-05-10
R005175,O005175,3,Aceptable,2025-06-18
R005177,O005177,1,Muy mala experiencia,2026-06-06
R005178,O005178,5,Excelente producto,2024-09-17
R005179,O005179,5,Muy buena experiencia,2024-12-18
R005182,O005182,3,Cumple lo esperado,2025-05-21
R005183,O005183,2,Podría mejorar,2024-01-29
R005184,O005184,3,Aceptable,2025-10-26
R005185,O005185,5,Muy buena experiencia,2024-06-26
R005187,O005187,5,,2025-10-24
R005188,O005188,5,Llegó perfecto,2025-05-08
R005189,O005189,3,Aceptable,2024-07-02
R005191,O005191,2,Producto regular,2025-03-17
R005192,O005192,1,Muy mala experiencia,2024-10-15
R005193,O005193,1,Muy mala experiencia,2024-05-30
R005194,O005194,1,Producto llegó tarde,2024-09-19
R005195,O005195,5,Muy buena experiencia,2024-04-20
R005196,O005196,4,,2025-10-09
R005197,O005197,2,Demora excesiva,2025-01-14
R005198,O005198,2,Podría mejorar,2026-05-21
R005199,O005199,5,Muy buena experiencia,2024-07-16
R005200,O005200,4,Todo bien,2024-02-22
R005202,O005202,3,,2024-07-06
R005203,O005203,3,Aceptable,2026-04-30
R005204,O005204,4,Todo bien,2024-05-14
R005207,O005207,4,Recomendado,2026-04-06
R005208,O005208,4,Recomendado,2025-04-22
R005209,O005209,4,Recomendado,2025-08-14
R005210,O005210,2,Podría mejorar,2024-02-22
R005211,O005211,5,Excelente producto,2024-05-22
R005213,O005213,4,Recomendado,2024-10-17
R005215,O005215,2,Podría mejorar,2026-02-19
R005216,O005216,5,Llegó perfecto,2024-07-05
R005217,O005217,1,No lo recomiendo,2025-07-13
R005218,O005218,5,Llegó perfecto,2025-05-21
R005219,O005219,5,Llegó perfecto,2024-05-07
R005220,O005220,1,No lo recomiendo,2024-11-23
R005221,O005221,4,Buena compra,2024-02-06
R005223,O005223,3,Aceptable,2025-04-10
R005225,O005225,5,Llegó perfecto,2024-03-07
R005227,O005227,3,,2024-05-13
R005228,O005228,4,Buena compra,2024-12-28
R005229,O005229,4,Todo bien,2024-08-06
R005230,O005230,2,,2024-07-09
R005231,O005231,5,Excelente producto,2025-08-15
R005232,O005232,4,Recomendado,2025-09-26
R005235,O005235,4,Recomendado,2025-01-30
R005237,O005237,1,Muy mala experiencia,2024-02-09
R005238,O005238,5,Llegó perfecto,2025-08-05
R005240,O005240,4,Todo bien,2024-11-08
R005241,O005241,4,,2024-09-11
R005242,O005242,4,Recomendado,2025-04-26
R005243,O005243,5,,2024-10-23
R005244,O005244,5,,2025-10-15
R005249,O005249,5,Muy buena experiencia,2024-02-25
R005250,O005250,4,Buena compra,2024-09-27
R005252,O005252,1,Producto llegó tarde,2024-05-08
R005253,O005253,1,Producto llegó tarde,2025-05-08
R005255,O005255,3,Cumple lo esperado,2025-10-02
R005256,O005256,5,Excelente producto,2026-06-19
R005257,O005257,2,Producto regular,2025-11-30
R005259,O005259,5,Llegó perfecto,2026-03-12
R005260,O005260,4,Todo bien,2025-02-09
R005261,O005261,4,Buena compra,2025-07-21
R005262,O005262,5,Excelente producto,2025-03-24
R005263,O005263,3,Cumple lo esperado,2024-05-22
R005264,O005264,4,Recomendado,2024-04-30
R005265,O005265,2,Demora excesiva,2024-06-07
R005266,O005266,4,Recomendado,2026-01-15
R005267,O005267,5,Excelente producto,2024-09-24
R005268,O005268,5,Muy buena experiencia,2025-03-20
R005269,O005269,3,Experiencia normal,2024-06-29
R005270,O005270,5,,2025-05-03
R005271,O005271,5,Muy buena experiencia,2025-11-12
R005272,O005272,3,Cumple lo esperado,2024-06-05
R005274,O005274,3,Experiencia normal,2025-06-28
R005275,O005275,5,Muy buena experiencia,2026-05-23
R005276,O005276,5,,2025-09-11
R005277,O005277,5,Excelente producto,2024-12-18
R005278,O005278,1,No lo recomiendo,2024-07-07
R005279,O005279,4,Recomendado,2025-03-11
R005281,O005281,5,Llegó perfecto,2026-02-05
R005282,O005282,4,Buena compra,2026-01-01
R005283,O005283,4,Todo bien,2025-05-05
R005284,O005284,5,Excelente producto,2025-02-01
R005285,O005285,1,Muy mala experiencia,2024-04-26
R005287,O005287,5,Excelente producto,2024-03-26
R005288,O005288,3,Experiencia normal,2026-01-23
R005289,O005289,5,,2024-03-03
R005290,O005290,2,Producto regular,2025-08-15
R005291,O005291,5,Muy buena experiencia,2025-12-10
R005296,O005296,3,Experiencia normal,2025-11-01
R005298,O005298,5,Llegó perfecto,2024-03-15
R005300,O005300,5,,2024-10-14
R005301,O005301,3,Experiencia normal,2025-02-28
R005302,O005302,4,Todo bien,2026-06-23
R005303,O005303,3,Aceptable,2024-07-17
R005304,O005304,5,Muy buena experiencia,2024-04-26
R005305,O005305,4,Todo bien,2026-04-04
R005306,O005306,5,Muy buena experiencia,2024-05-04
R005307,O005307,1,Producto llegó tarde,2024-12-02
R005308,O005308,3,Cumple lo esperado,2026-07-14
R005309,O005309,1,,2025-07-31
R005310,O005310,4,Recomendado,2025-11-19
R005311,O005311,4,,2025-05-05
R005313,O005313,5,Excelente producto,2024-05-21
R005314,O005314,4,Recomendado,2025-10-20
R005315,O005315,5,Muy buena experiencia,2025-10-16
R005316,O005316,3,Experiencia normal,2025-10-21
R005317,O005317,4,Todo bien,2025-02-05
R005318,O005318,5,Excelente producto,2024-03-09
R005320,O005320,5,Llegó perfecto,2024-12-16
R005321,O005321,2,Podría mejorar,2024-07-11
R005323,O005323,3,Cumple lo esperado,2026-06-27
R005325,O005325,5,Llegó perfecto,2024-07-18
R005327,O005327,5,Llegó perfecto,2024-11-23
R005328,O005328,4,Recomendado,2025-07-21
R005329,O005329,4,Recomendado,2024-10-27
R005330,O005330,5,Llegó perfecto,2024-04-15
R005333,O005333,4,Todo bien,2024-01-24
R005334,O005334,4,Todo bien,2024-07-12
R005335,O005335,5,,2024-05-08
R005336,O005336,4,Todo bien,2024-08-31
R005337,O005337,5,,2025-11-07
R005338,O005338,5,Excelente producto,2024-01-12
R005340,O005340,5,Llegó perfecto,2024-09-23
R005341,O005341,1,No lo recomiendo,2024-06-28
R005342,O005342,2,Producto regular,2025-04-18
R005344,O005344,5,Excelente producto,2025-10-06
R005345,O005345,1,Producto llegó tarde,2025-10-29
R005346,O005346,3,Experiencia normal,2026-06-26
R005348,O005348,4,Todo bien,2026-05-14
R005349,O005349,1,No lo recomiendo,2024-12-14
R005350,O005350,5,Excelente producto,2026-06-04
R005352,O005352,2,Podría mejorar,2024-08-09
R005354,O005354,4,Todo bien,2025-05-15
R005356,O005356,3,,2024-09-09
R005357,O005357,5,Llegó perfecto,2024-10-16
R005358,O005358,5,Excelente producto,2024-10-24
R005359,O005359,5,Excelente producto,2024-06-20
R005360,O005360,5,Muy buena experiencia,2024-09-25
R005361,O005361,3,Cumple lo esperado,2024-09-30
R005362,O005362,1,Muy mala experiencia,2026-04-25
R005363,O005363,5,Muy buena experiencia,2024-04-10
R005364,O005364,2,Producto regular,2025-05-15
R005365,O005365,5,Muy buena experiencia,2026-02-06
R005366,O005366,4,Todo bien,2025-12-10
R005367,O005367,4,Buena compra,2025-03-21
R005370,O005370,1,No lo recomiendo,2025-11-07
R005372,O005372,5,Muy buena experiencia,2025-04-30
R005373,O005373,4,Recomendado,2024-09-20
R005374,O005374,5,Muy buena experiencia,2026-05-15
R005375,O005375,5,Muy buena experiencia,2025-10-14
R005376,O005376,5,Muy buena experiencia,2024-02-06
R005377,O005377,5,Llegó perfecto,2024-05-26
R005378,O005378,5,Llegó perfecto,2025-05-09
R005379,O005379,5,Llegó perfecto,2026-03-27
R005381,O005381,5,Llegó perfecto,2024-09-11
R005383,O005383,4,Buena compra,2025-10-02
R005386,O005386,5,Excelente producto,2024-07-18
R005389,O005389,5,,2025-11-01
R005392,O005392,4,Buena compra,2025-02-26
R005393,O005393,5,Excelente producto,2025-08-17
R005396,O005396,5,Excelente producto,2025-10-31
R005397,O005397,4,Buena compra,2024-09-10
R005398,O005398,2,,2024-09-25
R005399,O005399,3,Aceptable,2026-05-16
R005400,O005400,5,Excelente producto,2024-07-15
R005401,O005401,5,Muy buena experiencia,2024-08-08
R005402,O005402,4,Todo bien,2025-11-08
R005403,O005403,3,Aceptable,2024-03-16
R005404,O005404,5,Llegó perfecto,2026-02-22
R005405,O005405,4,Todo bien,2024-08-07
R005408,O005408,4,Todo bien,2026-02-08
R005413,O005413,5,Excelente producto,2025-05-10
R005415,O005415,5,Muy buena experiencia,2026-03-06
R005416,O005416,2,Demora excesiva,2024-05-17
R005418,O005418,5,Excelente producto,2026-02-20
R005419,O005419,3,Cumple lo esperado,2024-12-26
R005420,O005420,5,Llegó perfecto,2024-09-24
R005421,O005421,5,Excelente producto,2024-10-29
R005422,O005422,5,Muy buena experiencia,2025-07-13
R005423,O005423,5,Excelente producto,2025-10-12
R005424,O005424,4,Recomendado,2024-10-01
R005426,O005426,4,Todo bien,2024-10-09
R005427,O005427,4,Todo bien,2024-09-01
R005428,O005428,1,No lo recomiendo,2026-02-02
R005429,O005429,2,Demora excesiva,2025-10-02
R005430,O005430,4,Recomendado,2024-09-28
R005431,O005431,4,Recomendado,2026-06-08
R005432,O005432,1,,2025-05-28
R005433,O005433,5,Excelente producto,2024-02-23
R005436,O005436,3,Aceptable,2025-11-09
R005437,O005437,4,Recomendado,2024-08-31
R005438,O005438,2,Demora excesiva,2026-04-21
R005439,O005439,5,Muy buena experiencia,2025-02-11
R005440,O005440,4,Buena compra,2025-06-24
R005442,O005442,4,Buena compra,2026-02-22
R005444,O005444,5,Muy buena experiencia,2025-12-25
R005445,O005445,2,Demora excesiva,2025-01-03
R005448,O005448,5,Llegó perfecto,2024-07-09
R005449,O005449,4,Recomendado,2025-09-07
R005450,O005450,2,Demora excesiva,2024-11-09
R005451,O005451,2,Podría mejorar,2025-09-15
R005453,O005453,5,Llegó perfecto,2025-10-14
R005454,O005454,4,Recomendado,2024-04-18
R005455,O005455,1,Muy mala experiencia,2024-03-03
R005456,O005456,2,Demora excesiva,2026-06-16
R005457,O005457,1,No lo recomiendo,2025-08-06
R005458,O005458,5,,2026-06-05
R005459,O005459,2,Producto regular,2025-01-13
R005460,O005460,4,Buena compra,2025-01-10
R005463,O005463,2,Demora excesiva,2025-03-05
R005465,O005465,5,Muy buena experiencia,2025-01-25
R005466,O005466,4,Todo bien,2024-09-19
R005467,O005467,5,Excelente producto,2025-03-10
R005468,O005468,3,Aceptable,2024-10-20
R005469,O005469,4,Buena compra,2026-03-31
R005470,O005470,5,Excelente producto,2024-10-26
R005472,O005472,4,Todo bien,2025-03-01
R005473,O005473,2,,2025-01-22
R005475,O005475,5,Muy buena experiencia,2024-08-14
R005476,O005476,5,Llegó perfecto,2025-02-01
R005477,O005477,4,Buena compra,2026-02-23
R005480,O005480,5,Excelente producto,2024-10-01
R005481,O005481,5,Muy buena experiencia,2026-03-10
R005482,O005482,5,Muy buena experiencia,2026-03-23
R005483,O005483,2,Producto regular,2024-09-04
R005484,O005484,5,Llegó perfecto,2024-03-15
R005485,O005485,5,Excelente producto,2026-01-25
R005486,O005486,4,Todo bien,2024-10-06
R005487,O005487,5,Excelente producto,2024-02-04
R005488,O005488,4,Buena compra,2025-10-06
R005489,O005489,4,Recomendado,2025-07-11
R005490,O005490,3,Experiencia normal,2025-01-26
R005493,O005493,2,Podría mejorar,2024-07-16
R005494,O005494,3,Aceptable,2025-12-19
R005495,O005495,4,Todo bien,2024-11-04
R005496,O005496,4,Recomendado,2024-10-31
R005497,O005497,5,Llegó perfecto,2024-12-06
R005498,O005498,4,Todo bien,2025-02-01
R005499,O005499,5,Excelente producto,2025-01-10
R005500,O005500,5,Muy buena experiencia,2024-02-26
R005503,O005503,5,,2025-04-15
R005505,O005505,2,,2024-11-12
R005506,O005506,5,Excelente producto,2025-07-25
R005507,O005507,3,Experiencia normal,2024-06-20
R005508,O005508,5,Excelente producto,2024-07-26
R005509,O005509,1,,2025-07-16
R005510,O005510,5,Excelente producto,2024-05-29
R005511,O005511,1,Muy mala experiencia,2026-01-11
R005512,O005512,5,Llegó perfecto,2025-01-22
R005513,O005513,2,Podría mejorar,2024-10-07
R005514,O005514,5,Excelente producto,2025-08-07
R005515,O005515,3,Cumple lo esperado,2024-08-03
R005516,O005516,4,Buena compra,2025-02-17
R005517,O005517,3,Cumple lo esperado,2025-09-16
R005518,O005518,2,Producto regular,2025-06-25
R005519,O005519,3,Experiencia normal,2024-06-05
R005521,O005521,3,Cumple lo esperado,2025-01-07
R005522,O005522,5,,2025-10-01
R005523,O005523,4,Todo bien,2026-04-05
R005526,O005526,1,Muy mala experiencia,2024-02-11
R005528,O005528,4,Buena compra,2024-07-13
R005529,O005529,5,Muy buena experiencia,2025-10-29
R005530,O005530,5,,2024-08-12
R005531,O005531,5,Muy buena experiencia,2026-07-07
R005532,O005532,3,Aceptable,2024-04-23
R005533,O005533,1,Muy mala experiencia,2025-10-09
R005534,O005534,5,Llegó perfecto,2024-07-05
R005539,O005539,4,Todo bien,2025-04-06
R005540,O005540,5,Muy buena experiencia,2025-06-19
R005541,O005541,4,Todo bien,2025-10-30
R005542,O005542,3,Experiencia normal,2025-08-12
R005543,O005543,2,Podría mejorar,2024-09-19
R005544,O005544,5,,2026-04-06
R005545,O005545,4,Recomendado,2026-01-31
R005546,O005546,5,Muy buena experiencia,2025-03-02
R005547,O005547,4,Todo bien,2024-10-13
R005548,O005548,3,Cumple lo esperado,2024-04-14
R005549,O005549,5,Llegó perfecto,2026-03-27
R005550,O005550,5,Excelente producto,2025-07-10
R005551,O005551,1,Producto llegó tarde,2025-12-28
R005554,O005554,5,Llegó perfecto,2026-03-21
R005557,O005557,4,Recomendado,2025-10-02
R005558,O005558,5,Excelente producto,2025-05-09
R005560,O005560,3,Experiencia normal,2024-06-20
R005562,O005562,1,Muy mala experiencia,2024-02-29
R005563,O005563,5,Muy buena experiencia,2026-07-04
R005564,O005564,5,Excelente producto,2025-06-19
R005568,O005568,3,Experiencia normal,2025-08-09
R005569,O005569,2,Producto regular,2025-05-10
R005570,O005570,4,Recomendado,2025-12-12
R005574,O005574,4,Todo bien,2026-03-16
R005575,O005575,3,Aceptable,2025-08-30
R005578,O005578,1,Muy mala experiencia,2026-06-27
R005580,O005580,1,No lo recomiendo,2026-03-24
R005581,O005581,4,Todo bien,2026-03-02
R005586,O005586,5,Llegó perfecto,2024-02-14
R005587,O005587,4,Buena compra,2025-12-06
R005588,O005588,1,Muy mala experiencia,2025-02-24
R005589,O005589,5,Muy buena experiencia,2026-06-09
R005590,O005590,5,Excelente producto,2024-12-14
R005591,O005591,1,Producto llegó tarde,2025-01-24
R005592,O005592,5,Muy buena experiencia,2024-03-26
R005595,O005595,5,Llegó perfecto,2025-01-09
R005596,O005596,5,Muy buena experiencia,2025-11-01
R005597,O005597,4,Buena compra,2024-02-15
R005598,O005598,5,Excelente producto,2025-02-11
R005601,O005601,2,Producto regular,2025-06-24
R005602,O005602,1,No lo recomiendo,2025-01-21
R005603,O005603,1,Muy mala experiencia,2025-01-16
R005604,O005604,1,Producto llegó tarde,2025-03-16
R005605,O005605,4,Todo bien,2025-11-27
R005606,O005606,5,Muy buena experiencia,2024-02-15
R005608,O005608,4,Recomendado,2024-01-23
R005609,O005609,4,Recomendado,2026-06-16
R005610,O005610,5,Excelente producto,2025-04-19
R005612,O005612,5,Muy buena experiencia,2026-05-11
R005613,O005613,3,Experiencia normal,2026-07-07
R005614,O005614,5,Llegó perfecto,2024-04-02
R005615,O005615,5,Excelente producto,2025-12-04
R005616,O005616,5,Muy buena experiencia,2026-05-29
R005617,O005617,2,Podría mejorar,2026-04-25
R005618,O005618,3,Experiencia normal,2025-02-15
R005619,O005619,4,Buena compra,2024-09-10
R005620,O005620,5,Excelente producto,2024-01-08
R005621,O005621,5,Excelente producto,2025-07-18
R005622,O005622,1,No lo recomiendo,2024-07-04
R005623,O005623,5,Muy buena experiencia,2025-10-11
R005625,O005625,5,Excelente producto,2026-01-30
R005627,O005627,2,Producto regular,2026-02-15
R005628,O005628,5,Excelente producto,2025-03-19
R005629,O005629,5,Llegó perfecto,2025-11-11
R005630,O005630,3,Experiencia normal,2026-05-07
R005631,O005631,2,Podría mejorar,2025-04-09
R005632,O005632,5,Excelente producto,2026-07-04
R005633,O005633,5,Excelente producto,2026-03-13
R005634,O005634,5,,2025-07-31
R005635,O005635,5,Excelente producto,2024-08-19
R005637,O005637,5,Llegó perfecto,2024-09-17
R005638,O005638,5,Excelente producto,2024-07-12
R005639,O005639,5,Excelente producto,2024-03-06
R005640,O005640,1,,2024-04-21
R005641,O005641,2,Producto regular,2024-12-05
R005642,O005642,4,Todo bien,2026-06-17
R005643,O005643,5,Excelente producto,2024-11-15
R005644,O005644,4,,2026-06-09
R005645,O005645,5,Muy buena experiencia,2024-04-27
R005647,O005647,1,No lo recomiendo,2025-12-28
R005648,O005648,2,Producto regular,2025-11-27
R005650,O005650,5,Excelente producto,2025-05-06
R005651,O005651,2,Demora excesiva,2024-08-19
R005653,O005653,5,Excelente producto,2025-05-24
R005654,O005654,3,,2026-05-08
R005655,O005655,4,Todo bien,2024-03-09
R005656,O005656,5,Llegó perfecto,2024-10-21
R005657,O005657,5,Muy buena experiencia,2026-02-23
R005658,O005658,5,Muy buena experiencia,2024-02-25
R005659,O005659,2,Podría mejorar,2024-09-23
R005660,O005660,4,Buena compra,2026-01-19
R005661,O005661,1,Muy mala experiencia,2026-04-18
R005662,O005662,3,Experiencia normal,2025-01-01
R005663,O005663,5,Excelente producto,2024-10-19
R005664,O005664,3,Cumple lo esperado,2024-09-23
R005665,O005665,4,Buena compra,2025-11-26
R005666,O005666,5,Llegó perfecto,2024-12-04
R005667,O005667,5,Llegó perfecto,2025-12-08
R005669,O005669,5,Llegó perfecto,2025-12-23
R005670,O005670,4,Todo bien,2026-06-14
R005671,O005671,3,Cumple lo esperado,2024-12-24
R005673,O005673,4,Todo bien,2024-08-24
R005676,O005676,4,Buena compra,2024-05-20
R005677,O005677,4,Recomendado,2025-02-14
R005678,O005678,4,Recomendado,2026-01-01
R005679,O005679,1,Muy mala experiencia,2024-08-01
R005680,O005680,2,Demora excesiva,2026-04-10
R005681,O005681,5,,2024-12-09
R005683,O005683,5,Muy buena experiencia,2025-07-22
R005684,O005684,4,Recomendado,2025-01-22
R005685,O005685,4,,2026-06-28
R005686,O005686,2,Producto regular,2025-02-11
R005687,O005687,1,Muy mala experiencia,2025-05-27
R005688,O005688,5,Muy buena experiencia,2024-03-09
R005689,O005689,5,Excelente producto,2025-10-18
R005690,O005690,4,Recomendado,2025-07-22
R005692,O005692,1,Muy mala experiencia,2025-10-30
R005693,O005693,5,Llegó perfecto,2025-07-01
R005695,O005695,5,Excelente producto,2024-03-02
R005696,O005696,1,Muy mala experiencia,2024-05-18
R005697,O005697,2,Podría mejorar,2024-03-01
R005699,O005699,4,Todo bien,2025-04-11
R005701,O005701,5,Excelente producto,2026-03-16
R005702,O005702,5,Muy buena experiencia,2025-04-09
R005704,O005704,2,Podría mejorar,2025-04-09
R005705,O005705,5,Llegó perfecto,2026-04-05
R005706,O005706,1,Muy mala experiencia,2024-08-19
R005708,O005708,5,Excelente producto,2024-05-09
R005709,O005709,4,Todo bien,2025-10-16
R005710,O005710,3,Aceptable,2026-04-12
R005711,O005711,4,,2024-11-12
R005712,O005712,3,Experiencia normal,2024-12-05
R005713,O005713,5,,2025-06-12
R005715,O005715,5,Llegó perfecto,2024-11-01
R005717,O005717,1,Muy mala experiencia,2026-04-03
R005718,O005718,5,Excelente producto,2024-11-30
R005719,O005719,4,Buena compra,2026-07-11
R005720,O005720,2,Demora excesiva,2025-04-06
R005721,O005721,1,Muy mala experiencia,2025-04-22
R005722,O005722,5,Llegó perfecto,2026-06-01
R005723,O005723,5,Excelente producto,2024-11-08
R005725,O005725,5,Muy buena experiencia,2024-12-13
R005726,O005726,4,Buena compra,2025-03-27
R005727,O005727,2,Producto regular,2025-06-07
R005731,O005731,3,Aceptable,2024-05-24
R005732,O005732,4,Todo bien,2025-08-26
R005734,O005734,5,Llegó perfecto,2025-07-08
R005735,O005735,5,Llegó perfecto,2024-04-03
R005737,O005737,4,Buena compra,2025-09-20
R005738,O005738,3,Cumple lo esperado,2025-09-10
R005739,O005739,4,Buena compra,2025-01-08
R005741,O005741,5,Excelente producto,2024-10-08
R005742,O005742,1,No lo recomiendo,2024-08-06
R005743,O005743,1,No lo recomiendo,2025-12-08
R005744,O005744,5,Llegó perfecto,2026-05-04
R005746,O005746,5,,2025-10-09
R005747,O005747,4,Buena compra,2024-03-17
R005749,O005749,5,Muy buena experiencia,2026-01-01
R005751,O005751,5,Muy buena experiencia,2025-05-17
R005752,O005752,2,Demora excesiva,2026-04-27
R005756,O005756,4,Buena compra,2025-11-01
R005757,O005757,4,Recomendado,2025-11-15
R005758,O005758,4,Buena compra,2025-10-17
R005760,O005760,2,Producto regular,2025-01-09
R005761,O005761,4,,2025-05-25
R005762,O005762,4,Todo bien,2025-03-27
R005764,O005764,5,Llegó perfecto,2025-02-10
R005766,O005766,5,Muy buena experiencia,2025-08-30
R005768,O005768,4,Recomendado,2025-07-20
R005769,O005769,5,Muy buena experiencia,2025-09-20
R005770,O005770,5,Llegó perfecto,2025-04-02
R005771,O005771,2,Podría mejorar,2024-12-29
R005773,O005773,5,Muy buena experiencia,2026-07-07
R005774,O005774,3,Cumple lo esperado,2025-11-29
R005775,O005775,1,No lo recomiendo,2025-09-07
R005777,O005777,3,Experiencia normal,2025-02-04
R005778,O005778,2,Producto regular,2025-07-25
R005779,O005779,5,Excelente producto,2026-01-17
R005781,O005781,1,No lo recomiendo,2025-01-29
R005782,O005782,2,Producto regular,2026-04-01
R005783,O005783,3,Aceptable,2025-06-07
R005784,O005784,5,Muy buena experiencia,2024-03-02
R005785,O005785,2,Demora excesiva,2025-05-24
R005786,O005786,4,Buena compra,2024-11-03
R005787,O005787,4,Todo bien,2024-07-25
R005788,O005788,5,Muy buena experiencia,2026-04-07
R005789,O005789,1,No lo recomiendo,2026-01-14
R005791,O005791,3,,2025-03-06
R005792,O005792,5,Excelente producto,2024-02-02
R005793,O005793,3,Aceptable,2025-07-17
R005794,O005794,5,Excelente producto,2025-08-30
R005795,O005795,1,Producto llegó tarde,2026-04-27
R005796,O005796,4,Todo bien,2025-03-12
R005798,O005798,3,Experiencia normal,2024-03-03
R005799,O005799,4,Buena compra,2025-10-09
R005800,O005800,5,,2024-05-08
R005801,O005801,3,Aceptable,2025-08-04
R005802,O005802,3,Experiencia normal,2025-02-23
R005803,O005803,3,Aceptable,2025-06-25
R005804,O005804,2,Demora excesiva,2026-04-14
R005805,O005805,5,,2025-08-03
R005806,O005806,1,Producto llegó tarde,2026-03-12
R005807,O005807,4,Recomendado,2024-12-28
R005808,O005808,5,Llegó perfecto,2025-10-19
R005811,O005811,5,Llegó perfecto,2026-02-26
R005812,O005812,3,Aceptable,2025-04-30
R005815,O005815,3,Experiencia normal,2025-04-02
R005817,O005817,5,Excelente producto,2025-02-24
R005818,O005818,1,Muy mala experiencia,2026-01-14
R005819,O005819,2,Podría mejorar,2024-06-22
R005820,O005820,5,Excelente producto,2024-06-23
R005822,O005822,4,,2024-02-25
R005823,O005823,4,Todo bien,2025-06-06
R005825,O005825,3,Cumple lo esperado,2024-12-16
R005826,O005826,3,Aceptable,2025-09-30
R005827,O005827,5,,2024-03-26
R005828,O005828,5,Llegó perfecto,2024-03-05
R005829,O005829,5,Llegó perfecto,2025-04-25
R005830,O005830,4,Todo bien,2026-03-10
R005832,O005832,1,Producto llegó tarde,2025-04-30
R005833,O005833,3,Aceptable,2024-08-11
R005834,O005834,5,,2024-10-29
R005835,O005835,5,Excelente producto,2025-12-20
R005838,O005838,4,Recomendado,2026-01-15
R005840,O005840,1,Muy mala experiencia,2025-08-03
R005841,O005841,5,Excelente producto,2025-04-22
R005842,O005842,5,Excelente producto,2024-12-17
R005843,O005843,5,Excelente producto,2024-12-15
R005845,O005845,2,Podría mejorar,2025-04-11
R005846,O005846,1,Muy mala experiencia,2025-05-14
R005847,O005847,4,Buena compra,2024-10-10
R005848,O005848,1,Muy mala experiencia,2025-09-12
R005849,O005849,2,Podría mejorar,2025-09-24
R005850,O005850,5,Muy buena experiencia,2025-05-01
R005853,O005853,1,Muy mala experiencia,2025-12-24
R005854,O005854,4,Todo bien,2025-02-13
R005855,O005855,5,,2025-09-02
R005856,O005856,5,Excelente producto,2026-06-25
R005859,O005859,5,Llegó perfecto,2024-01-19
R005860,O005860,5,Muy buena experiencia,2024-10-03
R005862,O005862,5,Muy buena experiencia,2026-04-07
R005863,O005863,2,Demora excesiva,2025-07-28
R005866,O005866,4,Buena compra,2026-05-02
R005868,O005868,1,Muy mala experiencia,2026-06-30
R005869,O005869,5,,2024-07-13
R005871,O005871,5,Excelente producto,2025-09-15
R005872,O005872,5,,2026-07-03
R005873,O005873,5,Llegó perfecto,2025-12-17
R005874,O005874,5,Llegó perfecto,2025-03-12
R005875,O005875,5,Muy buena experiencia,2024-06-27
R005876,O005876,2,Podría mejorar,2025-02-17
R005877,O005877,3,Aceptable,2025-04-02
R005879,O005879,5,Muy buena experiencia,2024-06-21
R005880,O005880,2,Podría mejorar,2024-06-11
R005881,O005881,2,Demora excesiva,2025-06-29
R005882,O005882,2,,2025-02-18
R005884,O005884,4,Buena compra,2025-04-10
R005885,O005885,5,Excelente producto,2026-06-28
R005886,O005886,2,Producto regular,2025-08-08
R005888,O005888,5,Excelente producto,2025-04-02
R005889,O005889,1,Muy mala experiencia,2025-02-25
R005890,O005890,4,Todo bien,2026-02-15
R005892,O005892,5,Llegó perfecto,2024-12-17
R005894,O005894,5,Muy buena experiencia,2024-05-29
R005895,O005895,1,Producto llegó tarde,2025-10-31
R005896,O005896,5,Excelente producto,2025-12-15
R005897,O005897,2,Demora excesiva,2025-04-14
R005898,O005898,5,Llegó perfecto,2024-07-01
R005899,O005899,4,,2024-10-21
R005900,O005900,5,,2025-08-23
R005901,O005901,5,,2024-06-20
R005902,O005902,4,Todo bien,2025-08-16
R005903,O005903,5,Excelente producto,2025-02-12
R005904,O005904,5,Llegó perfecto,2026-06-26
R005905,O005905,1,No lo recomiendo,2025-11-01
R005906,O005906,5,Muy buena experiencia,2024-06-23
R005907,O005907,5,,2024-07-04
R005909,O005909,4,Recomendado,2026-03-08
R005910,O005910,5,Llegó perfecto,2025-05-26
R005911,O005911,4,,2025-10-07
R005913,O005913,3,Aceptable,2024-06-05
R005914,O005914,5,Excelente producto,2024-12-20
R005915,O005915,1,No lo recomiendo,2024-07-03
R005916,O005916,2,Demora excesiva,2025-01-17
R005920,O005920,3,Experiencia normal,2025-10-25
R005922,O005922,3,Aceptable,2026-01-26
R005923,O005923,5,Excelente producto,2026-05-19
R005924,O005924,5,Excelente producto,2024-08-17
R005925,O005925,5,Muy buena experiencia,2024-11-07
R005926,O005926,5,Llegó perfecto,2025-07-06
R005927,O005927,1,No lo recomiendo,2026-02-03
R005929,O005929,4,Buena compra,2024-05-10
R005930,O005930,1,Muy mala experiencia,2025-01-16
R005931,O005931,2,Producto regular,2026-04-04
R005932,O005932,1,No lo recomiendo,2024-04-14
R005935,O005935,2,Podría mejorar,2024-05-17
R005938,O005938,5,Excelente producto,2025-09-20
R005939,O005939,5,Muy buena experiencia,2026-05-24
R005941,O005941,2,Podría mejorar,2026-02-02
R005942,O005942,4,Buena compra,2025-01-07
R005944,O005944,1,No lo recomiendo,2025-01-09
R005946,O005946,5,Llegó perfecto,2025-04-19
R005949,O005949,4,Todo bien,2024-05-12
R005950,O005950,3,,2026-03-20
R005951,O005951,3,Aceptable,2024-04-15
R005953,O005953,2,,2024-12-01
R005954,O005954,5,Excelente producto,2024-09-08
R005955,O005955,4,Buena compra,2025-05-09
R005956,O005956,4,Todo bien,2024-03-10
R005958,O005958,5,Muy buena experiencia,2024-05-08
R005959,O005959,1,Producto llegó tarde,2026-03-15
R005960,O005960,5,Excelente producto,2026-05-24
R005961,O005961,4,Recomendado,2024-11-21
R005963,O005963,3,Experiencia normal,2025-01-01
R005964,O005964,3,Cumple lo esperado,2024-10-18
R005965,O005965,5,,2026-03-30
R005966,O005966,4,Recomendado,2025-06-18
R005968,O005968,4,Buena compra,2026-06-07
R005969,O005969,5,Llegó perfecto,2025-09-20
R005970,O005970,1,Producto llegó tarde,2025-10-23
R005973,O005973,4,Todo bien,2025-01-28
R005974,O005974,1,Muy mala experiencia,2024-07-06
R005975,O005975,2,Podría mejorar,2026-02-07
R005976,O005976,4,Todo bien,2025-04-18
R005977,O005977,5,Llegó perfecto,2024-02-13
R005978,O005978,3,Aceptable,2024-07-18
R005979,O005979,4,Buena compra,2024-11-03
R005980,O005980,1,Producto llegó tarde,2024-03-18
R005981,O005981,1,Muy mala experiencia,2025-11-28
R005983,O005983,3,Aceptable,2024-03-15
R005984,O005984,5,Muy buena experiencia,2026-04-22
R005985,O005985,3,Aceptable,2026-03-14
R005986,O005986,4,Recomendado,2026-01-09
R005988,O005988,3,Cumple lo esperado,2025-09-06
R005989,O005989,5,Muy buena experiencia,2026-07-04
R005992,O005992,4,Buena compra,2026-05-23
R005994,O005994,3,Cumple lo esperado,2026-05-07
R005995,O005995,4,Todo bien,2025-06-06
R005996,O005996,5,Muy buena experiencia,2025-05-14
R005997,O005997,4,Recomendado,2024-04-26
R006000,O006000,1,No lo recomiendo,2024-03-28
R006001,O006001,1,Producto llegó tarde,2024-06-17
R006003,O006003,5,,2024-06-20
R006004,O006004,5,Llegó perfecto,2025-04-21
R006005,O006005,4,Recomendado,2024-12-19
R006006,O006006,5,Llegó perfecto,2026-04-23
R006007,O006007,1,No lo recomiendo,2024-12-23
R006008,O006008,3,Aceptable,2024-05-13
R006009,O006009,5,Excelente producto,2025-10-14
R006011,O006011,5,Excelente producto,2024-01-27
R006013,O006013,4,Todo bien,2025-04-22
R006014,O006014,5,Muy buena experiencia,2024-04-07
R006015,O006015,3,Cumple lo esperado,2024-12-09
R006018,O006018,4,Recomendado,2024-10-07
R006020,O006020,3,Aceptable,2025-12-31
R006021,O006021,5,Excelente producto,2025-06-07
R006022,O006022,1,Muy mala experiencia,2024-09-14
R006023,O006023,5,Llegó perfecto,2024-02-08
R006029,O006029,3,Aceptable,2024-08-05
R006030,O006030,2,Demora excesiva,2024-06-22
R006031,O006031,3,Experiencia normal,2024-12-12
R006032,O006032,1,No lo recomiendo,2025-05-10
R006033,O006033,5,Llegó perfecto,2024-09-13
R006034,O006034,5,Muy buena experiencia,2024-03-10
R006035,O006035,5,Muy buena experiencia,2024-12-11
R006036,O006036,3,Cumple lo esperado,2026-06-15
R006037,O006037,2,Podría mejorar,2024-08-09
R006038,O006038,3,Aceptable,2025-11-03
R006040,O006040,5,Muy buena experiencia,2026-06-11
R006042,O006042,1,Muy mala experiencia,2026-02-18
R006043,O006043,5,,2025-09-13
R006044,O006044,4,Recomendado,2025-04-12
R006045,O006045,4,Todo bien,2024-07-29
R006046,O006046,4,Todo bien,2026-05-05
R006047,O006047,4,Todo bien,2026-01-18
R006048,O006048,1,Muy mala experiencia,2025-04-28
R006050,O006050,5,Llegó perfecto,2024-07-11
R006051,O006051,1,Producto llegó tarde,2026-02-09
R006052,O006052,5,,2026-02-28
R006053,O006053,5,Excelente producto,2025-11-14
R006055,O006055,5,Excelente producto,2025-07-14
R006056,O006056,4,Recomendado,2024-06-16
R006057,O006057,5,,2026-06-29
R006058,O006058,5,,2024-05-22
R006061,O006061,3,Cumple lo esperado,2025-01-06
R006062,O006062,4,,2024-07-18
R006063,O006063,5,Excelente producto,2025-06-17
R006064,O006064,1,Producto llegó tarde,2024-05-17
R006065,O006065,5,Excelente producto,2025-12-25
R006067,O006067,2,Podría mejorar,2025-06-15
R006069,O006069,3,Experiencia normal,2026-04-10
R006070,O006070,4,Todo bien,2025-08-06
R006071,O006071,5,Excelente producto,2024-06-09
R006072,O006072,3,Experiencia normal,2025-08-05
R006073,O006073,1,Producto llegó tarde,2024-09-26
R006074,O006074,4,Buena compra,2024-06-13
R006076,O006076,5,,2025-05-10
R006077,O006077,5,Llegó perfecto,2025-10-30
R006078,O006078,5,Muy buena experiencia,2024-03-31
R006079,O006079,5,Llegó perfecto,2025-04-15
R006080,O006080,1,No lo recomiendo,2026-05-25
R006081,O006081,1,Producto llegó tarde,2024-11-27
R006082,O006082,4,Buena compra,2026-01-04
R006083,O006083,1,Producto llegó tarde,2025-02-01
R006084,O006084,1,Muy mala experiencia,2025-04-24
R006085,O006085,4,Todo bien,2025-03-03
R006088,O006088,5,Muy buena experiencia,2025-01-20
R006092,O006092,2,,2024-04-09
R006093,O006093,1,Producto llegó tarde,2024-03-06
R006094,O006094,4,,2024-04-16
R006095,O006095,5,Excelente producto,2026-07-03
R006096,O006096,2,Producto regular,2025-11-05
R006097,O006097,5,Muy buena experiencia,2024-06-28
R006098,O006098,3,Cumple lo esperado,2024-06-02
R006099,O006099,4,Buena compra,2024-01-22
R006100,O006100,4,Buena compra,2024-10-03
R006101,O006101,5,,2025-09-14
R006103,O006103,4,Buena compra,2024-10-25
R006104,O006104,5,Llegó perfecto,2024-04-01
R006105,O006105,1,Muy mala experiencia,2025-01-06
R006107,O006107,5,Excelente producto,2026-06-13
R006108,O006108,5,Excelente producto,2024-02-07
R006109,O006109,5,Llegó perfecto,2024-07-03
R006110,O006110,4,Recomendado,2025-02-03
R006113,O006113,2,,2025-10-02
R006114,O006114,5,Excelente producto,2024-11-15
R006115,O006115,4,,2026-07-03
R006116,O006116,5,,2026-03-23
R006119,O006119,4,Recomendado,2025-02-26
R006122,O006122,5,Llegó perfecto,2026-05-22
R006124,O006124,5,Excelente producto,2024-01-29
R006126,O006126,4,Todo bien,2025-07-07
R006129,O006129,5,Muy buena experiencia,2025-06-17
R006131,O006131,5,Muy buena experiencia,2025-11-22
R006132,O006132,1,,2025-08-18
R006133,O006133,4,Buena compra,2026-06-12
R006134,O006134,3,Cumple lo esperado,2024-11-01
R006135,O006135,2,Podría mejorar,2025-06-22
R006136,O006136,4,,2024-07-05
R006138,O006138,5,Muy buena experiencia,2025-11-12
R006139,O006139,5,Muy buena experiencia,2024-05-12
R006141,O006141,5,Excelente producto,2024-07-17
R006142,O006142,5,,2025-06-03
R006143,O006143,4,Todo bien,2024-11-25
R006145,O006145,1,Producto llegó tarde,2025-12-09
R006146,O006146,3,Experiencia normal,2024-09-21
R006147,O006147,4,Recomendado,2025-03-14
R006148,O006148,5,Excelente producto,2024-08-24
R006150,O006150,3,Experiencia normal,2026-06-20
R006153,O006153,5,,2025-11-01
R006155,O006155,4,Recomendado,2026-04-05
R006156,O006156,4,,2024-10-16
R006157,O006157,5,Excelente producto,2025-04-02
R006158,O006158,5,Muy buena experiencia,2024-08-19
R006159,O006159,5,Muy buena experiencia,2024-09-04
R006162,O006162,5,Llegó perfecto,2025-03-21
R006164,O006164,4,Recomendado,2025-06-14
R006165,O006165,3,Experiencia normal,2026-06-04
R006166,O006166,2,Podría mejorar,2024-08-15
R006167,O006167,4,Buena compra,2024-05-21
R006168,O006168,5,Muy buena experiencia,2025-08-20
R006169,O006169,5,Llegó perfecto,2026-06-17
R006170,O006170,5,Muy buena experiencia,2026-05-10
R006172,O006172,5,,2024-06-18
R006173,O006173,4,Todo bien,2026-06-15
R006174,O006174,5,,2026-03-29
R006175,O006175,2,Producto regular,2025-04-04
R006176,O006176,1,Producto llegó tarde,2025-05-28
R006177,O006177,4,Todo bien,2025-07-07
R006179,O006179,4,Buena compra,2024-06-23
R006181,O006181,1,No lo recomiendo,2025-03-13
R006182,O006182,5,Excelente producto,2025-03-17
R006183,O006183,3,Aceptable,2025-02-16
R006184,O006184,1,Muy mala experiencia,2024-07-29
R006185,O006185,5,Muy buena experiencia,2026-04-13
R006186,O006186,4,Buena compra,2025-10-31
R006187,O006187,4,Todo bien,2025-08-21
R006188,O006188,4,Todo bien,2024-09-17
R006189,O006189,4,,2024-04-09
R006190,O006190,2,,2024-10-16
R006193,O006193,5,Llegó perfecto,2024-06-27
R006194,O006194,3,,2025-05-18
R006195,O006195,3,Experiencia normal,2026-06-06
R006196,O006196,4,Buena compra,2025-01-25
R006197,O006197,2,Podría mejorar,2025-01-09
R006198,O006198,4,Recomendado,2024-03-23
R006199,O006199,5,Excelente producto,2024-11-21
R006200,O006200,2,Producto regular,2026-02-03
R006201,O006201,3,Aceptable,2026-07-07
R006202,O006202,4,Todo bien,2024-07-19
R006203,O006203,2,Demora excesiva,2024-05-12
R006204,O006204,2,Demora excesiva,2026-04-28
R006205,O006205,5,Llegó perfecto,2026-05-21
R006207,O006207,5,Excelente producto,2024-08-16
R006208,O006208,3,Aceptable,2025-06-13
R006209,O006209,4,Buena compra,2025-01-27
R006210,O006210,4,Recomendado,2025-02-27
R006212,O006212,4,Buena compra,2026-05-20
R006213,O006213,1,Muy mala experiencia,2024-02-12
R006215,O006215,3,Aceptable,2026-06-30
R006217,O006217,1,Muy mala experiencia,2025-03-24
R006218,O006218,3,Aceptable,2026-07-11
R006219,O006219,4,Recomendado,2025-09-24
R006220,O006220,2,Producto regular,2024-02-22
R006221,O006221,5,Muy buena experiencia,2026-06-26
R006222,O006222,5,Muy buena experiencia,2025-02-03
R006224,O006224,5,Muy buena experiencia,2026-05-31
R006225,O006225,5,Excelente producto,2026-05-21
R006226,O006226,5,Llegó perfecto,2026-02-18
R006227,O006227,4,Recomendado,2024-10-14
R006228,O006228,5,Excelente producto,2025-07-06
R006229,O006229,5,Muy buena experiencia,2025-02-13
R006230,O006230,5,Excelente producto,2025-02-28
R006231,O006231,2,Demora excesiva,2024-07-21
R006232,O006232,2,,2024-03-05
R006233,O006233,4,,2026-04-12
R006234,O006234,5,Excelente producto,2025-01-27
R006235,O006235,3,,2025-01-09
R006236,O006236,5,Muy buena experiencia,2024-04-21
R006237,O006237,5,Excelente producto,2024-01-16
R006238,O006238,5,Muy buena experiencia,2024-04-11
R006239,O006239,5,Excelente producto,2024-10-05
R006240,O006240,2,Podría mejorar,2025-06-26
R006241,O006241,1,No lo recomiendo,2026-02-14
R006242,O006242,5,Muy buena experiencia,2026-01-20
R006243,O006243,1,Muy mala experiencia,2024-06-11
R006244,O006244,4,Recomendado,2024-03-10
R006245,O006245,5,Muy buena experiencia,2024-05-03
R006246,O006246,2,Podría mejorar,2025-09-03
R006247,O006247,4,Todo bien,2024-11-30
R006248,O006248,5,Llegó perfecto,2025-08-16
R006249,O006249,5,Muy buena experiencia,2025-08-18
R006250,O006250,4,Buena compra,2025-08-08
R006251,O006251,2,Demora excesiva,2024-06-16
R006252,O006252,3,Aceptable,2024-07-04
R006253,O006253,5,,2024-11-29
R006254,O006254,3,Aceptable,2024-04-13
R006255,O006255,5,Llegó perfecto,2025-10-19
R006256,O006256,4,Buena compra,2025-05-01
R006259,O006259,3,Aceptable,2026-02-09
R006260,O006260,1,Muy mala experiencia,2026-05-17
R006262,O006262,5,,2024-05-08
R006263,O006263,4,Recomendado,2024-02-13
R006265,O006265,5,Llegó perfecto,2024-08-29
R006267,O006267,5,Excelente producto,2026-02-27
R006268,O006268,5,Muy buena experiencia,2025-06-25
R006269,O006269,3,Cumple lo esperado,2025-10-03
R006270,O006270,2,Producto regular,2026-06-24
R006271,O006271,5,Muy buena experiencia,2024-10-27
R006272,O006272,4,Buena compra,2025-05-26
R006274,O006274,3,Cumple lo esperado,2026-03-09
R006276,O006276,5,Excelente producto,2024-01-09
R006277,O006277,5,,2025-05-23
R006278,O006278,4,Todo bien,2025-11-24
R006279,O006279,5,Excelente producto,2026-04-11
R006281,O006281,5,Llegó perfecto,2024-08-10
R006282,O006282,5,Excelente producto,2024-11-09
R006284,O006284,5,Muy buena experiencia,2026-06-21
R006286,O006286,5,Excelente producto,2026-04-01
R006288,O006288,5,Excelente producto,2025-05-12
R006289,O006289,1,Producto llegó tarde,2024-02-14
R006290,O006290,2,Demora excesiva,2024-09-03
R006291,O006291,5,Llegó perfecto,2024-02-28
R006292,O006292,4,Recomendado,2025-02-18
R006295,O006295,1,,2025-08-28
R006296,O006296,4,Buena compra,2025-12-29
R006297,O006297,5,Muy buena experiencia,2024-09-09
R006298,O006298,5,Muy buena experiencia,2025-08-10
R006300,O006300,4,Recomendado,2025-09-05
R006301,O006301,2,,2024-07-11
R006302,O006302,3,Aceptable,2025-10-06
R006303,O006303,5,Llegó perfecto,2025-02-24
R006304,O006304,4,Todo bien,2024-09-17
R006305,O006305,5,Muy buena experiencia,2026-04-15
R006306,O006306,4,Recomendado,2026-04-04
R006307,O006307,5,Muy buena experiencia,2026-05-26
R006308,O006308,2,Podría mejorar,2026-06-19
R006309,O006309,4,Buena compra,2024-07-05
R006310,O006310,1,Muy mala experiencia,2024-03-23
R006311,O006311,4,Todo bien,2025-08-21
R006312,O006312,2,,2025-07-18
R006313,O006313,3,Experiencia normal,2024-07-05
R006314,O006314,5,Excelente producto,2024-02-19
R006315,O006315,4,Todo bien,2025-04-30
R006317,O006317,4,Buena compra,2024-12-29
R006318,O006318,1,Producto llegó tarde,2024-12-27
R006319,O006319,4,Todo bien,2026-04-07
R006320,O006320,5,Muy buena experiencia,2026-05-10
R006321,O006321,2,Podría mejorar,2026-06-18
R006322,O006322,2,Demora excesiva,2025-07-30
R006323,O006323,5,Excelente producto,2026-03-03
R006324,O006324,3,Aceptable,2024-09-11
R006326,O006326,5,Excelente producto,2025-06-17
R006327,O006327,1,Muy mala experiencia,2026-04-10
R006328,O006328,5,,2025-05-06
R006332,O006332,1,Muy mala experiencia,2026-02-11
R006333,O006333,1,Muy mala experiencia,2025-04-15
R006334,O006334,4,Recomendado,2025-10-26
R006336,O006336,5,,2025-10-04
R006338,O006338,4,Todo bien,2024-09-24
R006339,O006339,5,Excelente producto,2024-06-29
R006341,O006341,4,Buena compra,2024-10-28
R006342,O006342,5,Excelente producto,2024-04-21
R006343,O006343,1,Producto llegó tarde,2025-12-26
R006344,O006344,4,Buena compra,2025-04-30
R006348,O006348,4,,2024-04-28
R006350,O006350,4,Buena compra,2025-11-22
R006351,O006351,5,Llegó perfecto,2024-01-21
R006352,O006352,5,Excelente producto,2024-02-21
R006353,O006353,4,Recomendado,2024-05-05
R006355,O006355,1,No lo recomiendo,2026-05-26
R006356,O006356,2,Producto regular,2025-08-25
R006357,O006357,5,Llegó perfecto,2026-01-26
R006358,O006358,2,Podría mejorar,2024-10-30
R006359,O006359,5,Llegó perfecto,2025-03-26
R006360,O006360,5,Muy buena experiencia,2025-09-07
R006362,O006362,5,Muy buena experiencia,2025-08-31
R006364,O006364,5,,2025-11-18
R006365,O006365,5,Excelente producto,2025-09-23
R006366,O006366,5,Excelente producto,2026-01-30
R006367,O006367,4,Buena compra,2024-06-28
R006368,O006368,4,Buena compra,2024-12-01
R006370,O006370,5,Llegó perfecto,2025-01-19
R006372,O006372,5,Muy buena experiencia,2024-09-26
R006373,O006373,5,Llegó perfecto,2025-11-28
R006374,O006374,2,Producto regular,2024-03-31
R006375,O006375,5,Muy buena experiencia,2025-12-13
R006376,O006376,5,Excelente producto,2025-06-09
R006377,O006377,2,Producto regular,2024-06-19
R006380,O006380,4,Recomendado,2025-10-15
R006381,O006381,3,,2025-12-12
R006382,O006382,1,Muy mala experiencia,2024-02-13
R006383,O006383,5,Excelente producto,2024-02-18
R006385,O006385,4,Buena compra,2024-02-09
R006386,O006386,4,Todo bien,2025-10-14
R006387,O006387,3,Aceptable,2024-08-23
R006388,O006388,3,Aceptable,2024-09-01
R006389,O006389,5,Excelente producto,2024-01-31
R006390,O006390,5,Muy buena experiencia,2024-05-27
R006391,O006391,4,Todo bien,2026-01-25
R006394,O006394,4,Todo bien,2025-12-09
R006396,O006396,2,Producto regular,2024-03-14
R006397,O006397,4,Todo bien,2026-01-30
R006398,O006398,5,,2026-07-11
R006399,O006399,2,Producto regular,2024-07-12
R006401,O006401,1,Producto llegó tarde,2024-12-24
R006404,O006404,5,Excelente producto,2024-08-14
R006406,O006406,1,Muy mala experiencia,2025-03-29
R006407,O006407,4,Recomendado,2026-05-17
R006408,O006408,3,Aceptable,2025-12-02
R006409,O006409,5,Llegó perfecto,2024-10-05
R006410,O006410,5,Muy buena experiencia,2025-08-06
R006411,O006411,5,Excelente producto,2026-05-26
R006412,O006412,5,Excelente producto,2026-02-27
R006413,O006413,1,No lo recomiendo,2025-12-06
R006415,O006415,2,Producto regular,2024-05-11
R006416,O006416,4,Buena compra,2024-11-03
R006417,O006417,4,Recomendado,2025-08-19
R006418,O006418,5,Muy buena experiencia,2024-06-14
R006419,O006419,4,,2025-04-06
R006422,O006422,2,Producto regular,2024-10-08
R006423,O006423,2,Producto regular,2024-06-05
R006424,O006424,1,Producto llegó tarde,2024-06-02
R006425,O006425,4,Buena compra,2026-04-10
R006426,O006426,3,Aceptable,2025-07-18
R006427,O006427,3,Aceptable,2025-03-27
R006429,O006429,1,No lo recomiendo,2025-12-06
R006430,O006430,5,Muy buena experiencia,2026-04-02
R006431,O006431,5,Llegó perfecto,2024-03-20
R006433,O006433,2,Producto regular,2024-03-19
R006434,O006434,5,Excelente producto,2025-01-07
R006435,O006435,4,Todo bien,2026-02-13
R006437,O006437,4,Todo bien,2025-01-26
R006438,O006438,5,Llegó perfecto,2024-08-03
R006439,O006439,4,Buena compra,2025-06-18
R006440,O006440,1,No lo recomiendo,2025-07-30
R006442,O006442,4,Recomendado,2025-11-05
R006443,O006443,5,Muy buena experiencia,2025-08-26
R006444,O006444,1,Muy mala experiencia,2024-12-02
R006445,O006445,4,Buena compra,2024-07-08
R006446,O006446,5,Muy buena experiencia,2026-05-21
R006447,O006447,4,Buena compra,2024-08-12
R006448,O006448,4,Buena compra,2024-02-17
R006450,O006450,1,Muy mala experiencia,2026-04-25
R006451,O006451,2,Producto regular,2024-06-28
R006453,O006453,4,Todo bien,2024-11-07
R006455,O006455,5,,2025-01-26
R006456,O006456,1,Muy mala experiencia,2024-09-22
R006457,O006457,1,No lo recomiendo,2024-08-02
R006458,O006458,4,Todo bien,2025-05-15
R006459,O006459,5,Llegó perfecto,2024-08-22
R006460,O006460,5,Excelente producto,2024-08-23
R006462,O006462,5,Excelente producto,2026-01-24
R006463,O006463,5,Llegó perfecto,2024-06-11
R006465,O006465,4,Todo bien,2026-04-16
R006466,O006466,5,Excelente producto,2024-08-07
R006467,O006467,5,Muy buena experiencia,2024-06-10
R006468,O006468,4,Recomendado,2025-07-20
R006470,O006470,5,Excelente producto,2025-07-25
R006471,O006471,2,Demora excesiva,2026-04-16
R006472,O006472,4,Recomendado,2026-04-20
R006473,O006473,4,,2026-06-20
R006474,O006474,3,,2024-03-06
R006476,O006476,1,No lo recomiendo,2024-11-26
R006478,O006478,4,,2024-09-18
R006479,O006479,5,,2024-05-25
R006480,O006480,4,Buena compra,2026-05-17
R006481,O006481,5,Llegó perfecto,2025-02-26
R006482,O006482,5,Llegó perfecto,2024-08-29
R006483,O006483,5,Excelente producto,2025-03-08
R006484,O006484,4,Recomendado,2024-05-11
R006485,O006485,5,Muy buena experiencia,2025-11-25
R006486,O006486,1,Muy mala experiencia,2024-09-02
R006488,O006488,5,Excelente producto,2024-08-21
R006490,O006490,4,Recomendado,2025-02-06
R006493,O006493,2,,2025-04-04
R006494,O006494,5,Excelente producto,2024-05-09
R006495,O006495,4,Recomendado,2024-07-27
R006496,O006496,4,Recomendado,2024-08-13
R006500,O006500,3,Cumple lo esperado,2024-02-07
R006501,O006501,5,,2024-05-17
R006503,O006503,5,Llegó perfecto,2024-04-16
R006505,O006505,4,Todo bien,2026-04-11
R006507,O006507,4,Recomendado,2024-10-30
R006508,O006508,5,,2024-06-15
R006509,O006509,5,Excelente producto,2025-11-01
R006511,O006511,4,Todo bien,2024-07-03
R006513,O006513,1,,2024-04-12
R006514,O006514,5,Excelente producto,2025-04-07
R006516,O006516,4,Buena compra,2025-02-23
R006517,O006517,5,Muy buena experiencia,2025-08-03
R006518,O006518,3,Cumple lo esperado,2026-03-04
R006519,O006519,4,Todo bien,2024-02-07
R006522,O006522,5,Excelente producto,2024-05-27
R006523,O006523,4,Buena compra,2024-05-18
R006524,O006524,1,No lo recomiendo,2025-05-26
R006527,O006527,3,Aceptable,2025-07-12
R006528,O006528,1,Muy mala experiencia,2026-05-12
R006529,O006529,1,Producto llegó tarde,2025-12-25
R006530,O006530,5,Muy buena experiencia,2025-01-20
R006531,O006531,1,Producto llegó tarde,2024-05-30
R006532,O006532,4,Buena compra,2024-12-06
R006533,O006533,4,Buena compra,2025-02-08
R006534,O006534,3,Aceptable,2024-06-10
R006536,O006536,5,Excelente producto,2024-09-11
R006537,O006537,5,,2026-06-15
R006538,O006538,4,Todo bien,2025-02-15
R006541,O006541,4,Buena compra,2024-02-22
R006542,O006542,4,,2025-04-21
R006545,O006545,3,Experiencia normal,2025-09-22
R006546,O006546,5,Excelente producto,2024-07-14
R006547,O006547,4,,2026-05-06
R006548,O006548,4,Recomendado,2024-05-19
R006549,O006549,4,Buena compra,2026-02-26
R006550,O006550,1,Producto llegó tarde,2024-08-17
R006551,O006551,4,Todo bien,2024-12-08
R006553,O006553,4,Buena compra,2024-06-19
R006554,O006554,3,Experiencia normal,2026-04-02
R006555,O006555,5,Excelente producto,2024-03-20
R006556,O006556,5,Llegó perfecto,2025-04-05
R006557,O006557,4,Recomendado,2025-03-25
R006558,O006558,5,Llegó perfecto,2025-06-27
R006559,O006559,1,Producto llegó tarde,2024-03-05
R006560,O006560,3,Aceptable,2025-12-21
R006561,O006561,4,Todo bien,2025-02-24
R006562,O006562,5,Excelente producto,2025-05-06
R006563,O006563,2,Demora excesiva,2024-12-06
R006564,O006564,4,Recomendado,2025-10-30
R006566,O006566,2,,2024-11-03
R006567,O006567,1,Producto llegó tarde,2025-11-16
R006568,O006568,4,,2026-06-06
R006569,O006569,1,No lo recomiendo,2024-04-01
R006570,O006570,3,Experiencia normal,2024-12-13
R006571,O006571,1,Muy mala experiencia,2024-07-04
R006572,O006572,5,Excelente producto,2025-06-12
R006573,O006573,4,Todo bien,2024-06-22
R006575,O006575,1,No lo recomiendo,2025-03-21
R006576,O006576,3,Cumple lo esperado,2025-10-04
R006577,O006577,2,Podría mejorar,2025-10-16
R006578,O006578,5,Llegó perfecto,2024-01-16
R006580,O006580,4,Todo bien,2025-05-20
R006581,O006581,5,Llegó perfecto,2024-05-21
R006582,O006582,5,Muy buena experiencia,2024-04-30
R006584,O006584,4,Buena compra,2025-12-24
R006585,O006585,5,,2024-07-09
R006586,O006586,4,Buena compra,2024-07-30
R006587,O006587,5,Muy buena experiencia,2025-05-23
R006588,O006588,4,Recomendado,2025-05-31
R006591,O006591,4,Todo bien,2024-04-25
R006592,O006592,3,Cumple lo esperado,2026-04-29
R006593,O006593,3,Cumple lo esperado,2025-03-11
R006594,O006594,2,Demora excesiva,2025-07-23
R006596,O006596,4,,2025-12-12
R006598,O006598,5,Llegó perfecto,2024-10-18
R006599,O006599,5,Muy buena experiencia,2025-12-07
R006600,O006600,5,Muy buena experiencia,2026-03-26
R006601,O006601,5,Llegó perfecto,2024-09-14
R006602,O006602,5,Llegó perfecto,2025-03-23
R006603,O006603,4,Buena compra,2025-08-17
R006604,O006604,2,Producto regular,2026-01-19
R006605,O006605,2,Producto regular,2026-02-21
R006607,O006607,5,Excelente producto,2025-10-22
R006608,O006608,5,Llegó perfecto,2024-10-13
R006610,O006610,4,,2024-04-01
R006611,O006611,4,Todo bien,2026-01-01
R006612,O006612,4,Todo bien,2026-04-19
R006613,O006613,4,,2025-03-27
R006614,O006614,5,Llegó perfecto,2024-02-08
R006615,O006615,5,Muy buena experiencia,2025-01-30
R006617,O006617,5,Excelente producto,2024-09-04
R006619,O006619,4,Recomendado,2024-09-02
R006620,O006620,5,Excelente producto,2024-08-07
R006621,O006621,3,Experiencia normal,2024-01-09
R006622,O006622,4,Todo bien,2025-10-26
R006624,O006624,4,Buena compra,2025-05-10
R006625,O006625,4,Recomendado,2025-06-09
R006627,O006627,2,Producto regular,2024-10-30
R006628,O006628,5,Llegó perfecto,2025-12-17
R006629,O006629,4,Recomendado,2026-03-27
R006630,O006630,2,Demora excesiva,2024-07-22
R006632,O006632,5,Muy buena experiencia,2025-04-18
R006633,O006633,4,Todo bien,2024-11-25
R006634,O006634,5,Llegó perfecto,2025-09-06
R006635,O006635,5,Llegó perfecto,2026-04-10
R006636,O006636,1,Muy mala experiencia,2026-03-24
R006637,O006637,3,Aceptable,2025-04-20
R006638,O006638,5,Excelente producto,2025-11-20
R006639,O006639,4,Recomendado,2026-05-05
R006640,O006640,2,Podría mejorar,2024-04-10
R006644,O006644,5,,2026-06-30
R006646,O006646,1,,2026-01-15
R006647,O006647,5,Llegó perfecto,2026-02-27
R006650,O006650,3,Aceptable,2026-03-10
R006652,O006652,4,Buena compra,2025-02-28
R006653,O006653,2,Podría mejorar,2026-06-03
R006654,O006654,1,Muy mala experiencia,2024-09-04
R006657,O006657,3,Experiencia normal,2026-03-22
R006658,O006658,4,Todo bien,2025-05-13
R006659,O006659,3,Experiencia normal,2026-06-06
R006660,O006660,3,Cumple lo esperado,2024-11-28
R006661,O006661,1,,2025-09-20
R006662,O006662,5,Excelente producto,2024-11-09
R006663,O006663,5,Muy buena experiencia,2025-07-12
R006665,O006665,1,,2025-03-16
R006666,O006666,2,,2024-11-25
R006667,O006667,2,Podría mejorar,2024-08-26
R006669,O006669,1,No lo recomiendo,2025-04-02
R006671,O006671,5,Muy buena experiencia,2025-12-17
R006672,O006672,5,Muy buena experiencia,2025-02-05
R006673,O006673,5,Excelente producto,2025-03-01
R006674,O006674,5,Muy buena experiencia,2025-11-07
R006675,O006675,5,Llegó perfecto,2025-07-26
R006676,O006676,2,Demora excesiva,2024-11-23
R006677,O006677,5,,2026-01-20
R006678,O006678,2,Producto regular,2025-09-11
R006679,O006679,4,Recomendado,2025-07-04
R006681,O006681,3,Experiencia normal,2026-04-13
R006682,O006682,4,,2024-06-10
R006684,O006684,4,Todo bien,2025-11-11
R006685,O006685,5,,2026-04-22
R006686,O006686,2,Producto regular,2025-10-05
R006687,O006687,1,Muy mala experiencia,2025-04-16
R006688,O006688,5,Muy buena experiencia,2024-02-16
R006689,O006689,2,Demora excesiva,2025-08-08
R006690,O006690,2,Producto regular,2026-01-01
R006691,O006691,3,Aceptable,2024-09-19
R006692,O006692,5,Excelente producto,2025-08-09
R006693,O006693,5,,2025-02-26
R006694,O006694,5,Llegó perfecto,2026-04-06
R006696,O006696,3,Experiencia normal,2026-01-05
R006697,O006697,3,Experiencia normal,2024-06-27
R006698,O006698,1,Muy mala experiencia,2026-06-27
R006699,O006699,2,Demora excesiva,2024-04-16
R006700,O006700,3,,2025-05-24
R006701,O006701,5,,2025-10-28
R006702,O006702,4,Buena compra,2025-01-08
R006704,O006704,3,Cumple lo esperado,2026-06-06
R006705,O006705,5,,2024-03-23
R006706,O006706,5,Llegó perfecto,2024-08-20
R006707,O006707,5,Llegó perfecto,2024-12-08
R006708,O006708,2,,2024-05-01
R006710,O006710,5,,2026-02-14
R006711,O006711,5,Llegó perfecto,2025-03-23
R006712,O006712,1,,2025-10-08
R006713,O006713,3,Experiencia normal,2025-02-25
R006716,O006716,4,Buena compra,2024-08-12
R006718,O006718,5,Llegó perfecto,2025-08-21
R006719,O006719,3,Aceptable,2024-05-29
R006722,O006722,3,Aceptable,2025-02-07
R006723,O006723,4,Recomendado,2025-10-11
R006724,O006724,4,,2025-03-12
R006725,O006725,4,Todo bien,2025-04-25
R006726,O006726,3,Aceptable,2025-01-09
R006727,O006727,2,Demora excesiva,2025-06-01
R006730,O006730,5,Muy buena experiencia,2025-05-23
R006731,O006731,5,Excelente producto,2024-11-14
R006732,O006732,5,Excelente producto,2024-03-14
R006735,O006735,5,Muy buena experiencia,2024-03-11
R006737,O006737,5,Excelente producto,2026-01-22
R006739,O006739,5,Muy buena experiencia,2026-05-21
R006740,O006740,4,,2025-08-29
R006741,O006741,4,Recomendado,2025-02-27
R006742,O006742,4,Todo bien,2024-02-20
R006743,O006743,4,Buena compra,2025-06-03
R006744,O006744,2,Podría mejorar,2026-04-16
R006747,O006747,5,Muy buena experiencia,2024-02-06
R006748,O006748,4,Buena compra,2025-02-16
R006750,O006750,4,,2025-01-16
R006752,O006752,4,Buena compra,2024-02-24
R006754,O006754,4,Recomendado,2025-11-24
R006755,O006755,5,Llegó perfecto,2026-05-13
R006759,O006759,5,Llegó perfecto,2025-09-28
R006760,O006760,4,Recomendado,2024-03-22
R006761,O006761,5,Llegó perfecto,2026-06-13
R006763,O006763,5,Llegó perfecto,2024-06-22
R006764,O006764,5,Muy buena experiencia,2026-06-26
R006765,O006765,1,No lo recomiendo,2024-08-27
R006766,O006766,5,Muy buena experiencia,2026-01-14
R006767,O006767,1,Muy mala experiencia,2024-02-25
R006768,O006768,1,,2024-02-04
R006769,O006769,2,,2024-06-09
R006772,O006772,5,Llegó perfecto,2024-09-04
R006773,O006773,4,Recomendado,2024-03-19
R006775,O006775,4,Recomendado,2025-07-13
R006776,O006776,3,,2024-09-25
R006777,O006777,5,Llegó perfecto,2024-04-15
R006778,O006778,5,Muy buena experiencia,2024-05-07
R006780,O006780,4,Recomendado,2024-07-10
R006783,O006783,5,Llegó perfecto,2026-04-14
R006784,O006784,4,Todo bien,2026-05-20
R006785,O006785,5,Excelente producto,2025-05-01
R006786,O006786,5,Excelente producto,2024-02-27
R006788,O006788,5,Excelente producto,2026-05-06
R006789,O006789,5,,2026-06-18
R006790,O006790,2,Demora excesiva,2025-06-04
R006793,O006793,5,Muy buena experiencia,2025-10-12
R006794,O006794,4,Todo bien,2026-01-22
R006795,O006795,5,Excelente producto,2025-09-21
R006796,O006796,5,Llegó perfecto,2024-10-23
R006797,O006797,3,Experiencia normal,2024-12-29
R006800,O006800,5,Muy buena experiencia,2026-07-06
R006801,O006801,3,Cumple lo esperado,2024-12-11
R006802,O006802,3,Aceptable,2025-06-06
R006803,O006803,4,Buena compra,2025-12-06
R006808,O006808,2,,2024-09-22
R006811,O006811,3,,2024-12-16
R006812,O006812,1,Producto llegó tarde,2024-08-13
R006813,O006813,3,Experiencia normal,2024-04-29
R006814,O006814,5,Excelente producto,2025-06-27
R006815,O006815,2,Demora excesiva,2025-05-24
R006816,O006816,2,,2024-04-20
R006818,O006818,5,Excelente producto,2025-03-25
R006819,O006819,4,Recomendado,2024-02-13
R006820,O006820,3,Experiencia normal,2025-04-02
R006821,O006821,1,No lo recomiendo,2025-11-16
R006824,O006824,4,Recomendado,2024-02-17
R006825,O006825,5,Excelente producto,2025-11-09
R006826,O006826,3,Experiencia normal,2024-05-26
R006828,O006828,4,Todo bien,2026-03-25
R006829,O006829,5,,2026-06-20
R006830,O006830,5,Excelente producto,2025-11-24
R006831,O006831,5,Llegó perfecto,2026-07-03
R006832,O006832,3,Cumple lo esperado,2024-11-06
R006833,O006833,2,Podría mejorar,2025-03-22
R006834,O006834,4,Buena compra,2026-05-25
R006835,O006835,1,No lo recomiendo,2026-01-11
R006837,O006837,4,Recomendado,2026-06-23
R006840,O006840,4,Recomendado,2024-09-29
R006841,O006841,1,Producto llegó tarde,2024-05-28
R006842,O006842,2,Podría mejorar,2025-02-11
R006843,O006843,4,Todo bien,2026-06-01
R006844,O006844,1,Producto llegó tarde,2024-12-26
R006846,O006846,2,Producto regular,2025-12-21
R006848,O006848,4,Buena compra,2026-05-05
R006849,O006849,5,Muy buena experiencia,2025-04-08
R006852,O006852,4,Buena compra,2024-04-30
R006853,O006853,5,Excelente producto,2025-08-30
R006854,O006854,5,Excelente producto,2025-10-09
R006856,O006856,5,Muy buena experiencia,2024-04-13
R006857,O006857,4,Buena compra,2025-02-23
R006858,O006858,1,Muy mala experiencia,2024-12-10
R006859,O006859,4,Todo bien,2024-03-17
R006860,O006860,3,Cumple lo esperado,2025-06-14
R006861,O006861,3,Aceptable,2025-05-19
R006863,O006863,4,Todo bien,2026-03-17
R006864,O006864,2,Podría mejorar,2025-10-11
R006867,O006867,3,Cumple lo esperado,2025-09-27
R006868,O006868,3,Cumple lo esperado,2025-09-22
R006872,O006872,4,Buena compra,2026-05-01
R006873,O006873,4,,2026-01-22
R006874,O006874,5,Llegó perfecto,2024-11-07
R006875,O006875,2,Demora excesiva,2025-07-08
R006876,O006876,2,Podría mejorar,2026-04-17
R006877,O006877,4,Buena compra,2025-03-05
R006878,O006878,5,Muy buena experiencia,2025-08-14
R006879,O006879,2,Podría mejorar,2026-04-03
R006880,O006880,4,,2024-03-28
R006881,O006881,5,Muy buena experiencia,2025-08-27
R006883,O006883,5,Excelente producto,2024-03-02
R006884,O006884,1,Producto llegó tarde,2026-03-29
R006885,O006885,5,Muy buena experiencia,2025-08-19
R006888,O006888,4,,2024-06-20
R006889,O006889,5,Excelente producto,2025-08-02
R006890,O006890,1,No lo recomiendo,2024-08-20
R006891,O006891,4,Recomendado,2024-10-08
R006892,O006892,4,Recomendado,2024-07-15
R006894,O006894,4,Buena compra,2025-01-02
R006895,O006895,1,,2024-03-11
R006898,O006898,5,Excelente producto,2024-03-23
R006899,O006899,3,Experiencia normal,2026-06-07
R006902,O006902,4,Todo bien,2024-11-18
R006903,O006903,5,Excelente producto,2024-09-21
R006904,O006904,4,,2026-01-24
R006907,O006907,4,Buena compra,2024-10-07
R006908,O006908,2,Demora excesiva,2025-01-10
R006909,O006909,5,Llegó perfecto,2024-06-16
R006910,O006910,4,Buena compra,2024-10-06
R006911,O006911,4,Recomendado,2024-11-24
R006912,O006912,5,Muy buena experiencia,2026-07-05
R006913,O006913,3,Experiencia normal,2025-03-01
R006914,O006914,5,Muy buena experiencia,2025-04-15
R006915,O006915,2,,2024-09-12
R006916,O006916,1,Muy mala experiencia,2025-11-27
R006917,O006917,4,Todo bien,2025-06-22
R006920,O006920,5,Muy buena experiencia,2025-02-05
R006922,O006922,3,Experiencia normal,2025-02-01
R006924,O006924,3,Experiencia normal,2025-04-05
R006926,O006926,4,Recomendado,2025-03-25
R006928,O006928,5,,2024-09-22
R006929,O006929,4,Buena compra,2025-06-28
R006930,O006930,3,Cumple lo esperado,2025-01-06
R006931,O006931,1,Muy mala experiencia,2025-08-20
R006932,O006932,5,,2026-03-16
R006933,O006933,3,Experiencia normal,2025-03-27
R006935,O006935,5,Muy buena experiencia,2026-05-08
R006936,O006936,5,Excelente producto,2026-07-13
R006937,O006937,4,Buena compra,2026-06-14
R006938,O006938,5,Llegó perfecto,2026-02-07
R006939,O006939,2,Podría mejorar,2026-02-02
R006940,O006940,5,Muy buena experiencia,2025-03-10
R006941,O006941,1,No lo recomiendo,2025-04-30
R006942,O006942,4,,2025-02-21
R006943,O006943,4,Buena compra,2025-06-30
R006944,O006944,1,No lo recomiendo,2025-01-18
R006946,O006946,2,Producto regular,2026-01-25
R006948,O006948,5,Llegó perfecto,2025-07-14
R006949,O006949,4,Buena compra,2026-04-28
R006950,O006950,5,,2026-06-17
R006951,O006951,1,No lo recomiendo,2024-01-25
R006953,O006953,1,No lo recomiendo,2026-01-23
R006956,O006956,5,Muy buena experiencia,2025-09-28
R006957,O006957,1,Producto llegó tarde,2026-01-13
R006958,O006958,5,Excelente producto,2025-05-11
R006959,O006959,5,,2024-09-10
R006962,O006962,4,Todo bien,2024-04-22
R006963,O006963,4,Todo bien,2024-03-13
R006964,O006964,3,Experiencia normal,2025-10-01
R006966,O006966,5,,2026-05-29
R006967,O006967,5,Muy buena experiencia,2025-10-11
R006968,O006968,4,,2025-11-12
R006969,O006969,4,Recomendado,2026-02-04
R006971,O006971,3,Experiencia normal,2024-12-26
R006972,O006972,4,,2025-10-20
R006973,O006973,5,Muy buena experiencia,2025-11-12
R006977,O006977,5,Llegó perfecto,2025-06-16
R006978,O006978,2,,2025-11-05
R006979,O006979,3,Cumple lo esperado,2025-08-03
R006980,O006980,1,Muy mala experiencia,2024-10-16
R006981,O006981,5,Excelente producto,2025-07-04
R006982,O006982,2,Producto regular,2024-12-11
R006983,O006983,1,Muy mala experiencia,2025-08-17
R006984,O006984,4,Todo bien,2025-12-24
R006985,O006985,4,Todo bien,2024-02-04
R006986,O006986,1,Producto llegó tarde,2026-04-24
R006987,O006987,4,Buena compra,2024-12-06
R006988,O006988,3,Aceptable,2025-01-07
R006989,O006989,1,No lo recomiendo,2024-01-28
R006990,O006990,4,Buena compra,2026-03-26
R006992,O006992,3,Cumple lo esperado,2025-12-16
R006994,O006994,5,Excelente producto,2025-05-31
R006995,O006995,5,Muy buena experiencia,2024-02-10
R006996,O006996,4,Recomendado,2024-06-25
R006997,O006997,5,,2025-02-20
R006998,O006998,5,Llegó perfecto,2025-06-26
R007000,O007000,4,Recomendado,2025-05-13
R007002,O007002,2,Demora excesiva,2024-02-18
R007004,O007004,5,Muy buena experiencia,2024-08-22
R007005,O007005,3,Experiencia normal,2026-04-15
R007006,O007006,5,Llegó perfecto,2024-06-14
R007008,O007008,2,Producto regular,2026-03-31
R007010,O007010,4,Buena compra,2025-11-06
R007011,O007011,5,Llegó perfecto,2025-08-21
R007012,O007012,5,Excelente producto,2025-07-20
R007014,O007014,4,Buena compra,2024-08-27
R007015,O007015,2,Producto regular,2026-07-11
R007019,O007019,5,Llegó perfecto,2024-09-08
R007020,O007020,4,Buena compra,2025-12-12
R007021,O007021,5,,2025-05-17
R007022,O007022,5,Muy buena experiencia,2025-04-02
R007024,O007024,5,Muy buena experiencia,2024-07-08
R007026,O007026,5,Muy buena experiencia,2024-07-24
R007027,O007027,2,Podría mejorar,2024-12-03
R007028,O007028,4,Buena compra,2024-02-01
R007029,O007029,2,Demora excesiva,2024-07-30
R007031,O007031,2,,2025-06-21
R007032,O007032,4,Buena compra,2024-08-15
R007035,O007035,2,Producto regular,2024-09-21
R007036,O007036,4,Recomendado,2024-05-29
R007037,O007037,4,Buena compra,2024-07-20
R007038,O007038,2,Podría mejorar,2025-07-30
R007040,O007040,5,Muy buena experiencia,2024-08-19
R007041,O007041,5,Muy buena experiencia,2026-04-18
R007042,O007042,3,Cumple lo esperado,2024-04-05
R007043,O007043,5,Llegó perfecto,2025-08-10
R007044,O007044,4,,2024-07-24
R007045,O007045,1,Muy mala experiencia,2025-06-19
R007046,O007046,5,Excelente producto,2025-04-07
R007049,O007049,5,Llegó perfecto,2025-03-19
R007050,O007050,4,Buena compra,2026-01-21
R007051,O007051,3,Cumple lo esperado,2024-04-02
R007055,O007055,4,Buena compra,2025-05-07
R007057,O007057,4,Todo bien,2025-07-29
R007058,O007058,2,Demora excesiva,2024-06-16
R007062,O007062,2,Demora excesiva,2024-08-28
R007063,O007063,2,Podría mejorar,2024-09-15
R007064,O007064,1,,2025-12-07
R007065,O007065,4,Recomendado,2025-01-06
R007066,O007066,1,No lo recomiendo,2024-06-24
R007067,O007067,4,Todo bien,2025-07-05
R007068,O007068,5,Muy buena experiencia,2025-04-28
R007069,O007069,1,Producto llegó tarde,2025-01-19
R007070,O007070,4,Buena compra,2025-04-18
R007071,O007071,5,Excelente producto,2024-06-02
R007072,O007072,5,Excelente producto,2025-11-08
R007073,O007073,1,Muy mala experiencia,2026-01-29
R007076,O007076,2,Producto regular,2025-05-28
R007078,O007078,4,Buena compra,2025-06-05
R007079,O007079,1,,2024-06-11
R007080,O007080,4,Recomendado,2026-07-01
R007081,O007081,4,Recomendado,2024-09-18
R007082,O007082,5,Excelente producto,2026-07-08
R007083,O007083,3,,2024-03-12
R007085,O007085,5,Excelente producto,2025-07-26
R007086,O007086,4,Todo bien,2025-01-20
R007087,O007087,4,Recomendado,2025-01-21
R007089,O007089,3,Cumple lo esperado,2024-07-30
R007090,O007090,3,Aceptable,2025-12-31
R007091,O007091,5,Llegó perfecto,2024-06-11
R007092,O007092,4,Todo bien,2024-10-22
R007093,O007093,5,Muy buena experiencia,2024-06-10
R007095,O007095,4,Buena compra,2024-03-31
R007096,O007096,5,Muy buena experiencia,2024-02-09
R007097,O007097,4,Todo bien,2024-11-15
R007099,O007099,5,Llegó perfecto,2025-09-19
R007102,O007102,1,No lo recomiendo,2025-02-06
R007104,O007104,5,Muy buena experiencia,2026-03-10
R007105,O007105,5,Excelente producto,2026-02-03
R007106,O007106,5,,2024-10-09
R007108,O007108,4,,2025-09-18
R007109,O007109,5,Llegó perfecto,2025-08-13
R007110,O007110,5,,2025-05-03
R007111,O007111,5,Excelente producto,2025-04-26
R007112,O007112,3,Experiencia normal,2025-08-04
R007113,O007113,4,Buena compra,2026-03-04
R007115,O007115,4,Todo bien,2025-08-31
R007116,O007116,5,Llegó perfecto,2025-09-07
R007117,O007117,4,Buena compra,2024-12-23
R007118,O007118,5,Muy buena experiencia,2024-06-21
R007119,O007119,5,Excelente producto,2024-08-22
R007121,O007121,4,Todo bien,2025-05-23
R007122,O007122,5,Llegó perfecto,2025-03-09
R007123,O007123,4,Todo bien,2026-01-19
R007124,O007124,2,Podría mejorar,2024-10-06
R007125,O007125,5,,2024-08-01
R007126,O007126,5,,2025-04-07
R007127,O007127,4,Todo bien,2025-01-09
R007128,O007128,4,Buena compra,2026-06-16
R007130,O007130,4,Todo bien,2026-03-10
R007131,O007131,2,,2024-04-15
R007132,O007132,5,Llegó perfecto,2025-05-22
R007134,O007134,4,Todo bien,2026-01-14
R007136,O007136,4,Recomendado,2026-06-10
R007139,O007139,3,,2024-11-01
R007140,O007140,5,,2025-04-11
R007142,O007142,1,Producto llegó tarde,2024-11-21
R007143,O007143,4,Todo bien,2026-01-02
R007144,O007144,5,Llegó perfecto,2025-12-09
R007145,O007145,4,Recomendado,2024-01-09
R007146,O007146,1,No lo recomiendo,2025-10-12
R007149,O007149,4,Recomendado,2024-09-06
R007151,O007151,5,Muy buena experiencia,2025-11-26
R007152,O007152,1,Muy mala experiencia,2025-08-13
R007153,O007153,4,Recomendado,2024-03-16
R007154,O007154,1,Muy mala experiencia,2024-09-20
R007155,O007155,5,Excelente producto,2026-03-30
R007156,O007156,2,Demora excesiva,2026-03-05
R007157,O007157,5,Llegó perfecto,2024-12-25
R007158,O007158,5,Excelente producto,2025-05-28
R007159,O007159,1,Producto llegó tarde,2024-05-20
R007161,O007161,4,Recomendado,2024-03-18
R007163,O007163,4,Buena compra,2024-12-09
R007164,O007164,3,Aceptable,2024-03-31
R007165,O007165,1,Muy mala experiencia,2024-12-15
R007166,O007166,5,,2025-11-29
R007169,O007169,4,Todo bien,2026-06-23
R007170,O007170,5,Excelente producto,2025-09-05
R007172,O007172,4,Buena compra,2024-10-02
R007174,O007174,4,Buena compra,2024-05-03
R007175,O007175,4,Buena compra,2025-06-14
R007176,O007176,4,Todo bien,2024-12-18
R007177,O007177,4,Buena compra,2024-12-01
R007178,O007178,5,Llegó perfecto,2025-03-02
R007181,O007181,5,Muy buena experiencia,2026-04-05
R007182,O007182,4,Todo bien,2026-06-27
R007183,O007183,4,Recomendado,2025-07-19
R007184,O007184,4,Buena compra,2025-02-15
R007185,O007185,4,Buena compra,2025-05-10
R007186,O007186,1,No lo recomiendo,2024-08-06
R007187,O007187,4,Buena compra,2024-10-09
R007190,O007190,5,Muy buena experiencia,2024-03-16
R007191,O007191,5,Llegó perfecto,2024-10-26
R007192,O007192,5,,2026-02-23
R007193,O007193,3,Cumple lo esperado,2025-06-09
R007194,O007194,4,Buena compra,2025-10-04
R007195,O007195,5,Llegó perfecto,2024-04-15
R007196,O007196,5,Llegó perfecto,2024-11-07
R007197,O007197,2,Podría mejorar,2025-07-03
R007199,O007199,4,Buena compra,2026-04-26
R007200,O007200,4,Recomendado,2025-06-22
R007202,O007202,5,Excelente producto,2024-03-02
R007203,O007203,4,,2024-03-18
R007204,O007204,5,Excelente producto,2026-04-08
R007206,O007206,2,Producto regular,2026-02-10
R007207,O007207,5,,2025-10-30
R007210,O007210,4,Recomendado,2026-04-22
R007212,O007212,5,Excelente producto,2026-06-05
R007213,O007213,5,Excelente producto,2025-07-31
R007215,O007215,3,Cumple lo esperado,2024-10-08
R007217,O007217,5,,2024-10-03
R007218,O007218,4,Recomendado,2025-07-28
R007220,O007220,4,,2024-12-18
R007221,O007221,3,Cumple lo esperado,2025-03-16
R007222,O007222,5,Excelente producto,2025-12-27
R007223,O007223,5,Muy buena experiencia,2026-03-02
R007225,O007225,5,Excelente producto,2025-12-16
R007226,O007226,4,Todo bien,2025-05-12
R007227,O007227,3,Aceptable,2024-02-21
R007229,O007229,5,,2024-07-07
R007232,O007232,5,Excelente producto,2026-04-20
R007233,O007233,2,Demora excesiva,2024-02-17
R007235,O007235,5,Muy buena experiencia,2025-11-21
R007236,O007236,1,Producto llegó tarde,2024-12-25
R007238,O007238,1,,2025-09-21
R007239,O007239,5,Muy buena experiencia,2025-01-01
R007241,O007241,2,Demora excesiva,2024-10-27
R007242,O007242,1,No lo recomiendo,2025-09-23
R007243,O007243,5,,2024-12-06
R007244,O007244,3,Cumple lo esperado,2025-06-25
R007245,O007245,5,Muy buena experiencia,2025-05-25
R007246,O007246,2,Producto regular,2025-03-06
R007247,O007247,5,Excelente producto,2024-11-28
R007248,O007248,2,,2024-04-06
R007249,O007249,1,No lo recomiendo,2025-07-05
R007251,O007251,4,Buena compra,2026-01-14
R007252,O007252,3,Cumple lo esperado,2024-03-04
R007255,O007255,4,Todo bien,2025-07-23
R007256,O007256,5,Excelente producto,2024-04-13
R007257,O007257,4,,2024-08-21
R007258,O007258,2,Producto regular,2025-07-26
R007259,O007259,1,No lo recomiendo,2025-06-12
R007260,O007260,4,Todo bien,2025-08-16
R007261,O007261,5,Llegó perfecto,2024-10-15
R007262,O007262,4,Todo bien,2024-06-17
R007263,O007263,5,Muy buena experiencia,2024-06-15
R007264,O007264,5,Excelente producto,2024-09-03
R007265,O007265,3,Cumple lo esperado,2024-03-20
R007267,O007267,4,Recomendado,2024-08-15
R007268,O007268,1,Producto llegó tarde,2025-05-30
R007269,O007269,3,Experiencia normal,2026-03-01
R007270,O007270,2,Producto regular,2026-02-12
R007271,O007271,5,Llegó perfecto,2024-09-13
R007272,O007272,3,Aceptable,2025-01-27
R007273,O007273,2,Producto regular,2024-08-29
R007274,O007274,4,,2024-01-17
R007275,O007275,4,Todo bien,2025-11-13
R007276,O007276,4,Buena compra,2025-05-20
R007277,O007277,2,Demora excesiva,2025-11-24
R007279,O007279,4,Todo bien,2026-05-28
R007280,O007280,3,Cumple lo esperado,2026-02-10
R007281,O007281,4,Buena compra,2024-05-11
R007282,O007282,4,Buena compra,2026-03-26
R007283,O007283,5,Muy buena experiencia,2024-05-19
R007284,O007284,2,Producto regular,2025-05-28
R007285,O007285,5,Excelente producto,2024-10-20
R007286,O007286,5,Llegó perfecto,2025-09-01
R007287,O007287,5,Muy buena experiencia,2025-12-24
R007288,O007288,4,Recomendado,2024-07-20
R007292,O007292,4,,2025-01-09
R007293,O007293,5,Llegó perfecto,2025-11-12
R007294,O007294,4,Todo bien,2026-01-13
R007295,O007295,5,Excelente producto,2024-01-19
R007296,O007296,4,Todo bien,2026-04-30
R007298,O007298,1,,2025-10-17
R007300,O007300,5,Llegó perfecto,2026-02-20
R007301,O007301,5,Llegó perfecto,2025-04-26
R007302,O007302,4,Recomendado,2024-12-02
R007303,O007303,4,Todo bien,2026-05-23
R007307,O007307,3,Experiencia normal,2024-10-06
R007309,O007309,3,Aceptable,2025-07-04
R007310,O007310,4,Recomendado,2026-05-29
R007311,O007311,5,Muy buena experiencia,2026-02-04
R007312,O007312,3,Cumple lo esperado,2024-12-28
R007313,O007313,4,Todo bien,2025-03-30
R007314,O007314,1,,2026-03-22
R007319,O007319,4,Todo bien,2025-07-30
R007320,O007320,4,Buena compra,2026-01-23
R007321,O007321,5,Excelente producto,2026-04-19
R007324,O007324,3,Cumple lo esperado,2024-08-24
R007326,O007326,3,Cumple lo esperado,2024-12-28
R007327,O007327,1,,2026-01-08
R007328,O007328,3,Aceptable,2024-07-10
R007329,O007329,5,Muy buena experiencia,2025-08-16
R007330,O007330,5,Muy buena experiencia,2026-06-14
R007331,O007331,5,Excelente producto,2024-02-16
R007332,O007332,3,Experiencia normal,2024-07-10
R007333,O007333,5,,2025-06-10
R007336,O007336,4,Todo bien,2025-07-19
R007338,O007338,4,Recomendado,2025-11-04
R007339,O007339,1,Muy mala experiencia,2026-04-18
R007340,O007340,5,Excelente producto,2024-12-15
R007341,O007341,4,Buena compra,2024-08-01
R007342,O007342,3,Cumple lo esperado,2025-01-19
R007344,O007344,4,Todo bien,2025-04-20
R007345,O007345,4,Recomendado,2026-04-06
R007346,O007346,5,Excelente producto,2024-02-03
R007347,O007347,5,Llegó perfecto,2026-04-30
R007348,O007348,4,Recomendado,2024-05-23
R007349,O007349,3,Cumple lo esperado,2025-08-15
R007350,O007350,2,Producto regular,2025-04-13
R007351,O007351,4,Buena compra,2026-02-23
R007352,O007352,1,Muy mala experiencia,2024-03-07
R007353,O007353,5,Excelente producto,2026-01-13
R007355,O007355,5,Llegó perfecto,2024-05-01
R007356,O007356,5,Muy buena experiencia,2026-03-14
R007358,O007358,5,Muy buena experiencia,2024-01-28
R007359,O007359,3,Cumple lo esperado,2025-06-15
R007360,O007360,5,Llegó perfecto,2025-08-13
R007361,O007361,5,Llegó perfecto,2026-01-03
R007362,O007362,2,Producto regular,2025-12-04
R007363,O007363,5,Llegó perfecto,2024-03-04
R007365,O007365,4,Buena compra,2024-09-10
R007366,O007366,2,Podría mejorar,2024-02-16
R007367,O007367,4,Recomendado,2025-02-17
R007368,O007368,1,No lo recomiendo,2025-09-28
R007369,O007369,3,Cumple lo esperado,2024-12-13
R007370,O007370,4,,2025-03-19
R007372,O007372,5,Excelente producto,2025-02-06
R007374,O007374,1,No lo recomiendo,2025-02-05
R007376,O007376,3,Experiencia normal,2024-09-29
R007377,O007377,5,Muy buena experiencia,2024-10-18
R007378,O007378,2,Podría mejorar,2025-03-09
R007380,O007380,4,Recomendado,2024-02-14
R007381,O007381,1,Muy mala experiencia,2025-11-04
R007383,O007383,1,Producto llegó tarde,2025-12-07
R007384,O007384,2,,2025-07-10
R007385,O007385,1,No lo recomiendo,2025-09-13
R007386,O007386,5,Llegó perfecto,2024-03-29
R007387,O007387,1,Producto llegó tarde,2026-06-01
R007388,O007388,1,No lo recomiendo,2024-11-16
R007389,O007389,4,Buena compra,2026-05-21
R007390,O007390,5,Muy buena experiencia,2026-06-16
R007391,O007391,5,Llegó perfecto,2024-03-28
R007392,O007392,2,Producto regular,2026-02-07
R007393,O007393,4,Todo bien,2024-11-30
R007394,O007394,3,Experiencia normal,2024-02-22
R007395,O007395,3,Aceptable,2024-04-23
R007396,O007396,5,Llegó perfecto,2024-07-02
R007397,O007397,4,Todo bien,2024-09-21
R007398,O007398,3,Aceptable,2024-11-01
R007399,O007399,4,Recomendado,2026-04-17
R007400,O007400,4,Buena compra,2025-01-15
R007401,O007401,5,Muy buena experiencia,2024-11-24
R007402,O007402,4,,2024-03-15
R007404,O007404,1,No lo recomiendo,2024-04-29
R007407,O007407,5,Muy buena experiencia,2024-08-20
R007409,O007409,2,Demora excesiva,2024-06-10
R007410,O007410,5,Llegó perfecto,2024-04-18
R007411,O007411,4,Buena compra,2026-04-19
R007412,O007412,1,Producto llegó tarde,2026-06-09
R007413,O007413,5,Muy buena experiencia,2025-05-02
R007414,O007414,1,No lo recomiendo,2025-06-24
R007416,O007416,2,Podría mejorar,2025-05-24
R007417,O007417,4,Buena compra,2025-12-20
R007418,O007418,5,Muy buena experiencia,2025-06-16
R007420,O007420,5,Muy buena experiencia,2025-10-05
R007421,O007421,4,Recomendado,2025-08-25
R007422,O007422,5,Excelente producto,2024-01-19
R007423,O007423,5,Llegó perfecto,2024-10-07
R007425,O007425,5,Llegó perfecto,2024-07-25
R007426,O007426,3,Experiencia normal,2026-04-06
R007427,O007427,5,,2024-08-19
R007428,O007428,3,Experiencia normal,2024-12-06
R007431,O007431,2,Demora excesiva,2025-04-13
R007432,O007432,5,Excelente producto,2026-05-28
R007433,O007433,4,Recomendado,2025-04-27
R007434,O007434,3,Aceptable,2025-08-19
R007435,O007435,5,Llegó perfecto,2026-01-25
R007436,O007436,5,,2024-07-28
R007438,O007438,5,,2024-11-08
R007439,O007439,3,Experiencia normal,2024-02-13
R007440,O007440,5,Excelente producto,2024-10-10
R007441,O007441,1,No lo recomiendo,2024-12-31
R007442,O007442,2,Producto regular,2026-03-17
R007443,O007443,2,Podría mejorar,2024-03-19
R007444,O007444,2,Podría mejorar,2025-11-02
R007445,O007445,5,Excelente producto,2025-06-18
R007446,O007446,3,,2025-11-15
R007447,O007447,5,Llegó perfecto,2026-05-19
R007448,O007448,4,Recomendado,2026-02-24
R007450,O007450,4,Todo bien,2025-11-01
R007451,O007451,5,Excelente producto,2024-04-29
R007452,O007452,4,Recomendado,2024-05-05
R007453,O007453,5,Llegó perfecto,2025-06-16
R007454,O007454,1,Producto llegó tarde,2024-11-21
R007457,O007457,3,Cumple lo esperado,2024-11-16
R007458,O007458,3,Aceptable,2025-01-23
R007459,O007459,4,,2026-06-10
R007460,O007460,1,Muy mala experiencia,2024-11-04
R007461,O007461,4,Recomendado,2025-11-24
R007463,O007463,1,,2026-02-06
R007465,O007465,4,Todo bien,2026-06-01
R007466,O007466,5,Excelente producto,2025-12-06
R007467,O007467,2,Podría mejorar,2025-05-08
R007469,O007469,1,No lo recomiendo,2024-10-12
R007470,O007470,5,,2024-02-10
R007471,O007471,4,Todo bien,2026-03-19
R007472,O007472,4,Recomendado,2024-03-12
R007473,O007473,4,Recomendado,2025-04-12
R007474,O007474,4,Todo bien,2026-05-21
R007475,O007475,3,Aceptable,2025-08-08
R007476,O007476,5,Llegó perfecto,2025-07-29
R007477,O007477,4,Recomendado,2024-02-05
R007478,O007478,4,Recomendado,2025-12-24
R007479,O007479,5,Llegó perfecto,2025-02-14
R007480,O007480,3,Experiencia normal,2026-03-24
R007481,O007481,5,Llegó perfecto,2024-02-16
R007482,O007482,1,Muy mala experiencia,2024-08-27
R007483,O007483,4,Buena compra,2025-09-19
R007485,O007485,5,Muy buena experiencia,2024-04-13
R007486,O007486,5,Excelente producto,2025-04-17
R007487,O007487,2,Demora excesiva,2024-07-28
R007489,O007489,4,Recomendado,2024-12-31
R007490,O007490,4,Buena compra,2024-08-31
R007492,O007492,4,Buena compra,2024-12-23
R007493,O007493,4,Buena compra,2024-04-02
R007494,O007494,5,Muy buena experiencia,2024-12-18
R007496,O007496,4,Buena compra,2025-05-16
R007498,O007498,2,Podría mejorar,2025-11-02
R007499,O007499,2,Producto regular,2025-09-03
R007500,O007500,3,Aceptable,2025-04-21
R007501,O007501,5,Muy buena experiencia,2024-06-04
R007502,O007502,5,Muy buena experiencia,2024-03-17
R007504,O007504,4,Todo bien,2025-03-18
R007505,O007505,3,Cumple lo esperado,2026-06-14
R007507,O007507,4,Todo bien,2025-04-23
R007508,O007508,5,Llegó perfecto,2024-03-31
R007509,O007509,4,Recomendado,2025-03-28
R007510,O007510,5,Llegó perfecto,2026-06-07
R007511,O007511,5,Muy buena experiencia,2024-02-20
R007512,O007512,1,,2025-10-18
R007513,O007513,2,,2024-04-13
R007514,O007514,4,Recomendado,2024-12-03
R007515,O007515,5,Muy buena experiencia,2026-06-01
R007517,O007517,3,Experiencia normal,2024-04-06
R007518,O007518,2,Podría mejorar,2025-12-16
R007519,O007519,5,Excelente producto,2026-02-15
R007520,O007520,4,Buena compra,2025-10-28
R007521,O007521,2,Producto regular,2024-12-11
R007522,O007522,4,Buena compra,2025-11-23
R007523,O007523,5,,2024-04-14
R007526,O007526,3,Aceptable,2024-04-28
R007527,O007527,3,Experiencia normal,2024-08-14
R007528,O007528,5,Llegó perfecto,2025-10-03
R007529,O007529,4,Recomendado,2026-04-30
R007530,O007530,5,Llegó perfecto,2025-01-24
R007532,O007532,3,,2024-12-10
R007533,O007533,4,Recomendado,2025-04-18
R007534,O007534,4,Buena compra,2024-05-30
R007535,O007535,3,Aceptable,2024-11-02
R007536,O007536,5,Excelente producto,2024-11-09
R007538,O007538,5,Excelente producto,2024-08-18
R007539,O007539,4,Todo bien,2025-08-13
R007540,O007540,2,Demora excesiva,2026-01-18
R007541,O007541,5,,2026-04-17
R007542,O007542,1,Producto llegó tarde,2024-04-05
R007543,O007543,5,Llegó perfecto,2026-05-29
R007544,O007544,4,Buena compra,2024-05-12
R007545,O007545,5,Muy buena experiencia,2025-03-12
R007547,O007547,5,Excelente producto,2024-12-30
R007548,O007548,1,No lo recomiendo,2024-12-01
R007550,O007550,2,Podría mejorar,2026-02-20
R007551,O007551,5,,2024-08-31
R007552,O007552,4,,2024-11-17
R007554,O007554,2,Demora excesiva,2025-01-13
R007555,O007555,5,Excelente producto,2024-03-19
R007556,O007556,2,Podría mejorar,2026-04-12
R007558,O007558,1,No lo recomiendo,2026-02-27
R007559,O007559,3,,2024-09-21
R007560,O007560,4,Buena compra,2024-02-04
R007561,O007561,3,,2025-03-15
R007562,O007562,5,,2024-02-27
R007564,O007564,5,Llegó perfecto,2025-08-25
R007566,O007566,3,Cumple lo esperado,2024-10-03
R007567,O007567,5,Muy buena experiencia,2025-03-18
R007568,O007568,4,,2025-01-21
R007569,O007569,3,Experiencia normal,2025-04-29
R007570,O007570,5,,2025-07-12
R007571,O007571,3,,2024-07-21
R007572,O007572,5,,2026-04-06
R007573,O007573,4,Recomendado,2024-10-25
R007574,O007574,1,Producto llegó tarde,2024-07-20
R007575,O007575,2,,2024-09-08
R007576,O007576,5,,2024-09-18
R007578,O007578,4,Recomendado,2024-07-19
R007579,O007579,4,Buena compra,2024-11-20
R007582,O007582,5,Muy buena experiencia,2026-02-12
R007584,O007584,4,Todo bien,2026-01-14
R007586,O007586,3,,2024-01-22
R007588,O007588,3,Experiencia normal,2026-05-20
R007589,O007589,5,Excelente producto,2025-10-27
R007590,O007590,5,Llegó perfecto,2024-02-19
R007591,O007591,5,Llegó perfecto,2024-03-14
R007593,O007593,4,Todo bien,2024-07-30
R007595,O007595,1,,2024-10-21
R007596,O007596,1,Producto llegó tarde,2025-06-02
R007597,O007597,5,Excelente producto,2025-06-26
R007598,O007598,4,Todo bien,2024-05-09
R007600,O007600,1,,2026-04-07
R007601,O007601,3,Aceptable,2024-03-16
R007602,O007602,5,Muy buena experiencia,2025-05-22
R007603,O007603,5,Llegó perfecto,2025-11-17
R007605,O007605,4,Recomendado,2024-06-10
R007606,O007606,2,Producto regular,2025-04-07
R007608,O007608,4,Buena compra,2024-02-03
R007610,O007610,4,Buena compra,2024-08-10
R007611,O007611,5,Muy buena experiencia,2024-03-13
R007612,O007612,2,Producto regular,2025-09-29
R007613,O007613,2,Producto regular,2025-03-05
R007614,O007614,5,Muy buena experiencia,2026-02-21
R007615,O007615,4,Recomendado,2024-07-04
R007616,O007616,4,Buena compra,2024-05-09
R007617,O007617,1,No lo recomiendo,2024-09-03
R007618,O007618,4,Buena compra,2024-02-26
R007619,O007619,3,Aceptable,2025-01-25
R007620,O007620,5,Llegó perfecto,2024-08-24
R007621,O007621,4,Todo bien,2025-03-27
R007622,O007622,4,Recomendado,2025-03-03
R007623,O007623,4,Buena compra,2026-02-03
R007624,O007624,5,,2025-03-17
R007625,O007625,5,Llegó perfecto,2026-03-28
R007627,O007627,5,,2026-06-10
R007628,O007628,5,Excelente producto,2025-12-23
R007629,O007629,5,Excelente producto,2026-01-08
R007630,O007630,2,Producto regular,2024-05-20
R007631,O007631,4,Buena compra,2024-05-04
R007632,O007632,1,Muy mala experiencia,2026-05-15
R007633,O007633,5,,2026-01-07
R007634,O007634,3,Experiencia normal,2025-04-02
R007635,O007635,1,No lo recomiendo,2026-03-22
R007636,O007636,4,Recomendado,2024-11-13
R007637,O007637,1,Producto llegó tarde,2025-01-02
R007638,O007638,5,Llegó perfecto,2026-04-13
R007641,O007641,3,Experiencia normal,2025-02-22
R007643,O007643,5,Llegó perfecto,2024-11-20
R007646,O007646,4,,2024-04-01
R007647,O007647,4,Buena compra,2025-11-07
R007648,O007648,3,Aceptable,2025-05-31
R007650,O007650,5,Muy buena experiencia,2025-11-14
R007652,O007652,5,Llegó perfecto,2024-06-04
R007653,O007653,5,,2025-03-11
R007654,O007654,5,Llegó perfecto,2025-01-13
R007655,O007655,5,Muy buena experiencia,2025-06-16
R007656,O007656,3,Aceptable,2024-05-18
R007658,O007658,1,No lo recomiendo,2026-01-29
R007659,O007659,1,No lo recomiendo,2024-08-12
R007660,O007660,4,Recomendado,2024-05-25
R007661,O007661,3,Cumple lo esperado,2024-10-10
R007662,O007662,1,,2025-10-22
R007666,O007666,4,Todo bien,2025-02-07
R007667,O007667,5,Excelente producto,2025-08-10
R007668,O007668,5,Muy buena experiencia,2026-06-03
R007669,O007669,4,Recomendado,2024-02-13
R007670,O007670,5,Llegó perfecto,2025-08-02
R007671,O007671,5,Muy buena experiencia,2024-05-31
R007672,O007672,5,Muy buena experiencia,2025-02-23
R007674,O007674,4,,2025-03-16
R007675,O007675,3,Aceptable,2024-10-27
R007676,O007676,2,Podría mejorar,2025-11-17
R007677,O007677,3,Cumple lo esperado,2024-04-18
R007678,O007678,5,Excelente producto,2025-04-15
R007679,O007679,1,Muy mala experiencia,2025-12-28
R007680,O007680,1,Muy mala experiencia,2025-06-02
R007682,O007682,1,Producto llegó tarde,2026-06-13
R007684,O007684,4,Recomendado,2024-05-30
R007686,O007686,5,Muy buena experiencia,2025-03-09
R007688,O007688,1,No lo recomiendo,2025-04-05
R007689,O007689,4,Todo bien,2024-10-04
R007690,O007690,1,Muy mala experiencia,2024-09-27
R007692,O007692,3,,2025-04-15
R007693,O007693,1,Muy mala experiencia,2025-01-01
R007694,O007694,2,Podría mejorar,2024-10-06
R007695,O007695,4,Recomendado,2026-03-13
R007696,O007696,5,Llegó perfecto,2024-08-11
R007697,O007697,4,Buena compra,2025-09-08
R007699,O007699,1,No lo recomiendo,2026-01-17
R007700,O007700,4,,2024-02-05
R007701,O007701,4,Todo bien,2025-05-31
R007702,O007702,3,Aceptable,2024-10-22
R007704,O007704,4,Buena compra,2025-11-17
R007705,O007705,2,Demora excesiva,2025-01-01
R007706,O007706,5,Excelente producto,2024-03-29
R007707,O007707,1,Producto llegó tarde,2026-03-01
R007708,O007708,2,Demora excesiva,2026-07-02
R007709,O007709,5,Llegó perfecto,2025-09-01
R007710,O007710,3,Experiencia normal,2026-04-02
R007711,O007711,3,Experiencia normal,2024-04-26
R007713,O007713,5,Muy buena experiencia,2024-07-16
R007714,O007714,3,,2025-04-22
R007715,O007715,5,Llegó perfecto,2025-04-14
R007716,O007716,4,Todo bien,2025-04-06
R007717,O007717,2,Demora excesiva,2024-05-31
R007718,O007718,4,Todo bien,2024-06-25
R007720,O007720,3,Cumple lo esperado,2024-08-31
R007721,O007721,5,Llegó perfecto,2026-05-06
R007722,O007722,3,Cumple lo esperado,2024-11-21
R007723,O007723,4,Todo bien,2024-02-23
R007724,O007724,5,Muy buena experiencia,2024-02-03
R007725,O007725,4,Recomendado,2024-06-11
R007726,O007726,4,Recomendado,2024-07-27
R007727,O007727,2,Producto regular,2024-10-26
R007728,O007728,3,,2025-03-30
R007731,O007731,2,Producto regular,2025-07-30
R007732,O007732,5,Muy buena experiencia,2024-02-04
R007734,O007734,4,Recomendado,2025-02-03
R007735,O007735,5,Llegó perfecto,2024-04-09
R007736,O007736,3,Experiencia normal,2024-05-29
R007737,O007737,4,Recomendado,2025-06-26
R007738,O007738,4,Buena compra,2024-09-09
R007740,O007740,4,Todo bien,2024-03-18
R007741,O007741,5,Muy buena experiencia,2026-03-28
R007745,O007745,4,Buena compra,2025-03-28
R007746,O007746,4,Todo bien,2025-11-26
R007747,O007747,5,Excelente producto,2025-08-08
R007749,O007749,5,Excelente producto,2024-11-26
R007750,O007750,5,Llegó perfecto,2024-10-16
R007751,O007751,4,Recomendado,2024-10-19
R007752,O007752,4,Recomendado,2026-05-22
R007753,O007753,5,Llegó perfecto,2025-03-27
R007754,O007754,3,Experiencia normal,2025-11-26
R007755,O007755,3,Cumple lo esperado,2026-06-07
R007757,O007757,3,Aceptable,2024-09-01
R007758,O007758,1,No lo recomiendo,2026-04-16
R007760,O007760,2,Podría mejorar,2024-02-10
R007761,O007761,5,Llegó perfecto,2025-03-14
R007762,O007762,4,Recomendado,2026-05-31
R007763,O007763,1,Producto llegó tarde,2025-10-26
R007764,O007764,4,Buena compra,2024-07-12
R007765,O007765,2,Producto regular,2025-08-31
R007768,O007768,4,Todo bien,2024-08-29
R007770,O007770,5,Llegó perfecto,2024-09-13
R007771,O007771,2,Demora excesiva,2025-03-21
R007773,O007773,4,Todo bien,2024-05-08
R007775,O007775,5,Llegó perfecto,2025-08-17
R007776,O007776,4,Todo bien,2025-02-03
R007777,O007777,1,No lo recomiendo,2025-08-24
R007778,O007778,5,Llegó perfecto,2025-11-29
R007779,O007779,1,No lo recomiendo,2025-08-27
R007781,O007781,4,Recomendado,2025-07-29
R007782,O007782,3,,2025-10-13
R007783,O007783,2,Producto regular,2025-11-04
R007784,O007784,5,Excelente producto,2025-08-01
R007785,O007785,4,Todo bien,2024-12-04
R007787,O007787,1,,2024-05-09
R007788,O007788,4,,2025-10-02
R007789,O007789,5,Excelente producto,2025-12-08
R007790,O007790,3,Cumple lo esperado,2026-01-19
R007793,O007793,5,,2024-09-16
R007794,O007794,3,Experiencia normal,2024-09-09
R007795,O007795,3,,2025-04-26
R007800,O007800,5,Excelente producto,2024-05-24
R007803,O007803,2,Demora excesiva,2024-12-11
R007804,O007804,5,Llegó perfecto,2026-01-30
R007806,O007806,2,Producto regular,2024-05-10
R007809,O007809,1,,2024-06-05
R007810,O007810,4,Buena compra,2026-07-12
R007813,O007813,1,Muy mala experiencia,2026-01-28
R007814,O007814,5,Muy buena experiencia,2025-12-27
R007816,O007816,3,Experiencia normal,2024-11-16
R007817,O007817,2,Demora excesiva,2024-06-22
R007818,O007818,2,Demora excesiva,2024-07-04
R007822,O007822,5,Llegó perfecto,2026-04-23
R007824,O007824,5,,2025-05-02
R007825,O007825,5,Excelente producto,2026-02-15
R007826,O007826,5,Excelente producto,2025-06-04
R007827,O007827,2,Producto regular,2024-10-26
R007828,O007828,4,Recomendado,2024-08-20
R007829,O007829,5,Llegó perfecto,2024-02-20
R007830,O007830,3,Cumple lo esperado,2026-03-02
R007834,O007834,5,Muy buena experiencia,2024-02-11
R007835,O007835,5,Excelente producto,2025-10-12
R007836,O007836,3,Experiencia normal,2025-01-15
R007837,O007837,3,Experiencia normal,2024-06-30
R007838,O007838,5,Excelente producto,2025-08-28
R007839,O007839,1,Muy mala experiencia,2026-01-08
R007841,O007841,3,,2024-10-22
R007843,O007843,5,Llegó perfecto,2024-04-04
R007844,O007844,5,Excelente producto,2024-02-07
R007845,O007845,4,,2024-04-07
R007846,O007846,5,Excelente producto,2024-09-22
R007847,O007847,2,Podría mejorar,2025-09-20
R007848,O007848,1,Producto llegó tarde,2025-01-08
R007849,O007849,3,Cumple lo esperado,2024-04-15
R007850,O007850,5,Muy buena experiencia,2025-04-25
R007851,O007851,5,Llegó perfecto,2026-01-20
R007852,O007852,4,Recomendado,2026-02-22
R007854,O007854,5,,2024-02-11
R007855,O007855,5,,2025-10-28
R007856,O007856,4,Todo bien,2026-03-18
R007857,O007857,3,Cumple lo esperado,2024-09-19
R007858,O007858,5,,2025-08-30
R007859,O007859,3,Cumple lo esperado,2024-10-13
R007860,O007860,5,Excelente producto,2024-04-27
R007863,O007863,4,,2025-02-14
R007864,O007864,5,Muy buena experiencia,2026-04-29
R007865,O007865,5,Excelente producto,2024-05-25
R007866,O007866,5,Muy buena experiencia,2024-04-23
R007867,O007867,1,No lo recomiendo,2026-01-06
R007868,O007868,5,Muy buena experiencia,2026-02-16
R007869,O007869,4,Todo bien,2026-05-24
R007870,O007870,3,Aceptable,2025-07-08
R007873,O007873,4,Buena compra,2025-11-03
R007874,O007874,5,Llegó perfecto,2026-06-20
R007875,O007875,3,Experiencia normal,2025-02-17
R007876,O007876,5,Excelente producto,2025-10-29
R007877,O007877,1,Producto llegó tarde,2024-04-28
R007878,O007878,5,Excelente producto,2024-05-10
R007880,O007880,5,Muy buena experiencia,2025-12-16
R007881,O007881,2,Demora excesiva,2024-08-18
R007882,O007882,3,Cumple lo esperado,2025-02-15
R007883,O007883,1,,2025-07-12
R007884,O007884,4,Buena compra,2025-10-15
R007885,O007885,4,Todo bien,2025-05-06
R007887,O007887,4,Buena compra,2025-02-10
R007888,O007888,2,Podría mejorar,2026-03-29
R007889,O007889,4,Todo bien,2025-02-12
R007890,O007890,2,Demora excesiva,2024-10-06
R007891,O007891,5,Llegó perfecto,2024-11-12
R007893,O007893,4,Recomendado,2026-06-27
R007894,O007894,3,Experiencia normal,2026-05-06
R007897,O007897,1,Muy mala experiencia,2024-10-28
R007901,O007901,4,Buena compra,2025-03-03
R007902,O007902,5,Excelente producto,2026-01-17
R007903,O007903,3,Aceptable,2024-07-04
R007905,O007905,5,Excelente producto,2026-04-14
R007906,O007906,5,Excelente producto,2025-08-27
R007907,O007907,4,Recomendado,2025-12-04
R007909,O007909,5,Llegó perfecto,2024-03-12
R007913,O007913,1,Muy mala experiencia,2024-07-11
R007915,O007915,5,Llegó perfecto,2025-02-26
R007916,O007916,5,Excelente producto,2024-10-15
R007918,O007918,4,Todo bien,2025-01-02
R007920,O007920,4,Todo bien,2025-03-08
R007921,O007921,5,Excelente producto,2024-09-07
R007922,O007922,5,Llegó perfecto,2024-02-21
R007923,O007923,3,,2024-08-17
R007924,O007924,5,Excelente producto,2026-03-15
R007925,O007925,5,Llegó perfecto,2024-01-18
R007927,O007927,4,Todo bien,2025-01-11
R007928,O007928,5,Excelente producto,2024-06-07
R007930,O007930,5,Muy buena experiencia,2025-04-17
R007931,O007931,1,Muy mala experiencia,2025-07-29
R007933,O007933,5,Muy buena experiencia,2026-04-01
R007935,O007935,2,Producto regular,2024-01-30
R007936,O007936,2,Podría mejorar,2024-03-23
R007937,O007937,4,Buena compra,2026-02-25
R007938,O007938,4,Recomendado,2025-07-17
R007940,O007940,2,Producto regular,2025-07-31
R007941,O007941,1,Muy mala experiencia,2025-11-14
R007943,O007943,5,Excelente producto,2025-11-03
R007944,O007944,2,Demora excesiva,2024-03-09
R007946,O007946,5,Llegó perfecto,2025-03-05
R007947,O007947,1,No lo recomiendo,2025-10-19
R007948,O007948,3,Experiencia normal,2025-12-21
R007951,O007951,5,Muy buena experiencia,2025-02-15
R007952,O007952,3,Aceptable,2024-07-28
R007953,O007953,5,Llegó perfecto,2025-04-20
R007954,O007954,4,Todo bien,2024-06-02
R007956,O007956,2,Demora excesiva,2024-06-16
R007957,O007957,5,Excelente producto,2026-06-06
R007959,O007959,4,Buena compra,2024-07-10
R007960,O007960,4,Todo bien,2024-02-04
R007961,O007961,1,No lo recomiendo,2024-06-17
R007965,O007965,5,Excelente producto,2026-07-03
R007966,O007966,3,Aceptable,2024-09-22
R007967,O007967,2,Demora excesiva,2026-01-07
R007969,O007969,5,Llegó perfecto,2026-01-27
R007970,O007970,5,Muy buena experiencia,2024-04-21
R007971,O007971,3,,2026-01-03
R007973,O007973,5,Excelente producto,2026-01-02
R007974,O007974,4,,2024-05-12
R007976,O007976,4,Todo bien,2024-05-05
R007977,O007977,5,Muy buena experiencia,2025-07-21
R007978,O007978,5,Excelente producto,2024-09-19
R007980,O007980,1,No lo recomiendo,2024-11-28
R007982,O007982,4,Recomendado,2025-11-01
R007983,O007983,5,Llegó perfecto,2024-08-27
R007984,O007984,5,Muy buena experiencia,2026-06-02
R007986,O007986,3,Aceptable,2026-02-28
R007987,O007987,4,Todo bien,2026-01-12
R007988,O007988,5,Muy buena experiencia,2025-05-01
R007989,O007989,1,No lo recomiendo,2026-01-27
R007990,O007990,1,Muy mala experiencia,2024-02-07
R007992,O007992,5,Excelente producto,2025-11-21
R007993,O007993,3,Cumple lo esperado,2026-04-11
R007994,O007994,5,Excelente producto,2025-11-24
R007995,O007995,3,Aceptable,2024-09-07
R007997,O007997,3,Experiencia normal,2024-09-21
R007998,O007998,1,No lo recomiendo,2024-04-14
R008000,O008000,3,Experiencia normal,2025-07-25
R000934,O000934,5,Llegó perfecto,2025-06-09
R002903,O002903,4,Buena compra,2024-11-17
R007401,O007401,5,Muy buena experiencia,2024-11-24
R001145,O001145,5,Llegó perfecto,2024-12-04
R000056,O000056,5,Excelente producto,2025-02-04
R005112,O005112,4,Buena compra,2024-03-09
R000200,O000200,4,,2026-06-20
R005873,O005873,5,Llegó perfecto,2025-12-17
R002288,O002288,5,Excelente producto,2024-08-13
R000400,O000400,5,Muy buena experiencia,2025-08-20
R004420,O004420,1,Producto llegó tarde,2025-06-18
R002878,O002878,5,Excelente producto,2025-06-21
R004631,O004631,2,Demora excesiva,2026-02-21
R004337,O004337,5,Muy buena experiencia,2024-12-01
R006587,O006587,5,Muy buena experiencia,2025-05-23
R001262,O001262,2,Producto regular,2026-04-05
R005591,O005591,1,Producto llegó tarde,2025-01-24
R002192,O002192,4,Buena compra,2024-10-02
R007800,O007800,5,Excelente producto,2024-05-24
R006849,O006849,5,Muy buena experiencia,2025-04-08
R004234,O004234,3,Aceptable,2025-04-25
R005264,O005264,4,Recomendado,2024-04-30
